-- phpMyAdmin SQL Dump
-- version 5.0.4
-- https://www.phpmyadmin.net/
--
-- Host: 127.0.0.1
-- Generation Time: Jul 28, 2022 at 02:44 PM
-- Server version: 10.4.17-MariaDB
-- PHP Version: 7.4.15

SET SQL_MODE = "NO_AUTO_VALUE_ON_ZERO";
START TRANSACTION;
SET time_zone = "+00:00";


/*!40101 SET @OLD_CHARACTER_SET_CLIENT=@@CHARACTER_SET_CLIENT */;
/*!40101 SET @OLD_CHARACTER_SET_RESULTS=@@CHARACTER_SET_RESULTS */;
/*!40101 SET @OLD_COLLATION_CONNECTION=@@COLLATION_CONNECTION */;
/*!40101 SET NAMES utf8mb4 */;

--
-- Database: `chocomood_merge_custom`
--

-- --------------------------------------------------------

--
-- Table structure for table `admin_stores`
--

CREATE TABLE `admin_stores` (
  `admin_store_id` int(11) NOT NULL,
  `user_id` int(11) DEFAULT NULL,
  `store_id` int(11) DEFAULT NULL
) ENGINE=InnoDB DEFAULT CHARSET=latin1;

--
-- Dumping data for table `admin_stores`
--

INSERT INTO `admin_stores` (`admin_store_id`, `user_id`, `store_id`) VALUES
(12, 422, 1),
(13, 422, 2),
(14, 422, 3),
(15, 420, 5),
(16, 420, 6),
(17, 423, 4),
(18, 418, 1);

-- --------------------------------------------------------

--
-- Table structure for table `boxes`
--

CREATE TABLE `boxes` (
  `BoxID` int(11) NOT NULL,
  `BoxPrice` decimal(10,2) NOT NULL,
  `BoxSpace` int(11) NOT NULL,
  `BoxCategory` varchar(128) DEFAULT NULL,
  `BoxType` varchar(128) DEFAULT NULL,
  `BoxFor` text DEFAULT NULL,
  `BoxInside` varchar(128) NOT NULL,
  `BoxImage` text NOT NULL,
  `BoxImageInside` text DEFAULT NULL,
  `PriceType` text DEFAULT NULL COMMENT 'item.kg',
  `weight` int(11) DEFAULT 0 COMMENT 'in grams, if type is kg',
  `no_of_row` int(11) DEFAULT 0,
  `no_of_choclate_in_row` int(11) DEFAULT 0,
  `height` text DEFAULT NULL,
  `MinOrder` int(11) DEFAULT 0,
  `orderProcessing` text DEFAULT NULL,
  `SortOrder` int(11) NOT NULL,
  `Hide` tinyint(4) NOT NULL,
  `IsActive` tinyint(4) NOT NULL,
  `CreatedAt` datetime NOT NULL,
  `UpdatedAt` datetime NOT NULL,
  `CreatedBy` int(11) NOT NULL,
  `UpdatedBy` int(11) NOT NULL
) ENGINE=MyISAM DEFAULT CHARSET=utf8;

--
-- Dumping data for table `boxes`
--

INSERT INTO `boxes` (`BoxID`, `BoxPrice`, `BoxSpace`, `BoxCategory`, `BoxType`, `BoxFor`, `BoxInside`, `BoxImage`, `BoxImageInside`, `PriceType`, `weight`, `no_of_row`, `no_of_choclate_in_row`, `height`, `MinOrder`, `orderProcessing`, `SortOrder`, `Hide`, `IsActive`, `CreatedAt`, `UpdatedAt`, `CreatedBy`, `UpdatedBy`) VALUES
(3, '50.00', 24, '3', NULL, 'Choco Box', '797,798,799', 'uploads/images/6705961556620210217012450rose_box_32_pcs.jpg', 'uploads/images/1870935868120210217013850box_inside.png', 'item', 50, 7, 6, '10 mm', 1, '3 Days', 0, 0, 1, '2021-02-03 10:07:36', '2021-03-20 16:01:55', 1, 1),
(6, '50.00', 20, '3', NULL, 'Choco Box', '797,798,799', 'uploads/images/5011278944120210217011351rose_box_32_pcs.jpg', 'uploads/images/334999552120210217011351box_inside.png', 'kg', 500, 4, 4, '10 mm', 1, '3 Days', 1, 0, 1, '2021-02-03 11:21:20', '2021-02-23 10:43:27', 1, 1),
(8, '50.00', 16, NULL, NULL, 'Choco Message', '', 'uploads/images/3237215414820210320032848festive-box-ribbon-bow-chocolate-colored-top-view-isolated-white-background-d-58437314.jpg', 'uploads/images/7787305579520210320031945istockphoto-508375676-1024x1024.jpg', NULL, NULL, NULL, NULL, NULL, NULL, NULL, 2, 0, 1, '2021-02-10 12:39:44', '2021-03-20 15:53:15', 1, 1),
(9, '30.00', 23, '5', NULL, 'Choco Box', '797,798,800', 'uploads/images/1209940816520210618052655WhatsApp_Image_2021-06-18_at_5.54.59_PM.jpeg', 'uploads/images/2372837460520210618053856WhatsApp_Image_2021-06-18_at_5.56.20_PM.jpeg', 'item', 10, 3, 2, '10 mm', 2, '3 Days', 3, 0, 1, '2021-02-11 09:03:20', '2021-07-02 17:32:45', 1, 1),
(10, '20.00', 20, '5', NULL, 'Choco Box', '797,798,799', 'uploads/images/1580442272420210217015251rose_box_32_pcs.jpg', 'uploads/images/2042066049420210217015251box_inside.png', 'item', 500, 10, 10, '10 mm', 1, '3 Days', 4, 0, 1, '2021-02-11 09:33:32', '2021-02-17 13:51:52', 1, 1),
(11, '90.00', 4, '4', NULL, 'Choco Box', '797,798,799,800', 'uploads/images/9088052939120210320054032TOP.jpg', 'uploads/images/4279047177320210320054032empty-candy-box-white-background-four-section-red-brown-paper-cups-isolated-170519559.jpg', 'item', 100, 1, 5, '10', 10, '2', 5, 0, 1, '2021-03-20 17:32:40', '2021-07-28 22:32:21', 1, 1),
(12, '100.00', 30, '6', NULL, 'Choco Box', '797,798,799,800', 'uploads/images/6871162730820210618061027WhatsApp_Image_2021-06-18_at_6.20.57_PM.jpeg', NULL, 'kg', 500, 0, 0, '20', 1, '2', 6, 0, 1, '2021-06-18 18:27:10', '2021-06-18 18:27:34', 1, 1),
(13, '323.00', 80, NULL, NULL, 'Choco Message', '', 'uploads/images/2216266518820210729122339BX-A-08.jpg', 'uploads/images/3806516024320210729122339index.jpeg', NULL, NULL, NULL, NULL, NULL, NULL, NULL, 7, 0, 1, '2021-07-29 00:39:23', '2021-07-29 00:39:23', 1, 1);

-- --------------------------------------------------------

--
-- Table structure for table `boxes_text`
--

CREATE TABLE `boxes_text` (
  `BoxTextID` int(11) NOT NULL,
  `BoxID` int(11) NOT NULL,
  `Title` varchar(255) NOT NULL,
  `Description` text NOT NULL,
  `SystemLanguageID` int(11) NOT NULL,
  `CreatedAt` datetime NOT NULL,
  `UpdatedAt` datetime NOT NULL,
  `CreatedBy` int(11) NOT NULL,
  `UpdatedBy` int(11) NOT NULL
) ENGINE=MyISAM DEFAULT CHARSET=utf8;

--
-- Dumping data for table `boxes_text`
--

INSERT INTO `boxes_text` (`BoxTextID`, `BoxID`, `Title`, `Description`, `SystemLanguageID`, `CreatedAt`, `UpdatedAt`, `CreatedBy`, `UpdatedBy`) VALUES
(6, 3, 'ROSE BOXES 32 pcs', '<p>Testing</p>', 2, '2021-02-03 10:07:36', '2021-02-03 10:07:36', 1, 1),
(5, 3, 'ROSE BOXES 32 pcs Printable', '<p>Testing</p>', 1, '2021-02-03 10:07:36', '2021-03-20 16:01:55', 1, 1),
(12, 6, 'ROSE BOXES 500 Gram', '<p>Testing</p>', 2, '2021-02-03 11:21:20', '2021-02-03 11:21:20', 1, 1),
(11, 6, 'ROSE BOXES 500 Gram Printable', '<p>Testing</p>', 1, '2021-02-03 11:21:20', '2021-02-23 10:43:27', 1, 1),
(15, 8, 'Choco Message Box 1 ', '<p>Testing Message Box 1</p>', 1, '2021-02-10 12:39:44', '2021-03-20 15:53:15', 1, 1),
(16, 8, 'رسالة محبة مكتوبة[احرف من الشكولاتة  16  قطعة', '<p>عندما تتحد المشاعر و المذاق الطيب لتترك أنطباع لا ينسى لدى من تحب و تحترم</p>', 2, '2021-02-10 12:39:44', '2021-03-20 15:53:04', 1, 1),
(17, 9, 'small wooden box', '<p>small wooden box 30 pcs</p>', 1, '2021-02-11 09:03:20', '2021-07-02 17:32:45', 1, 1),
(18, 9, 'Test Sub', '', 2, '2021-02-11 09:03:20', '2021-02-11 09:03:20', 1, 1),
(19, 10, 'Test Sub 2 unprintable', '', 1, '2021-02-11 09:33:32', '2021-02-17 13:51:52', 1, 1),
(20, 10, 'Test Sub 2 unprintable', '', 2, '2021-02-11 09:33:32', '2021-02-11 09:33:32', 1, 1),
(21, 11, 'Eid Box', '<p>SMALL BOX 4 PCS</p>', 1, '2021-03-20 17:32:40', '2021-07-28 22:32:21', 1, 1),
(22, 11, 'box 1', '<p>SMALL BOX 4 PCS</p>', 2, '2021-03-20 17:32:40', '2021-03-20 17:32:40', 1, 1),
(23, 12, '500 gram box', '<p>colction of half kilo praline</p>', 1, '2021-06-18 18:27:10', '2021-06-18 18:27:34', 1, 1),
(24, 12, '500 gram box', '<p>colction of half kilo praline</p>', 2, '2021-06-18 18:27:10', '2021-06-18 18:27:10', 1, 1),
(25, 13, 'box 34', '<p>hhhhhhh<br></p>', 1, '2021-07-29 00:39:23', '2021-07-29 00:39:23', 1, 1),
(26, 13, 'box 34', '<p>hhhhhhh<br></p>', 2, '2021-07-29 00:39:23', '2021-07-29 00:39:23', 1, 1);

-- --------------------------------------------------------

--
-- Table structure for table `boxes_type`
--

CREATE TABLE `boxes_type` (
  `BoxTypeID` int(11) NOT NULL,
  `BoxID` int(11) NOT NULL,
  `TypeID` int(11) NOT NULL COMMENT '1=>category,2=>type,'
) ENGINE=InnoDB DEFAULT CHARSET=latin1;

-- --------------------------------------------------------

--
-- Table structure for table `box_categories`
--

CREATE TABLE `box_categories` (
  `BoxCategoryID` int(11) NOT NULL,
  `ParentID` int(11) NOT NULL,
  `CategoryPrice` float NOT NULL,
  `BoxCategoryFor` text DEFAULT NULL,
  `SortOrder` int(11) NOT NULL,
  `Image` varchar(255) NOT NULL,
  `Hide` tinyint(4) NOT NULL,
  `IsActive` tinyint(4) NOT NULL,
  `CreatedAt` datetime NOT NULL,
  `UpdatedAt` datetime NOT NULL,
  `CreatedBy` int(11) NOT NULL,
  `UpdatedBy` int(11) NOT NULL
) ENGINE=InnoDB DEFAULT CHARSET=utf8;

--
-- Dumping data for table `box_categories`
--

INSERT INTO `box_categories` (`BoxCategoryID`, `ParentID`, `CategoryPrice`, `BoxCategoryFor`, `SortOrder`, `Image`, `Hide`, `IsActive`, `CreatedAt`, `UpdatedAt`, `CreatedBy`, `UpdatedBy`) VALUES
(1, 0, 0, 'Choco Box', 0, 'uploads/images/1863491325520210316021955test.jpeg', 0, 1, '2021-02-03 09:58:40', '2021-03-16 14:55:19', 1, 1),
(2, 0, 0, 'Choco Box', 1, 'uploads/images/1936579089320210317035915image1.jpeg', 0, 1, '2021-02-03 09:59:02', '2021-03-17 15:15:59', 1, 1),
(3, 1, 0, 'Choco Box', 2, 'uploads/images/5876921547520210316020057test1.jpeg', 0, 1, '2021-02-03 09:59:43', '2021-03-16 14:57:00', 1, 1),
(4, 1, 0, 'Choco Box', 3, 'uploads/images/6771388211820210316020759test.jpeg', 0, 1, '2021-02-03 10:00:04', '2021-06-15 12:06:14', 1, 1),
(5, 2, 0, 'Choco Box', 4, 'uploads/images/3852460760920210618055452WhatsApp_Image_2021-06-18_at_5.52.24_PM.jpeg', 0, 1, '2021-02-11 09:02:31', '2021-06-18 17:52:54', 1, 1),
(6, 2, 0, 'Choco Box', 5, 'uploads/images/1206466109920210618061621WhatsApp_Image_2021-06-18_at_6.20.57_PM.jpeg', 0, 1, '2021-02-11 09:30:23', '2021-06-18 18:21:16', 1, 1);

-- --------------------------------------------------------

--
-- Table structure for table `box_categories_text`
--

CREATE TABLE `box_categories_text` (
  `BoxCategoryTextID` int(11) NOT NULL,
  `BoxCategoryID` int(11) NOT NULL,
  `Title` varchar(255) NOT NULL,
  `Description` varchar(2000) NOT NULL,
  `SystemLanguageID` int(11) NOT NULL,
  `CreatedAt` datetime NOT NULL,
  `UpdatedAt` datetime NOT NULL,
  `CreatedBy` int(11) NOT NULL,
  `UpdatedBy` int(11) NOT NULL
) ENGINE=InnoDB DEFAULT CHARSET=utf8;

--
-- Dumping data for table `box_categories_text`
--

INSERT INTO `box_categories_text` (`BoxCategoryTextID`, `BoxCategoryID`, `Title`, `Description`, `SystemLanguageID`, `CreatedAt`, `UpdatedAt`, `CreatedBy`, `UpdatedBy`) VALUES
(1, 1, 'Printable', '', 1, '2021-02-03 09:58:40', '2021-03-16 14:55:19', 1, 1),
(2, 1, 'Printable', '', 2, '2021-02-03 09:58:40', '2021-02-03 09:58:40', 1, 1),
(3, 2, 'Unprintable Box', '', 1, '2021-02-03 09:59:02', '2021-03-17 15:15:59', 1, 1),
(4, 2, 'Unprintable Box', '', 2, '2021-02-03 09:59:02', '2021-02-03 09:59:02', 1, 1),
(5, 3, 'ROSE BOXES Printable', 'Testing', 1, '2021-02-03 09:59:43', '2021-03-16 14:57:00', 1, 1),
(6, 3, 'ROSE BOXES', 'Testing', 2, '2021-02-03 09:59:43', '2021-02-03 09:59:43', 1, 1),
(7, 4, 'Heart Box Printable', 'Testing', 1, '2021-02-03 10:00:04', '2021-06-15 12:06:14', 1, 1),
(8, 4, 'Fancy Box', 'Testing', 2, '2021-02-03 10:00:04', '2021-02-03 10:00:04', 1, 1),
(9, 5, 'wood stlye  collction', 'collction of wood boxes 2021', 1, '2021-02-11 09:02:31', '2021-06-18 17:52:54', 1, 1),
(10, 5, 'Rose Box', '', 2, '2021-02-11 09:02:31', '2021-02-11 09:02:31', 1, 1),
(11, 6, 'box per kg', 'box 500 gram , 1 kg', 1, '2021-02-11 09:30:23', '2021-06-18 18:21:16', 1, 1),
(12, 6, 'Fancy Box Unprintable', '', 2, '2021-02-11 09:30:23', '2021-02-11 09:30:23', 1, 1);

-- --------------------------------------------------------

--
-- Table structure for table `brands`
--

CREATE TABLE `brands` (
  `brand_id` int(11) NOT NULL,
  `Image` text NOT NULL,
  `SortOrder` int(11) NOT NULL,
  `Hide` int(11) NOT NULL DEFAULT 0,
  `IsActive` tinyint(4) NOT NULL,
  `CreatedAt` datetime NOT NULL,
  `UpdatedAt` datetime NOT NULL,
  `CreatedBy` int(11) NOT NULL,
  `UpdatedBy` int(11) NOT NULL
) ENGINE=InnoDB DEFAULT CHARSET=utf8mb4;

--
-- Dumping data for table `brands`
--

INSERT INTO `brands` (`brand_id`, `Image`, `SortOrder`, `Hide`, `IsActive`, `CreatedAt`, `UpdatedAt`, `CreatedBy`, `UpdatedBy`) VALUES
(1, 'uploads/images/2399372547620220718030127product3.jpg', 1, 0, 1, '2022-07-13 16:56:39', '2022-07-18 16:38:27', 1, 1),
(6, 'uploads/images/4850109701720220718044338apple-icon.png', 2, 0, 1, '2022-07-18 16:38:43', '2022-07-18 16:38:43', 1, 1),
(7, 'uploads/images/3048526494220220718045838apple-icon.png', 3, 0, 1, '2022-07-18 16:38:58', '2022-07-18 16:38:58', 1, 1),
(8, 'uploads/images/7185054562020220718041039placeholder.jpg', 4, 0, 1, '2022-07-18 16:39:10', '2022-07-18 16:39:10', 1, 1),
(9, 'uploads/images/534637159220220718043439product2.jpg', 5, 0, 1, '2022-07-18 16:39:34', '2022-07-18 16:39:34', 1, 1),
(10, 'uploads/images/6524802906920220718045539product1.jpg', 6, 0, 1, '2022-07-18 16:39:55', '2022-07-18 16:39:55', 1, 1),
(11, 'uploads/images/4088413373320220718042040image_placeholder.jpg', 7, 0, 1, '2022-07-18 16:40:20', '2022-07-18 16:40:20', 1, 1),
(12, 'uploads/images/460683226920220718043840apple-icon.png', 8, 0, 1, '2022-07-18 16:40:38', '2022-07-18 16:40:38', 1, 1);

-- --------------------------------------------------------

--
-- Table structure for table `brands_text`
--

CREATE TABLE `brands_text` (
  `brand_text_id` int(11) NOT NULL,
  `brand_id` int(11) NOT NULL,
  `brand_name` text NOT NULL,
  `SystemLanguageID` int(11) NOT NULL,
  `CreatedAt` datetime NOT NULL,
  `UpdatedAt` datetime NOT NULL,
  `CreatedBy` int(11) NOT NULL,
  `UpdatedBy` int(11) NOT NULL
) ENGINE=InnoDB DEFAULT CHARSET=utf8mb4;

--
-- Dumping data for table `brands_text`
--

INSERT INTO `brands_text` (`brand_text_id`, `brand_id`, `brand_name`, `SystemLanguageID`, `CreatedAt`, `UpdatedAt`, `CreatedBy`, `UpdatedBy`) VALUES
(1, 1, 'Test Brand 1', 1, '2022-07-13 16:57:03', '2022-07-18 16:38:27', 1, 1),
(10, 6, 'Tes Brand 2', 1, '2022-07-18 16:38:43', '2022-07-18 16:38:43', 1, 1),
(11, 6, 'Tes Brand 2', 2, '2022-07-18 16:38:43', '2022-07-18 16:38:43', 1, 1),
(12, 7, 'Tes Brand 3', 1, '2022-07-18 16:38:58', '2022-07-18 16:38:58', 1, 1),
(13, 7, 'Tes Brand 3', 2, '2022-07-18 16:38:58', '2022-07-18 16:38:58', 1, 1),
(14, 8, 'Tes Brand 4', 1, '2022-07-18 16:39:10', '2022-07-18 16:39:10', 1, 1),
(15, 8, 'Tes Brand 4', 2, '2022-07-18 16:39:10', '2022-07-18 16:39:10', 1, 1),
(16, 9, 'Tes Brand 6', 1, '2022-07-18 16:39:34', '2022-07-18 16:39:34', 1, 1),
(17, 9, 'Tes Brand 6', 2, '2022-07-18 16:39:34', '2022-07-18 16:39:34', 1, 1),
(18, 10, 'Tes Brand 7', 1, '2022-07-18 16:39:55', '2022-07-18 16:39:55', 1, 1),
(19, 10, 'Tes Brand 7', 2, '2022-07-18 16:39:55', '2022-07-18 16:39:55', 1, 1),
(20, 11, 'Tes Brand 8', 1, '2022-07-18 16:40:20', '2022-07-18 16:40:20', 1, 1),
(21, 11, 'Tes Brand 8', 2, '2022-07-18 16:40:20', '2022-07-18 16:40:20', 1, 1),
(22, 12, 'Tes Brand 9', 1, '2022-07-18 16:40:38', '2022-07-18 16:40:38', 1, 1),
(23, 12, 'Tes Brand 9', 2, '2022-07-18 16:40:38', '2022-07-18 16:40:38', 1, 1);

-- --------------------------------------------------------

--
-- Table structure for table `categories`
--

CREATE TABLE `categories` (
  `CategoryID` int(11) NOT NULL,
  `ParentID` int(11) NOT NULL,
  `CategoryPrice` float NOT NULL,
  `SortOrder` int(11) NOT NULL,
  `Image` varchar(255) NOT NULL,
  `Hide` tinyint(4) NOT NULL,
  `IsActive` tinyint(4) NOT NULL,
  `CreatedAt` datetime NOT NULL,
  `UpdatedAt` datetime NOT NULL,
  `CreatedBy` int(11) NOT NULL,
  `UpdatedBy` int(11) NOT NULL
) ENGINE=InnoDB DEFAULT CHARSET=utf8;

--
-- Dumping data for table `categories`
--

INSERT INTO `categories` (`CategoryID`, `ParentID`, `CategoryPrice`, `SortOrder`, `Image`, `Hide`, `IsActive`, `CreatedAt`, `UpdatedAt`, `CreatedBy`, `UpdatedBy`) VALUES
(32, 31, 0, 1, 'uploads/images/607892687982019121511015001_choco.jpg', 0, 1, '2019-11-27 11:05:54', '2019-11-27 11:05:54', 1, 1),
(34, 0, 0, 2, 'uploads/images/1571853696220200824103302Elegent__banner_01.jpg', 0, 1, '2019-11-30 11:15:49', '2020-10-05 15:57:50', 1, 1),
(35, 0, 0, 3, 'uploads/images/9289776940120200429023115Dj1VZYIX4AErBgK.jpg', 0, 0, '2019-11-30 11:16:21', '2020-05-11 22:24:31', 1, 1),
(36, 0, 0, 4, 'uploads/images/9079787362120200805110149Box_banner_01.jpg', 0, 1, '2019-11-30 11:16:38', '2020-08-05 11:49:53', 1, 1),
(37, 0, 0, 5, 'uploads/images/95295611773202004290214141.jpg', 0, 0, '2019-11-30 11:17:06', '2020-10-05 16:10:17', 1, 1),
(38, 0, 0, 6, 'uploads/images/2790955872220200809033135Pastry_Banner.jpg', 0, 1, '2019-11-30 11:18:33', '2020-08-09 15:35:31', 1, 1),
(39, 0, 0, 7, 'uploads/images/3168983555720200413021330EJ-xqeOWkAAg7Zz.jpg', 0, 0, '2019-11-30 11:18:56', '2020-06-25 16:41:42', 1, 1),
(40, 34, 0, 8, 'uploads/images/3022957843820200823050406Elegent.jpg', 0, 1, '2019-11-30 11:20:07', '2020-08-23 17:06:04', 1, 1),
(41, 34, 0, 9, 'uploads/images/7331474992920200823043857Style.jpg', 0, 1, '2019-11-30 11:21:07', '2020-08-23 16:57:38', 1, 1),
(42, 34, 0, 10, 'uploads/images/2521770021720200823055207Cremola.jpg', 0, 1, '2019-11-30 11:28:40', '2020-08-23 17:07:52', 1, 1),
(44, 34, 0, 12, 'uploads/images/6629128644120200823044154Sugar_Free.jpg', 0, 1, '2019-11-30 11:29:52', '2020-08-23 16:54:41', 1, 1),
(45, 35, 0, 13, 'uploads/images/5604428091920200429010156DjxtJY2W4AET7lA.jpg', 0, 1, '2019-11-30 11:30:10', '2020-04-29 01:59:21', 1, 1),
(46, 35, 0, 14, 'uploads/images/607892687982019121511015001_choco.jpg', 0, 0, '2019-11-30 11:30:33', '2020-04-29 01:55:40', 1, 1),
(47, 35, 0, 15, 'uploads/images/607892687982019121511015001_choco.jpg', 0, 0, '2019-11-30 11:30:48', '2020-04-29 01:55:27', 1, 1),
(48, 35, 0, 16, 'uploads/images/607892687982019121511015001_choco.jpg', 0, 0, '2019-11-30 11:31:07', '2020-04-29 01:55:13', 1, 1),
(49, 36, 0, 17, 'uploads/images/9636294310020200823054717Luxury_Box.jpg', 0, 1, '2019-11-30 11:31:30', '2020-10-05 17:12:06', 1, 1),
(50, 36, 0, 18, 'uploads/images/6683540480220200823054315Everyday_Box.jpg', 0, 1, '2019-11-30 11:31:53', '2020-10-05 17:11:36', 1, 1),
(51, 37, 0, 19, 'uploads/images/607892687982019121511015001_choco.jpg', 0, 0, '2019-11-30 11:33:10', '2020-04-29 02:00:20', 1, 1),
(52, 37, 0, 20, 'uploads/images/607892687982019121511015001_choco.jpg', 0, 0, '2019-11-30 11:33:40', '2020-04-29 02:00:31', 1, 1),
(53, 39, 0, 21, 'uploads/images/607892687982019121511015001_choco.jpg', 0, 1, '2019-11-30 11:34:09', '2019-11-30 11:34:09', 1, 1),
(54, 34, 0, 29, 'uploads/images/845540000920201003020054Ruby_New_with_Black_BG.jpg', 0, 1, '2019-12-07 16:55:38', '2020-10-03 14:54:00', 1, 1),
(55, 34, 0, 34, 'uploads/images/6186902839120200823042856Harmony.jpg', 0, 1, '2020-04-13 15:36:46', '2020-08-23 16:56:28', 1, 1),
(56, 34, 0, 34, 'uploads/images/5774198927620201007032308Dark_Chooclate_final.jpg', 0, 1, '2020-05-07 13:31:17', '2020-10-07 15:08:23', 1, 1),
(57, 37, 0, 25, 'uploads/images/41509963972202004290207041.jpg', 0, 1, '2019-11-30 11:40:04', '2020-04-29 02:04:07', 1, 1),
(58, 37, 0, 28, 'uploads/images/607892687982019121511015001_choco.jpg', 0, 0, '2019-11-30 11:43:12', '2020-04-29 02:00:42', 1, 1),
(59, 38, 0, 26, 'uploads/images/3105541696020200823122955Petifour.jpg', 0, 1, '2019-11-30 11:41:57', '2020-10-06 09:43:09', 1, 1),
(60, 38, 0, 24, 'uploads/images/8956341116720200823123754Cookies.jpg', 0, 1, '2019-11-30 11:35:15', '2020-10-05 17:16:28', 1, 1),
(65, 0, 0, 30, 'uploads/images/607892687982019121511015001_choco.jpg', 1, 1, '2019-12-17 19:20:49', '2019-12-17 19:20:49', 1, 1),
(66, 0, 0, 31, 'uploads/images/607892687982019121511015001_choco.jpg', 1, 1, '2020-02-07 02:20:49', '2020-02-07 02:20:49', 73, 73),
(69, 0, 0, 33, '', 0, 0, '2020-04-10 18:57:23', '2020-04-13 13:56:03', 1, 1),
(74, 0, 0, 34, 'uploads/images/510086122522020051101390820432302422020051012382802.jpg', 0, 0, '2020-05-11 01:08:06', '2020-05-11 22:25:55', 1, 1),
(77, 0, 0, 37, 'uploads/images/1517868159020200513014622Halgoum_Full.jpg', 0, 1, '2020-05-11 22:36:36', '2020-05-13 01:22:46', 1, 1),
(80, 0, 0, 40, 'uploads/images/1622852868720200515105116all_bg_800x600.jpg', 0, 0, '2020-05-12 00:13:17', '2020-06-25 16:41:59', 1, 1),
(81, 80, 0, 41, 'uploads/images/4079388729920200515104713all_bg_800x600.jpg', 0, 1, '2020-05-12 00:50:19', '2020-05-15 22:13:47', 1, 1),
(83, 80, 0, 42, 'uploads/images/5060352357420200515110103tray_cover_photo.jpg', 0, 1, '2020-05-12 01:42:28', '2020-05-15 23:03:01', 1, 1),
(84, 80, 0, 43, 'uploads/images/6679642755920200514010744CM_All_cream_BG.jpg', 0, 1, '2020-05-12 01:54:13', '2020-05-14 01:44:07', 1, 1),
(86, 77, 0, 45, 'uploads/images/920515600152020051301512725.jpg', 0, 1, '2020-05-13 01:27:51', '2020-10-06 09:44:19', 1, 1),
(87, 77, 0, 46, 'uploads/images/8328148526620200514012854Croquant_Group_Cream_BG.jpg', 0, 1, '2020-05-13 01:33:37', '2020-05-14 01:54:28', 1, 1),
(88, 77, 0, 47, 'uploads/images/5946619580620200514010349Halgoum_cream_BG.jpg', 0, 1, '2020-05-13 01:38:03', '2020-07-06 11:27:00', 1, 1),
(89, 34, 0, 48, 'uploads/images/1351345985720200823123957Cremola_Powder.jpg', 0, 1, '2020-07-28 14:59:53', '2020-10-05 16:35:54', 1, 1);

-- --------------------------------------------------------

--
-- Table structure for table `categories_text`
--

CREATE TABLE `categories_text` (
  `CategoryTextID` int(11) NOT NULL,
  `CategoryID` int(11) NOT NULL,
  `Title` varchar(255) NOT NULL,
  `Description` varchar(2000) NOT NULL,
  `SystemLanguageID` int(11) NOT NULL,
  `CreatedAt` datetime NOT NULL,
  `UpdatedAt` datetime NOT NULL,
  `CreatedBy` int(11) NOT NULL,
  `UpdatedBy` int(11) NOT NULL
) ENGINE=InnoDB DEFAULT CHARSET=utf8;

--
-- Dumping data for table `categories_text`
--

INSERT INTO `categories_text` (`CategoryTextID`, `CategoryID`, `Title`, `Description`, `SystemLanguageID`, `CreatedAt`, `UpdatedAt`, `CreatedBy`, `UpdatedBy`) VALUES
(61, 32, 'Caramel ', '', 1, '2019-11-27 11:05:54', '2019-11-27 11:05:54', 1, 1),
(62, 32, 'Caramel ', '', 2, '2019-11-27 11:05:54', '2019-11-27 11:05:54', 1, 1),
(65, 34, 'Praline', '', 1, '2019-11-30 11:15:49', '2020-10-05 15:57:50', 1, 1),
(66, 34, 'برالين', '', 2, '2019-11-30 11:15:49', '2020-05-08 01:20:38', 1, 1),
(67, 35, 'Ocassion', '', 1, '2019-11-30 11:16:21', '2020-05-11 22:24:31', 1, 1),
(68, 35, 'مناسبات', '', 2, '2019-11-30 11:16:21', '2020-05-08 01:28:37', 1, 1),
(69, 36, 'Chocolate Boxes', '', 1, '2019-11-30 11:16:38', '2020-08-05 11:49:53', 1, 1),
(70, 36, 'علب الشوكولاتة', '', 2, '2019-11-30 11:16:38', '2020-10-05 15:58:45', 1, 1),
(71, 37, 'Confectionery', '', 1, '2019-11-30 11:17:06', '2020-10-05 16:10:17', 1, 1),
(72, 37, 'حلويّات‏ مع تمر', '', 2, '2019-11-30 11:17:06', '2020-10-05 16:10:11', 1, 1),
(73, 38, 'Pastry', '', 1, '2019-11-30 11:18:33', '2020-08-09 15:35:31', 1, 1),
(74, 38, 'مخبوزات', '', 2, '2019-11-30 11:18:33', '2020-06-30 13:24:15', 1, 1),
(75, 39, 'Variety', '', 1, '2019-11-30 11:18:56', '2020-06-25 16:41:42', 1, 1),
(76, 39, 'متنوعة', '', 2, '2019-11-30 11:18:56', '2020-05-08 01:36:24', 1, 1),
(77, 40, 'Elegant', 'Luxury Chocolate pairs with a wide variety of flavors and Ingrediants. ', 1, '2019-11-30 11:20:07', '2020-08-23 17:06:04', 1, 1),
(78, 40, 'إليجنت', 'الشوكولاتة الفاخرة مع مجموعة متنوعة من النكهات والمكونات.', 2, '2019-11-30 11:20:07', '2020-10-05 16:13:52', 1, 1),
(79, 41, 'Style', 'Delicious assortment of premium fillings of chocolate cream, caramel, biscuits and nuts.', 1, '2019-11-30 11:21:07', '2020-08-23 16:57:38', 1, 1),
(80, 41, 'ستايل', 'تشكيلة متنوعة من الحشوات المميزة من كريمة الشوكولاته و الكراميل و البسكوتات و المكسرات.', 2, '2019-11-30 11:21:07', '2020-06-30 14:33:55', 1, 1),
(81, 42, 'Cremola', 'Combine of milk and white Chocolate with wide range of rich Ingredients.', 1, '2019-11-30 11:28:40', '2020-08-23 17:07:52', 1, 1),
(82, 42, 'كرمولا', 'مزيج من الحليب والشوكولاتة البيضاء مع مجموعة واسعة من المكونات الغنية.', 2, '2019-11-30 11:28:40', '2020-10-05 16:14:45', 1, 1),
(85, 44, 'Sugar Free', 'These chocolates are a potential alternative for diabetics or those looking to decrease glucose intake.', 1, '2019-11-30 11:29:52', '2020-08-23 16:54:41', 1, 1),
(86, 44, 'خالية من السكر', 'هذه الشوكولاتة هي بديل محتمل لمرضى السكر أو أولئك الذين يتطلعون إلى تقليل تناول الجلوكوز.', 2, '2019-11-30 11:29:52', '2020-10-05 16:15:41', 1, 1),
(87, 45, 'Baby', 'For Baby Gifts You Have a Selection Of Special Baby Boxes', 1, '2019-11-30 11:30:10', '2020-04-29 01:59:21', 1, 1),
(88, 45, 'Baby', '', 2, '2019-11-30 11:30:10', '2019-11-30 11:30:10', 1, 1),
(89, 46, 'Wedding', '', 1, '2019-11-30 11:30:33', '2020-04-29 01:55:40', 1, 1),
(90, 46, 'Wedding', '', 2, '2019-11-30 11:30:33', '2019-11-30 11:30:33', 1, 1),
(91, 47, 'Graduation', '', 1, '2019-11-30 11:30:48', '2020-04-29 01:55:27', 1, 1),
(92, 47, 'Graduation', '', 2, '2019-11-30 11:30:48', '2019-11-30 11:30:48', 1, 1),
(93, 48, 'Special Day', '', 1, '2019-11-30 11:31:07', '2020-04-29 01:55:13', 1, 1),
(94, 48, 'Special Day', '', 2, '2019-11-30 11:31:07', '2019-11-30 11:31:07', 1, 1),
(95, 49, 'Luxury', 'Collection of Luxury Gift Boxes for your Special events.', 1, '2019-11-30 11:31:30', '2020-10-05 17:12:06', 1, 1),
(96, 49, 'الفاخرة', 'مجموعة من علب الهدايا الفاخرة للمناسبات الخاصة بك.', 2, '2019-11-30 11:31:30', '2020-10-05 17:11:58', 1, 1),
(97, 50, 'Everyday', 'Collection of daily boxes for delicious Belgian chocolate', 1, '2019-11-30 11:31:53', '2020-10-05 17:11:36', 1, 1),
(98, 50, 'كل يوم', 'مجموعة من العلب اليومية للشوكولاته البلجيكية اللذيذة', 2, '2019-11-30 11:31:53', '2020-06-30 13:59:49', 1, 1),
(99, 51, 'Halkoum and Nougat ', '', 1, '2019-11-30 11:33:10', '2020-04-29 02:00:20', 1, 1),
(100, 51, 'Halkoum and Nougat ', '', 2, '2019-11-30 11:33:10', '2019-11-30 11:33:10', 1, 1),
(101, 52, 'Candy', '', 1, '2019-11-30 11:33:40', '2020-04-29 02:00:31', 1, 1),
(102, 52, 'Candy', '', 2, '2019-11-30 11:33:40', '2019-11-30 11:33:40', 1, 1),
(103, 53, 'Lollipop', '', 1, '2019-11-30 11:34:09', '2019-11-30 11:34:09', 1, 1),
(104, 53, 'Lollipop', '', 2, '2019-11-30 11:34:09', '2019-11-30 11:34:09', 1, 1),
(109, 60, 'Cookies Box', 'Collections of Crunchy Cookie dipped in real Chocolate!', 1, '2019-11-30 11:35:15', '2020-10-05 17:16:28', 1, 1),
(110, 60, 'علب كوكيز', 'مجموعة من البسكوتات المقرمشة والتارت بحشوات مختلفة !', 2, '2019-11-30 11:35:15', '2020-10-05 17:16:55', 1, 1),
(111, 57, 'Dates', 'Ramadan Mubarak\r\nHere is a selection of stuffed and wrapped dates in chocolate', 1, '2019-11-30 11:40:04', '2020-04-29 02:04:07', 1, 1),
(112, 57, 'Dates', '', 2, '2019-11-30 11:40:04', '2019-11-30 11:40:04', 1, 1),
(113, 59, 'Petit Four Box', 'Assortment of Sweet and Salty Petifor with Different Taste', 1, '2019-11-30 11:41:57', '2020-10-06 09:43:09', 1, 1),
(114, 59, 'علب بيتيفور', 'تشكيلة من البيتيفور الحلو والمالح بنكهات مختلفة', 2, '2019-11-30 11:41:57', '2020-10-06 09:43:26', 1, 1),
(117, 58, 'Dragée', '', 1, '2019-11-30 11:43:12', '2020-04-29 02:00:42', 1, 1),
(118, 58, 'Dragée', '', 2, '2019-11-30 11:43:12', '2019-11-30 11:43:12', 1, 1),
(125, 54, 'Ruby', 'Rich selection of delicious Belgian chocolate', 1, '2019-12-07 16:55:38', '2020-10-03 14:54:00', 1, 1),
(126, 54, 'روبي', 'تشكيلة غنية من الشوكولاته البلجيكية الشهية ', 2, '2019-12-07 16:55:38', '2020-06-30 14:32:12', 1, 1),
(135, 69, 'All', '', 1, '2020-04-10 18:57:23', '2020-04-13 13:56:03', 1, 1),
(136, 69, 'الكل', '', 2, '2020-04-10 18:57:23', '2020-05-08 01:36:54', 1, 1),
(137, 55, 'Harmony', 'A special collection for bright colored chocolate lovers.', 1, '2020-04-13 15:36:46', '2020-08-23 16:56:28', 1, 1),
(138, 55, 'هارموني', '.مجموعة خاصة لعشاق الشوكولاته ذات الألوان الزاهية \r\n', 2, '2020-04-13 15:36:46', '2020-06-30 13:45:00', 1, 1),
(141, 56, 'Dark Chocolate', 'A variety of cocoa rich in dark chocolate gives you health and immunity from diseases', 1, '2020-05-07 13:31:17', '2020-10-07 15:08:23', 1, 1),
(142, 56, 'الشوكولاتة الداكنة', 'مجموعة متنوعة من الشوكولاتة الداكنة الغنية بالكاكاو تمنحك الصحة والمناعة من الأمراض', 2, '2020-05-07 13:31:17', '2020-07-25 15:02:09', 1, 1),
(145, 74, 'Ramadan', '', 1, '2020-05-11 01:08:06', '2020-05-11 22:25:55', 1, 1),
(146, 74, 'رمضان', '', 2, '2020-05-11 01:08:06', '2020-10-05 16:11:54', 1, 1),
(151, 77, 'Halgoum', '', 1, '2020-05-11 22:36:36', '2020-05-13 01:22:46', 1, 1),
(152, 77, 'حلويات شرقية ', '', 2, '2020-05-11 22:36:36', '2020-10-05 10:59:33', 1, 1),
(157, 80, 'Eid Collections', '', 1, '2020-05-12 00:13:17', '2020-06-25 16:41:59', 1, 1),
(158, 80, 'مجموعة العيد', '', 2, '2020-05-12 00:13:17', '2020-05-12 21:25:51', 1, 1),
(159, 81, 'Eid Boxes', 'Collections of Eid Boxes satisfying all tastes', 1, '2020-05-12 00:50:19', '2020-05-15 22:13:47', 1, 1),
(160, 81, 'مجموعة علب العيد', 'مجموعة متميز من العلب المخصصه للعيد', 2, '2020-05-12 00:50:19', '2020-05-12 01:36:56', 1, 1),
(163, 83, 'Eid Plate', 'Collection of luxurious dishes suitable for your gifts for the Eid', 1, '2020-05-12 01:42:28', '2020-05-15 23:03:01', 1, 1),
(164, 83, 'صحون العيد', 'مجموعة من الصحون الفاخرة تناسب هداياكم للعيد', 2, '2020-05-12 01:42:28', '2020-05-12 01:42:56', 1, 1),
(165, 84, 'Small Gift', 'Collection of Small Gifts', 1, '2020-05-12 01:54:13', '2020-05-14 01:44:07', 1, 1),
(166, 84, 'توزيعات العيد', 'مجموعة من الهدايا الصغيرة المعدة خصيصاً للعيد', 2, '2020-05-12 01:54:13', '2020-05-12 01:54:53', 1, 1),
(169, 86, 'Roche', 'Different Nuts with Coated Sugar', 1, '2020-05-13 01:27:51', '2020-10-06 09:44:19', 1, 1),
(170, 86, 'روشيهات', 'مكسرات مختلفة مع الكراميل', 2, '2020-05-13 01:27:51', '2020-10-06 09:44:14', 1, 1),
(171, 87, 'Croquant', 'Different Nuts With  Caramelized Sugar ', 1, '2020-05-13 01:33:37', '2020-05-14 01:54:28', 1, 1),
(172, 87, 'كروكان', 'مكسرات مختلفة مع السكر المحروق', 2, '2020-05-13 01:33:37', '2020-05-13 01:34:06', 1, 1),
(173, 88, 'Western Delights ', 'Oriental sweets with pistachios and nuts', 1, '2020-05-13 01:38:03', '2020-07-06 11:27:00', 1, 1),
(174, 88, 'حلقوم', 'حلويات شرقية بالفستق والمكسرات', 2, '2020-05-13 01:38:03', '2020-05-13 01:38:35', 1, 1),
(175, 89, 'Glitter Cremola', 'Variety of Shiny and Glazed Chocolates with a Distinctive Taste', 1, '2020-07-28 14:59:53', '2020-10-05 16:35:54', 1, 1),
(176, 89, 'كريمولا لامعة', 'تشكيلة متنوعة من الشوكولاتة الزاهية الجزابة ذات المزاق المميز', 2, '2020-07-28 14:59:53', '2020-10-05 16:31:34', 1, 1);

-- --------------------------------------------------------

--
-- Table structure for table `cities`
--

CREATE TABLE `cities` (
  `CityID` int(11) NOT NULL,
  `SortOrder` int(11) NOT NULL,
  `Hide` tinyint(4) NOT NULL,
  `IsActive` tinyint(4) NOT NULL,
  `latitude` decimal(10,2) DEFAULT NULL,
  `longitude` decimal(10,2) DEFAULT NULL,
  `CreatedAt` datetime NOT NULL,
  `UpdatedAt` datetime NOT NULL,
  `CreatedBy` int(11) NOT NULL,
  `UpdatedBy` int(11) NOT NULL
) ENGINE=InnoDB DEFAULT CHARSET=utf8;

--
-- Dumping data for table `cities`
--

INSERT INTO `cities` (`CityID`, `SortOrder`, `Hide`, `IsActive`, `latitude`, `longitude`, `CreatedAt`, `UpdatedAt`, `CreatedBy`, `UpdatedBy`) VALUES
(1337, 3, 0, 1, NULL, NULL, '2019-01-30 12:23:03', '2020-06-18 15:21:46', 1, 1),
(1339, 1, 0, 1, NULL, NULL, '2019-01-30 12:21:47', '2020-06-18 15:22:03', 1, 1),
(1344, 0, 0, 1, NULL, NULL, '2019-01-30 10:48:20', '2020-06-18 15:22:19', 1, 1),
(13138, 1, 0, 0, NULL, NULL, '2020-07-29 14:07:58', '2020-07-29 14:49:36', 1, 1);

-- --------------------------------------------------------

--
-- Table structure for table `cities_text`
--

CREATE TABLE `cities_text` (
  `CityTextID` int(11) NOT NULL,
  `CityID` int(11) NOT NULL,
  `Title` varchar(255) NOT NULL,
  `SystemLanguageID` int(11) NOT NULL,
  `CreatedAt` datetime NOT NULL,
  `UpdatedAt` datetime NOT NULL,
  `CreatedBy` int(11) NOT NULL,
  `UpdatedBy` int(11) NOT NULL
) ENGINE=InnoDB DEFAULT CHARSET=utf8;

--
-- Dumping data for table `cities_text`
--

INSERT INTO `cities_text` (`CityTextID`, `CityID`, `Title`, `SystemLanguageID`, `CreatedAt`, `UpdatedAt`, `CreatedBy`, `UpdatedBy`) VALUES
(1, 1344, 'Medina', 1, '2019-01-30 10:48:20', '2020-06-18 15:22:19', 1, 1),
(2, 1344, 'المدينة المنورة', 2, '2019-01-30 10:48:20', '2019-01-30 10:48:20', 1, 1),
(3, 1339, 'Mecca', 1, '2019-01-30 12:21:47', '2020-06-18 15:22:03', 1, 1),
(4, 1339, 'مكة المكرمة', 2, '2019-01-30 12:21:47', '2019-10-11 15:04:18', 1, 1),
(7, 1337, 'Jeddah', 1, '2019-01-30 12:23:03', '2020-06-18 15:21:46', 1, 1),
(8, 1337, 'جدة', 2, '2019-01-30 12:23:04', '2019-01-30 12:23:04', 1, 1),
(125, 13138, 'Taif', 1, '2020-07-29 14:07:58', '2020-07-29 14:49:36', 1, 1),
(126, 13138, 'Taif', 2, '2020-07-29 14:07:58', '2020-07-29 14:07:58', 1, 1);

-- --------------------------------------------------------

--
-- Table structure for table `collections`
--

CREATE TABLE `collections` (
  `CollectionID` int(11) NOT NULL,
  `ProductID` varchar(255) NOT NULL,
  `CustomerGroupID` varchar(255) NOT NULL,
  `IsFeatured` tinyint(4) NOT NULL,
  `SortOrder` int(11) NOT NULL,
  `Hide` tinyint(4) NOT NULL,
  `IsActive` tinyint(4) NOT NULL,
  `HomeImage` varchar(255) NOT NULL,
  `Link` varchar(255) NOT NULL,
  `CreatedAt` datetime NOT NULL,
  `UpdatedAt` datetime NOT NULL,
  `CreatedBy` int(11) NOT NULL,
  `UpdatedBy` int(11) NOT NULL
) ENGINE=MyISAM DEFAULT CHARSET=utf8;

--
-- Dumping data for table `collections`
--

INSERT INTO `collections` (`CollectionID`, `ProductID`, `CustomerGroupID`, `IsFeatured`, `SortOrder`, `Hide`, `IsActive`, `HomeImage`, `Link`, `CreatedAt`, `UpdatedAt`, `CreatedBy`, `UpdatedBy`) VALUES
(33, '', '', 0, 2, 0, 1, 'uploads/images/9889124936320200505073648400_x_950.jpg', 'https://chocomood.com/product/category/pralines-c34', '2020-05-05 07:48:36', '2020-07-23 14:34:09', 1, 1),
(34, '', '', 0, 3, 0, 1, 'uploads/images/8140501095520200505075654800_x_450.jpg', 'https://chocomood.com/product/category/pralines-c34', '2020-05-05 07:54:56', '2020-07-23 14:34:30', 1, 1),
(32, '', '', 0, 1, 0, 1, 'uploads/images/5983892987620200514123301test_01.jpg', 'https://chocomood.com/product/category/pralines-c34', '2020-05-05 07:47:21', '2020-07-23 14:33:51', 1, 1);

-- --------------------------------------------------------

--
-- Table structure for table `collections_text`
--

CREATE TABLE `collections_text` (
  `CollectionTextID` int(11) NOT NULL,
  `CollectionID` int(11) NOT NULL,
  `Title` varchar(255) NOT NULL,
  `Description` varchar(2000) NOT NULL,
  `Ingredients` varchar(2000) NOT NULL,
  `Specifications` text NOT NULL,
  `Tags` varchar(500) NOT NULL,
  `Keywords` varchar(500) NOT NULL,
  `SystemLanguageID` int(11) NOT NULL,
  `MetaTags` varchar(255) NOT NULL,
  `MetaKeywords` varchar(255) NOT NULL,
  `MetaDescription` varchar(255) NOT NULL,
  `CreatedAt` datetime NOT NULL,
  `UpdatedAt` datetime NOT NULL,
  `CreatedBy` int(11) NOT NULL,
  `UpdatedBy` int(11) NOT NULL
) ENGINE=MyISAM DEFAULT CHARSET=utf8;

--
-- Dumping data for table `collections_text`
--

INSERT INTO `collections_text` (`CollectionTextID`, `CollectionID`, `Title`, `Description`, `Ingredients`, `Specifications`, `Tags`, `Keywords`, `SystemLanguageID`, `MetaTags`, `MetaKeywords`, `MetaDescription`, `CreatedAt`, `UpdatedAt`, `CreatedBy`, `UpdatedBy`) VALUES
(49, 32, 'Eid Collection 2020', '', '', '', '', '', 1, '', '', '', '2020-05-05 07:47:21', '2020-07-23 14:33:51', 1, 1),
(50, 32, 'Eid Collection 2020', '', '', '', '', '', 2, '', '', '', '2020-05-05 07:47:21', '2020-05-05 07:47:21', 1, 1),
(51, 33, 'Regular Collection', '', '', '', '', '', 1, '', '', '', '2020-05-05 07:48:36', '2020-07-23 14:34:09', 1, 1),
(52, 33, 'Regular Collection', '', '', '', '', '', 2, '', '', '', '2020-05-05 07:48:36', '2020-05-05 07:48:36', 1, 1),
(53, 34, 'Tray Arrangement', '', '', '', '', '', 1, '', '', '', '2020-05-05 07:54:56', '2020-07-23 14:34:30', 1, 1),
(54, 34, 'Tray Arrangement', '', '', '', '', '', 2, '', '', '', '2020-05-05 07:54:56', '2020-05-05 07:54:56', 1, 1);

-- --------------------------------------------------------

--
-- Table structure for table `collection_ratings`
--

CREATE TABLE `collection_ratings` (
  `CollectionRatingID` int(11) NOT NULL,
  `CollectionID` int(11) NOT NULL,
  `UserID` int(11) NOT NULL,
  `Rating` int(11) NOT NULL
) ENGINE=MyISAM DEFAULT CHARSET=latin1;

--
-- Dumping data for table `collection_ratings`
--

INSERT INTO `collection_ratings` (`CollectionRatingID`, `CollectionID`, `UserID`, `Rating`) VALUES
(1, 2, 54, 4);

-- --------------------------------------------------------

--
-- Table structure for table `collection_reviews`
--

CREATE TABLE `collection_reviews` (
  `CollectionReviewID` int(11) NOT NULL,
  `CollectionID` int(11) NOT NULL,
  `UserID` int(11) NOT NULL,
  `Title` varchar(255) CHARACTER SET utf8 NOT NULL,
  `Comment` text CHARACTER SET utf8 NOT NULL,
  `CreatedAt` datetime NOT NULL
) ENGINE=MyISAM DEFAULT CHARSET=latin1;

-- --------------------------------------------------------

--
-- Table structure for table `contact_requests`
--

CREATE TABLE `contact_requests` (
  `ContactRequestID` int(11) NOT NULL,
  `FullName` varchar(255) CHARACTER SET utf8 NOT NULL,
  `Email` varchar(255) CHARACTER SET utf8 NOT NULL,
  `Subject` varchar(255) NOT NULL,
  `Company` varchar(255) CHARACTER SET utf8 NOT NULL,
  `Department` varchar(255) CHARACTER SET utf8 NOT NULL,
  `Message` text CHARACTER SET utf8 NOT NULL,
  `CV` varchar(255) NOT NULL,
  `CreatedAt` varchar(255) NOT NULL
) ENGINE=MyISAM DEFAULT CHARSET=latin1;

--
-- Dumping data for table `contact_requests`
--

INSERT INTO `contact_requests` (`ContactRequestID`, `FullName`, `Email`, `Subject`, `Company`, `Department`, `Message`, `CV`, `CreatedAt`) VALUES
(1, 'Dev Testing', 'dev@gmail.com', 'Feedback', 'Schopfen', 'IT', 'Hi this is a testing message.', '', '1549026151'),
(6, 'asdasd', 'Test@test.com', 'Career', '', '', '', 'uploads/582247656820190411044456dummy-pdf_2.pdf', '1554991004'),
(7, 'Rami', 'rami@henka.com.sa', 'Feedback', 'Henka', 'Marekting', 'where do this form go ?', '', '1601270258');

-- --------------------------------------------------------

--
-- Table structure for table `countries`
--

CREATE TABLE `countries` (
  `CountryID` int(11) NOT NULL,
  `CountryCode` varchar(50) NOT NULL,
  `SortOrder` int(11) NOT NULL,
  `Hide` tinyint(4) NOT NULL,
  `IsActive` tinyint(4) NOT NULL,
  `CreatedAt` datetime NOT NULL,
  `UpdatedAt` datetime NOT NULL,
  `CreatedBy` int(11) NOT NULL,
  `UpdatedBy` int(11) NOT NULL
) ENGINE=InnoDB DEFAULT CHARSET=utf8;

--
-- Dumping data for table `countries`
--

INSERT INTO `countries` (`CountryID`, `CountryCode`, `SortOrder`, `Hide`, `IsActive`, `CreatedAt`, `UpdatedAt`, `CreatedBy`, `UpdatedBy`) VALUES
(1, 'PK', 0, 0, 1, '2018-10-03 22:17:19', '2018-10-03 22:17:19', 1, 1);

-- --------------------------------------------------------

--
-- Table structure for table `countries_text`
--

CREATE TABLE `countries_text` (
  `CountryTextID` int(11) NOT NULL,
  `CountryID` int(11) NOT NULL,
  `Title` varchar(255) NOT NULL,
  `SystemLanguageID` int(11) NOT NULL,
  `CreatedAt` datetime NOT NULL,
  `UpdatedAt` datetime NOT NULL,
  `CreatedBy` int(11) NOT NULL,
  `UpdatedBy` int(11) NOT NULL
) ENGINE=InnoDB DEFAULT CHARSET=utf8;

--
-- Dumping data for table `countries_text`
--

INSERT INTO `countries_text` (`CountryTextID`, `CountryID`, `Title`, `SystemLanguageID`, `CreatedAt`, `UpdatedAt`, `CreatedBy`, `UpdatedBy`) VALUES
(1, 1, 'Pakistan', 1, '2018-10-03 22:17:19', '2018-10-03 22:17:19', 1, 1);

-- --------------------------------------------------------

--
-- Table structure for table `coupons`
--

CREATE TABLE `coupons` (
  `CouponID` int(11) NOT NULL,
  `CouponCode` varchar(255) NOT NULL,
  `UsageCount` int(11) NOT NULL,
  `DiscountPercentage` decimal(10,2) NOT NULL,
  `ExpiryDate` date NOT NULL,
  `SortOrder` int(11) NOT NULL,
  `Hide` tinyint(4) NOT NULL,
  `IsActive` tinyint(4) NOT NULL,
  `CreatedAt` datetime NOT NULL,
  `UpdatedAt` datetime NOT NULL,
  `CreatedBy` int(11) NOT NULL,
  `UpdatedBy` int(11) NOT NULL
) ENGINE=MyISAM DEFAULT CHARSET=utf8;

--
-- Dumping data for table `coupons`
--

INSERT INTO `coupons` (`CouponID`, `CouponCode`, `UsageCount`, `DiscountPercentage`, `ExpiryDate`, `SortOrder`, `Hide`, `IsActive`, `CreatedAt`, `UpdatedAt`, `CreatedBy`, `UpdatedBy`) VALUES
(3, 'BLK001', 100, '20.00', '2019-11-26', 0, 0, 1, '2019-11-27 11:18:48', '2019-11-27 11:19:16', 1, 1),
(5, 'FIRSTTIME', 9, '10.00', '2020-05-23', 1, 0, 1, '2020-05-21 16:02:39', '2020-05-21 16:02:39', 1, 1);

-- --------------------------------------------------------

--
-- Table structure for table `coupons_text`
--

CREATE TABLE `coupons_text` (
  `CouponTextID` int(11) NOT NULL,
  `CouponID` int(11) NOT NULL,
  `Title` varchar(255) NOT NULL,
  `Description` text NOT NULL,
  `SystemLanguageID` int(11) NOT NULL,
  `CreatedAt` datetime NOT NULL,
  `UpdatedAt` datetime NOT NULL,
  `CreatedBy` int(11) NOT NULL,
  `UpdatedBy` int(11) NOT NULL
) ENGINE=MyISAM DEFAULT CHARSET=utf8;

--
-- Dumping data for table `coupons_text`
--

INSERT INTO `coupons_text` (`CouponTextID`, `CouponID`, `Title`, `Description`, `SystemLanguageID`, `CreatedAt`, `UpdatedAt`, `CreatedBy`, `UpdatedBy`) VALUES
(3, 3, 'Black Friday', 'This offer will start date 20 for total of 100 coupons and with total discount amount of 20000 Saudi Rial offer ends based on what ends first total count of 100 or exp. day pass', 1, '2019-11-27 11:18:48', '2019-11-27 11:19:16', 1, 1),
(4, 3, 'الجمعه السوداء', 'This offer will start date 20 for total of 100 coupons and with total discount amount of 20000 Saudi Rial offer ends based on what ends first total count of 100 or exp. day pass', 2, '2019-11-27 11:18:48', '2019-11-27 11:19:36', 1, 1),
(7, 5, 'First Time User Discount', '', 1, '2020-05-21 16:02:39', '2020-05-21 16:02:39', 1, 1),
(8, 5, 'First Time User Discount', '', 2, '2020-05-21 16:02:39', '2020-05-21 16:02:39', 1, 1);

-- --------------------------------------------------------

--
-- Table structure for table `customer_groups`
--

CREATE TABLE `customer_groups` (
  `CustomerGroupID` int(11) NOT NULL,
  `CustomerGroupTitle` varchar(255) NOT NULL,
  `CustomerGroupType` enum('Orders','Purchases','AllUsers') NOT NULL DEFAULT 'Orders',
  `MinimumValue` varchar(255) NOT NULL,
  `MaximumValue` varchar(255) NOT NULL,
  `FromDate` date NOT NULL,
  `ToDate` date NOT NULL,
  `GroupMembersCount` int(11) NOT NULL,
  `SortOrder` int(11) NOT NULL,
  `Hide` tinyint(4) NOT NULL,
  `IsActive` tinyint(4) NOT NULL,
  `CreatedAt` datetime NOT NULL,
  `UpdatedAt` datetime NOT NULL,
  `CreatedBy` int(11) NOT NULL,
  `UpdatedBy` int(11) NOT NULL
) ENGINE=MyISAM DEFAULT CHARSET=utf8;

--
-- Dumping data for table `customer_groups`
--

INSERT INTO `customer_groups` (`CustomerGroupID`, `CustomerGroupTitle`, `CustomerGroupType`, `MinimumValue`, `MaximumValue`, `FromDate`, `ToDate`, `GroupMembersCount`, `SortOrder`, `Hide`, `IsActive`, `CreatedAt`, `UpdatedAt`, `CreatedBy`, `UpdatedBy`) VALUES
(5, 'new test again', 'AllUsers', '', '', '0000-00-00', '0000-00-00', 12, 0, 0, 0, '2020-04-17 18:36:25', '2020-04-17 18:36:25', 0, 0);

-- --------------------------------------------------------

--
-- Table structure for table `customer_group_members`
--

CREATE TABLE `customer_group_members` (
  `CustomerGroupMemberID` int(11) NOT NULL,
  `CustomerGroupID` int(11) NOT NULL,
  `UserID` int(11) NOT NULL
) ENGINE=MyISAM DEFAULT CHARSET=latin1;

--
-- Dumping data for table `customer_group_members`
--

INSERT INTO `customer_group_members` (`CustomerGroupMemberID`, `CustomerGroupID`, `UserID`) VALUES
(5, 5, 75),
(6, 5, 71),
(7, 5, 64),
(8, 5, 77),
(9, 5, 78),
(10, 5, 79),
(11, 5, 81),
(12, 5, 82),
(13, 5, 83),
(14, 5, 86),
(15, 5, 88),
(16, 5, 74);

-- --------------------------------------------------------

--
-- Table structure for table `customization_characters`
--

CREATE TABLE `customization_characters` (
  `CharacterID` int(11) NOT NULL,
  `CharacterImage` varchar(255) NOT NULL,
  `CharacterType` int(11) NOT NULL COMMENT '1 => Alphabet, 0 => Special',
  `price` double(10,2) NOT NULL,
  `IsActive` tinyint(1) NOT NULL DEFAULT 0,
  `Hide` tinyint(4) NOT NULL,
  `CreatedAt` datetime NOT NULL,
  `UpdatedAt` datetime NOT NULL,
  `CreatedBy` int(11) NOT NULL,
  `UpdatedBy` int(11) NOT NULL
) ENGINE=InnoDB DEFAULT CHARSET=latin1;

--
-- Dumping data for table `customization_characters`
--

INSERT INTO `customization_characters` (`CharacterID`, `CharacterImage`, `CharacterType`, `price`, `IsActive`, `Hide`, `CreatedAt`, `UpdatedAt`, `CreatedBy`, `UpdatedBy`) VALUES
(4, 'uploads/character/3206728027720210120104827c.png', 1, 1.00, 1, 0, '2021-01-13 10:58:07', '2021-02-18 08:33:32', 1, 1),
(5, 'uploads/character/631519270220210120102155heart.png', 0, 3.00, 1, 0, '2021-01-20 10:55:21', '2021-01-20 10:55:21', 1, 1),
(6, 'uploads/character/10575110202107260236223b9c41eafabb6a457322456b74c1cabe.jpg', 1, 0.00, 1, 0, '2021-07-26 14:22:36', '2021-07-26 14:22:52', 1, 1);

-- --------------------------------------------------------

--
-- Table structure for table `customizes`
--

CREATE TABLE `customizes` (
  `CustomizeID` int(11) NOT NULL,
  `Image` varchar(255) NOT NULL,
  `link` text DEFAULT NULL,
  `SortOrder` int(11) NOT NULL,
  `Hide` tinyint(4) NOT NULL,
  `IsActive` tinyint(4) NOT NULL,
  `CreatedAt` datetime NOT NULL,
  `UpdatedAt` datetime NOT NULL,
  `CreatedBy` int(11) NOT NULL,
  `UpdatedBy` int(11) NOT NULL
) ENGINE=MyISAM DEFAULT CHARSET=utf8;

--
-- Dumping data for table `customizes`
--

INSERT INTO `customizes` (`CustomizeID`, `Image`, `link`, `SortOrder`, `Hide`, `IsActive`, `CreatedAt`, `UpdatedAt`, `CreatedBy`, `UpdatedBy`) VALUES
(1, 'uploads/images/825520707220200505074957MIC_1004.jpg', 'boxes/choco_message', 0, 0, 1, '2020-02-19 08:21:19', '2021-03-20 15:40:11', 1, 1),
(2, 'uploads/images/99025607951202002190800238544251421720190412114121cus2.png', 'customize_box', 1, 0, 1, '2020-02-19 08:23:00', '2020-02-19 08:23:00', 1, 1),
(3, 'uploads/images/46878846830202002190830234719728060920190412115626cus3.png', 'choco_shape', 2, 0, 1, '2020-02-19 08:23:30', '2020-02-19 08:23:30', 1, 1),
(6, '', 'Printed Chocolate', 3, 0, 1, '2021-06-17 12:20:57', '2021-06-17 12:21:09', 1, 1),
(7, '1', 'Mix', 4, 0, 1, '2021-07-28 23:13:27', '2021-07-28 23:13:27', 1, 1);

-- --------------------------------------------------------

--
-- Table structure for table `customizes_text`
--

CREATE TABLE `customizes_text` (
  `CustomizeTextID` int(11) NOT NULL,
  `CustomizeID` int(11) NOT NULL,
  `Title` varchar(255) NOT NULL,
  `Description` text NOT NULL,
  `SystemLanguageID` int(11) NOT NULL,
  `CreatedAt` datetime NOT NULL,
  `UpdatedAt` datetime NOT NULL,
  `CreatedBy` int(11) NOT NULL,
  `UpdatedBy` int(11) NOT NULL
) ENGINE=MyISAM DEFAULT CHARSET=utf8;

--
-- Dumping data for table `customizes_text`
--

INSERT INTO `customizes_text` (`CustomizeTextID`, `CustomizeID`, `Title`, `Description`, `SystemLanguageID`, `CreatedAt`, `UpdatedAt`, `CreatedBy`, `UpdatedBy`) VALUES
(1, 1, 'Choco Message', '', 1, '2020-02-19 08:21:19', '2021-03-20 15:40:11', 1, 1),
(2, 1, 'رسالة محبة', '', 2, '2020-02-19 08:21:19', '2021-03-20 15:41:35', 1, 1),
(3, 2, 'Choco Box', '', 1, '2020-02-19 08:23:00', '2020-02-19 08:23:00', 1, 1),
(4, 2, 'Choco Box', '', 2, '2020-02-19 08:23:00', '2020-02-19 08:23:00', 1, 1),
(5, 3, 'Choco Shape', '', 1, '2020-02-19 08:23:30', '2020-02-19 08:23:30', 1, 1),
(6, 3, 'Choco Shape', '', 2, '2020-02-19 08:23:30', '2020-02-19 08:23:30', 1, 1),
(11, 6, 'Printed Chocolate', '', 1, '2021-06-17 12:20:57', '2021-06-17 12:21:09', 1, 1),
(12, 6, 'Printed Chocolate', '', 2, '2021-06-17 12:20:57', '2021-06-17 12:20:57', 1, 1),
(13, 7, 'Mix Max', '', 1, '2021-07-28 23:13:27', '2021-07-28 23:13:27', 1, 1),
(14, 7, 'Mix Max', '', 2, '2021-07-28 23:13:27', '2021-07-28 23:13:27', 1, 1);

-- --------------------------------------------------------

--
-- Table structure for table `delivery_stores`
--

CREATE TABLE `delivery_stores` (
  `delivery_store_id` int(11) NOT NULL,
  `user_id` int(11) DEFAULT NULL,
  `store_id` int(11) DEFAULT NULL
) ENGINE=InnoDB DEFAULT CHARSET=latin1;

--
-- Dumping data for table `delivery_stores`
--

INSERT INTO `delivery_stores` (`delivery_store_id`, `user_id`, `store_id`) VALUES
(1, 404, 1),
(21, 424, 5),
(22, 424, 6),
(23, 425, 0),
(24, 425, 4),
(31, 423, 1),
(32, 423, 2),
(33, 423, 3),
(34, 423, 7),
(35, 423, 8),
(36, 423, 9),
(41, 426, 4);

-- --------------------------------------------------------

--
-- Table structure for table `districts`
--

CREATE TABLE `districts` (
  `DistrictID` int(11) NOT NULL,
  `CityID` int(11) NOT NULL,
  `SortOrder` int(11) NOT NULL,
  `Hide` tinyint(4) NOT NULL,
  `IsActive` tinyint(4) NOT NULL,
  `CreatedAt` datetime NOT NULL,
  `UpdatedAt` datetime NOT NULL,
  `CreatedBy` int(11) NOT NULL,
  `UpdatedBy` int(11) NOT NULL
) ENGINE=InnoDB DEFAULT CHARSET=utf8;

--
-- Dumping data for table `districts`
--

INSERT INTO `districts` (`DistrictID`, `CityID`, `SortOrder`, `Hide`, `IsActive`, `CreatedAt`, `UpdatedAt`, `CreatedBy`, `UpdatedBy`) VALUES
(1388, 1342, 0, 0, 1, '2017-12-07 18:21:42', '0000-00-00 00:00:00', 1, 1),
(1389, 1338, 0, 0, 1, '2017-12-07 18:21:42', '0000-00-00 00:00:00', 1, 1),
(1390, 1338, 0, 0, 1, '2017-12-07 18:21:42', '0000-00-00 00:00:00', 1, 1),
(1391, 1358, 0, 0, 1, '2017-12-07 18:21:42', '0000-00-00 00:00:00', 1, 1),
(1392, 1381, 0, 0, 1, '2017-12-07 18:21:42', '0000-00-00 00:00:00', 1, 1),
(1393, 1338, 0, 0, 1, '2017-12-07 18:21:42', '0000-00-00 00:00:00', 1, 1),
(1395, 1344, 0, 0, 1, '2017-12-07 18:21:42', '2020-08-17 17:34:00', 1, 1),
(49607, 1340, 0, 0, 1, '2017-10-18 18:05:29', '0000-00-00 00:00:00', 1, 1),
(49608, 1337, 0, 0, 1, '2017-10-18 18:05:29', '0000-00-00 00:00:00', 1, 1),
(49609, 1340, 0, 0, 1, '2017-10-18 18:05:29', '0000-00-00 00:00:00', 1, 1),
(49610, 1340, 0, 0, 1, '2017-10-18 18:05:29', '0000-00-00 00:00:00', 1, 1),
(49611, 1345, 0, 0, 1, '2017-10-18 18:05:29', '0000-00-00 00:00:00', 1, 1),
(49612, 1345, 0, 0, 1, '2017-10-18 18:05:29', '0000-00-00 00:00:00', 1, 1),
(49613, 1337, 0, 0, 1, '2017-10-18 18:05:29', '0000-00-00 00:00:00', 1, 1),
(49614, 1344, 0, 0, 1, '2017-10-18 18:05:29', '0000-00-00 00:00:00', 1, 1),
(49615, 1338, 0, 0, 1, '2017-10-18 18:05:29', '0000-00-00 00:00:00', 1, 1),
(49616, 1337, 0, 0, 1, '2017-10-18 18:05:29', '0000-00-00 00:00:00', 1, 1),
(49617, 1349, 0, 0, 1, '2017-10-18 18:05:29', '0000-00-00 00:00:00', 1, 1),
(49618, 1338, 0, 0, 1, '2017-10-18 18:05:29', '0000-00-00 00:00:00', 1, 1),
(49619, 1340, 0, 0, 1, '2017-10-18 18:05:29', '0000-00-00 00:00:00', 1, 1),
(49620, 1340, 0, 0, 1, '2017-10-18 18:05:29', '0000-00-00 00:00:00', 1, 1),
(49621, 1345, 0, 0, 1, '2017-10-18 18:05:29', '0000-00-00 00:00:00', 1, 1),
(49622, 1338, 0, 0, 1, '2017-10-18 18:05:29', '0000-00-00 00:00:00', 1, 1),
(49623, 1338, 0, 0, 1, '2017-10-18 18:05:29', '0000-00-00 00:00:00', 1, 1),
(49624, 1345, 0, 0, 1, '2017-10-18 18:05:29', '0000-00-00 00:00:00', 1, 1),
(49625, 1338, 0, 0, 1, '2017-10-18 18:05:29', '0000-00-00 00:00:00', 1, 1),
(49626, 1337, 0, 0, 1, '2017-10-18 18:05:29', '0000-00-00 00:00:00', 1, 1),
(49627, 1337, 0, 0, 1, '2017-10-18 18:05:29', '0000-00-00 00:00:00', 1, 1),
(49628, 1337, 0, 0, 1, '2017-10-18 18:05:29', '0000-00-00 00:00:00', 1, 1),
(49629, 1337, 0, 0, 1, '2017-10-18 18:05:29', '0000-00-00 00:00:00', 1, 1),
(49630, 1337, 0, 0, 1, '2017-10-18 18:05:29', '0000-00-00 00:00:00', 1, 1),
(49631, 1337, 0, 0, 1, '2017-10-18 18:05:29', '0000-00-00 00:00:00', 1, 1),
(49632, 1337, 0, 0, 1, '2017-10-18 18:05:29', '0000-00-00 00:00:00', 1, 1),
(49633, 1337, 0, 0, 1, '2017-10-18 18:05:29', '0000-00-00 00:00:00', 1, 1),
(49634, 1337, 0, 0, 1, '2017-10-18 18:05:29', '0000-00-00 00:00:00', 1, 1),
(49635, 1337, 0, 0, 1, '2017-10-18 18:05:29', '0000-00-00 00:00:00', 1, 1),
(49636, 1338, 0, 0, 1, '2017-10-18 18:05:29', '0000-00-00 00:00:00', 1, 1),
(49637, 1337, 0, 0, 1, '2017-10-18 18:05:29', '0000-00-00 00:00:00', 1, 1),
(49638, 1337, 0, 0, 1, '2017-10-18 18:05:29', '0000-00-00 00:00:00', 1, 1),
(49639, 1337, 0, 0, 1, '2017-10-18 18:05:29', '0000-00-00 00:00:00', 1, 1),
(49640, 1337, 0, 0, 1, '2017-10-18 18:05:29', '0000-00-00 00:00:00', 1, 1),
(49641, 1337, 0, 0, 1, '2017-10-18 18:05:29', '0000-00-00 00:00:00', 1, 1),
(49642, 1337, 0, 0, 1, '2017-10-18 18:05:29', '0000-00-00 00:00:00', 1, 1),
(49643, 1337, 0, 0, 1, '2017-10-18 18:05:29', '0000-00-00 00:00:00', 1, 1),
(49644, 1337, 0, 0, 1, '2017-10-18 18:05:29', '0000-00-00 00:00:00', 1, 1),
(49645, 1337, 0, 0, 1, '2017-10-18 18:05:29', '0000-00-00 00:00:00', 1, 1),
(49646, 1337, 0, 0, 1, '2017-10-18 18:05:29', '0000-00-00 00:00:00', 1, 1),
(49647, 1345, 0, 0, 1, '2017-10-18 18:05:29', '0000-00-00 00:00:00', 1, 1),
(49648, 1338, 0, 0, 1, '2017-10-18 18:05:29', '0000-00-00 00:00:00', 1, 1),
(49649, 1337, 0, 0, 1, '2017-10-18 18:05:29', '0000-00-00 00:00:00', 1, 1),
(49650, 1337, 0, 0, 1, '2017-10-18 18:05:29', '0000-00-00 00:00:00', 1, 1),
(49651, 1337, 0, 0, 1, '2017-10-18 18:05:29', '0000-00-00 00:00:00', 1, 1),
(49652, 1337, 0, 0, 1, '2017-10-18 18:05:29', '0000-00-00 00:00:00', 1, 1),
(49653, 1337, 0, 0, 1, '2017-10-18 18:05:29', '0000-00-00 00:00:00', 1, 1),
(49654, 1337, 0, 0, 1, '2017-10-18 18:05:29', '0000-00-00 00:00:00', 1, 1),
(49655, 1337, 0, 0, 1, '2017-10-18 18:05:29', '0000-00-00 00:00:00', 1, 1),
(49656, 1337, 0, 0, 1, '2017-10-18 18:05:29', '0000-00-00 00:00:00', 1, 1),
(49657, 1338, 0, 0, 1, '2017-10-18 18:05:29', '0000-00-00 00:00:00', 1, 1),
(49658, 1337, 0, 0, 1, '2017-10-18 18:05:29', '0000-00-00 00:00:00', 1, 1),
(49659, 1344, 0, 0, 1, '2017-10-18 18:05:29', '0000-00-00 00:00:00', 1, 1),
(49660, 1337, 0, 0, 1, '2017-10-18 18:05:29', '0000-00-00 00:00:00', 1, 1),
(49661, 1338, 0, 0, 1, '2017-10-18 18:05:29', '0000-00-00 00:00:00', 1, 1),
(49662, 1337, 0, 0, 1, '2017-10-18 18:05:29', '0000-00-00 00:00:00', 1, 1),
(49663, 1337, 0, 0, 1, '2017-10-18 18:05:29', '0000-00-00 00:00:00', 1, 1),
(49664, 1337, 0, 0, 1, '2017-10-18 18:05:29', '0000-00-00 00:00:00', 1, 1),
(49665, 1337, 0, 0, 1, '2017-10-18 18:05:29', '0000-00-00 00:00:00', 1, 1),
(49666, 1337, 0, 0, 1, '2017-10-18 18:05:29', '2020-07-09 11:54:33', 1, 1),
(49667, 1337, 0, 0, 1, '2017-10-18 18:05:29', '0000-00-00 00:00:00', 1, 1),
(49668, 1337, 0, 0, 1, '2017-10-18 18:05:29', '0000-00-00 00:00:00', 1, 1),
(49669, 1337, 0, 0, 1, '2017-10-18 18:05:29', '0000-00-00 00:00:00', 1, 1),
(49670, 1337, 0, 0, 1, '2017-10-18 18:05:29', '0000-00-00 00:00:00', 1, 1),
(49671, 1338, 0, 0, 1, '2017-10-18 18:05:29', '0000-00-00 00:00:00', 1, 1),
(49672, 1337, 0, 0, 1, '2017-10-18 18:05:29', '0000-00-00 00:00:00', 1, 1),
(49673, 1337, 0, 0, 1, '2017-10-18 18:05:29', '0000-00-00 00:00:00', 1, 1),
(49674, 1337, 0, 0, 1, '2017-10-18 18:05:29', '0000-00-00 00:00:00', 1, 1),
(49675, 1337, 0, 0, 1, '2017-10-18 18:05:29', '0000-00-00 00:00:00', 1, 1),
(49676, 1337, 0, 0, 1, '2017-10-18 18:05:29', '0000-00-00 00:00:00', 1, 1),
(49677, 1337, 0, 0, 1, '2017-10-18 18:05:29', '2020-06-25 12:33:30', 1, 1),
(49678, 1337, 0, 0, 1, '2017-10-18 18:05:29', '0000-00-00 00:00:00', 1, 1),
(49679, 1338, 0, 0, 1, '2017-10-18 18:05:29', '0000-00-00 00:00:00', 1, 1),
(49680, 1337, 0, 0, 1, '2017-10-18 18:05:29', '0000-00-00 00:00:00', 1, 1),
(49681, 1337, 0, 0, 1, '2017-10-18 18:05:29', '0000-00-00 00:00:00', 1, 1),
(49682, 1338, 0, 0, 1, '2017-10-18 18:05:29', '0000-00-00 00:00:00', 1, 1),
(49683, 1337, 0, 0, 1, '2017-10-18 18:05:29', '0000-00-00 00:00:00', 1, 1),
(49684, 1337, 0, 0, 1, '2017-10-18 18:05:29', '0000-00-00 00:00:00', 1, 1),
(49685, 1337, 0, 0, 1, '2017-10-18 18:05:29', '0000-00-00 00:00:00', 1, 1),
(49686, 1337, 0, 0, 1, '2017-10-18 18:05:29', '0000-00-00 00:00:00', 1, 1),
(49687, 1337, 0, 0, 1, '2017-10-18 18:05:29', '0000-00-00 00:00:00', 1, 1),
(49688, 1337, 0, 0, 1, '2017-10-18 18:05:29', '0000-00-00 00:00:00', 1, 1),
(49689, 1337, 0, 0, 1, '2017-10-18 18:05:30', '0000-00-00 00:00:00', 1, 1),
(49690, 1337, 0, 0, 1, '2017-10-18 18:05:30', '0000-00-00 00:00:00', 1, 1),
(49691, 1337, 0, 0, 1, '2017-10-18 18:05:30', '0000-00-00 00:00:00', 1, 1),
(49692, 1338, 0, 0, 1, '2017-10-18 18:05:30', '0000-00-00 00:00:00', 1, 1),
(49693, 1337, 0, 0, 1, '2017-10-18 18:05:30', '0000-00-00 00:00:00', 1, 1),
(49694, 1338, 0, 0, 1, '2017-10-18 18:05:30', '0000-00-00 00:00:00', 1, 1),
(49695, 1337, 0, 0, 1, '2017-10-18 18:05:30', '0000-00-00 00:00:00', 1, 1),
(49696, 1337, 0, 0, 1, '2017-10-18 18:05:30', '0000-00-00 00:00:00', 1, 1),
(49697, 1337, 0, 0, 1, '2017-10-18 18:05:30', '0000-00-00 00:00:00', 1, 1),
(49698, 1337, 0, 0, 1, '2017-10-18 18:05:30', '0000-00-00 00:00:00', 1, 1),
(49699, 1337, 0, 0, 1, '2017-10-18 18:05:30', '0000-00-00 00:00:00', 1, 1),
(49700, 1337, 0, 0, 1, '2017-10-18 18:05:30', '0000-00-00 00:00:00', 1, 1),
(49701, 1337, 0, 0, 1, '2017-10-18 18:05:30', '0000-00-00 00:00:00', 1, 1),
(49702, 1337, 0, 0, 1, '2017-10-18 18:05:30', '0000-00-00 00:00:00', 1, 1),
(49703, 1337, 0, 0, 1, '2017-10-18 18:05:30', '0000-00-00 00:00:00', 1, 1),
(49704, 1337, 0, 0, 1, '2017-10-18 18:05:30', '0000-00-00 00:00:00', 1, 1),
(49705, 1338, 0, 0, 1, '2017-10-18 18:05:30', '0000-00-00 00:00:00', 1, 1),
(49706, 1337, 0, 0, 1, '2017-10-18 18:05:30', '0000-00-00 00:00:00', 1, 1),
(49707, 1337, 0, 0, 1, '2017-10-18 18:05:30', '0000-00-00 00:00:00', 1, 1),
(49708, 1338, 0, 0, 1, '2017-10-18 18:05:30', '0000-00-00 00:00:00', 1, 1),
(49709, 1337, 0, 0, 1, '2017-10-18 18:05:30', '0000-00-00 00:00:00', 1, 1),
(49710, 1338, 0, 0, 1, '2017-10-18 18:05:30', '0000-00-00 00:00:00', 1, 1),
(49711, 1337, 0, 0, 1, '2017-10-18 18:05:30', '0000-00-00 00:00:00', 1, 1),
(49712, 1337, 0, 0, 1, '2017-10-18 18:05:30', '0000-00-00 00:00:00', 1, 1),
(49713, 1337, 0, 0, 1, '2017-10-18 18:05:30', '0000-00-00 00:00:00', 1, 1),
(49714, 1338, 0, 0, 1, '2017-10-18 18:05:30', '0000-00-00 00:00:00', 1, 1),
(49715, 1337, 0, 0, 1, '2017-10-18 18:05:30', '0000-00-00 00:00:00', 1, 1),
(49716, 1338, 0, 0, 1, '2017-10-18 18:05:30', '0000-00-00 00:00:00', 1, 1),
(49717, 1337, 0, 0, 1, '2017-10-18 18:05:30', '0000-00-00 00:00:00', 1, 1),
(49718, 1337, 0, 0, 1, '2017-10-18 18:05:30', '0000-00-00 00:00:00', 1, 1),
(49719, 1337, 0, 0, 1, '2017-10-18 18:05:30', '0000-00-00 00:00:00', 1, 1),
(49720, 1337, 0, 0, 1, '2017-10-18 18:05:30', '0000-00-00 00:00:00', 1, 1),
(49721, 1337, 0, 0, 1, '2017-10-18 18:05:30', '0000-00-00 00:00:00', 1, 1),
(49722, 1337, 0, 0, 1, '2017-10-18 18:05:30', '0000-00-00 00:00:00', 1, 1),
(49723, 1337, 0, 0, 1, '2017-10-18 18:05:30', '0000-00-00 00:00:00', 1, 1),
(49724, 1337, 0, 0, 1, '2017-10-18 18:05:30', '0000-00-00 00:00:00', 1, 1),
(49725, 1337, 0, 0, 1, '2017-10-18 18:05:30', '0000-00-00 00:00:00', 1, 1),
(49726, 1337, 0, 0, 1, '2017-10-18 18:05:30', '0000-00-00 00:00:00', 1, 1),
(49727, 1337, 0, 0, 1, '2017-10-18 18:05:30', '0000-00-00 00:00:00', 1, 1),
(49728, 1337, 0, 0, 1, '2017-10-18 18:05:30', '0000-00-00 00:00:00', 1, 1),
(49729, 1337, 0, 0, 1, '2017-10-18 18:05:30', '0000-00-00 00:00:00', 1, 1),
(49730, 1337, 0, 0, 1, '2017-10-18 18:05:30', '0000-00-00 00:00:00', 1, 1),
(49731, 1337, 0, 0, 1, '2017-10-18 18:05:30', '0000-00-00 00:00:00', 1, 1),
(49732, 1337, 0, 0, 1, '2017-10-18 18:05:30', '0000-00-00 00:00:00', 1, 1),
(49733, 1337, 0, 0, 1, '2017-10-18 18:05:30', '0000-00-00 00:00:00', 1, 1),
(49734, 1337, 0, 0, 1, '2017-10-18 18:05:30', '0000-00-00 00:00:00', 1, 1),
(49735, 1337, 0, 0, 1, '2017-10-18 18:05:30', '0000-00-00 00:00:00', 1, 1),
(49736, 1337, 0, 0, 1, '2017-10-18 18:05:30', '0000-00-00 00:00:00', 1, 1),
(49737, 1338, 0, 0, 1, '2017-10-18 18:05:30', '0000-00-00 00:00:00', 1, 1),
(49738, 1337, 0, 0, 1, '2017-10-18 18:05:30', '0000-00-00 00:00:00', 1, 1),
(49739, 1337, 0, 0, 1, '2017-10-18 18:05:30', '0000-00-00 00:00:00', 1, 1),
(49740, 1338, 0, 0, 1, '2017-10-18 18:05:30', '0000-00-00 00:00:00', 1, 1),
(49741, 1337, 0, 0, 1, '2017-10-18 18:05:30', '0000-00-00 00:00:00', 1, 1),
(49742, 1338, 0, 0, 1, '2017-10-18 18:05:30', '0000-00-00 00:00:00', 1, 1),
(49743, 1337, 0, 0, 1, '2017-10-18 18:05:30', '0000-00-00 00:00:00', 1, 1),
(49744, 1337, 0, 0, 1, '2017-10-18 18:05:30', '0000-00-00 00:00:00', 1, 1),
(49745, 1337, 0, 0, 1, '2017-10-18 18:05:30', '0000-00-00 00:00:00', 1, 1),
(49746, 1337, 0, 0, 1, '2017-10-18 18:05:30', '0000-00-00 00:00:00', 1, 1),
(49747, 1337, 0, 0, 1, '2017-10-18 18:05:30', '0000-00-00 00:00:00', 1, 1),
(49748, 1337, 0, 0, 1, '2017-10-18 18:05:30', '0000-00-00 00:00:00', 1, 1),
(49749, 1337, 0, 0, 1, '2017-10-18 18:05:30', '0000-00-00 00:00:00', 1, 1),
(49750, 1338, 0, 0, 1, '2017-10-18 18:05:30', '0000-00-00 00:00:00', 1, 1),
(49751, 1340, 0, 0, 1, '2017-10-18 18:05:30', '0000-00-00 00:00:00', 1, 1),
(49752, 1337, 0, 0, 1, '2017-10-18 18:05:30', '0000-00-00 00:00:00', 1, 1),
(49753, 1337, 0, 0, 1, '2017-10-18 18:05:30', '0000-00-00 00:00:00', 1, 1),
(49754, 1337, 0, 0, 1, '2017-10-18 18:05:30', '0000-00-00 00:00:00', 1, 1),
(49755, 1337, 0, 0, 1, '2017-10-18 18:05:30', '0000-00-00 00:00:00', 1, 1),
(49756, 1337, 0, 0, 1, '2017-10-18 18:05:30', '0000-00-00 00:00:00', 1, 1),
(49757, 1338, 0, 0, 1, '2017-10-18 18:05:30', '0000-00-00 00:00:00', 1, 1),
(49758, 1337, 0, 0, 1, '2017-10-18 18:05:30', '0000-00-00 00:00:00', 1, 1),
(49759, 1337, 0, 0, 1, '2017-10-18 18:05:30', '0000-00-00 00:00:00', 1, 1),
(49760, 1337, 0, 0, 1, '2017-10-18 18:05:30', '0000-00-00 00:00:00', 1, 1),
(49761, 1344, 0, 0, 1, '2017-10-18 18:05:30', '0000-00-00 00:00:00', 1, 1),
(49762, 1344, 0, 0, 1, '2017-10-18 18:05:30', '0000-00-00 00:00:00', 1, 1),
(49763, 1337, 0, 0, 1, '2017-10-18 18:05:30', '0000-00-00 00:00:00', 1, 1),
(49764, 1344, 0, 0, 1, '2017-10-18 18:05:30', '0000-00-00 00:00:00', 1, 1),
(49765, 1337, 0, 0, 1, '2017-10-18 18:05:30', '0000-00-00 00:00:00', 1, 1),
(49766, 1337, 0, 0, 1, '2017-10-18 18:05:30', '0000-00-00 00:00:00', 1, 1),
(49767, 1337, 0, 0, 1, '2017-10-18 18:05:30', '0000-00-00 00:00:00', 1, 1),
(49768, 1348, 0, 0, 1, '2017-10-18 18:05:30', '0000-00-00 00:00:00', 1, 1),
(49769, 1337, 0, 0, 1, '2017-10-18 18:05:30', '0000-00-00 00:00:00', 1, 1),
(49770, 1337, 0, 0, 1, '2017-10-18 18:05:30', '0000-00-00 00:00:00', 1, 1),
(49771, 1347, 0, 0, 1, '2017-10-18 18:05:30', '0000-00-00 00:00:00', 1, 1),
(49772, 1347, 0, 0, 1, '2017-10-18 18:05:30', '0000-00-00 00:00:00', 1, 1),
(49773, 1338, 0, 0, 1, '2017-10-18 18:05:30', '0000-00-00 00:00:00', 1, 1),
(49774, 1338, 0, 0, 1, '2017-10-18 18:05:30', '0000-00-00 00:00:00', 1, 1),
(49775, 1337, 0, 0, 1, '2017-10-18 18:05:30', '0000-00-00 00:00:00', 1, 1),
(49776, 1337, 0, 0, 1, '2017-10-18 18:05:30', '0000-00-00 00:00:00', 1, 1),
(49777, 1346, 0, 0, 1, '2017-10-18 18:05:30', '0000-00-00 00:00:00', 1, 1),
(49778, 1338, 0, 0, 1, '2017-10-18 18:05:30', '0000-00-00 00:00:00', 1, 1),
(49779, 1337, 0, 0, 1, '2017-10-18 18:05:30', '0000-00-00 00:00:00', 1, 1),
(49780, 1337, 0, 0, 1, '2017-10-18 18:05:30', '0000-00-00 00:00:00', 1, 1),
(49781, 1337, 0, 0, 1, '2017-10-18 18:05:30', '0000-00-00 00:00:00', 1, 1),
(49782, 1337, 0, 0, 1, '2017-10-18 18:05:30', '0000-00-00 00:00:00', 1, 1),
(49783, 1337, 0, 0, 1, '2017-10-18 18:05:30', '0000-00-00 00:00:00', 1, 1),
(49784, 1337, 0, 0, 1, '2017-10-18 18:05:30', '0000-00-00 00:00:00', 1, 1),
(49785, 1337, 0, 0, 1, '2017-10-18 18:05:30', '0000-00-00 00:00:00', 1, 1),
(49786, 1337, 0, 0, 1, '2017-10-18 18:05:30', '0000-00-00 00:00:00', 1, 1),
(49787, 1337, 0, 0, 1, '2017-10-18 18:05:30', '0000-00-00 00:00:00', 1, 1),
(49788, 1337, 0, 0, 1, '2017-10-18 18:05:30', '0000-00-00 00:00:00', 1, 1),
(49789, 1337, 0, 0, 1, '2017-10-18 18:05:30', '0000-00-00 00:00:00', 1, 1),
(49790, 1337, 0, 0, 1, '2017-10-18 18:05:30', '0000-00-00 00:00:00', 1, 1),
(49791, 1337, 0, 0, 1, '2017-10-18 18:05:30', '0000-00-00 00:00:00', 1, 1),
(49792, 1337, 0, 0, 1, '2017-10-18 18:05:30', '0000-00-00 00:00:00', 1, 1),
(49793, 1338, 0, 0, 1, '2017-10-18 18:05:30', '0000-00-00 00:00:00', 1, 1),
(49794, 1337, 0, 0, 1, '2017-10-18 18:05:30', '0000-00-00 00:00:00', 1, 1),
(49795, 1337, 0, 0, 1, '2017-10-18 18:05:30', '0000-00-00 00:00:00', 1, 1),
(49796, 1337, 0, 0, 1, '2017-10-18 18:05:30', '0000-00-00 00:00:00', 1, 1),
(49797, 1337, 0, 0, 1, '2017-10-18 18:05:30', '0000-00-00 00:00:00', 1, 1),
(49798, 1337, 0, 0, 1, '2017-10-18 18:05:30', '0000-00-00 00:00:00', 1, 1),
(49799, 1337, 0, 0, 1, '2017-10-18 18:05:30', '0000-00-00 00:00:00', 1, 1),
(49800, 1337, 0, 0, 1, '2017-10-18 18:05:30', '0000-00-00 00:00:00', 1, 1),
(49801, 1337, 0, 0, 1, '2017-10-18 18:05:30', '0000-00-00 00:00:00', 1, 1),
(49802, 1337, 0, 0, 1, '2017-10-18 18:05:30', '0000-00-00 00:00:00', 1, 1),
(49803, 1338, 0, 0, 1, '2017-10-18 18:05:30', '0000-00-00 00:00:00', 1, 1),
(49804, 1338, 0, 0, 1, '2017-10-18 18:05:30', '0000-00-00 00:00:00', 1, 1),
(49805, 1337, 0, 0, 1, '2017-10-18 18:05:30', '0000-00-00 00:00:00', 1, 1),
(49806, 1337, 0, 0, 1, '2017-10-18 18:05:30', '0000-00-00 00:00:00', 1, 1),
(49807, 1337, 0, 0, 1, '2017-10-18 18:05:30', '0000-00-00 00:00:00', 1, 1),
(49808, 1337, 0, 1, 1, '2017-10-18 18:05:30', '0000-00-00 00:00:00', 1, 1),
(49809, 1344, 0, 0, 1, '2017-12-08 20:16:04', '0000-00-00 00:00:00', 1, 1),
(49810, 1344, 0, 0, 1, '2017-12-08 20:36:42', '0000-00-00 00:00:00', 1, 1),
(49811, 1344, 0, 0, 1, '2017-12-08 21:02:00', '0000-00-00 00:00:00', 1, 1),
(49812, 1338, 0, 1, 1, '2017-12-21 12:30:17', '0000-00-00 00:00:00', 1, 1),
(49813, 1345, 0, 0, 1, '2017-12-21 12:50:37', '0000-00-00 00:00:00', 1, 1),
(49814, 1357, 0, 1, 1, '2017-12-23 13:06:54', '0000-00-00 00:00:00', 1, 1),
(49815, 1344, 0, 0, 1, '2017-12-31 14:54:36', '0000-00-00 00:00:00', 1, 1),
(49816, 1340, 0, 0, 1, '2017-12-31 14:57:19', '0000-00-00 00:00:00', 1, 1),
(49817, 1338, 0, 0, 1, '2017-12-31 14:57:37', '0000-00-00 00:00:00', 1, 1),
(49818, 1338, 0, 0, 1, '2017-12-31 15:50:39', '0000-00-00 00:00:00', 1, 1),
(49819, 1340, 0, 0, 1, '2017-12-31 15:51:00', '0000-00-00 00:00:00', 1, 1),
(49820, 1339, 0, 0, 1, '2017-12-31 19:19:05', '0000-00-00 00:00:00', 1, 1),
(49821, 1345, 0, 0, 1, '2018-01-05 22:00:35', '0000-00-00 00:00:00', 1, 1),
(49822, 1370, 0, 0, 1, '2018-01-05 22:25:40', '0000-00-00 00:00:00', 1, 1),
(49823, 1349, 0, 0, 1, '2018-01-05 23:02:18', '0000-00-00 00:00:00', 1, 1),
(49824, 1397, 0, 0, 1, '2018-01-05 23:33:00', '0000-00-00 00:00:00', 1, 1),
(49825, 1383, 0, 0, 1, '2018-01-05 23:55:03', '0000-00-00 00:00:00', 1, 1),
(49826, 1398, 0, 0, 1, '2018-01-06 00:01:34', '0000-00-00 00:00:00', 1, 1),
(49827, 1355, 0, 0, 1, '2018-01-06 00:19:00', '0000-00-00 00:00:00', 1, 1),
(49828, 1358, 0, 0, 1, '2018-01-06 00:29:49', '0000-00-00 00:00:00', 1, 1),
(49829, 1342, 0, 0, 1, '2018-01-06 00:36:28', '0000-00-00 00:00:00', 1, 1),
(49830, 1365, 0, 0, 1, '2018-01-06 21:52:27', '0000-00-00 00:00:00', 1, 1),
(49831, 1354, 0, 0, 1, '2018-01-06 22:10:34', '0000-00-00 00:00:00', 1, 1),
(49832, 1340, 0, 0, 1, '2018-01-07 12:55:05', '0000-00-00 00:00:00', 1, 1),
(49833, 1338, 0, 0, 1, '2018-01-07 18:32:05', '0000-00-00 00:00:00', 1, 1),
(49834, 1338, 0, 0, 1, '2018-01-09 01:48:48', '0000-00-00 00:00:00', 1, 1),
(49835, 1383, 0, 0, 1, '2018-01-09 01:50:58', '0000-00-00 00:00:00', 1, 1),
(49836, 1353, 0, 0, 1, '2018-01-09 02:34:51', '0000-00-00 00:00:00', 1, 1),
(49837, 1345, 0, 0, 1, '2018-01-09 02:48:35', '0000-00-00 00:00:00', 1, 1),
(49838, 1340, 0, 0, 1, '2018-01-09 03:03:58', '0000-00-00 00:00:00', 1, 1),
(49839, 1339, 0, 0, 1, '2018-01-19 22:05:33', '0000-00-00 00:00:00', 1, 1),
(49840, 1339, 0, 0, 1, '2018-01-19 22:06:27', '0000-00-00 00:00:00', 1, 1),
(49841, 1339, 0, 0, 1, '2018-02-08 15:45:02', '0000-00-00 00:00:00', 1, 1),
(49842, 1381, 0, 0, 1, '2018-02-08 15:46:59', '0000-00-00 00:00:00', 1, 1),
(49843, 1342, 0, 0, 1, '2018-02-12 17:06:27', '0000-00-00 00:00:00', 1, 1),
(49844, 1339, 0, 0, 1, '2018-02-28 14:07:31', '0000-00-00 00:00:00', 1, 1),
(49845, 1354, 0, 0, 1, '2018-02-28 14:11:09', '0000-00-00 00:00:00', 1, 1),
(49846, 1339, 0, 0, 1, '2018-03-05 15:52:06', '0000-00-00 00:00:00', 1, 1),
(49847, 1339, 0, 0, 1, '2018-03-05 16:04:19', '0000-00-00 00:00:00', 1, 1),
(49848, 1350, 0, 0, 1, '2018-03-05 16:10:04', '0000-00-00 00:00:00', 1, 1),
(49849, 1350, 0, 0, 1, '2018-03-05 16:24:41', '0000-00-00 00:00:00', 1, 1),
(49850, 1399, 0, 0, 1, '2018-03-27 14:08:28', '0000-00-00 00:00:00', 1, 1),
(49851, 1339, 0, 0, 1, '2018-04-26 16:23:36', '0000-00-00 00:00:00', 1, 1),
(49852, 1350, 0, 0, 1, '2018-04-26 16:35:32', '0000-00-00 00:00:00', 1, 1),
(49853, 1360, 0, 0, 1, '2018-07-02 18:37:43', '0000-00-00 00:00:00', 1, 1),
(49854, 1344, 0, 0, 1, '2018-07-09 14:51:53', '0000-00-00 00:00:00', 1, 1),
(49855, 1340, 0, 0, 1, '2018-07-09 18:22:30', '0000-00-00 00:00:00', 1, 1),
(49856, 1350, 0, 0, 1, '2018-07-11 18:39:42', '0000-00-00 00:00:00', 1, 1),
(49857, 1338, 0, 0, 1, '2018-07-11 18:58:22', '0000-00-00 00:00:00', 1, 1),
(49858, 1339, 0, 0, 1, '2018-07-19 15:46:03', '0000-00-00 00:00:00', 1, 1),
(49859, 1338, 0, 0, 1, '2018-07-19 16:02:17', '0000-00-00 00:00:00', 1, 1),
(49860, 1338, 0, 0, 1, '2018-07-19 16:24:18', '0000-00-00 00:00:00', 1, 1),
(49861, 1352, 0, 0, 1, '2018-07-23 16:59:55', '0000-00-00 00:00:00', 1, 1),
(49862, 1346, 0, 0, 1, '2018-07-23 17:04:45', '0000-00-00 00:00:00', 1, 1),
(49863, 1372, 0, 0, 1, '2018-07-23 17:07:39', '0000-00-00 00:00:00', 1, 1),
(49864, 1374, 0, 0, 1, '2018-07-23 17:15:01', '0000-00-00 00:00:00', 1, 1),
(49865, 1338, 0, 0, 1, '2018-07-25 15:55:29', '0000-00-00 00:00:00', 1, 1),
(49866, 1352, 0, 0, 1, '2018-07-25 16:51:23', '0000-00-00 00:00:00', 1, 1),
(49867, 1338, 0, 0, 1, '2018-08-28 13:44:22', '0000-00-00 00:00:00', 1, 1),
(49868, 1340, 0, 0, 1, '2018-08-28 14:00:32', '0000-00-00 00:00:00', 1, 1),
(49869, 1358, 0, 0, 1, '2018-08-28 14:09:11', '0000-00-00 00:00:00', 1, 1),
(49870, 1372, 0, 0, 1, '2018-08-28 14:15:41', '0000-00-00 00:00:00', 1, 1),
(49871, 1338, 0, 0, 1, '2018-08-28 16:34:12', '0000-00-00 00:00:00', 1, 1),
(49872, 1339, 0, 0, 1, '2018-09-11 17:10:44', '0000-00-00 00:00:00', 1, 1),
(49873, 1337, 0, 0, 1, '2018-09-13 13:41:16', '0000-00-00 00:00:00', 1, 1),
(49874, 1339, 0, 0, 1, '2018-10-18 19:01:54', '0000-00-00 00:00:00', 1, 1),
(49875, 1339, 0, 0, 1, '2018-10-18 19:02:20', '0000-00-00 00:00:00', 1, 1),
(49876, 1339, 0, 0, 1, '2018-10-18 19:02:45', '0000-00-00 00:00:00', 1, 1),
(49877, 1370, 0, 0, 1, '2018-10-30 14:39:55', '0000-00-00 00:00:00', 1, 1),
(49878, 1352, 0, 1, 1, '2018-10-30 14:50:24', '0000-00-00 00:00:00', 1, 1),
(49879, 1337, 0, 0, 1, '2018-10-31 17:14:41', '0000-00-00 00:00:00', 1, 1),
(49880, 1345, 0, 0, 1, '2019-01-01 15:22:25', '0000-00-00 00:00:00', 1, 1),
(49881, 1352, 0, 0, 1, '2019-01-01 15:48:46', '0000-00-00 00:00:00', 1, 1),
(49882, 1350, 0, 0, 1, '2019-01-01 17:14:34', '0000-00-00 00:00:00', 1, 1),
(49883, 1348, 0, 0, 1, '2019-01-02 15:50:37', '0000-00-00 00:00:00', 1, 1),
(49884, 1370, 0, 0, 1, '2019-01-02 16:32:06', '0000-00-00 00:00:00', 1, 1),
(49885, 1339, 0, 0, 1, '2019-01-02 17:25:22', '0000-00-00 00:00:00', 1, 1),
(49886, 1339, 0, 0, 1, '2019-01-02 18:17:53', '0000-00-00 00:00:00', 1, 1),
(49887, 13100, 0, 0, 1, '2019-01-07 15:45:21', '0000-00-00 00:00:00', 1, 1),
(49888, 1340, 0, 0, 1, '2019-01-31 18:40:27', '0000-00-00 00:00:00', 1, 1),
(49889, 1381, 0, 0, 1, '2019-01-31 18:54:26', '0000-00-00 00:00:00', 1, 1),
(49890, 1381, 0, 0, 1, '2019-01-31 19:27:21', '0000-00-00 00:00:00', 1, 1),
(49891, 1350, 0, 0, 1, '2019-02-14 14:03:13', '0000-00-00 00:00:00', 1, 1),
(49892, 1339, 0, 0, 1, '2019-02-26 18:34:11', '0000-00-00 00:00:00', 1, 1),
(49893, 1339, 0, 0, 1, '2019-03-03 17:29:47', '0000-00-00 00:00:00', 1, 1),
(49894, 1339, 0, 0, 1, '2019-03-14 19:43:56', '0000-00-00 00:00:00', 1, 1),
(49895, 1371, 0, 0, 1, '2019-03-20 13:53:02', '0000-00-00 00:00:00', 1, 1),
(49896, 1350, 0, 0, 1, '2019-03-20 15:17:45', '0000-00-00 00:00:00', 1, 1),
(49897, 1344, 0, 0, 1, '2019-03-20 15:58:13', '0000-00-00 00:00:00', 1, 1),
(49898, 1374, 0, 0, 1, '2019-03-20 19:06:13', '0000-00-00 00:00:00', 1, 1),
(49899, 1351, 0, 0, 1, '2019-03-20 19:25:11', '0000-00-00 00:00:00', 1, 1),
(49900, 1340, 0, 0, 1, '2019-03-24 14:02:46', '0000-00-00 00:00:00', 1, 1),
(49901, 1372, 0, 0, 1, '2019-03-24 14:41:58', '0000-00-00 00:00:00', 1, 1),
(49902, 1379, 0, 0, 1, '2019-03-24 15:32:14', '0000-00-00 00:00:00', 1, 1),
(49903, 1350, 0, 0, 1, '2019-04-02 19:10:55', '0000-00-00 00:00:00', 1, 1),
(49904, 1344, 0, 0, 1, '2019-04-04 18:13:13', '0000-00-00 00:00:00', 1, 1),
(49905, 1339, 0, 0, 1, '2019-04-18 16:39:32', '0000-00-00 00:00:00', 1, 1),
(49906, 1340, 0, 0, 1, '2019-05-14 16:40:44', '0000-00-00 00:00:00', 1, 1),
(49907, 1352, 0, 0, 1, '2019-05-14 16:41:22', '0000-00-00 00:00:00', 1, 1),
(49908, 1370, 1, 0, 1, '2019-11-03 11:38:55', '2019-11-03 11:38:55', 1, 1),
(49909, 1352, 2, 0, 1, '2019-11-08 11:32:08', '2019-11-08 11:32:08', 1, 1),
(49910, 1352, 3, 0, 1, '2019-11-08 11:42:03', '2019-11-08 11:42:03', 1, 1),
(49911, 1383, 4, 0, 1, '2019-11-08 12:01:05', '2019-11-08 12:01:05', 1, 1),
(49912, 1340, 5, 0, 1, '2019-11-08 12:11:10', '2019-11-08 12:11:10', 1, 1),
(49913, 1385, 6, 0, 1, '2019-11-08 12:20:42', '2019-11-08 12:20:42', 1, 1),
(49914, 1338, 7, 0, 1, '2019-11-08 12:28:10', '2019-11-08 12:28:10', 1, 1),
(49915, 1338, 8, 0, 1, '2019-11-08 12:33:11', '2019-11-08 12:33:11', 1, 1),
(49916, 1338, 9, 0, 1, '2019-11-08 12:37:53', '2019-11-08 12:37:53', 1, 1),
(49917, 1338, 10, 0, 1, '2019-11-08 12:41:39', '2019-11-08 12:41:39', 1, 1),
(49918, 1338, 11, 0, 1, '2019-11-08 12:45:55', '2019-11-08 12:45:55', 1, 1),
(49919, 1338, 12, 0, 1, '2019-11-08 12:53:54', '2019-11-08 12:53:54', 1, 1),
(49920, 1338, 13, 0, 1, '2019-11-08 13:07:01', '2019-11-08 13:07:01', 1, 1),
(49921, 1338, 14, 0, 1, '2019-11-08 13:07:11', '2019-11-08 13:07:11', 1, 1),
(49922, 1350, 15, 0, 1, '2019-11-08 13:11:50', '2019-11-08 13:11:50', 1, 1),
(49923, 1350, 16, 0, 1, '2019-11-08 13:16:27', '2019-11-08 13:16:27', 1, 1),
(49924, 1350, 17, 0, 1, '2019-11-08 13:23:05', '2019-11-08 13:23:05', 1, 1),
(49925, 1344, 18, 0, 1, '2019-11-08 13:25:48', '2019-11-08 13:25:48', 1, 1),
(49926, 1344, 19, 0, 1, '2019-11-08 13:30:28', '2019-11-08 13:30:28', 1, 1),
(49927, 1344, 20, 0, 1, '2019-11-08 13:33:31', '2019-11-08 13:33:31', 1, 1),
(49928, 1381, 21, 0, 1, '2019-11-08 13:43:52', '2019-11-08 13:43:52', 1, 1),
(49929, 1381, 22, 0, 1, '2019-11-08 13:51:56', '2019-11-08 13:51:56', 1, 1),
(49931, 1337, 23, 0, 1, '2019-11-11 07:58:32', '2019-11-11 07:58:32', 1, 1),
(49932, 1337, 24, 0, 1, '2019-11-11 08:02:06', '2019-11-11 08:02:06', 1, 1),
(49933, 1337, 25, 0, 1, '2019-11-11 08:05:11', '2019-11-11 08:05:11', 1, 1),
(49934, 1342, 26, 0, 1, '2019-11-11 08:10:02', '2019-11-11 08:10:02', 1, 1),
(49935, 1342, 27, 0, 1, '2019-11-11 08:13:35', '2019-11-11 08:13:35', 1, 1),
(49936, 1342, 28, 0, 1, '2019-11-11 08:17:27', '2019-11-11 08:17:27', 1, 1),
(49937, 1355, 29, 0, 1, '2019-11-11 08:21:22', '2019-11-11 08:21:22', 1, 1),
(49938, 1372, 30, 0, 1, '2019-11-11 08:24:16', '2019-11-11 08:24:16', 1, 1),
(49939, 1372, 31, 0, 1, '2019-11-11 08:29:23', '2019-11-11 08:29:23', 1, 1),
(49940, 1354, 32, 0, 1, '2019-11-11 09:31:30', '2019-11-11 09:31:30', 1, 1),
(49941, 1354, 33, 0, 1, '2019-11-11 09:40:28', '2019-11-11 09:40:28', 1, 1),
(49942, 1354, 34, 0, 1, '2019-11-11 09:43:28', '2019-11-11 09:43:28', 1, 1),
(49943, 1339, 35, 0, 1, '2019-11-11 09:48:47', '2019-11-11 09:48:47', 1, 1),
(49944, 1339, 36, 0, 1, '2019-11-11 09:56:48', '2019-11-11 09:56:48', 1, 1),
(49945, 1339, 37, 0, 1, '2019-11-11 10:00:41', '2019-11-11 10:00:41', 1, 1),
(49946, 1339, 38, 0, 1, '2019-11-11 10:04:53', '2019-11-11 10:04:53', 1, 1),
(49947, 1339, 39, 0, 1, '2019-11-11 10:08:54', '2019-11-11 10:08:54', 1, 1),
(49948, 1339, 40, 0, 1, '2019-11-11 10:12:49', '2019-11-11 10:12:49', 1, 1),
(49949, 1362, 41, 0, 1, '2019-11-11 10:17:36', '2019-11-11 10:17:36', 1, 1),
(49950, 1362, 42, 0, 1, '2019-11-11 10:20:48', '2019-11-11 10:20:48', 1, 1),
(49951, 1363, 43, 0, 1, '2019-11-11 10:28:40', '2019-11-11 10:32:34', 1, 1),
(49952, 1363, 44, 0, 1, '2019-11-11 10:32:47', '2019-11-11 10:32:47', 1, 1),
(49953, 1363, 45, 0, 1, '2019-11-11 10:35:05', '2019-11-11 10:35:05', 1, 1),
(49954, 1346, 46, 0, 1, '2019-11-11 11:43:33', '2019-11-11 11:43:33', 1, 1),
(49955, 13136, 47, 0, 1, '2019-11-11 12:00:46', '2019-11-11 12:00:46', 1, 1),
(49956, 1344, 48, 0, 1, '2020-07-28 13:59:19', '2020-07-28 13:59:19', 1, 1),
(49957, 1337, 49, 0, 0, '2020-11-11 09:24:32', '2020-11-23 11:01:39', 1, 1),
(49958, 1344, 50, 0, 1, '2020-11-11 09:44:04', '2020-11-11 09:44:04', 1, 1),
(49959, 1344, 51, 0, 1, '2020-11-11 09:44:18', '2020-11-11 09:44:18', 1, 1),
(49960, 1337, 52, 0, 1, '2021-02-24 14:51:52', '2021-02-24 14:51:52', 1, 1);

-- --------------------------------------------------------

--
-- Table structure for table `districts_text`
--

CREATE TABLE `districts_text` (
  `DistrictTextID` int(11) NOT NULL,
  `DistrictID` int(11) NOT NULL,
  `Title` varchar(255) NOT NULL,
  `SystemLanguageID` int(11) NOT NULL,
  `CreatedAt` datetime NOT NULL,
  `UpdatedAt` datetime NOT NULL,
  `CreatedBy` int(11) NOT NULL,
  `UpdatedBy` int(11) NOT NULL
) ENGINE=InnoDB DEFAULT CHARSET=utf8;

--
-- Dumping data for table `districts_text`
--

INSERT INTO `districts_text` (`DistrictTextID`, `DistrictID`, `Title`, `SystemLanguageID`, `CreatedAt`, `UpdatedAt`, `CreatedBy`, `UpdatedBy`) VALUES
(1, 1388, 'Abbas Al-Aqad', 1, '2017-12-07 18:21:42', '0000-00-00 00:00:00', 1, 1),
(2, 1389, 'Al-Aqiq', 1, '2017-12-07 18:21:42', '0000-00-00 00:00:00', 1, 1),
(3, 1390, 'Al-Faruq', 1, '2017-12-07 18:21:42', '0000-00-00 00:00:00', 1, 1),
(4, 1391, 'Al-Huwaylat', 1, '2017-12-07 18:21:42', '0000-00-00 00:00:00', 1, 1),
(5, 1392, 'Al-Iskan', 1, '2017-12-07 18:21:42', '0000-00-00 00:00:00', 1, 1),
(6, 1393, 'Al-Nakheel', 1, '2017-12-07 18:21:42', '0000-00-00 00:00:00', 1, 1),
(8, 1395, 'Shadhah AlDayeri', 1, '2017-12-07 18:21:42', '2020-08-17 17:34:00', 1, 1),
(9, 49607, 'Abdullah Fouad', 1, '2017-10-18 18:05:29', '0000-00-00 00:00:00', 1, 1),
(10, 49608, 'Abruq Al-Rughamah', 1, '2017-10-18 18:05:29', '0000-00-00 00:00:00', 1, 1),
(11, 49609, 'Al Ghadeer', 1, '2017-10-18 18:05:29', '0000-00-00 00:00:00', 1, 1),
(12, 49610, 'Al Kawthar', 1, '2017-10-18 18:05:29', '0000-00-00 00:00:00', 1, 1),
(13, 49611, 'Al Khobar Al Janubiyah', 1, '2017-10-18 18:05:29', '0000-00-00 00:00:00', 1, 1),
(14, 49612, 'Al Khobar Al Shamaliyah', 1, '2017-10-18 18:05:29', '0000-00-00 00:00:00', 1, 1),
(15, 49613, 'Al Manakhah', 1, '2017-10-18 18:05:29', '0000-00-00 00:00:00', 1, 1),
(16, 49614, 'Al Manakhah', 1, '2017-10-18 18:05:29', '0000-00-00 00:00:00', 1, 1),
(17, 49615, 'Al Mughrizat', 1, '2017-10-18 18:05:29', '0000-00-00 00:00:00', 1, 1),
(18, 49616, 'Al- Nazlah Ash-Sharqiyah', 1, '2017-10-18 18:05:29', '0000-00-00 00:00:00', 1, 1),
(19, 49617, 'Al Rass', 1, '2017-10-18 18:05:29', '0000-00-00 00:00:00', 1, 1),
(20, 49618, 'Al Sahafa', 1, '2017-10-18 18:05:29', '0000-00-00 00:00:00', 1, 1),
(21, 49619, 'Al Salam', 1, '2017-10-18 18:05:29', '0000-00-00 00:00:00', 1, 1),
(22, 49620, 'Al Shati Al Sharqi', 1, '2017-10-18 18:05:29', '0000-00-00 00:00:00', 1, 1),
(23, 49621, 'Al Ulaya', 1, '2017-10-18 18:05:29', '0000-00-00 00:00:00', 1, 1),
(24, 49622, 'Al Wadi', 1, '2017-10-18 18:05:29', '0000-00-00 00:00:00', 1, 1),
(25, 49623, 'Al Waha', 1, '2017-10-18 18:05:29', '0000-00-00 00:00:00', 1, 1),
(26, 49624, 'Al Yarmouk', 1, '2017-10-18 18:05:29', '0000-00-00 00:00:00', 1, 1),
(27, 49625, 'Al Yasmin', 1, '2017-10-18 18:05:29', '0000-00-00 00:00:00', 1, 1),
(28, 49626, 'Al-Adel', 1, '2017-10-18 18:05:29', '0000-00-00 00:00:00', 1, 1),
(29, 49627, 'Al-Ajaweed', 1, '2017-10-18 18:05:29', '0000-00-00 00:00:00', 1, 1),
(30, 49628, 'Al-Ajwad', 1, '2017-10-18 18:05:29', '0000-00-00 00:00:00', 1, 1),
(31, 49629, 'Al-Amir Fawaz Al-Januby', 1, '2017-10-18 18:05:29', '0000-00-00 00:00:00', 1, 1),
(32, 49630, 'Al-Amir Fawaz Ash-Shamaly', 1, '2017-10-18 18:05:29', '0000-00-00 00:00:00', 1, 1),
(33, 49631, 'Al-Ammariyah', 1, '2017-10-18 18:05:29', '0000-00-00 00:00:00', 1, 1),
(34, 49632, 'Al-Amwaj', 1, '2017-10-18 18:05:29', '0000-00-00 00:00:00', 1, 1),
(35, 49633, 'Al-Andalus', 1, '2017-10-18 18:05:29', '0000-00-00 00:00:00', 1, 1),
(36, 49634, 'Al-Asaala', 1, '2017-10-18 18:05:29', '0000-00-00 00:00:00', 1, 1),
(37, 49635, 'Al-Aziziyah', 1, '2017-10-18 18:05:29', '0000-00-00 00:00:00', 1, 1),
(38, 49636, 'Al-Badiah', 1, '2017-10-18 18:05:29', '0000-00-00 00:00:00', 1, 1),
(39, 49637, 'Al-Baghdadiya Al-Gharbiya', 1, '2017-10-18 18:05:29', '0000-00-00 00:00:00', 1, 1),
(40, 49638, 'Al-Baghdadiya Al-Sharqiya', 1, '2017-10-18 18:05:29', '0000-00-00 00:00:00', 1, 1),
(41, 49639, 'Al-Balad', 1, '2017-10-18 18:05:29', '0000-00-00 00:00:00', 1, 1),
(42, 49640, 'Al-Barkah', 1, '2017-10-18 18:05:29', '0000-00-00 00:00:00', 1, 1),
(43, 49641, 'Al-Basatin', 1, '2017-10-18 18:05:29', '0000-00-00 00:00:00', 1, 1),
(44, 49642, 'Al-Bashaer', 1, '2017-10-18 18:05:29', '0000-00-00 00:00:00', 1, 1),
(45, 49643, 'Al-Bawadi', 1, '2017-10-18 18:05:29', '0000-00-00 00:00:00', 1, 1),
(46, 49644, 'Al-Baylasan', 1, '2017-10-18 18:05:29', '0000-00-00 00:00:00', 1, 1),
(47, 49645, 'Al-Cournich', 1, '2017-10-18 18:05:29', '0000-00-00 00:00:00', 1, 1),
(48, 49646, 'Al-Dahiah', 1, '2017-10-18 18:05:29', '0000-00-00 00:00:00', 1, 1),
(49, 49647, 'Al-Dhahran', 1, '2017-10-18 18:05:29', '0000-00-00 00:00:00', 1, 1),
(50, 49648, 'Al-Ezdihar', 1, '2017-10-18 18:05:29', '0000-00-00 00:00:00', 1, 1),
(51, 49649, 'Al-Fadel', 1, '2017-10-18 18:05:29', '0000-00-00 00:00:00', 1, 1),
(52, 49650, 'Al-Fadeylah', 1, '2017-10-18 18:05:29', '0000-00-00 00:00:00', 1, 1),
(53, 49651, 'Al-Faiha', 1, '2017-10-18 18:05:29', '0000-00-00 00:00:00', 1, 1),
(54, 49652, 'Al-Faisaliyah', 1, '2017-10-18 18:05:29', '0000-00-00 00:00:00', 1, 1),
(55, 49653, 'Al-Falah', 1, '2017-10-18 18:05:29', '0000-00-00 00:00:00', 1, 1),
(56, 49654, 'Al-Farouk', 1, '2017-10-18 18:05:29', '0000-00-00 00:00:00', 1, 1),
(57, 49655, 'Al-Ferdous', 1, '2017-10-18 18:05:29', '0000-00-00 00:00:00', 1, 1),
(58, 49656, 'Al-Frosyah', 1, '2017-10-18 18:05:29', '0000-00-00 00:00:00', 1, 1),
(59, 49657, 'Al-Ghadir', 1, '2017-10-18 18:05:29', '0000-00-00 00:00:00', 1, 1),
(60, 49658, 'Al-Hada', 1, '2017-10-18 18:05:29', '0000-00-00 00:00:00', 1, 1),
(61, 49659, 'Al-Hadra\'a', 1, '2017-10-18 18:05:29', '0000-00-00 00:00:00', 1, 1),
(62, 49660, 'Al-Hamdaniya', 1, '2017-10-18 18:05:29', '0000-00-00 00:00:00', 1, 1),
(63, 49661, 'Al-Hamra', 1, '2017-10-18 18:05:29', '0000-00-00 00:00:00', 1, 1),
(64, 49662, 'Al-Hamraa', 1, '2017-10-18 18:05:29', '0000-00-00 00:00:00', 1, 1),
(65, 49663, 'Al-Haramin', 1, '2017-10-18 18:05:29', '0000-00-00 00:00:00', 1, 1),
(66, 49664, 'Al-Harazat', 1, '2017-10-18 18:05:29', '0000-00-00 00:00:00', 1, 1),
(67, 49665, 'Al-Henaki', 1, '2017-10-18 18:05:29', '0000-00-00 00:00:00', 1, 1),
(68, 49666, 'Al-Hindawiyah', 1, '2017-10-18 18:05:29', '2020-07-09 11:54:33', 1, 1),
(69, 49667, 'Al-Iskan Al-Janubi', 1, '2017-10-18 18:05:29', '0000-00-00 00:00:00', 1, 1),
(70, 49668, 'Al-Jamaa', 1, '2017-10-18 18:05:29', '0000-00-00 00:00:00', 1, 1),
(71, 49669, 'Al-Jawad', 1, '2017-10-18 18:05:29', '0000-00-00 00:00:00', 1, 1),
(72, 49670, 'Al-Jawharah', 1, '2017-10-18 18:05:29', '0000-00-00 00:00:00', 1, 1),
(73, 49671, 'Al-Jazirah', 1, '2017-10-18 18:05:29', '0000-00-00 00:00:00', 1, 1),
(74, 49672, 'Al-Kandarah', 1, '2017-10-18 18:05:29', '0000-00-00 00:00:00', 1, 1),
(75, 49673, 'Al-Karamah', 1, '2017-10-18 18:05:29', '0000-00-00 00:00:00', 1, 1),
(76, 49674, 'Al-Kawthar', 1, '2017-10-18 18:05:29', '0000-00-00 00:00:00', 1, 1),
(77, 49675, 'Al-Khalidiyah', 1, '2017-10-18 18:05:29', '0000-00-00 00:00:00', 1, 1),
(78, 49676, 'Al-Khaskiyah', 1, '2017-10-18 18:05:29', '0000-00-00 00:00:00', 1, 1),
(79, 49677, 'Al-Khomrah', 1, '2017-10-18 18:05:29', '2020-06-25 12:33:30', 1, 1),
(80, 49678, 'Al-Loaloa', 1, '2017-10-18 18:05:29', '0000-00-00 00:00:00', 1, 1),
(81, 49679, 'Al-Madhar Al-Shamali', 1, '2017-10-18 18:05:29', '0000-00-00 00:00:00', 1, 1),
(82, 49680, 'Al-Mahjar', 1, '2017-10-18 18:05:29', '0000-00-00 00:00:00', 1, 1),
(83, 49681, 'Al-Majed', 1, '2017-10-18 18:05:29', '0000-00-00 00:00:00', 1, 1),
(84, 49682, 'Al-Malaz', 1, '2017-10-18 18:05:29', '0000-00-00 00:00:00', 1, 1),
(85, 49683, 'Al-Manar', 1, '2017-10-18 18:05:29', '0000-00-00 00:00:00', 1, 1),
(86, 49684, 'Al-Marwah', 1, '2017-10-18 18:05:29', '0000-00-00 00:00:00', 1, 1),
(87, 49685, 'Al-Masarah', 1, '2017-10-18 18:05:29', '0000-00-00 00:00:00', 1, 1),
(88, 49686, 'Al-Matar Al-Gadeem (old airport)', 1, '2017-10-18 18:05:29', '0000-00-00 00:00:00', 1, 1),
(89, 49687, 'Al-Montazah', 1, '2017-10-18 18:05:29', '0000-00-00 00:00:00', 1, 1),
(90, 49688, 'Al-Mosadiya', 1, '2017-10-18 18:05:29', '0000-00-00 00:00:00', 1, 1),
(91, 49689, 'Al-Moulysaa', 1, '2017-10-18 18:05:30', '0000-00-00 00:00:00', 1, 1),
(92, 49690, 'Al-Muhammadiyah', 1, '2017-10-18 18:05:30', '0000-00-00 00:00:00', 1, 1),
(93, 49691, 'Al-Murjan', 1, '2017-10-18 18:05:30', '0000-00-00 00:00:00', 1, 1),
(94, 49692, 'Al-Murooj', 1, '2017-10-18 18:05:30', '0000-00-00 00:00:00', 1, 1),
(95, 49693, 'Al-Mutanazahat', 1, '2017-10-18 18:05:30', '0000-00-00 00:00:00', 1, 1),
(96, 49694, 'Al-Nada District', 1, '2017-10-18 18:05:30', '0000-00-00 00:00:00', 1, 1),
(97, 49695, 'Al-Nahdah', 1, '2017-10-18 18:05:30', '0000-00-00 00:00:00', 1, 1),
(98, 49696, 'Al-Naim', 1, '2017-10-18 18:05:30', '0000-00-00 00:00:00', 1, 1),
(99, 49697, 'Al-Nakhil', 1, '2017-10-18 18:05:30', '0000-00-00 00:00:00', 1, 1),
(100, 49698, 'Al-Nasim', 1, '2017-10-18 18:05:30', '0000-00-00 00:00:00', 1, 1),
(101, 49699, 'Al-Nazlah Al- Yamaniyah', 1, '2017-10-18 18:05:30', '0000-00-00 00:00:00', 1, 1),
(102, 49700, 'Al-Nuzhah', 1, '2017-10-18 18:05:30', '0000-00-00 00:00:00', 1, 1),
(103, 49701, 'Al-Qouzeen', 1, '2017-10-18 18:05:30', '0000-00-00 00:00:00', 1, 1),
(104, 49702, 'Al-Qryniah', 1, '2017-10-18 18:05:30', '0000-00-00 00:00:00', 1, 1),
(105, 49703, 'Al-Quraiyat', 1, '2017-10-18 18:05:30', '0000-00-00 00:00:00', 1, 1),
(106, 49704, 'Al-Rabi', 1, '2017-10-18 18:05:30', '0000-00-00 00:00:00', 1, 1),
(107, 49705, 'Al-Rabi', 1, '2017-10-18 18:05:30', '0000-00-00 00:00:00', 1, 1),
(108, 49706, 'Al-Rabie', 1, '2017-10-18 18:05:30', '0000-00-00 00:00:00', 1, 1),
(109, 49707, 'Al-Rabwah', 1, '2017-10-18 18:05:30', '0000-00-00 00:00:00', 1, 1),
(110, 49708, 'Al-Rabwah', 1, '2017-10-18 18:05:30', '0000-00-00 00:00:00', 1, 1),
(111, 49709, 'Al-Rahmah', 1, '2017-10-18 18:05:30', '0000-00-00 00:00:00', 1, 1),
(112, 49710, 'Al-Rahmaniyah', 1, '2017-10-18 18:05:30', '0000-00-00 00:00:00', 1, 1),
(113, 49711, 'Al-Rahmanyah', 1, '2017-10-18 18:05:30', '0000-00-00 00:00:00', 1, 1),
(114, 49712, 'Al-Rawabi', 1, '2017-10-18 18:05:30', '0000-00-00 00:00:00', 1, 1),
(115, 49713, 'Al-Rawdah', 1, '2017-10-18 18:05:30', '0000-00-00 00:00:00', 1, 1),
(116, 49714, 'Al-Rawdah', 1, '2017-10-18 18:05:30', '0000-00-00 00:00:00', 1, 1),
(117, 49715, 'Al-Rayaan', 1, '2017-10-18 18:05:30', '0000-00-00 00:00:00', 1, 1),
(118, 49716, 'Al-Rayan', 1, '2017-10-18 18:05:30', '0000-00-00 00:00:00', 1, 1),
(119, 49717, 'Al-Rehaili', 1, '2017-10-18 18:05:30', '0000-00-00 00:00:00', 1, 1),
(120, 49718, 'Al-Rihab', 1, '2017-10-18 18:05:30', '0000-00-00 00:00:00', 1, 1),
(121, 49719, 'Al-Riyadh', 1, '2017-10-18 18:05:30', '0000-00-00 00:00:00', 1, 1),
(122, 49720, 'Al-Ruwais', 1, '2017-10-18 18:05:30', '0000-00-00 00:00:00', 1, 1),
(123, 49721, 'Al-Sabil', 1, '2017-10-18 18:05:30', '0000-00-00 00:00:00', 1, 1),
(124, 49722, 'Al-Safa', 1, '2017-10-18 18:05:30', '0000-00-00 00:00:00', 1, 1),
(125, 49723, 'Al-Saheifa', 1, '2017-10-18 18:05:30', '0000-00-00 00:00:00', 1, 1),
(126, 49724, 'Al-Sahil', 1, '2017-10-18 18:05:30', '0000-00-00 00:00:00', 1, 1),
(127, 49725, 'Al-Salam', 1, '2017-10-18 18:05:30', '0000-00-00 00:00:00', 1, 1),
(128, 49726, 'Al-Salamah', 1, '2017-10-18 18:05:30', '0000-00-00 00:00:00', 1, 1),
(129, 49727, 'Al-Salhiyah', 1, '2017-10-18 18:05:30', '0000-00-00 00:00:00', 1, 1),
(130, 49728, 'Al-Salmyah', 1, '2017-10-18 18:05:30', '0000-00-00 00:00:00', 1, 1),
(131, 49729, 'Al-Samir', 1, '2017-10-18 18:05:30', '0000-00-00 00:00:00', 1, 1),
(132, 49730, 'Al-Sanabel', 1, '2017-10-18 18:05:30', '0000-00-00 00:00:00', 1, 1),
(133, 49731, 'Al-Sarawat', 1, '2017-10-18 18:05:30', '0000-00-00 00:00:00', 1, 1),
(134, 49732, 'Al-Sawaed', 1, '2017-10-18 18:05:30', '0000-00-00 00:00:00', 1, 1),
(135, 49733, 'Al-Sharafiyah', 1, '2017-10-18 18:05:30', '0000-00-00 00:00:00', 1, 1),
(136, 49734, 'Al-Shati', 1, '2017-10-18 18:05:30', '0000-00-00 00:00:00', 1, 1),
(137, 49735, 'Al-Shefaa', 1, '2017-10-18 18:05:30', '0000-00-00 00:00:00', 1, 1),
(138, 49736, 'Al-Sheraa', 1, '2017-10-18 18:05:30', '0000-00-00 00:00:00', 1, 1),
(139, 49737, 'Al-Shifa', 1, '2017-10-18 18:05:30', '0000-00-00 00:00:00', 1, 1),
(140, 49738, 'Al-Shrouk', 1, '2017-10-18 18:05:30', '0000-00-00 00:00:00', 1, 1),
(141, 49739, 'Al-Sororyah', 1, '2017-10-18 18:05:30', '0000-00-00 00:00:00', 1, 1),
(142, 49740, 'Al-Sulai', 1, '2017-10-18 18:05:30', '0000-00-00 00:00:00', 1, 1),
(143, 49741, 'Al-Sulimaniyah', 1, '2017-10-18 18:05:30', '0000-00-00 00:00:00', 1, 1),
(144, 49742, 'Al-Sulimaniyah', 1, '2017-10-18 18:05:30', '0000-00-00 00:00:00', 1, 1),
(145, 49743, 'Al-Swaryee', 1, '2017-10-18 18:05:30', '0000-00-00 00:00:00', 1, 1),
(146, 49744, 'Al-Taawon', 1, '2017-10-18 18:05:30', '0000-00-00 00:00:00', 1, 1),
(147, 49745, 'Al-Tadamon', 1, '2017-10-18 18:05:30', '0000-00-00 00:00:00', 1, 1),
(148, 49746, 'Al-Tawfiq', 1, '2017-10-18 18:05:30', '0000-00-00 00:00:00', 1, 1),
(149, 49747, 'Al-Thaalibah', 1, '2017-10-18 18:05:30', '0000-00-00 00:00:00', 1, 1),
(150, 49748, 'Al-Thaghr', 1, '2017-10-18 18:05:30', '0000-00-00 00:00:00', 1, 1),
(151, 49749, 'Al-Thuryah', 1, '2017-10-18 18:05:30', '0000-00-00 00:00:00', 1, 1),
(152, 49750, 'Al-Ulaya', 1, '2017-10-18 18:05:30', '0000-00-00 00:00:00', 1, 1),
(153, 49751, 'Al-Ulaya', 1, '2017-10-18 18:05:30', '0000-00-00 00:00:00', 1, 1),
(154, 49752, 'Al-Ulayia', 1, '2017-10-18 18:05:30', '0000-00-00 00:00:00', 1, 1),
(155, 49753, 'Al-Wadi', 1, '2017-10-18 18:05:30', '0000-00-00 00:00:00', 1, 1),
(156, 49754, 'Al-Wahah', 1, '2017-10-18 18:05:30', '0000-00-00 00:00:00', 1, 1),
(157, 49755, 'Al-Waziriyah', 1, '2017-10-18 18:05:30', '0000-00-00 00:00:00', 1, 1),
(158, 49756, 'Al-Wurud', 1, '2017-10-18 18:05:30', '0000-00-00 00:00:00', 1, 1),
(159, 49757, 'Al-Wurud', 1, '2017-10-18 18:05:30', '0000-00-00 00:00:00', 1, 1),
(160, 49758, 'Al-Yaqoot', 1, '2017-10-18 18:05:30', '0000-00-00 00:00:00', 1, 1),
(161, 49759, 'Al-Zahra', 1, '2017-10-18 18:05:30', '0000-00-00 00:00:00', 1, 1),
(162, 49760, 'Al-Zomorod', 1, '2017-10-18 18:05:30', '0000-00-00 00:00:00', 1, 1),
(163, 49761, 'Ar Ranuna District', 1, '2017-10-18 18:05:30', '0000-00-00 00:00:00', 1, 1),
(164, 49762, 'Badaah', 1, '2017-10-18 18:05:30', '0000-00-00 00:00:00', 1, 1),
(165, 49763, 'Bahrah', 1, '2017-10-18 18:05:30', '0000-00-00 00:00:00', 1, 1),
(166, 49764, 'Bani Khidrah', 1, '2017-10-18 18:05:30', '0000-00-00 00:00:00', 1, 1),
(167, 49765, 'Bani Malik', 1, '2017-10-18 18:05:30', '0000-00-00 00:00:00', 1, 1),
(168, 49766, 'Batterjee Medical Collage', 1, '2017-10-18 18:05:30', '0000-00-00 00:00:00', 1, 1),
(169, 49767, 'Bryman', 1, '2017-10-18 18:05:30', '0000-00-00 00:00:00', 1, 1),
(170, 49768, 'Doha Al Janubiyah', 1, '2017-10-18 18:05:30', '0000-00-00 00:00:00', 1, 1),
(171, 49769, 'Durt Al-Arous', 1, '2017-10-18 18:05:30', '0000-00-00 00:00:00', 1, 1),
(172, 49770, 'East Al-Khat As-Sarei', 1, '2017-10-18 18:05:30', '0000-00-00 00:00:00', 1, 1),
(173, 49771, 'Egypt', 1, '2017-10-18 18:05:30', '0000-00-00 00:00:00', 1, 1),
(174, 49772, 'Emirates', 1, '2017-10-18 18:05:30', '0000-00-00 00:00:00', 1, 1),
(175, 49773, 'Exit 5', 1, '2017-10-18 18:05:30', '0000-00-00 00:00:00', 1, 1),
(176, 49774, 'Ghirnatah', 1, '2017-10-18 18:05:30', '0000-00-00 00:00:00', 1, 1),
(177, 49775, 'Ghulail', 1, '2017-10-18 18:05:30', '0000-00-00 00:00:00', 1, 1),
(178, 49776, 'Industrial Area', 1, '2017-10-18 18:05:30', '0000-00-00 00:00:00', 1, 1),
(179, 49777, 'Industrial Shakwn Road', 1, '2017-10-18 18:05:30', '0000-00-00 00:00:00', 1, 1),
(180, 49778, 'Ishbiliyah', 1, '2017-10-18 18:05:30', '0000-00-00 00:00:00', 1, 1),
(181, 49779, 'Jeddah Islamic Seaport', 1, '2017-10-18 18:05:30', '0000-00-00 00:00:00', 1, 1),
(182, 49780, 'Kilo 10', 1, '2017-10-18 18:05:30', '0000-00-00 00:00:00', 1, 1),
(183, 49781, 'Kilo 11', 1, '2017-10-18 18:05:30', '0000-00-00 00:00:00', 1, 1),
(184, 49782, 'Kilo 13', 1, '2017-10-18 18:05:30', '0000-00-00 00:00:00', 1, 1),
(185, 49783, 'Kilo 14', 1, '2017-10-18 18:05:30', '0000-00-00 00:00:00', 1, 1),
(186, 49784, 'Kilo 2', 1, '2017-10-18 18:05:30', '0000-00-00 00:00:00', 1, 1),
(187, 49785, 'Kilo 3', 1, '2017-10-18 18:05:30', '0000-00-00 00:00:00', 1, 1),
(188, 49786, 'Kilo 5', 1, '2017-10-18 18:05:30', '0000-00-00 00:00:00', 1, 1),
(189, 49787, 'Kilo 7', 1, '2017-10-18 18:05:30', '0000-00-00 00:00:00', 1, 1),
(190, 49788, 'Kilo 8', 1, '2017-10-18 18:05:30', '0000-00-00 00:00:00', 1, 1),
(191, 49789, 'King Abdulaziz International Airport', 1, '2017-10-18 18:05:30', '0000-00-00 00:00:00', 1, 1),
(192, 49790, 'King Abdulaziz Medical City', 1, '2017-10-18 18:05:30', '0000-00-00 00:00:00', 1, 1),
(193, 49791, 'King Abdulaziz University', 1, '2017-10-18 18:05:30', '0000-00-00 00:00:00', 1, 1),
(194, 49792, 'King Abdulla University', 1, '2017-10-18 18:05:30', '0000-00-00 00:00:00', 1, 1),
(195, 49793, 'King Fahd', 1, '2017-10-18 18:05:30', '0000-00-00 00:00:00', 1, 1),
(196, 49794, 'King Faisal Naval Base', 1, '2017-10-18 18:05:30', '0000-00-00 00:00:00', 1, 1),
(197, 49795, 'Madain Al-Fahd', 1, '2017-10-18 18:05:30', '0000-00-00 00:00:00', 1, 1),
(198, 49796, 'Mishrifah', 1, '2017-10-18 18:05:30', '0000-00-00 00:00:00', 1, 1),
(199, 49797, 'Mraykh', 1, '2017-10-18 18:05:30', '0000-00-00 00:00:00', 1, 1),
(200, 49798, 'National Guard', 1, '2017-10-18 18:05:30', '0000-00-00 00:00:00', 1, 1),
(201, 49799, 'Obhour Al-Janubiyah', 1, '2017-10-18 18:05:30', '0000-00-00 00:00:00', 1, 1),
(202, 49800, 'Obhour Al-Shamaliyah', 1, '2017-10-18 18:05:30', '0000-00-00 00:00:00', 1, 1),
(203, 49801, 'Petromin', 1, '2017-10-18 18:05:30', '0000-00-00 00:00:00', 1, 1),
(204, 49802, 'Prince Abdel Majeed', 1, '2017-10-18 18:05:30', '0000-00-00 00:00:00', 1, 1),
(205, 49803, 'Qurtuba', 1, '2017-10-18 18:05:30', '0000-00-00 00:00:00', 1, 1),
(206, 49804, 'Second Industrial City', 1, '2017-10-18 18:05:30', '0000-00-00 00:00:00', 1, 1),
(207, 49805, 'Taibah', 1, '2017-10-18 18:05:30', '0000-00-00 00:00:00', 1, 1),
(208, 49806, 'Um Alsalam', 1, '2017-10-18 18:05:30', '0000-00-00 00:00:00', 1, 1),
(209, 49807, 'Um Hableen', 1, '2017-10-18 18:05:30', '0000-00-00 00:00:00', 1, 1),
(210, 49808, 'Um Hableen', 1, '2017-10-18 18:05:30', '0000-00-00 00:00:00', 1, 1),
(211, 49809, 'Bir Uthman', 1, '2017-12-08 20:16:04', '0000-00-00 00:00:00', 1, 1),
(212, 49810, 'Al Ihn', 1, '2017-12-08 20:36:42', '0000-00-00 00:00:00', 1, 1),
(213, 49811, 'Al Mughaisilah', 1, '2017-12-08 21:02:00', '0000-00-00 00:00:00', 1, 1),
(214, 49812, 'Al-Olaya', 1, '2017-12-21 12:30:17', '0000-00-00 00:00:00', 1, 1),
(215, 49813, 'Madinat Al-Ummal', 1, '2017-12-21 12:50:37', '0000-00-00 00:00:00', 1, 1),
(216, 49814, 'test', 1, '2017-12-23 13:06:54', '0000-00-00 00:00:00', 1, 1),
(217, 49815, 'Al-Qiblatain', 1, '2017-12-31 14:54:36', '0000-00-00 00:00:00', 1, 1),
(218, 49816, 'Al-Mohammadiyah', 1, '2017-12-31 14:57:19', '0000-00-00 00:00:00', 1, 1),
(219, 49817, 'Al-Malqa', 1, '2017-12-31 14:57:37', '0000-00-00 00:00:00', 1, 1),
(220, 49818, 'AlMohammadiya', 1, '2017-12-31 15:50:39', '0000-00-00 00:00:00', 1, 1),
(221, 49819, 'AlKhaldiyah', 1, '2017-12-31 15:51:00', '0000-00-00 00:00:00', 1, 1),
(222, 49820, 'Alhajla', 1, '2017-12-31 19:19:05', '0000-00-00 00:00:00', 1, 1),
(223, 49821, 'Corniche Alkhobar', 1, '2018-01-05 22:00:35', '0000-00-00 00:00:00', 1, 1),
(224, 49822, 'Corniche Alshamali', 1, '2018-01-05 22:25:40', '0000-00-00 00:00:00', 1, 1),
(225, 49823, 'Almontazah', 1, '2018-01-05 23:02:18', '0000-00-00 00:00:00', 1, 1),
(226, 49824, 'Alomairiyah', 1, '2018-01-05 23:33:00', '0000-00-00 00:00:00', 1, 1),
(227, 49825, 'Alkhozama', 1, '2018-01-05 23:55:03', '0000-00-00 00:00:00', 1, 1),
(228, 49826, 'Alyahya', 1, '2018-01-06 00:01:34', '0000-00-00 00:00:00', 1, 1),
(229, 49827, 'Almasiaf', 1, '2018-01-06 00:19:00', '0000-00-00 00:00:00', 1, 1),
(230, 49828, 'Sedair', 1, '2018-01-06 00:29:49', '0000-00-00 00:00:00', 1, 1),
(231, 49829, 'Alnoqra', 1, '2018-01-06 00:36:28', '0000-00-00 00:00:00', 1, 1),
(232, 49830, 'Al Worood', 1, '2018-01-06 21:52:27', '0000-00-00 00:00:00', 1, 1),
(233, 49831, 'Aljabriya', 1, '2018-01-06 22:10:34', '0000-00-00 00:00:00', 1, 1),
(234, 49832, 'AlShati AlGharbi', 1, '2018-01-07 12:55:05', '0000-00-00 00:00:00', 1, 1),
(235, 49833, 'Al Dirah', 1, '2018-01-07 18:32:05', '0000-00-00 00:00:00', 1, 1),
(236, 49834, 'Dhahrat Laban', 1, '2018-01-09 01:48:48', '0000-00-00 00:00:00', 1, 1),
(237, 49835, 'As Salam', 1, '2018-01-09 01:50:58', '0000-00-00 00:00:00', 1, 1),
(238, 49836, 'Al Samad', 1, '2018-01-09 02:34:51', '0000-00-00 00:00:00', 1, 1),
(239, 49837, 'Al Hizam Al Thahabi', 1, '2018-01-09 02:48:35', '0000-00-00 00:00:00', 1, 1),
(240, 49838, 'Al Anud', 1, '2018-01-09 03:03:58', '0000-00-00 00:00:00', 1, 1),
(241, 49839, 'Al-Shawqiah,', 1, '2018-01-19 22:05:33', '0000-00-00 00:00:00', 1, 1),
(242, 49840, 'Al-Rusaifah', 1, '2018-01-19 22:06:27', '0000-00-00 00:00:00', 1, 1),
(243, 49841, 'Al Awali', 1, '2018-02-08 15:45:02', '0000-00-00 00:00:00', 1, 1),
(244, 49842, 'Al Naziyah', 1, '2018-02-08 15:46:59', '0000-00-00 00:00:00', 1, 1),
(245, 49843, 'Al Wasita', 1, '2018-02-12 17:06:27', '0000-00-00 00:00:00', 1, 1),
(246, 49844, 'Al-Shabeka', 1, '2018-02-28 14:07:31', '0000-00-00 00:00:00', 1, 1),
(247, 49845, 'Yunbu Al Bahar', 1, '2018-02-28 14:11:09', '0000-00-00 00:00:00', 1, 1),
(248, 49846, 'Al-Shohada', 1, '2018-03-05 15:52:06', '0000-00-00 00:00:00', 1, 1),
(249, 49847, 'Al-Aziziya', 1, '2018-03-05 16:04:19', '0000-00-00 00:00:00', 1, 1),
(250, 49848, 'Shihar', 1, '2018-03-05 16:10:04', '0000-00-00 00:00:00', 1, 1),
(251, 49849, 'Al Hawia', 1, '2018-03-05 16:24:41', '0000-00-00 00:00:00', 1, 1),
(252, 49850, 'Corniche El Nile', 1, '2018-03-27 14:08:28', '0000-00-00 00:00:00', 1, 1),
(253, 49851, 'Al Taqwa', 1, '2018-04-26 16:23:36', '0000-00-00 00:00:00', 1, 1),
(254, 49852, 'Al Sharqiyah', 1, '2018-04-26 16:35:32', '0000-00-00 00:00:00', 1, 1),
(255, 49853, 'Al-Faihaa', 1, '2018-07-02 18:37:43', '0000-00-00 00:00:00', 1, 1),
(256, 49854, 'Al Aridh', 1, '2018-07-09 14:51:53', '0000-00-00 00:00:00', 1, 1),
(257, 49855, 'Al-Rayyan', 1, '2018-07-09 18:22:30', '0000-00-00 00:00:00', 1, 1),
(258, 49856, 'Al-Washaha', 1, '2018-07-11 18:39:42', '0000-00-00 00:00:00', 1, 1),
(259, 49857, 'Al Manar', 1, '2018-07-11 18:58:22', '0000-00-00 00:00:00', 1, 1),
(260, 49858, 'AlNuzhah', 1, '2018-07-19 15:46:03', '0000-00-00 00:00:00', 1, 1),
(261, 49859, 'Al Mathar Alshamali', 1, '2018-07-19 16:02:17', '0000-00-00 00:00:00', 1, 1),
(262, 49860, 'Hittin', 1, '2018-07-19 16:24:18', '0000-00-00 00:00:00', 1, 1),
(263, 49861, 'AlRabwah', 1, '2018-07-23 16:59:55', '0000-00-00 00:00:00', 1, 1),
(264, 49862, 'King Abdulaziz Road', 1, '2018-07-23 17:04:45', '0000-00-00 00:00:00', 1, 1),
(265, 49863, 'King Faisal Road', 1, '2018-07-23 17:07:39', '0000-00-00 00:00:00', 1, 1),
(266, 49864, 'Alnamas', 1, '2018-07-23 17:15:01', '0000-00-00 00:00:00', 1, 1),
(267, 49865, 'Al-Shuhada', 1, '2018-07-25 15:55:29', '0000-00-00 00:00:00', 1, 1),
(268, 49866, 'Al-Badi', 1, '2018-07-25 16:51:23', '0000-00-00 00:00:00', 1, 1),
(269, 49867, 'Um Al Hamam Al Sharqi', 1, '2018-08-28 13:44:22', '0000-00-00 00:00:00', 1, 1),
(270, 49868, 'Adama', 1, '2018-08-28 14:00:32', '0000-00-00 00:00:00', 1, 1),
(271, 49869, 'Al-Jubail Al Balad', 1, '2018-08-28 14:09:11', '0000-00-00 00:00:00', 1, 1),
(272, 49870, 'Um Sarar', 1, '2018-08-28 14:15:41', '0000-00-00 00:00:00', 1, 1),
(273, 49871, 'Al Andalus', 1, '2018-08-28 16:34:12', '0000-00-00 00:00:00', 1, 1),
(274, 49872, 'Al Hamra', 1, '2018-09-11 17:10:44', '0000-00-00 00:00:00', 1, 1),
(275, 49873, 'Al-Tahlia', 1, '2018-09-13 13:41:16', '0000-00-00 00:00:00', 1, 1),
(276, 49874, 'Al Sharae', 1, '2018-10-18 19:01:54', '0000-00-00 00:00:00', 1, 1),
(277, 49875, 'Al Zahir', 1, '2018-10-18 19:02:20', '0000-00-00 00:00:00', 1, 1),
(278, 49876, 'Al Noriya', 1, '2018-10-18 19:02:45', '0000-00-00 00:00:00', 1, 1),
(279, 49877, 'Al Matar', 1, '2018-10-30 14:39:55', '0000-00-00 00:00:00', 1, 1),
(280, 49878, 'Al Rabwa', 1, '2018-10-30 14:50:24', '0000-00-00 00:00:00', 1, 1),
(281, 49879, 'Dhahban', 1, '2018-10-31 17:14:41', '0000-00-00 00:00:00', 1, 1),
(282, 49880, 'Al Khaldiyah', 1, '2019-01-01 15:22:25', '0000-00-00 00:00:00', 1, 1),
(283, 49881, 'AlKhalidiyah', 1, '2019-01-01 15:48:46', '0000-00-00 00:00:00', 1, 1),
(284, 49882, 'AlHada', 1, '2019-01-01 17:14:34', '0000-00-00 00:00:00', 1, 1),
(285, 49883, 'AlOlaya', 1, '2019-01-02 15:50:37', '0000-00-00 00:00:00', 1, 1),
(286, 49884, 'Scheme 5', 1, '2019-01-02 16:32:06', '0000-00-00 00:00:00', 1, 1),
(287, 49885, 'Ajyad', 1, '2019-01-02 17:25:22', '0000-00-00 00:00:00', 1, 1),
(288, 49886, 'Al Rawabi', 1, '2019-01-02 18:17:53', '0000-00-00 00:00:00', 1, 1),
(289, 49887, 'Block 257', 1, '2019-01-07 15:45:21', '0000-00-00 00:00:00', 1, 1),
(290, 49888, 'Al Badi', 1, '2019-01-31 18:40:27', '0000-00-00 00:00:00', 1, 1),
(291, 49889, 'Al Subaieya', 1, '2019-01-31 18:54:26', '0000-00-00 00:00:00', 1, 1),
(292, 49890, 'Al Bishr', 1, '2019-01-31 19:27:21', '0000-00-00 00:00:00', 1, 1),
(293, 49891, 'Maashi', 1, '2019-02-14 14:03:13', '0000-00-00 00:00:00', 1, 1),
(294, 49892, 'Al Jam\'ah', 1, '2019-02-26 18:34:11', '0000-00-00 00:00:00', 1, 1),
(295, 49893, 'Al Hejra', 1, '2019-03-03 17:29:47', '0000-00-00 00:00:00', 1, 1),
(296, 49894, 'Al Hajlah', 1, '2019-03-14 19:43:56', '0000-00-00 00:00:00', 1, 1),
(297, 49895, 'Al Zarqa', 1, '2019-03-20 13:53:02', '0000-00-00 00:00:00', 1, 1),
(298, 49896, 'Al Faisaliyah', 1, '2019-03-20 15:17:45', '0000-00-00 00:00:00', 1, 1),
(299, 49897, 'Al-Matar', 1, '2019-03-20 15:58:13', '0000-00-00 00:00:00', 1, 1),
(300, 49898, 'Mahayil Aseer', 1, '2019-03-20 19:06:13', '0000-00-00 00:00:00', 1, 1),
(301, 49899, 'Al-Khaldiyah', 1, '2019-03-20 19:25:11', '0000-00-00 00:00:00', 1, 1),
(302, 49900, 'Al Mazruiyah', 1, '2019-03-24 14:02:46', '0000-00-00 00:00:00', 1, 1),
(303, 49901, 'Atod', 1, '2019-03-24 14:41:58', '0000-00-00 00:00:00', 1, 1),
(304, 49902, 'Al Fahad', 1, '2019-03-24 15:32:14', '0000-00-00 00:00:00', 1, 1),
(305, 49903, 'Al Qutbiya', 1, '2019-04-02 19:10:55', '0000-00-00 00:00:00', 1, 1),
(306, 49904, 'Quba', 1, '2019-04-04 18:13:13', '0000-00-00 00:00:00', 1, 1),
(307, 49905, 'Al Khalidiyah', 1, '2019-04-18 16:39:32', '0000-00-00 00:00:00', 1, 1),
(308, 49906, 'Al Aziziah', 1, '2019-05-14 16:40:44', '0000-00-00 00:00:00', 1, 1),
(309, 49907, 'Al Mawdhfen', 1, '2019-05-14 16:41:22', '0000-00-00 00:00:00', 1, 1),
(310, 1388, 'عباس العقاد', 2, '2017-12-07 18:21:42', '0000-00-00 00:00:00', 1, 1),
(311, 1389, 'العقيق', 2, '2017-12-07 18:21:42', '0000-00-00 00:00:00', 1, 1),
(312, 1390, 'الفاروق', 2, '2017-12-07 18:21:42', '0000-00-00 00:00:00', 1, 1),
(313, 1391, 'الحواليات', 2, '2017-12-07 18:21:42', '0000-00-00 00:00:00', 1, 1),
(314, 1392, 'الإسكان', 2, '2017-12-07 18:21:42', '0000-00-00 00:00:00', 1, 1),
(315, 1393, 'النخيل', 2, '2017-12-07 18:21:42', '0000-00-00 00:00:00', 1, 1),
(317, 1395, 'شظاة الدائري', 2, '2017-12-07 18:21:42', '0000-00-00 00:00:00', 1, 1),
(318, 49607, 'عبدالله فؤاد', 2, '2017-10-18 18:05:29', '0000-00-00 00:00:00', 1, 1),
(319, 49608, 'أبرق الرغامة', 2, '2017-10-18 18:05:29', '0000-00-00 00:00:00', 1, 1),
(320, 49609, 'الغدير\r\n', 2, '2017-10-18 18:05:29', '0000-00-00 00:00:00', 1, 1),
(321, 49610, 'الكوثر\r\n', 2, '2017-10-18 18:05:29', '0000-00-00 00:00:00', 1, 1),
(322, 49611, 'الخبر الجنوبية\r\n', 2, '2017-10-18 18:05:29', '0000-00-00 00:00:00', 1, 1),
(323, 49612, 'الخبر الشمالية\r\n', 2, '2017-10-18 18:05:29', '0000-00-00 00:00:00', 1, 1),
(324, 49613, 'المناخة\r\n', 2, '2017-10-18 18:05:29', '0000-00-00 00:00:00', 1, 1),
(325, 49614, 'المناخة\r\n', 2, '2017-10-18 18:05:29', '0000-00-00 00:00:00', 1, 1),
(326, 49615, 'المغرزات\r\n', 2, '2017-10-18 18:05:29', '0000-00-00 00:00:00', 1, 1),
(327, 49616, 'النزلة الشرقية\r\n', 2, '2017-10-18 18:05:29', '0000-00-00 00:00:00', 1, 1),
(328, 49617, 'الرس\r\n', 2, '2017-10-18 18:05:29', '0000-00-00 00:00:00', 1, 1),
(329, 49618, 'الصحافة\r\n', 2, '2017-10-18 18:05:29', '0000-00-00 00:00:00', 1, 1),
(330, 49619, 'السلام\r\n', 2, '2017-10-18 18:05:29', '0000-00-00 00:00:00', 1, 1),
(331, 49620, 'الشاطئ الشرقي\r\n', 2, '2017-10-18 18:05:29', '0000-00-00 00:00:00', 1, 1),
(332, 49621, 'العليا\r\n', 2, '2017-10-18 18:05:29', '0000-00-00 00:00:00', 1, 1),
(333, 49622, 'الوادي\r\n', 2, '2017-10-18 18:05:29', '0000-00-00 00:00:00', 1, 1),
(334, 49623, 'الواحة\r\n', 2, '2017-10-18 18:05:29', '0000-00-00 00:00:00', 1, 1),
(335, 49624, 'اليرموك\r\n', 2, '2017-10-18 18:05:29', '0000-00-00 00:00:00', 1, 1),
(336, 49625, 'الياسمين\r\n', 2, '2017-10-18 18:05:29', '0000-00-00 00:00:00', 1, 1),
(337, 49626, 'العدل\r\n', 2, '2017-10-18 18:05:29', '0000-00-00 00:00:00', 1, 1),
(338, 49627, 'الأجاويد\r\n', 2, '2017-10-18 18:05:29', '0000-00-00 00:00:00', 1, 1),
(339, 49628, 'الأجواد\r\n', 2, '2017-10-18 18:05:29', '0000-00-00 00:00:00', 1, 1),
(340, 49629, 'الأمير فواز الجنوبي\r\n', 2, '2017-10-18 18:05:29', '0000-00-00 00:00:00', 1, 1),
(341, 49630, 'الأمير فواز الشمالي\r\n', 2, '2017-10-18 18:05:29', '0000-00-00 00:00:00', 1, 1),
(342, 49631, 'العمارية\r\n', 2, '2017-10-18 18:05:29', '0000-00-00 00:00:00', 1, 1),
(343, 49632, 'الأمواج\r\n', 2, '2017-10-18 18:05:29', '0000-00-00 00:00:00', 1, 1),
(344, 49633, 'الأندلس\r\n', 2, '2017-10-18 18:05:29', '0000-00-00 00:00:00', 1, 1),
(345, 49634, 'الأصالة\r\n', 2, '2017-10-18 18:05:29', '0000-00-00 00:00:00', 1, 1),
(346, 49635, 'العزيزية\r\n', 2, '2017-10-18 18:05:29', '0000-00-00 00:00:00', 1, 1),
(347, 49636, 'البديعة\r\n', 2, '2017-10-18 18:05:29', '0000-00-00 00:00:00', 1, 1),
(348, 49637, 'البغدادية الغربية\r\n', 2, '2017-10-18 18:05:29', '0000-00-00 00:00:00', 1, 1),
(349, 49638, 'البغدادية الشرقية\r\n', 2, '2017-10-18 18:05:29', '0000-00-00 00:00:00', 1, 1),
(350, 49639, 'البلد\r\n', 2, '2017-10-18 18:05:29', '0000-00-00 00:00:00', 1, 1),
(351, 49640, 'البركة\r\n', 2, '2017-10-18 18:05:29', '0000-00-00 00:00:00', 1, 1),
(352, 49641, 'البساتين\r\n', 2, '2017-10-18 18:05:29', '0000-00-00 00:00:00', 1, 1),
(353, 49642, 'البشائر\r\n', 2, '2017-10-18 18:05:29', '0000-00-00 00:00:00', 1, 1),
(354, 49643, 'البوادي\r\n', 2, '2017-10-18 18:05:29', '0000-00-00 00:00:00', 1, 1),
(355, 49644, 'البيلسان\r\n', 2, '2017-10-18 18:05:29', '0000-00-00 00:00:00', 1, 1),
(356, 49645, 'الكورنيش\r\n', 2, '2017-10-18 18:05:29', '0000-00-00 00:00:00', 1, 1),
(357, 49646, 'الضاحية\r\n', 2, '2017-10-18 18:05:29', '0000-00-00 00:00:00', 1, 1),
(358, 49647, 'الظهران\r\n', 2, '2017-10-18 18:05:29', '0000-00-00 00:00:00', 1, 1),
(359, 49648, 'الإزدهار\r\n', 2, '2017-10-18 18:05:29', '0000-00-00 00:00:00', 1, 1),
(360, 49649, 'الفضل\r\n', 2, '2017-10-18 18:05:29', '0000-00-00 00:00:00', 1, 1),
(361, 49650, 'الفضيلة\r\n', 2, '2017-10-18 18:05:29', '0000-00-00 00:00:00', 1, 1),
(362, 49651, 'الفيحاء\r\n', 2, '2017-10-18 18:05:29', '0000-00-00 00:00:00', 1, 1),
(363, 49652, 'الفيصلية\r\n', 2, '2017-10-18 18:05:29', '0000-00-00 00:00:00', 1, 1),
(364, 49653, 'الفلاح\r\n', 2, '2017-10-18 18:05:29', '0000-00-00 00:00:00', 1, 1),
(365, 49654, 'الفاروق\r\n', 2, '2017-10-18 18:05:29', '0000-00-00 00:00:00', 1, 1),
(366, 49655, 'الفردوس\r\n', 2, '2017-10-18 18:05:29', '0000-00-00 00:00:00', 1, 1),
(367, 49656, 'الفروسية\r\n', 2, '2017-10-18 18:05:29', '0000-00-00 00:00:00', 1, 1),
(368, 49657, 'الغدير\r\n', 2, '2017-10-18 18:05:29', '0000-00-00 00:00:00', 1, 1),
(369, 49658, 'الهدى\r\n', 2, '2017-10-18 18:05:29', '0000-00-00 00:00:00', 1, 1),
(370, 49659, 'الهدراء\r\n', 2, '2017-10-18 18:05:29', '0000-00-00 00:00:00', 1, 1),
(371, 49660, 'الحمدانية\r\n', 2, '2017-10-18 18:05:29', '0000-00-00 00:00:00', 1, 1),
(372, 49661, 'الحمراء\r\n', 2, '2017-10-18 18:05:29', '0000-00-00 00:00:00', 1, 1),
(373, 49662, 'الحمراء\r\n', 2, '2017-10-18 18:05:29', '0000-00-00 00:00:00', 1, 1),
(374, 49663, 'الحرمين\r\n', 2, '2017-10-18 18:05:29', '0000-00-00 00:00:00', 1, 1),
(375, 49664, 'الحرزات\r\n', 2, '2017-10-18 18:05:29', '0000-00-00 00:00:00', 1, 1),
(376, 49665, 'الحناكي\r\n', 2, '2017-10-18 18:05:29', '0000-00-00 00:00:00', 1, 1),
(377, 49666, 'الهنداوية\r\n', 2, '2017-10-18 18:05:29', '0000-00-00 00:00:00', 1, 1),
(378, 49667, 'الإسكان الجنوبي\r\n', 2, '2017-10-18 18:05:29', '0000-00-00 00:00:00', 1, 1),
(379, 49668, 'الجامعة\r\n', 2, '2017-10-18 18:05:29', '0000-00-00 00:00:00', 1, 1),
(380, 49669, 'الجواد\r\n', 2, '2017-10-18 18:05:29', '0000-00-00 00:00:00', 1, 1),
(381, 49670, 'الجوهرة\r\n', 2, '2017-10-18 18:05:29', '0000-00-00 00:00:00', 1, 1),
(382, 49671, 'الجزيرة\r\n', 2, '2017-10-18 18:05:29', '0000-00-00 00:00:00', 1, 1),
(383, 49672, 'الكندرة\r\n', 2, '2017-10-18 18:05:29', '0000-00-00 00:00:00', 1, 1),
(384, 49673, 'الكرامة\r\n', 2, '2017-10-18 18:05:29', '0000-00-00 00:00:00', 1, 1),
(385, 49674, 'الكوثر\r\n', 2, '2017-10-18 18:05:29', '0000-00-00 00:00:00', 1, 1),
(386, 49675, 'الخالدية\r\n', 2, '2017-10-18 18:05:29', '0000-00-00 00:00:00', 1, 1),
(387, 49676, 'الخاسكية\r\n', 2, '2017-10-18 18:05:29', '0000-00-00 00:00:00', 1, 1),
(388, 49677, 'الخمرة\r\n', 2, '2017-10-18 18:05:29', '0000-00-00 00:00:00', 1, 1),
(389, 49678, 'اللؤلؤ\r\n', 2, '2017-10-18 18:05:29', '0000-00-00 00:00:00', 1, 1),
(390, 49679, 'المعذر الشمالي\r\n', 2, '2017-10-18 18:05:29', '0000-00-00 00:00:00', 1, 1),
(391, 49680, 'المحجر\r\n', 2, '2017-10-18 18:05:29', '0000-00-00 00:00:00', 1, 1),
(392, 49681, 'الماجد\r\n', 2, '2017-10-18 18:05:29', '0000-00-00 00:00:00', 1, 1),
(393, 49682, 'الملز\r\n', 2, '2017-10-18 18:05:29', '0000-00-00 00:00:00', 1, 1),
(394, 49683, 'المنار\r\n', 2, '2017-10-18 18:05:29', '0000-00-00 00:00:00', 1, 1),
(395, 49684, 'المروة\r\n', 2, '2017-10-18 18:05:29', '0000-00-00 00:00:00', 1, 1),
(396, 49685, 'المسرة\r\n', 2, '2017-10-18 18:05:29', '0000-00-00 00:00:00', 1, 1),
(397, 49686, 'المطار القديم\r\n', 2, '2017-10-18 18:05:29', '0000-00-00 00:00:00', 1, 1),
(398, 49687, 'المنتزة\r\n', 2, '2017-10-18 18:05:29', '0000-00-00 00:00:00', 1, 1),
(399, 49688, 'المساعدية\r\n', 2, '2017-10-18 18:05:29', '0000-00-00 00:00:00', 1, 1),
(400, 49689, 'المليساء\r\n', 2, '2017-10-18 18:05:30', '0000-00-00 00:00:00', 1, 1),
(401, 49690, 'المحمدية\r\n', 2, '2017-10-18 18:05:30', '0000-00-00 00:00:00', 1, 1),
(402, 49691, 'المرجان\r\n', 2, '2017-10-18 18:05:30', '0000-00-00 00:00:00', 1, 1),
(403, 49692, 'المروج\r\n', 2, '2017-10-18 18:05:30', '0000-00-00 00:00:00', 1, 1),
(404, 49693, 'المتنزهات\r\n', 2, '2017-10-18 18:05:30', '0000-00-00 00:00:00', 1, 1),
(405, 49694, 'حى الندى\r\n', 2, '2017-10-18 18:05:30', '0000-00-00 00:00:00', 1, 1),
(406, 49695, 'النهضة\r\n', 2, '2017-10-18 18:05:30', '0000-00-00 00:00:00', 1, 1),
(407, 49696, 'النعيم\r\n', 2, '2017-10-18 18:05:30', '0000-00-00 00:00:00', 1, 1),
(408, 49697, 'النخيل\r\n', 2, '2017-10-18 18:05:30', '0000-00-00 00:00:00', 1, 1),
(409, 49698, 'النسيم\r\n', 2, '2017-10-18 18:05:30', '0000-00-00 00:00:00', 1, 1),
(410, 49699, 'النزلة اليمانية\r\n', 2, '2017-10-18 18:05:30', '0000-00-00 00:00:00', 1, 1),
(411, 49700, 'النزهة\r\n', 2, '2017-10-18 18:05:30', '0000-00-00 00:00:00', 1, 1),
(412, 49701, 'القوزين\r\n', 2, '2017-10-18 18:05:30', '0000-00-00 00:00:00', 1, 1),
(413, 49702, 'القرينية\r\n', 2, '2017-10-18 18:05:30', '0000-00-00 00:00:00', 1, 1),
(414, 49703, 'القريات\r\n', 2, '2017-10-18 18:05:30', '0000-00-00 00:00:00', 1, 1),
(415, 49704, 'الربيع\r\n', 2, '2017-10-18 18:05:30', '0000-00-00 00:00:00', 1, 1),
(416, 49705, 'الربيع\r\n', 2, '2017-10-18 18:05:30', '0000-00-00 00:00:00', 1, 1),
(417, 49706, 'الربيع\r\n', 2, '2017-10-18 18:05:30', '0000-00-00 00:00:00', 1, 1),
(418, 49707, 'الربوة\r\n', 2, '2017-10-18 18:05:30', '0000-00-00 00:00:00', 1, 1),
(419, 49708, 'الربوة\r\n', 2, '2017-10-18 18:05:30', '0000-00-00 00:00:00', 1, 1),
(420, 49709, 'الرحمة\r\n', 2, '2017-10-18 18:05:30', '0000-00-00 00:00:00', 1, 1),
(421, 49710, 'الرحمانية\r\n', 2, '2017-10-18 18:05:30', '0000-00-00 00:00:00', 1, 1),
(422, 49711, 'الرحمانية\r\n', 2, '2017-10-18 18:05:30', '0000-00-00 00:00:00', 1, 1),
(423, 49712, 'الروابي\r\n', 2, '2017-10-18 18:05:30', '0000-00-00 00:00:00', 1, 1),
(424, 49713, 'الروضة\r\n', 2, '2017-10-18 18:05:30', '0000-00-00 00:00:00', 1, 1),
(425, 49714, 'الروضة\r\n', 2, '2017-10-18 18:05:30', '0000-00-00 00:00:00', 1, 1),
(426, 49715, 'الريان\r\n', 2, '2017-10-18 18:05:30', '0000-00-00 00:00:00', 1, 1),
(427, 49716, 'الريان\r\n', 2, '2017-10-18 18:05:30', '0000-00-00 00:00:00', 1, 1),
(428, 49717, 'الرحيلي\r\n', 2, '2017-10-18 18:05:30', '0000-00-00 00:00:00', 1, 1),
(429, 49718, 'الرحاب\r\n', 2, '2017-10-18 18:05:30', '0000-00-00 00:00:00', 1, 1),
(430, 49719, 'الرياض\r\n', 2, '2017-10-18 18:05:30', '0000-00-00 00:00:00', 1, 1),
(431, 49720, 'الرويس\r\n', 2, '2017-10-18 18:05:30', '0000-00-00 00:00:00', 1, 1),
(432, 49721, 'السبيل\r\n', 2, '2017-10-18 18:05:30', '0000-00-00 00:00:00', 1, 1),
(433, 49722, 'الصفا\r\n', 2, '2017-10-18 18:05:30', '0000-00-00 00:00:00', 1, 1),
(434, 49723, 'الصحيفة\r\n', 2, '2017-10-18 18:05:30', '0000-00-00 00:00:00', 1, 1),
(435, 49724, 'الساحل\r\n', 2, '2017-10-18 18:05:30', '0000-00-00 00:00:00', 1, 1),
(436, 49725, 'السلام\r\n', 2, '2017-10-18 18:05:30', '0000-00-00 00:00:00', 1, 1),
(437, 49726, 'السلامة\r\n', 2, '2017-10-18 18:05:30', '0000-00-00 00:00:00', 1, 1),
(438, 49727, 'الصالحية\r\n', 2, '2017-10-18 18:05:30', '0000-00-00 00:00:00', 1, 1),
(439, 49728, 'السالمية\r\n', 2, '2017-10-18 18:05:30', '0000-00-00 00:00:00', 1, 1),
(440, 49729, 'السامر\r\n', 2, '2017-10-18 18:05:30', '0000-00-00 00:00:00', 1, 1),
(441, 49730, 'السنابل\r\n', 2, '2017-10-18 18:05:30', '0000-00-00 00:00:00', 1, 1),
(442, 49731, 'السروات\r\n', 2, '2017-10-18 18:05:30', '0000-00-00 00:00:00', 1, 1),
(443, 49732, 'الصواعد\r\n', 2, '2017-10-18 18:05:30', '0000-00-00 00:00:00', 1, 1),
(444, 49733, 'الشرفية\r\n', 2, '2017-10-18 18:05:30', '0000-00-00 00:00:00', 1, 1),
(445, 49734, 'الشاطئ\r\n', 2, '2017-10-18 18:05:30', '0000-00-00 00:00:00', 1, 1),
(446, 49735, 'الشفا\r\n', 2, '2017-10-18 18:05:30', '0000-00-00 00:00:00', 1, 1),
(447, 49736, 'الشراع\r\n', 2, '2017-10-18 18:05:30', '0000-00-00 00:00:00', 1, 1),
(448, 49737, 'الشفا\r\n', 2, '2017-10-18 18:05:30', '0000-00-00 00:00:00', 1, 1),
(449, 49738, 'الشروق\r\n', 2, '2017-10-18 18:05:30', '0000-00-00 00:00:00', 1, 1),
(450, 49739, 'السرورية\r\n', 2, '2017-10-18 18:05:30', '0000-00-00 00:00:00', 1, 1),
(451, 49740, 'السلي\r\n', 2, '2017-10-18 18:05:30', '0000-00-00 00:00:00', 1, 1),
(452, 49741, 'السليمانية\r\n', 2, '2017-10-18 18:05:30', '0000-00-00 00:00:00', 1, 1),
(453, 49742, 'السليمانية\r\n', 2, '2017-10-18 18:05:30', '0000-00-00 00:00:00', 1, 1),
(454, 49743, 'الصواري\r\n', 2, '2017-10-18 18:05:30', '0000-00-00 00:00:00', 1, 1),
(455, 49744, 'التعاون\r\n', 2, '2017-10-18 18:05:30', '0000-00-00 00:00:00', 1, 1),
(456, 49745, 'التضامن\r\n', 2, '2017-10-18 18:05:30', '0000-00-00 00:00:00', 1, 1),
(457, 49746, 'التوفيق\r\n', 2, '2017-10-18 18:05:30', '0000-00-00 00:00:00', 1, 1),
(458, 49747, 'الثعالبة\r\n', 2, '2017-10-18 18:05:30', '0000-00-00 00:00:00', 1, 1),
(459, 49748, 'الثغر\r\n', 2, '2017-10-18 18:05:30', '0000-00-00 00:00:00', 1, 1),
(460, 49749, 'الثريا\r\n', 2, '2017-10-18 18:05:30', '0000-00-00 00:00:00', 1, 1),
(461, 49750, 'العليا\r\n', 2, '2017-10-18 18:05:30', '0000-00-00 00:00:00', 1, 1),
(462, 49751, 'العليا\r\n', 2, '2017-10-18 18:05:30', '0000-00-00 00:00:00', 1, 1),
(463, 49752, 'العليا\r\n', 2, '2017-10-18 18:05:30', '0000-00-00 00:00:00', 1, 1),
(464, 49753, 'الوادي\r\n', 2, '2017-10-18 18:05:30', '0000-00-00 00:00:00', 1, 1),
(465, 49754, 'الواحة\r\n', 2, '2017-10-18 18:05:30', '0000-00-00 00:00:00', 1, 1),
(466, 49755, 'الوزيريه\r\n', 2, '2017-10-18 18:05:30', '0000-00-00 00:00:00', 1, 1),
(467, 49756, 'الورود\r\n', 2, '2017-10-18 18:05:30', '0000-00-00 00:00:00', 1, 1),
(468, 49757, 'الورود\r\n', 2, '2017-10-18 18:05:30', '0000-00-00 00:00:00', 1, 1),
(469, 49758, 'الياقوت\r\n', 2, '2017-10-18 18:05:30', '0000-00-00 00:00:00', 1, 1),
(470, 49759, 'الزهراء\r\n', 2, '2017-10-18 18:05:30', '0000-00-00 00:00:00', 1, 1),
(471, 49760, 'الزمرد\r\n', 2, '2017-10-18 18:05:30', '0000-00-00 00:00:00', 1, 1),
(472, 49761, 'حي الرنونة\r\n', 2, '2017-10-18 18:05:30', '0000-00-00 00:00:00', 1, 1),
(473, 49762, 'بضاعة\r\n', 2, '2017-10-18 18:05:30', '0000-00-00 00:00:00', 1, 1),
(474, 49763, 'بحرة\r\n', 2, '2017-10-18 18:05:30', '0000-00-00 00:00:00', 1, 1),
(475, 49764, 'بني خدرة\r\n', 2, '2017-10-18 18:05:30', '0000-00-00 00:00:00', 1, 1),
(476, 49765, 'بنى مالك\r\n', 2, '2017-10-18 18:05:30', '0000-00-00 00:00:00', 1, 1),
(477, 49766, 'كلية البترجي الطبية\r\n', 2, '2017-10-18 18:05:30', '0000-00-00 00:00:00', 1, 1),
(478, 49767, 'بريمان\r\n', 2, '2017-10-18 18:05:30', '0000-00-00 00:00:00', 1, 1),
(479, 49768, 'الدوحة الجنوبية\r\n', 2, '2017-10-18 18:05:30', '0000-00-00 00:00:00', 1, 1),
(480, 49769, 'درة العروس\r\n', 2, '2017-10-18 18:05:30', '0000-00-00 00:00:00', 1, 1),
(481, 49770, 'شرق الخط السريع\r\n', 2, '2017-10-18 18:05:30', '0000-00-00 00:00:00', 1, 1),
(482, 49771, 'مصر\r\n', 2, '2017-10-18 18:05:30', '0000-00-00 00:00:00', 1, 1),
(483, 49772, 'الامارات\r\n', 2, '2017-10-18 18:05:30', '0000-00-00 00:00:00', 1, 1),
(484, 49773, 'مخرج ٥\r\n', 2, '2017-10-18 18:05:30', '0000-00-00 00:00:00', 1, 1),
(485, 49774, 'غرناطة\r\n', 2, '2017-10-18 18:05:30', '0000-00-00 00:00:00', 1, 1),
(486, 49775, 'غليل\r\n', 2, '2017-10-18 18:05:30', '0000-00-00 00:00:00', 1, 1),
(487, 49776, 'المنطقة الصناعية\r\n', 2, '2017-10-18 18:05:30', '0000-00-00 00:00:00', 1, 1),
(488, 49777, 'طريق شكوان الصناعية\r\n', 2, '2017-10-18 18:05:30', '0000-00-00 00:00:00', 1, 1),
(489, 49778, 'اشبيلية\r\n', 2, '2017-10-18 18:05:30', '0000-00-00 00:00:00', 1, 1),
(490, 49779, 'ميناء جدة الاسلامى\r\n', 2, '2017-10-18 18:05:30', '0000-00-00 00:00:00', 1, 1),
(491, 49780, 'كيلو 10\r\n', 2, '2017-10-18 18:05:30', '0000-00-00 00:00:00', 1, 1),
(492, 49781, 'كيلو 11\r\n', 2, '2017-10-18 18:05:30', '0000-00-00 00:00:00', 1, 1),
(493, 49782, 'كيلو 13\r\n', 2, '2017-10-18 18:05:30', '0000-00-00 00:00:00', 1, 1),
(494, 49783, 'كيلو 14\r\n', 2, '2017-10-18 18:05:30', '0000-00-00 00:00:00', 1, 1),
(495, 49784, 'كيلو 2\r\n', 2, '2017-10-18 18:05:30', '0000-00-00 00:00:00', 1, 1),
(496, 49785, 'كيلو 3\r\n', 2, '2017-10-18 18:05:30', '0000-00-00 00:00:00', 1, 1),
(497, 49786, 'كيلو 5\r\n', 2, '2017-10-18 18:05:30', '0000-00-00 00:00:00', 1, 1),
(498, 49787, 'كيلو 7\r\n', 2, '2017-10-18 18:05:30', '0000-00-00 00:00:00', 1, 1),
(499, 49788, 'كيلو 8\r\n', 2, '2017-10-18 18:05:30', '0000-00-00 00:00:00', 1, 1),
(500, 49789, 'مطار الملك عبدالعزيز الدولي\r\n', 2, '2017-10-18 18:05:30', '0000-00-00 00:00:00', 1, 1),
(501, 49790, 'مدينة الملك عبدالعزيز الطبية\r\n', 2, '2017-10-18 18:05:30', '0000-00-00 00:00:00', 1, 1),
(502, 49791, 'جامعة الملك عبدالعزيز\r\n', 2, '2017-10-18 18:05:30', '0000-00-00 00:00:00', 1, 1),
(503, 49792, 'جامعة الملك عبدالله\r\n', 2, '2017-10-18 18:05:30', '0000-00-00 00:00:00', 1, 1),
(504, 49793, 'الملك فهد\r\n', 2, '2017-10-18 18:05:30', '0000-00-00 00:00:00', 1, 1),
(505, 49794, 'قاعدة الملك فيصل البحرية\r\n', 2, '2017-10-18 18:05:30', '0000-00-00 00:00:00', 1, 1),
(506, 49795, 'مدائن الفهد\r\n', 2, '2017-10-18 18:05:30', '0000-00-00 00:00:00', 1, 1),
(507, 49796, 'مشرفة\r\n', 2, '2017-10-18 18:05:30', '0000-00-00 00:00:00', 1, 1),
(508, 49797, 'مريخ\r\n', 2, '2017-10-18 18:05:30', '0000-00-00 00:00:00', 1, 1),
(509, 49798, 'الحرس الوطني\r\n', 2, '2017-10-18 18:05:30', '0000-00-00 00:00:00', 1, 1),
(510, 49799, 'أبحر الجنوبية\r\n', 2, '2017-10-18 18:05:30', '0000-00-00 00:00:00', 1, 1),
(511, 49800, 'أبحر الشمالية\r\n', 2, '2017-10-18 18:05:30', '0000-00-00 00:00:00', 1, 1),
(512, 49801, 'بترومين\r\n', 2, '2017-10-18 18:05:30', '0000-00-00 00:00:00', 1, 1),
(513, 49802, 'الأمير عبدالمجيد\r\n', 2, '2017-10-18 18:05:30', '0000-00-00 00:00:00', 1, 1),
(514, 49803, 'قرطبة\r\n', 2, '2017-10-18 18:05:30', '0000-00-00 00:00:00', 1, 1),
(515, 49804, 'المدينة الصناعية الثانية\r\n', 2, '2017-10-18 18:05:30', '0000-00-00 00:00:00', 1, 1),
(516, 49805, 'طيبة\r\n', 2, '2017-10-18 18:05:30', '0000-00-00 00:00:00', 1, 1),
(517, 49806, 'ام السلم\r\n', 2, '2017-10-18 18:05:30', '0000-00-00 00:00:00', 1, 1),
(518, 49807, 'ام حبلين\r\n', 2, '2017-10-18 18:05:30', '0000-00-00 00:00:00', 1, 1),
(519, 49808, 'ام حبلين\r\n', 2, '2017-10-18 18:05:30', '0000-00-00 00:00:00', 1, 1),
(520, 49809, 'بئر عثمان', 2, '2017-12-08 20:16:04', '0000-00-00 00:00:00', 1, 1),
(521, 49810, 'العهن', 2, '2017-12-08 20:36:42', '0000-00-00 00:00:00', 1, 1),
(522, 49811, 'المغيسلة', 2, '2017-12-08 21:02:00', '0000-00-00 00:00:00', 1, 1),
(523, 49812, 'العليا', 2, '2017-12-21 12:30:17', '0000-00-00 00:00:00', 1, 1),
(524, 49813, 'مدينة العمال', 2, '2017-12-21 12:50:37', '0000-00-00 00:00:00', 1, 1),
(525, 49814, 'test', 2, '2017-12-23 13:06:54', '0000-00-00 00:00:00', 1, 1),
(526, 49815, 'القبلتين', 2, '2017-12-31 14:54:36', '0000-00-00 00:00:00', 1, 1),
(527, 49816, 'المحمدية', 2, '2017-12-31 14:57:19', '0000-00-00 00:00:00', 1, 1),
(528, 49817, 'الملقا', 2, '2017-12-31 14:57:37', '0000-00-00 00:00:00', 1, 1),
(529, 49818, 'المحمدية', 2, '2017-12-31 15:50:39', '0000-00-00 00:00:00', 1, 1),
(530, 49819, 'الخالدية', 2, '2017-12-31 15:51:00', '0000-00-00 00:00:00', 1, 1),
(531, 49820, 'الهجلة', 2, '2017-12-31 19:19:05', '0000-00-00 00:00:00', 1, 1),
(532, 49821, 'كورنيش الخبر', 2, '2018-01-05 22:00:35', '0000-00-00 00:00:00', 1, 1),
(533, 49822, 'الكورنيش الشمالي', 2, '2018-01-05 22:25:40', '0000-00-00 00:00:00', 1, 1),
(534, 49823, 'المنتزه', 2, '2018-01-05 23:02:18', '0000-00-00 00:00:00', 1, 1),
(535, 49824, 'العميرية', 2, '2018-01-05 23:33:00', '0000-00-00 00:00:00', 1, 1),
(536, 49825, 'الخزامى', 2, '2018-01-05 23:55:03', '0000-00-00 00:00:00', 1, 1),
(537, 49826, 'اليحيى', 2, '2018-01-06 00:01:34', '0000-00-00 00:00:00', 1, 1),
(538, 49827, 'المصيف', 2, '2018-01-06 00:19:00', '0000-00-00 00:00:00', 1, 1),
(539, 49828, 'سدير', 2, '2018-01-06 00:29:49', '0000-00-00 00:00:00', 1, 1),
(540, 49829, 'النقرة', 2, '2018-01-06 00:36:28', '0000-00-00 00:00:00', 1, 1),
(541, 49830, 'الورود', 2, '2018-01-06 21:52:27', '0000-00-00 00:00:00', 1, 1),
(542, 49831, 'الجابرية', 2, '2018-01-06 22:10:34', '0000-00-00 00:00:00', 1, 1),
(543, 49832, 'الشاطئ الغربي', 2, '2018-01-07 12:55:05', '0000-00-00 00:00:00', 1, 1),
(544, 49833, 'الديرة', 2, '2018-01-07 18:32:05', '0000-00-00 00:00:00', 1, 1),
(545, 49834, 'ظهرة لبن', 2, '2018-01-09 01:48:48', '0000-00-00 00:00:00', 1, 1),
(546, 49835, 'السلام', 2, '2018-01-09 01:50:58', '0000-00-00 00:00:00', 1, 1),
(547, 49836, 'الصمد', 2, '2018-01-09 02:34:51', '0000-00-00 00:00:00', 1, 1),
(548, 49837, 'الحزام الذهبي', 2, '2018-01-09 02:48:35', '0000-00-00 00:00:00', 1, 1),
(549, 49838, 'العنود', 2, '2018-01-09 03:03:58', '0000-00-00 00:00:00', 1, 1),
(550, 49839, 'الشوقية', 2, '2018-01-19 22:05:33', '0000-00-00 00:00:00', 1, 1),
(551, 49840, 'الرصيفة', 2, '2018-01-19 22:06:27', '0000-00-00 00:00:00', 1, 1),
(552, 49841, 'العوالي', 2, '2018-02-08 15:45:02', '0000-00-00 00:00:00', 1, 1),
(553, 49842, 'النازية', 2, '2018-02-08 15:46:59', '0000-00-00 00:00:00', 1, 1),
(554, 49843, 'الوسيطاء', 2, '2018-02-12 17:06:27', '0000-00-00 00:00:00', 1, 1),
(555, 49844, 'الشبيكة', 2, '2018-02-28 14:07:31', '0000-00-00 00:00:00', 1, 1),
(556, 49845, 'ينبع البحر', 2, '2018-02-28 14:11:09', '0000-00-00 00:00:00', 1, 1),
(557, 49846, 'الشهداء', 2, '2018-03-05 15:52:06', '0000-00-00 00:00:00', 1, 1),
(558, 49847, 'العزيزية', 2, '2018-03-05 16:04:19', '0000-00-00 00:00:00', 1, 1),
(559, 49848, 'شهار', 2, '2018-03-05 16:10:04', '0000-00-00 00:00:00', 1, 1),
(560, 49849, 'الحوية', 2, '2018-03-05 16:24:41', '0000-00-00 00:00:00', 1, 1),
(561, 49850, 'كورنيش النيل', 2, '2018-03-27 14:08:28', '0000-00-00 00:00:00', 1, 1),
(562, 49851, 'التقوى', 2, '2018-04-26 16:23:36', '0000-00-00 00:00:00', 1, 1),
(563, 49852, 'الشارقية', 2, '2018-04-26 16:35:32', '0000-00-00 00:00:00', 1, 1),
(564, 49853, 'الفيحاء', 2, '2018-07-02 18:37:43', '0000-00-00 00:00:00', 1, 1),
(565, 49854, 'العريض', 2, '2018-07-09 14:51:53', '0000-00-00 00:00:00', 1, 1),
(566, 49855, 'الريان', 2, '2018-07-09 18:22:30', '0000-00-00 00:00:00', 1, 1),
(567, 49856, 'الوشحاء', 2, '2018-07-11 18:39:42', '0000-00-00 00:00:00', 1, 1),
(568, 49857, 'المنار', 2, '2018-07-11 18:58:22', '0000-00-00 00:00:00', 1, 1),
(569, 49858, 'النزهة', 2, '2018-07-19 15:46:03', '0000-00-00 00:00:00', 1, 1),
(570, 49859, 'المعذر الشمالي', 2, '2018-07-19 16:02:17', '0000-00-00 00:00:00', 1, 1),
(571, 49860, 'حطين', 2, '2018-07-19 16:24:18', '0000-00-00 00:00:00', 1, 1),
(572, 49861, 'الربوة', 2, '2018-07-23 16:59:55', '0000-00-00 00:00:00', 1, 1),
(573, 49862, 'طريق الملك عبدالعزيز', 2, '2018-07-23 17:04:45', '0000-00-00 00:00:00', 1, 1),
(574, 49863, 'طريق الملك فيصل', 2, '2018-07-23 17:07:39', '0000-00-00 00:00:00', 1, 1),
(575, 49864, 'النماص', 2, '2018-07-23 17:15:01', '0000-00-00 00:00:00', 1, 1),
(576, 49865, 'الشهداء', 2, '2018-07-25 15:55:29', '0000-00-00 00:00:00', 1, 1),
(577, 49866, 'البديع', 2, '2018-07-25 16:51:23', '0000-00-00 00:00:00', 1, 1),
(578, 49867, 'ام الحمام الشرقي', 2, '2018-08-28 13:44:22', '0000-00-00 00:00:00', 1, 1),
(579, 49868, 'العدامة', 2, '2018-08-28 14:00:32', '0000-00-00 00:00:00', 1, 1),
(580, 49869, 'الجبيل البلد', 2, '2018-08-28 14:09:11', '0000-00-00 00:00:00', 1, 1),
(581, 49870, 'ام سرار', 2, '2018-08-28 14:15:41', '0000-00-00 00:00:00', 1, 1),
(582, 49871, 'الأندلس', 2, '2018-08-28 16:34:12', '0000-00-00 00:00:00', 1, 1),
(583, 49872, 'الحمراء', 2, '2018-09-11 17:10:44', '0000-00-00 00:00:00', 1, 1),
(584, 49873, 'التحلية', 2, '2018-09-13 13:41:16', '0000-00-00 00:00:00', 1, 1),
(585, 49874, 'الشرائع', 2, '2018-10-18 19:01:54', '0000-00-00 00:00:00', 1, 1),
(586, 49875, 'الزاهر', 2, '2018-10-18 19:02:20', '0000-00-00 00:00:00', 1, 1),
(587, 49876, 'النورية', 2, '2018-10-18 19:02:45', '0000-00-00 00:00:00', 1, 1),
(588, 49877, 'المطار', 2, '2018-10-30 14:39:55', '0000-00-00 00:00:00', 1, 1),
(589, 49878, 'الربوة', 2, '2018-10-30 14:50:24', '0000-00-00 00:00:00', 1, 1),
(590, 49879, 'ذهبان', 2, '2018-10-31 17:14:41', '0000-00-00 00:00:00', 1, 1),
(591, 49880, 'الخالدية', 2, '2019-01-01 15:22:25', '0000-00-00 00:00:00', 1, 1),
(592, 49881, 'الخالدية', 2, '2019-01-01 15:48:46', '0000-00-00 00:00:00', 1, 1),
(593, 49882, 'الهدا', 2, '2019-01-01 17:14:34', '0000-00-00 00:00:00', 1, 1),
(594, 49883, 'العليا', 2, '2019-01-02 15:50:37', '0000-00-00 00:00:00', 1, 1),
(595, 49884, 'المخطط 5', 2, '2019-01-02 16:32:06', '0000-00-00 00:00:00', 1, 1),
(596, 49885, 'أجياد', 2, '2019-01-02 17:25:22', '0000-00-00 00:00:00', 1, 1),
(597, 49886, 'الروابي', 2, '2019-01-02 18:17:53', '0000-00-00 00:00:00', 1, 1),
(598, 49887, 'مجمع 257', 2, '2019-01-07 15:45:21', '0000-00-00 00:00:00', 1, 1),
(599, 49888, 'البديع', 2, '2019-01-31 18:40:27', '0000-00-00 00:00:00', 1, 1),
(600, 49889, 'السبيعية', 2, '2019-01-31 18:54:26', '0000-00-00 00:00:00', 1, 1),
(601, 49890, 'البشر', 2, '2019-01-31 19:27:21', '0000-00-00 00:00:00', 1, 1),
(602, 49891, 'معشي', 2, '2019-02-14 14:03:13', '0000-00-00 00:00:00', 1, 1),
(603, 49892, 'الجامعة', 2, '2019-02-26 18:34:11', '0000-00-00 00:00:00', 1, 1),
(604, 49893, 'الهجرة', 2, '2019-03-03 17:29:47', '0000-00-00 00:00:00', 1, 1),
(605, 49894, 'الهجلة', 2, '2019-03-14 19:43:56', '0000-00-00 00:00:00', 1, 1),
(606, 49895, 'الزرقاء', 2, '2019-03-20 13:53:02', '0000-00-00 00:00:00', 1, 1),
(607, 49896, 'الفيصلية', 2, '2019-03-20 15:17:45', '0000-00-00 00:00:00', 1, 1),
(608, 49897, 'المطار', 2, '2019-03-20 15:58:13', '0000-00-00 00:00:00', 1, 1),
(609, 49898, 'محايل عسير', 2, '2019-03-20 19:06:13', '0000-00-00 00:00:00', 1, 1),
(610, 49899, 'الخالدية', 2, '2019-03-20 19:25:11', '0000-00-00 00:00:00', 1, 1),
(611, 49900, 'المزروعية', 2, '2019-03-24 14:02:46', '0000-00-00 00:00:00', 1, 1),
(612, 49901, 'عتود', 2, '2019-03-24 14:41:58', '0000-00-00 00:00:00', 1, 1),
(613, 49902, 'الفهد', 2, '2019-03-24 15:32:14', '0000-00-00 00:00:00', 1, 1);
INSERT INTO `districts_text` (`DistrictTextID`, `DistrictID`, `Title`, `SystemLanguageID`, `CreatedAt`, `UpdatedAt`, `CreatedBy`, `UpdatedBy`) VALUES
(614, 49903, 'القطبية', 2, '2019-04-02 19:10:55', '0000-00-00 00:00:00', 1, 1),
(615, 49904, 'قباء', 2, '2019-04-04 18:13:13', '0000-00-00 00:00:00', 1, 1),
(616, 49905, 'الخالدية', 2, '2019-04-18 16:39:32', '0000-00-00 00:00:00', 1, 1),
(617, 49906, 'العزيزية', 2, '2019-05-14 16:40:44', '0000-00-00 00:00:00', 1, 1),
(618, 49907, 'الموظفين', 2, '2019-05-14 16:41:22', '0000-00-00 00:00:00', 1, 1),
(619, 49908, 'Al Shati', 1, '2019-11-03 11:38:55', '2019-11-03 11:38:55', 1, 1),
(620, 49908, 'الشاطئ', 2, '2019-11-03 11:38:55', '2019-11-03 11:39:10', 1, 1),
(621, 49909, 'An nasab', 1, '2019-11-08 11:32:08', '2019-11-08 11:32:08', 1, 1),
(622, 49909, 'An nasab', 2, '2019-11-08 11:32:08', '2019-11-08 11:32:08', 1, 1),
(623, 49910, 'Albadea', 1, '2019-11-08 11:42:03', '2019-11-08 11:42:03', 1, 1),
(624, 49910, 'Albadea', 2, '2019-11-08 11:42:03', '2019-11-08 11:42:03', 1, 1),
(625, 49911, 'AlKhuzama', 1, '2019-11-08 12:01:05', '2019-11-08 12:01:05', 1, 1),
(626, 49911, 'AlKhuzama', 2, '2019-11-08 12:01:05', '2019-11-08 12:01:05', 1, 1),
(627, 49912, 'Al Aziziyah', 1, '2019-11-08 12:11:10', '2019-11-08 12:11:10', 1, 1),
(628, 49912, 'Al Aziziyah', 2, '2019-11-08 12:11:10', '2019-11-08 12:11:10', 1, 1),
(629, 49913, 'Al Rayyan', 1, '2019-11-08 12:20:42', '2019-11-08 12:20:42', 1, 1),
(630, 49913, 'Al Rayyan', 2, '2019-11-08 12:20:42', '2019-11-08 12:20:42', 1, 1),
(631, 49914, 'Alnafal', 1, '2019-11-08 12:28:10', '2019-11-08 12:28:10', 1, 1),
(632, 49914, 'Alnafal', 2, '2019-11-08 12:28:10', '2019-11-08 12:28:10', 1, 1),
(633, 49915, 'Alyarmuk', 1, '2019-11-08 12:33:11', '2019-11-08 12:33:11', 1, 1),
(634, 49915, 'Alyarmuk', 2, '2019-11-08 12:33:11', '2019-11-08 12:33:11', 1, 1),
(635, 49916, 'Duraihimiyah', 1, '2019-11-08 12:37:53', '2019-11-08 12:37:53', 1, 1),
(636, 49916, 'Duraihimiyah', 2, '2019-11-08 12:37:53', '2019-11-08 12:37:53', 1, 1),
(637, 49917, 'Sultana', 1, '2019-11-08 12:41:39', '2019-11-08 12:41:39', 1, 1),
(638, 49917, 'Sultana', 2, '2019-11-08 12:41:39', '2019-11-08 12:41:39', 1, 1),
(639, 49918, 'Nahdah', 1, '2019-11-08 12:45:55', '2019-11-08 12:45:55', 1, 1),
(640, 49918, 'Nahdah', 2, '2019-11-08 12:45:55', '2019-11-08 12:45:55', 1, 1),
(641, 49919, 'Al Aziziyah R', 1, '2019-11-08 12:53:54', '2019-11-08 12:53:54', 1, 1),
(642, 49919, 'Al Aziziyah R', 2, '2019-11-08 12:53:54', '2019-11-08 12:53:54', 1, 1),
(643, 49920, 'Al Hamam ', 1, '2019-11-08 13:07:01', '2019-11-08 13:07:01', 1, 1),
(644, 49920, 'Al Hamam ', 2, '2019-11-08 13:07:01', '2019-11-08 13:07:01', 1, 1),
(645, 49921, 'Al Gharbi', 1, '2019-11-08 13:07:11', '2019-11-08 13:07:11', 1, 1),
(646, 49921, 'Al Gharbi', 2, '2019-11-08 13:07:11', '2019-11-08 13:07:11', 1, 1),
(647, 49922, 'Ashuhada Ashamaliyyah', 1, '2019-11-08 13:11:50', '2019-11-08 13:11:50', 1, 1),
(648, 49922, 'Ashuhada Ashamaliyyah', 2, '2019-11-08 13:11:50', '2019-11-08 13:11:50', 1, 1),
(649, 49923, 'Al Qutbiyyah', 1, '2019-11-08 13:16:27', '2019-11-08 13:16:27', 1, 1),
(650, 49923, 'Al Qutbiyyah', 2, '2019-11-08 13:16:27', '2019-11-08 13:16:27', 1, 1),
(651, 49924, 'Shubra ', 1, '2019-11-08 13:23:05', '2019-11-08 13:23:05', 1, 1),
(652, 49924, 'Shubra ', 2, '2019-11-08 13:23:05', '2019-11-08 13:23:05', 1, 1),
(653, 49925, 'Shadhah ', 1, '2019-11-08 13:25:48', '2019-11-08 13:25:48', 1, 1),
(654, 49925, 'Shadhah ', 2, '2019-11-08 13:25:48', '2019-11-08 13:25:48', 1, 1),
(655, 49926, 'Al Wabra', 1, '2019-11-08 13:30:28', '2019-11-08 13:30:28', 1, 1),
(656, 49926, 'Al Wabra', 2, '2019-11-08 13:30:28', '2019-11-08 13:30:28', 1, 1),
(657, 49927, 'Al Hadiqah', 1, '2019-11-08 13:33:31', '2019-11-08 13:33:31', 1, 1),
(658, 49927, 'Al Hadiqah', 2, '2019-11-08 13:33:31', '2019-11-08 13:33:31', 1, 1),
(659, 49928, 'Rabea', 1, '2019-11-08 13:43:52', '2019-11-08 13:43:52', 1, 1),
(660, 49928, 'Rabea', 2, '2019-11-08 13:43:52', '2019-11-08 13:43:52', 1, 1),
(661, 49929, 'Al Bishr Buraydah', 1, '2019-11-08 13:51:56', '2019-11-08 13:51:56', 1, 1),
(662, 49929, 'Al Bishr Buraydah', 2, '2019-11-08 13:51:56', '2019-11-08 13:51:56', 1, 1),
(665, 49931, 'Al Amir Fawwaz Al Junoobi', 1, '2019-11-11 07:58:32', '2019-11-11 07:58:32', 1, 1),
(666, 49931, 'Al Amir Fawwaz Al Junoobi', 2, '2019-11-11 07:58:32', '2019-11-11 07:58:32', 1, 1),
(667, 49932, 'Almanar', 1, '2019-11-11 08:02:06', '2019-11-11 08:02:06', 1, 1),
(668, 49932, 'Almanar', 2, '2019-11-11 08:02:06', '2019-11-11 08:02:06', 1, 1),
(669, 49933, 'Al Naeem', 1, '2019-11-11 08:05:11', '2019-11-11 08:05:11', 1, 1),
(670, 49933, 'Al Naeem', 2, '2019-11-11 08:05:11', '2019-11-11 08:05:11', 1, 1),
(671, 49934, 'Nuqrah', 1, '2019-11-11 08:10:02', '2019-11-11 08:10:02', 1, 1),
(672, 49934, 'Nuqrah', 2, '2019-11-11 08:10:02', '2019-11-11 08:10:02', 1, 1),
(673, 49935, 'Aja', 1, '2019-11-11 08:13:35', '2019-11-11 08:13:35', 1, 1),
(674, 49935, 'Aja', 2, '2019-11-11 08:13:35', '2019-11-11 08:13:35', 1, 1),
(675, 49936, 'Naqrah', 1, '2019-11-11 08:17:27', '2019-11-11 08:17:27', 1, 1),
(676, 49936, 'Naqrah', 2, '2019-11-11 08:17:27', '2019-11-11 08:17:27', 1, 1),
(677, 49937, 'Al Baladiyah', 1, '2019-11-11 08:21:22', '2019-11-11 08:21:22', 1, 1),
(678, 49937, 'Al Baladiyah', 2, '2019-11-11 08:21:22', '2019-11-11 08:21:22', 1, 1),
(679, 49938, 'Al Irq Al Janubi', 1, '2019-11-11 08:24:16', '2019-11-11 08:24:16', 1, 1),
(680, 49938, 'Al Irq Al Janubi', 2, '2019-11-11 08:24:16', '2019-11-11 08:24:16', 1, 1),
(681, 49939, 'Tayyib Al Ism', 1, '2019-11-11 08:29:23', '2019-11-11 08:29:23', 1, 1),
(682, 49939, 'Tayyib Al Ism', 2, '2019-11-11 08:29:23', '2019-11-11 08:29:23', 1, 1),
(683, 49940, 'alsharbatli', 1, '2019-11-11 09:31:30', '2019-11-11 09:31:30', 1, 1),
(684, 49940, 'alsharbatli', 2, '2019-11-11 09:31:30', '2019-11-11 09:31:30', 1, 1),
(685, 49941, 'Akwaha', 1, '2019-11-11 09:40:28', '2019-11-11 09:40:28', 1, 1),
(686, 49941, 'Akwaha', 2, '2019-11-11 09:40:28', '2019-11-11 09:40:28', 1, 1),
(687, 49942, 'Yanbu Al Sinaiyah,', 1, '2019-11-11 09:43:28', '2019-11-11 09:43:28', 1, 1),
(688, 49942, 'Yanbu Al Sinaiyah,', 2, '2019-11-11 09:43:28', '2019-11-11 09:43:28', 1, 1),
(689, 49943, 'Al Aziziyah Meeca', 1, '2019-11-11 09:48:47', '2019-11-11 09:48:47', 1, 1),
(690, 49943, 'Al Aziziyah Meeca', 2, '2019-11-11 09:48:47', '2019-11-11 09:48:47', 1, 1),
(691, 49944, 'Al Jamiah', 1, '2019-11-11 09:56:48', '2019-11-11 09:56:48', 1, 1),
(692, 49944, 'Al Jamiah', 2, '2019-11-11 09:56:48', '2019-11-11 09:56:48', 1, 1),
(693, 49945, 'Al Shoqiyah', 1, '2019-11-11 10:00:41', '2019-11-11 10:00:41', 1, 1),
(694, 49945, 'Al Shoqiyah', 2, '2019-11-11 10:00:41', '2019-11-11 10:00:41', 1, 1),
(695, 49946, 'Asharai', 1, '2019-11-11 10:04:53', '2019-11-11 10:04:53', 1, 1),
(696, 49946, 'Asharai', 2, '2019-11-11 10:04:53', '2019-11-11 10:04:53', 1, 1),
(697, 49947, 'Shubaikah', 1, '2019-11-11 10:08:54', '2019-11-11 10:08:54', 1, 1),
(698, 49947, 'Shubaikah', 2, '2019-11-11 10:08:54', '2019-11-11 10:08:54', 1, 1),
(699, 49948, 'Alawali', 1, '2019-11-11 10:12:49', '2019-11-11 10:12:49', 1, 1),
(700, 49948, 'Alawali', 2, '2019-11-11 10:12:49', '2019-11-11 10:12:49', 1, 1),
(701, 49949, 'Aljawhara', 1, '2019-11-11 10:17:36', '2019-11-11 10:17:36', 1, 1),
(702, 49949, 'Aljawhara', 2, '2019-11-11 10:17:36', '2019-11-11 10:17:36', 1, 1),
(703, 49950, ' Al Muhammadiyah', 1, '2019-11-11 10:20:48', '2019-11-11 10:20:48', 1, 1),
(704, 49950, ' Al Muhammadiyah', 2, '2019-11-11 10:20:48', '2019-11-11 10:20:48', 1, 1),
(705, 49951, 'Aljouf', 1, '2019-11-11 10:28:40', '2019-11-11 10:32:34', 1, 1),
(706, 49951, 'Aljouf', 2, '2019-11-11 10:28:40', '2019-11-11 10:28:40', 1, 1),
(707, 49952, 'Alshifa', 1, '2019-11-11 10:32:47', '2019-11-11 10:32:47', 1, 1),
(708, 49952, 'Alshifa', 2, '2019-11-11 10:32:47', '2019-11-11 10:32:47', 1, 1),
(709, 49953, 'Almatr', 1, '2019-11-11 10:35:05', '2019-11-11 10:35:05', 1, 1),
(710, 49953, 'Almatr', 2, '2019-11-11 10:35:05', '2019-11-11 10:35:05', 1, 1),
(711, 49954, 'Alfahad', 1, '2019-11-11 11:43:33', '2019-11-11 11:43:33', 1, 1),
(712, 49954, 'Alfahad', 2, '2019-11-11 11:43:33', '2019-11-11 11:43:33', 1, 1),
(713, 49955, 'Al Faydah', 1, '2019-11-11 12:00:46', '2019-11-11 12:00:46', 1, 1),
(714, 49955, 'Al Faydah', 2, '2019-11-11 12:00:46', '2019-11-11 12:00:46', 1, 1),
(715, 49956, 'Al-Azizyah', 1, '2020-07-28 13:59:19', '2020-07-28 13:59:19', 1, 1),
(716, 49956, 'العزيزية', 2, '2020-07-28 13:59:19', '2020-07-28 13:59:36', 1, 1),
(717, 49957, 'U.S. Embassy Riyadh، Riyadh Saudi Arabia', 1, '2020-11-11 09:24:32', '2020-11-23 11:01:39', 1, 1),
(718, 49957, 'U.S. Embassy Riyadh، Riyadh Saudi Arabia', 2, '2020-11-11 09:24:32', '2020-11-11 09:24:32', 1, 1),
(719, 49958, 'Riyadh Zoo, Al Ihsa, Riyadh Saudi Arabia', 1, '2020-11-11 09:44:04', '2020-11-11 09:44:04', 1, 1),
(720, 49958, 'Riyadh Zoo, Al Ihsa, Riyadh Saudi Arabia', 2, '2020-11-11 09:44:04', '2020-11-11 09:44:04', 1, 1),
(721, 49959, 'a', 1, '2020-11-11 09:44:18', '2020-11-11 09:44:18', 1, 1),
(722, 49959, 'a', 2, '2020-11-11 09:44:18', '2020-11-11 09:44:18', 1, 1),
(723, 49960, 'Test Sub', 1, '2021-02-24 14:51:52', '2021-02-24 14:51:52', 1, 1),
(724, 49960, 'Test arabic', 2, '2021-02-24 14:51:52', '2021-02-24 14:51:52', 1, 1);

-- --------------------------------------------------------

--
-- Table structure for table `email_templates`
--

CREATE TABLE `email_templates` (
  `Email_templateID` int(11) NOT NULL,
  `Image` varchar(255) NOT NULL,
  `SortOrder` int(11) NOT NULL,
  `Hide` tinyint(4) NOT NULL,
  `IsActive` tinyint(4) NOT NULL,
  `CreatedAt` datetime NOT NULL,
  `UpdatedAt` datetime NOT NULL,
  `CreatedBy` int(11) NOT NULL,
  `UpdatedBy` int(11) NOT NULL
) ENGINE=InnoDB DEFAULT CHARSET=utf8;

--
-- Dumping data for table `email_templates`
--

INSERT INTO `email_templates` (`Email_templateID`, `Image`, `SortOrder`, `Hide`, `IsActive`, `CreatedAt`, `UpdatedAt`, `CreatedBy`, `UpdatedBy`) VALUES
(1, 'uploads/email_templates/1210446676201807020635331.jpg', 0, 0, 1, '2018-07-02 17:08:45', '2020-05-07 21:47:26', 1, 1),
(4, 'uploads/email_templates/379150302201807020631102.jpg', 1, 0, 1, '2018-07-02 18:10:31', '2020-10-03 17:03:14', 1, 1),
(5, 'uploads/email_templates/414693546201807020612353.jpg', 2, 0, 1, '2018-07-02 18:35:12', '2019-04-09 11:37:19', 1, 1),
(6, '', 3, 0, 1, '2019-04-05 09:22:13', '2019-04-09 11:38:19', 1, 1),
(7, '', 4, 0, 1, '2019-11-05 09:02:29', '2019-11-07 12:11:41', 1, 1),
(8, '', 5, 0, 1, '2020-05-11 10:54:05', '2020-05-11 10:54:05', 1, 1),
(9, '', 6, 0, 1, '2020-05-11 11:45:19', '2020-05-11 11:45:19', 1, 1),
(10, '', 7, 0, 1, '2020-05-11 14:45:54', '2020-05-11 14:45:54', 1, 1),
(11, '', 8, 0, 1, '2020-05-12 08:29:10', '2020-05-12 08:29:10', 1, 1);

-- --------------------------------------------------------

--
-- Table structure for table `email_templates_text`
--

CREATE TABLE `email_templates_text` (
  `Email_templateTextID` int(11) NOT NULL,
  `Email_templateID` int(11) NOT NULL,
  `Title` varchar(255) NOT NULL,
  `Heading` varchar(255) NOT NULL,
  `Description` text NOT NULL,
  `SystemLanguageID` int(11) NOT NULL,
  `CreatedAt` datetime NOT NULL,
  `UpdatedAt` datetime NOT NULL,
  `CreatedBy` int(11) NOT NULL,
  `UpdatedBy` int(11) NOT NULL
) ENGINE=InnoDB DEFAULT CHARSET=utf8;

--
-- Dumping data for table `email_templates_text`
--

INSERT INTO `email_templates_text` (`Email_templateTextID`, `Email_templateID`, `Title`, `Heading`, `Description`, `SystemLanguageID`, `CreatedAt`, `UpdatedAt`, `CreatedBy`, `UpdatedBy`) VALUES
(1, 1, 'Signup', 'Signup', '<p><strong>Welcome {{name}} ,</strong></p>\r\n<p>Thank you for registering with Chocomood. We hope to provide you the best of our services.</p>\r\n<p>Your login details are:</p>\r\n<p>Email: {{email}}</p>\r\n<p>Password: {{password}}</p>\r\n<p>&nbsp;</p>\r\n<p><strong>Thanks.</strong></p>', 1, '2018-07-02 17:08:45', '2020-05-07 21:47:26', 1, 1),
(4, 4, 'Reset Password', 'Reset Password', '<p><strong>Hi {{name}} ,</strong></p>\r\n<p>We received your request to reset your password at chocomood. We have generated a new password for you. Please login using your new password at chocomood and change your password from profile section.</p>\r\n<p>Here are your login details at chocomood.</p>\r\n<p>&nbsp;</p>\r\n<p>Email: {{email}}</p>\r\n<p>Password: {{password}}</p>\r\n<p>&nbsp;</p>\r\n<p><strong>Thanks.</strong></p>', 1, '2018-07-02 18:10:31', '2020-10-03 17:03:14', 1, 1),
(5, 5, 'Order Status Changed', 'Order Status Changed', '<p><strong>Dear {{name}} ,</strong></p>\r\n<p>Status for your order no. {{order_no}} is changed to {{order_status}}.</p>', 1, '2018-07-02 18:35:12', '2019-04-09 11:37:19', 1, 1),
(6, 5, 'Order Status Changed', 'Order Status Changed', '<p><strong>عزيزي&nbsp;{{name}} ,</strong></p>\r\n<p>تم تغيير حالة طلبك رقم&nbsp;{{order_no}}&nbsp;إلى {{order_status}}.</p>', 2, '2018-07-02 18:36:55', '2020-10-04 16:04:38', 1, 1),
(7, 1, 'Signup At Chocomood', 'Signup at Chocomood', '<p><strong>مرحبا&nbsp;{{fullname}} ,</strong></p>\r\n<p>شكرًا لك على التسجيل في شوكومود. نأمل أن نقدم لك أفضل خدماتنا.</p>\r\n<p>تفاصيل تسجيل الدخول الخاصة بك هي:</p>\r\n<p>البريد الالكتروني: {{email}}</p>\r\n<p>كلمة المرور: {{password}}</p>\r\n<p>&nbsp;</p>\r\n<p><strong>شكراُ لك</strong><strong>.</strong></p>', 2, '2019-03-01 16:04:09', '2020-10-04 15:36:20', 1, 1),
(8, 4, 'Reset Password', 'Reset Password', '<p><strong>مرحبا&nbsp;{{name}} ,</strong></p>\r\n<p>&nbsp;</p>\r\n<p>لقد تلقينا طلبك لإعادة تعيين كلمة المرور الخاصة بك في&nbsp;شوكومود لقد أنشأنا كلمة مرور جديدة لك. يرجى تسجيل الدخول باستخدام كلمة المرور الجديدة في&nbsp;شوكومود وتغيير كلمة المرور الخاصة بك من الملف الشخصي.</p>\r\n<p>&nbsp;</p>\r\n<p>هنا تفاصيل تسجيل الدخول الخاصة بك في&nbsp;شوكومود</p>\r\n<p>البريد الالكتروني: {{email}}</p>\r\n<p>كلمة المرور: {{password}}</p>\r\n<p>لن تطلب منك خدمة عملاء شوكومود أبداً الكشف عن كلمة مرور شوكومود او كلمة&nbsp;</p>\r\n<p>المرور لمرة واحدة او بطاقة الائتمان او اي ارقام حسابات&nbsp; مصرفية او التحقق منها .</p>\r\n<p>إذا تلقيت بريداً إلكترونياُ مريباً يحتوي على رابط لتحديث معلومات حسابك , فلا تنقر فوق&nbsp;</p>\r\n<p>الرابط - بدلا من ذلك , قم بابلاغ شوكومود بالبريد الالكتروني للتحقق .&nbsp;</p>\r\n<p>ابق متيقظاً لاحتيال محتمل .</p>\r\n<p>نحن نأمل ان نراك قريباً مره أخرى ,</p>\r\n<p>&nbsp;<strong>شكراً لك</strong></p>', 2, '2018-07-02 18:10:31', '2020-10-04 16:03:07', 1, 1),
(9, 6, 'Order Status Changed For Assigned Order Driver', 'Order Status Changed For Assigend Order', '<p><strong>Dear {{name}} ,</strong></p>\r\n<p>Status for your assigned order no. {{order_no}} is changed to {{order_status}}.</p>', 1, '2019-04-05 09:22:13', '2019-04-09 11:38:19', 1, 1),
(10, 6, 'Order Status Changed For Assigned Order Driver Ar', 'Order Status Changed For Assigend Order', '<p><strong>عزيزي&nbsp;{{name}} ,</strong></p>\r\n<p>الحالة للطلب الخاص بك رثم. {{order_no}}&nbsp;تم تغيرها الي {{order_status}}.</p>', 2, '2019-04-05 09:23:02', '2020-10-04 16:06:34', 1, 1),
(11, 7, 'Delivery OTP', 'Delivery OTP', '<p><strong>Hi {{name}} ,</strong></p>\r\n<p>Your order # {{order_number}} is assigned to the delivery boy with delivery OTP {{OTP}}. Please give this OTP to the delivery boy who gives you parcel. You can also ask him to scan QR code sent in email.</p>\r\n<p>&nbsp;</p>\r\n<p>&nbsp;</p>\r\n<p><strong>Thanks.</strong></p>', 1, '2019-11-05 09:02:29', '2019-11-07 12:11:41', 1, 1),
(12, 7, 'Delivery OTP', 'Delivery OTP', '<p><strong>مرحباً&nbsp;{{name}} ,</strong></p>\r\n<p>تم تعيين طلبك رقم&nbsp;# {{order_number}}&nbsp;لمندوب التوصيل مع التسليم OTP {{OTP}}. يرجي اعطاء هذا OTP لمندوب التوصيل الذي يمنحك الطلب .</p>\r\n<p>يمكنك ايضاً أن تطلب منه مسح رمز الاستجابة السريعة المرسل بالبريد الإلكتروني .</p>\r\n<p>&nbsp;</p>\r\n<p><strong>شكراً لك .</strong></p>', 2, '2019-11-05 09:02:29', '2020-10-04 16:11:27', 1, 1),
(13, 8, 'Cancelled Order (Collected From Store)', 'Cancelled Order', '<p><strong>Dear {{name}}</strong> ,</p>\r\n<p>Your order no. {{order_no}} is cancelled as you have not collected it from store within 3 days<br />Thanks</p>\r\n<p>&nbsp;</p>', 1, '2020-05-11 10:54:05', '2020-05-11 10:54:05', 1, 1),
(14, 8, 'Cancelled Order (Collected From Store)', 'Cancelled Order', '<p><strong>عزيزي&nbsp;{{name}}</strong> ,</p>\r\n<p>تم إلغاء طلبك رقم. {{order_no}}</p>\r\n<p>لعدم استلامة من المتجر خلال 3 أيام<br /><strong>شكراً لك</strong></p>\r\n<p><strong>&nbsp;</strong></p>', 2, '2020-05-11 10:54:05', '2020-10-04 16:13:31', 1, 1),
(15, 9, 'Cancelled Order (Collected From Store) To Admin', 'Order Cancelled', '<p><strong>Dear {{name}}</strong>&nbsp;,</p>\r\n<p>Order no. {{order_no}} is cancelled as&nbsp;customer&nbsp;is not collected it from store within 3 days<br />Thanks</p>', 1, '2020-05-11 11:45:19', '2020-05-11 11:45:19', 1, 1),
(16, 9, 'Cancelled Order (Collected From Store) To Admin', 'Order Cancelled', '<p><strong>عزيزي&nbsp;{{name}}</strong>&nbsp;,</p>\r\n<p>سوف يتم إلغاء الطلب رقم . {{order_no}}</p>\r\n<p>لأن العميل لم يقم بأستلامة من المتجر خلال 3 أيام<br /><strong>شكراً لك</strong></p>', 2, '2020-05-11 11:45:19', '2020-10-04 16:16:09', 1, 1),
(17, 10, 'Order Status Changed (To Store Admin)', 'Order Status Changed', '<p><strong>Dear {{name}} ,</strong></p>\r\n<p>Status for order no. {{order_no}} is changed to {{order_status}}.</p>', 1, '2020-05-11 14:45:54', '2020-05-11 14:45:54', 1, 1),
(18, 10, 'Order Status Changed (To Store Admin)', 'Order Status Changed', '<p><strong>عزيزي&nbsp;{{name}} ,</strong></p>\r\n<p>حالة الطلب رقم. {{order_no}}&nbsp;تم تغييره الى&nbsp;{{order_status}}.</p>', 2, '2020-05-11 14:45:54', '2020-10-04 16:17:17', 1, 1),
(19, 11, 'Ticket Response Email If Customer Is Offline', 'Ticket Response', '<p><strong>Dear {{name}} ,</strong></p>\r\n<p>Chocomood admin response on your ticket has ordered no. {{order_no}} with the message, {{message}}.</p>', 1, '2020-05-12 08:29:10', '2020-05-12 08:29:10', 1, 1),
(20, 11, 'Ticket Response Email If Customer Is Offline', 'Ticket Response', '<p><strong>Dear {{name}} ,</strong></p>\r\n<p>رد مدير شوكومود على طلبك رقم. {{order_no}} بالرسالة, {{message}}.</p>', 2, '2020-05-12 08:29:10', '2020-10-05 10:18:07', 1, 1);

-- --------------------------------------------------------

--
-- Table structure for table `faqs`
--

CREATE TABLE `faqs` (
  `FaqID` int(11) NOT NULL,
  `SortOrder` int(11) NOT NULL,
  `Hide` tinyint(4) NOT NULL,
  `IsActive` tinyint(4) NOT NULL,
  `CreatedAt` datetime NOT NULL,
  `UpdatedAt` datetime NOT NULL,
  `CreatedBy` int(11) NOT NULL,
  `UpdatedBy` int(11) NOT NULL
) ENGINE=MyISAM DEFAULT CHARSET=utf8;

--
-- Dumping data for table `faqs`
--

INSERT INTO `faqs` (`FaqID`, `SortOrder`, `Hide`, `IsActive`, `CreatedAt`, `UpdatedAt`, `CreatedBy`, `UpdatedBy`) VALUES
(14, 1, 0, 1, '2020-05-07 20:46:26', '2020-05-08 00:07:20', 1, 1),
(13, 0, 0, 1, '2020-05-07 20:40:04', '2020-05-13 14:53:29', 1, 1),
(16, 3, 0, 1, '2020-05-07 20:57:34', '2020-05-08 00:20:25', 1, 1),
(17, 4, 0, 1, '2020-05-07 20:59:57', '2020-05-08 00:22:40', 1, 1),
(18, 5, 0, 1, '2020-05-07 21:03:25', '2020-05-13 14:54:33', 1, 1),
(19, 6, 0, 1, '2020-05-07 21:10:20', '2020-05-13 14:54:02', 1, 1),
(20, 7, 0, 1, '2020-05-07 21:18:39', '2020-05-13 14:55:47', 1, 1),
(21, 8, 0, 1, '2020-05-07 23:49:11', '2020-05-08 00:34:21', 1, 1),
(22, 9, 0, 1, '2020-05-07 23:54:30', '2020-05-13 14:56:48', 1, 1),
(23, 10, 0, 1, '2020-05-08 00:43:35', '2020-05-08 00:43:35', 1, 1),
(24, 11, 0, 1, '2020-05-08 00:52:32', '2020-05-08 00:52:32', 1, 1),
(26, 13, 0, 1, '2020-05-08 01:07:30', '2020-05-08 01:13:43', 1, 1),
(27, 14, 0, 1, '2020-05-08 01:14:24', '2020-05-08 01:14:24', 1, 1),
(28, 15, 0, 1, '2020-05-08 01:25:30', '2020-05-08 01:32:01', 1, 1),
(30, 17, 0, 1, '2020-05-08 01:43:51', '2020-05-08 01:55:32', 1, 1),
(64, 50, 0, 1, '2020-07-25 02:18:10', '2020-07-25 02:18:10', 1, 1),
(32, 19, 0, 1, '2020-05-08 02:58:31', '2020-05-08 03:03:40', 1, 1),
(33, 20, 0, 1, '2020-05-08 03:04:21', '2020-05-08 03:07:51', 1, 1),
(34, 21, 0, 1, '2020-05-08 03:09:47', '2020-05-08 03:11:44', 1, 1),
(35, 22, 0, 1, '2020-05-08 03:13:55', '2020-05-09 02:46:07', 1, 1),
(36, 23, 0, 1, '2020-05-09 02:00:43', '2020-05-09 02:08:01', 1, 1),
(37, 24, 0, 1, '2020-05-09 02:12:25', '2020-05-09 02:12:25', 1, 1),
(38, 25, 0, 1, '2020-05-09 02:23:07', '2020-05-09 02:23:07', 1, 1),
(39, 26, 0, 1, '2020-05-09 02:28:29', '2020-05-09 02:28:29', 1, 1),
(40, 27, 0, 1, '2020-05-09 02:35:23', '2020-05-09 02:43:24', 1, 1),
(41, 28, 0, 1, '2020-05-09 02:49:04', '2020-05-09 02:49:04', 1, 1),
(42, 29, 0, 1, '2020-05-09 03:57:59', '2020-05-09 03:57:59', 1, 1),
(43, 30, 0, 1, '2020-05-09 04:13:36', '2020-05-09 04:13:36', 1, 1),
(44, 31, 0, 1, '2020-05-09 04:20:21', '2020-05-09 04:20:21', 1, 1),
(45, 32, 0, 1, '2020-05-09 04:53:05', '2020-05-09 04:53:05', 1, 1),
(46, 33, 0, 1, '2020-05-09 04:57:59', '2020-05-09 04:57:59', 1, 1),
(47, 34, 0, 1, '2020-05-09 05:01:50', '2020-05-09 05:01:50', 1, 1),
(48, 35, 0, 1, '2020-05-09 05:06:09', '2020-05-09 05:06:09', 1, 1),
(49, 36, 0, 1, '2020-05-09 05:10:29', '2020-05-09 05:10:29', 1, 1),
(50, 37, 0, 1, '2020-05-09 05:21:20', '2020-05-09 05:21:20', 1, 1),
(51, 38, 0, 1, '2020-05-09 05:24:16', '2020-05-09 05:24:16', 1, 1),
(52, 39, 0, 1, '2020-05-09 05:27:00', '2020-05-09 05:27:00', 1, 1),
(53, 40, 0, 1, '2020-05-09 05:30:29', '2020-05-09 05:30:29', 1, 1),
(54, 41, 0, 1, '2020-05-09 05:33:46', '2020-05-09 05:33:46', 1, 1),
(55, 42, 0, 1, '2020-05-09 05:39:35', '2020-05-09 05:39:35', 1, 1),
(56, 43, 0, 1, '2020-05-09 05:43:38', '2020-05-09 05:43:38', 1, 1),
(57, 44, 0, 1, '2020-05-09 05:46:07', '2020-05-09 05:46:07', 1, 1),
(58, 45, 0, 1, '2020-05-09 17:32:24', '2020-05-09 17:32:24', 1, 1),
(59, 46, 0, 1, '2020-05-09 17:40:12', '2020-05-09 17:40:12', 1, 1);

-- --------------------------------------------------------

--
-- Table structure for table `faqs_text`
--

CREATE TABLE `faqs_text` (
  `FaqTextID` int(11) NOT NULL,
  `FaqID` int(11) NOT NULL,
  `Title` text NOT NULL,
  `Answer` text NOT NULL,
  `SystemLanguageID` int(11) NOT NULL,
  `CreatedAt` datetime NOT NULL,
  `UpdatedAt` datetime NOT NULL,
  `CreatedBy` int(11) NOT NULL,
  `UpdatedBy` int(11) NOT NULL
) ENGINE=MyISAM DEFAULT CHARSET=utf8;

--
-- Dumping data for table `faqs_text`
--

INSERT INTO `faqs_text` (`FaqTextID`, `FaqID`, `Title`, `Answer`, `SystemLanguageID`, `CreatedAt`, `UpdatedAt`, `CreatedBy`, `UpdatedBy`) VALUES
(53, 27, 'Can I return part of a promotional purchase, where the discount was calculated on the total cost of my purchase?', '<div>Yes, you can return products that were originally part of a promotion, but you will lose out on the discount.<span> </span></div>\r\n<div>&nbsp;</div>', 1, '2020-05-08 01:14:24', '2020-05-08 01:14:24', 1, 1),
(54, 27, 'هل يمكنني إرجاع جزء من منتجات ترويجية، حيث تم احتساب الخصم على التكلفة الإجمالية لمشترياتي؟', '<div style=\"text-align: right;\">نعم، يمكنك إرجاع منتجات كانت في الأصل جزءًا من عرض ترويجي، ولكنك ستخسر قيمة الخصم.<span> </span></div>\r\n<div>&nbsp;</div>', 2, '2020-05-08 01:14:24', '2020-05-08 01:17:06', 1, 1),
(55, 28, 'What if I want to return a product that was part of a Buy 1 Get 1 Free offer or a Bundle promo?', '<div>If you want to return part of such an order, call Customer Service or return the product to store. Please note, you will only be able to place an online return request if you\'re returning the entire order.</div>\r\n<div>If you paid by cash, here\'s how your refund works:</div>\r\n<div>Once we receive the return, we will issue your refund to your Credit Card, bank account.</div>\r\n<div>If you paid by cash, here\'s how your refund works:</div>\r\n<div>- If you return your order by calling Customer Support, you can ask for a bank transfer.</div>\r\n<div>- If you return to a store, you can request a cash refund.</div>', 1, '2020-05-08 01:25:30', '2020-05-08 01:32:01', 1, 1),
(59, 30, 'Can I cancel my order?', '\"\r\n<div>You can cancel your order in the following ways:</div>\r\n<div>- Go to &lsquo;My Account&rsquo; on our website to initiate cancellation yourself.</div>\r\n<div>- Call us on<span> 966 501212180</span> and we\'ll help you cancel your order.</div>\r\n\"', 1, '2020-05-08 01:43:51', '2020-05-08 01:55:32', 1, 1),
(56, 28, 'ماذا لو كنت أريد إرجاع منتج كان جزءًا من عرض اشتر 1 واحصل على 1 مجانًا أو عرض حزمة ترويجية؟', '<div style=\"text-align: right;\">إذا كنت ترغب في إعادة جزء من هذا الطلب ، فاتصل بخدمة العملاء أو أرجع المنتج إلى المتجر. يرجى ملاحظة أنك ستتمكن فقط من تقديم طلب عبر الإنترنت إذا كنت ستعيد الطلبات بأكملها.</div>\r\n<div style=\"text-align: right;\">في ما يلي طريقة الاستخدام المبلغ المسترد:</div>\r\n<div style=\"text-align: right;\">وبمجرد استلامنا لجميع المنتجات ، سنصدر أموالك المستردة إلى بطاقة الائتمان الخاصة بك أو الحساب المصرفي حسب الحالة.</div>\r\n<div style=\"text-align: right;\">إذا دفعت نقدًا ، فإليك طريقة ارجاع الأموال:</div>\r\n<div style=\"text-align: right;\">إذا قمت بإعادة طلبك عن طريق الاتصال بخدمة دعم العملاء ،فيمكنك&nbsp; طلب تحويل مصرفي.</div>', 2, '2020-05-08 01:25:30', '2020-07-25 01:50:48', 1, 1),
(52, 26, 'ما هي سياسة الإرجاع لديكم؟', '<div style=\"text-align: right;\">سياسة الاستبدال والاسترجاع لشوكو مود:&nbsp;</div>\r\n<div style=\"text-align: right;\">1- في حالة رغبتكم في استرجاع أو استبدال طلبكم يمكنكم ذلك إذا كانت المنتجات سليمة وبدون أي تلف وذلك عن طريق التواصل معنا اوأرجع المنتج إلى المتجر.</div>\r\n<div style=\"text-align: right;\">2- في العروض الترويجية يجب أن يعاد المنتج المجاني مع كل المنتجات الموجودة بالطلب في حال الرغبة بالاسترجاع أو الاستبدال.</div>\r\n<div style=\"text-align: right;\">3- في حال تبين وجود اي عيب بالمنتج المستلم او كانت مخالفة للمواصفات هنا للعميل الحق بالاسترجاع او الاستبدال دون تحمل اي مبلغ.</div>\r\n<div style=\"text-align: right;\">4- في حال تم شراء أكثر من منتج وتريد استبدال أحدهذه المنتجات يمكنك استبدال المنتج ولكن سوف يتم خصم رسوم الشحن.</div>\r\n<div style=\"text-align: right;\">5- اما إذا قمت بشراء أكثر من منتج وتريد ارجاع احدهذه المنتجات وتريد استرجاع قيمته فسيتم تحويل المبلغ لحسابك البنكي بعد خصمرسوم الشحن</div>\r\n<div style=\"text-align: right;\">6- في حال تأخر التسليم عن المدة المتفق عليها من تاريخ الطلب يحق للعميل الغاء عملية الشراء دون تحمل أي مبالغ مالية.</div>\r\n<div style=\"text-align: right;\">7- سياسة الاستبدال والاسترجاع لا تنطبق على المأكولات&nbsp;<br />بالنسبة للمشتريات التي تتم على موقع شوكو مود ، فإننا نضمن وصول طلبك في حالة ممتازة ، بغض النظر عن الطقس ،&nbsp; إذا لم تكن راضيا تماما عن طلبك عند الوصول اليك للاسباب التالية ( خلل مصنعي - تعفن - طبقه بيضاء على الشوكلاتة - غير مطابقه للمواصفات التي ذكرناها - او خطأ في الطلب)، فيرجى الاتصال بمركز خدمة العملاء في غضون ثلاثين (30) دقيقة من الاستلام لاستبدال أو ارجاع البضائع بشكل سريع ومهذب. يرجى مراجعة سياسة الاسترجاع الكاملة لمزيد من التفاصيل&nbsp;</div>', 2, '2020-05-08 01:07:30', '2020-05-08 01:10:20', 1, 1),
(47, 24, 'When it\'s hot outside, are my chocolates at risk of melting?', '<div>In the summer months, we ship all orders with insulated ice packs and shipping containers.<span> </span></div>\r\n<div>&nbsp;</div>', 1, '2020-05-08 00:52:32', '2020-05-08 00:52:32', 1, 1),
(48, 24, 'عندما يكون الجو حارًا في الخارج،هل تكون الشوكولاتة الخاصة بي في خطر الانصهار؟', '<div style=\"text-align: right;\">في أشهر الصيف، نقوم بشحن جميع الطلبات مع عبوات الثلج وحاويات الشحن المعزولة.</div>', 2, '2020-05-08 00:52:32', '2020-07-25 03:07:57', 1, 1),
(63, 32, 'What payment methods do you accept?', '<div>We accept:</div>\r\n<div>Credit and debit cards - issued in the Kingdom of Saudi Arabia, or credit cards</div>\r\n<div>And Visa or MasterCard International discount.</div>\r\n<div>Pay cash on delivery.</div>\r\n<div>STC pays</div>\r\n<div>&nbsp;and mada</div>', 1, '2020-05-08 02:58:31', '2020-05-08 03:03:40', 1, 1),
(127, 64, 'What if I am not home when my order arrives?', 'It is preferable to receive the shipment as soon as possible in order to keep the product intact.', 1, '2020-07-25 02:18:10', '2020-07-25 02:18:10', 1, 1),
(128, 64, 'ماذا لو لم أكن متواجدًا في المنزل عندما يصل طلبي؟', 'يفضل إستلام الشحنة في أقرب فرصة ممكنه وذلك للحفاظ على المنتج سليما.', 2, '2020-07-25 02:18:10', '2020-07-25 02:18:53', 1, 1),
(51, 26, 'What is your return policy?', 'ChocoMod Replacement and Refund Policy: -\r\n<div>1- In the event that you want to return or replace your order, you can do so if the products are intact and without any damage, by contacting us or returning the product to the store.</div>\r\n<div>2- In promotional offers, the free product must be returned with all the products on demand in the event of a return or exchange.</div>\r\n<div>3- In the event that any defect in the received product is found to be in violation of the specifications here, the customer has the right to return or exchange without incurring any amount.</div>\r\n<div>4- If more than one product was purchased and you want to replace one of these products, you can replace the product, but the shipping fee will be deducted.</div>\r\n<div>5- As for if you have purchased more than one product and want to return one of these products and want to recover its value, the amount will be transferred to your bank account after deducting the shipping fee</div>\r\n<div>6- In case the delivery is late than the agreed period from the date of the request, the customer has the right to cancel the purchase process without incurring any financial sums.</div>\r\n<div>7- The exchange and return policy does not apply to food.</div>\r\nFor purchases made on the ChocoMod site, we guarantee that your order will arrive in perfect condition, regardless of the weather, if you are not completely satisfied with your order upon arrival to you for the following reasons (factory defect - mold - white layer on chocolate - not matching the specifications we mentioned - or an error in the order), please contact the Customer Service Center within thirty (30) minutes of receipt to replace or return the goods quickly and politely. Please see the full return policy for more details', 1, '2020-05-08 01:07:30', '2020-05-08 01:13:43', 1, 1),
(38, 19, 'هل سأستلم تأكيد الشحن؟', 'عندما يتم شحن طلبك، سوف تتلقى تأكيد الشحن بما في ذلك رقم تتبع لكل شحنة. يرجى ملاحظة أن هذا التأكيد يتم إرساله عبر البريد الإلكتروني في يوم شحنها. يمكنك أيضًا تتبع طلبك في صفحة مساعدة العملاء الخاصة بنا. يمكنك الاتصال بخدمة العملاء لطلب مزيداً&nbsp; من المعلومات.', 2, '2020-05-07 21:10:20', '2020-07-23 15:08:25', 1, 1),
(39, 20, 'Will I receive an order confirmation?', 'An order receipt will be sent immediately to your email address after placing your order. You will receive an order confirmation email with your order number, order total, and optional gift message within two hours of placing your order. Please review this information as soon as possible to ensure all addresses, items, and arrival dates are correct. If you need to make any changes to your order, contact Customer Care or customercare@chocomood.com', 1, '2020-05-07 21:18:39', '2020-05-13 14:55:47', 1, 1),
(45, 23, 'Can I buy an item on Choco mood.com and pick up my order at a Choco Mood Boutique?', '<div>&nbsp;</div>\r\n<div>Yes Choco mood currently offers our customers the option to make a purchase on Choco mood.com and receive order at one of our stores. We recommend visiting one of our stores to make your purchase. Please visit our store website page to find your nearest store.\"<span> </span></div>\r\n<div>&nbsp;</div>', 1, '2020-05-08 00:43:35', '2020-05-08 00:43:35', 1, 1),
(46, 23, ' هل يمكنني شراء منتج على موقع شوكو مود واستلام طلبي من أحد فروعهم ؟  ', '<div style=\"text-align: right;\">&nbsp;نعم توفر شوكو مود حاليًا لعملائنا خيار إجراء عملية شراء على الموقع واستلام الطلب في أحد متاجرنا. نوصي بزيارة أحد متاجرنا لإجراء عملية الشراء.يرجى زيارة صفحة موقع متجرنا للعثور على المتجر الأقرب إليك .&nbsp;</div>', 2, '2020-05-08 00:43:35', '2020-05-08 00:47:48', 1, 1),
(40, 20, 'هل سأستلم تأكيد الطلب؟', '<p class=\"MsoNormal\" dir=\"RTL\" style=\"margin-bottom: .0001pt; text-align: right; line-height: normal; background: white; direction: rtl; unicode-bidi: embed;\"><span>سيتم إرسال إيصال الطلب على الفور إلى عنوان بريدك الإلكتروني بعد تقديم طلبك. ستتلقى رسالة تأكيد بالبريد الإلكتروني تتضمن رقم الطلب واخرى على هاتفك المحمول المسجل لدينا&nbsp; وتتضمن الرساله النصية رقم الطلب ومجموع الطلب خلال ساعة من تقديم طلبك. يرجى مراجعة هذه المعلومات في أقرب وقت ممكن لضمان صحة جميع العناوين والعناصر وتواريخ الوصول. إذا كنت بحاجة إلى إجراء أي تغييرات على طلبك، فاتصل بخدمة العملاء.</span><span></span></p>', 2, '2020-05-07 21:18:39', '2020-07-25 01:44:23', 1, 1),
(41, 21, 'How long does it take to ship my order?', 'Our usual time to ship orders is between (3-5 days) throughout the regions of the Kingdom of Saudi Arabia, but if you are in the following cities (Makkah - Madinah - Jeddah), you may receive your order within 24 hours', 1, '2020-05-07 23:49:11', '2020-05-08 00:34:21', 1, 1),
(42, 21, 'كم  من الوقت يستغرق الشحن؟', '<p class=\"MsoNormal\" dir=\"RTL\" style=\"margin-bottom: .0001pt; text-align: right; line-height: normal; background: white; direction: rtl; unicode-bidi: embed;\"><span>&nbsp;</span><span>وقتنا المعتاد لشحن الطلبات&nbsp; هو ما بين 2 - 5&nbsp;أيام في ارجاء مناطق المملكة العربية السعودية&nbsp; اما اذا كنت داخل المدن المتواجدة بها فروع شوكومود فقد يصلك طلبك خلال 24 ساعة</span><span></span><span></span><span><span></span><span></span>.</span><span></span><span></span><span><span></span><span></span> إذا لم يكن من الطلبات الخاصة كالطباعة والحفر على الشوكولاتة.</span><span></span></p>', 2, '2020-05-07 23:49:11', '2020-07-23 15:14:01', 1, 1),
(43, 22, 'What are my shipping options?', '<div>We have three options for shipping</div>\r\n<div>1- Urgent shipment up to 24 hours via our delivery representative in each of (Makkah - Madinah - Jeddah) in which our branches are located.</div>\r\n<div>2- Shipping via SMSA company takes 3-5 days.</div>\r\n<div>3- Personal receipt from our store.\"<span> </span></div>\r\n<div>&nbsp;</div>', 1, '2020-05-07 23:54:30', '2020-05-13 14:56:48', 1, 1),
(44, 22, 'ما هي خيارات الشحن الخاص بي؟', '<p class=\"MsoNormal\" dir=\"RTL\" style=\"margin-bottom: .0001pt; text-align: right; line-height: normal; background: white; direction: rtl; unicode-bidi: embed;\"><span>لدينا ثلاثة خيارات للشحن:</span></p>\r\n<p class=\"MsoNormal\" dir=\"RTL\" style=\"margin-bottom: .0001pt; text-align: right; line-height: normal; background: white; direction: rtl; unicode-bidi: embed;\"><span>1- </span><span>الشحن المستعجل حتى 24 ساعة&nbsp; عبر مندوب التوصيل الخاص بنا وذلك في المدن المتواجدة بها فروع شوكومود والتي تقع فيها فروعنا.</span></p>\r\n<p class=\"MsoNormal\" dir=\"RTL\" style=\"margin-bottom: .0001pt; text-align: right; line-height: normal; background: white; direction: rtl; unicode-bidi: embed;\"><span>2- </span><span>الشحن عبر شركة سمسا وتاخذ من 2 -5 ايام</span><span>.</span></p>\r\n<p class=\"MsoNormal\" dir=\"RTL\" style=\"margin-bottom: .0001pt; text-align: right; line-height: normal; background: white; direction: rtl; unicode-bidi: embed;\"><span>3- </span><span>الاستلام الشخصي من متجرنا</span><span>.</span></p>', 2, '2020-05-07 23:54:30', '2020-07-25 01:40:13', 1, 1),
(25, 13, 'When will I receive my order?		', '<div>Order before 12:00 PM and receive your products within 2 business days in Riyadh, Jeddah and Dammam.</div>\r\n<div>Orders placed before 12:00 PM to other areas will be delivered in 4 business days.</div>\r\n<div>Your delivery details will be displayed on your checkout page as you shop.</div>', 1, '2020-05-07 20:40:04', '2020-05-13 14:53:29', 1, 1),
(27, 14, 'Can I change my delivery address after I\'ve placed my order?', 'No, you won\'t be able to change it online. But you can ask for a change of address when our delivery partner calls you before delivering your order. If you choose to do that, though, remember that it may delay the delivery.&nbsp;\r\n<div>&nbsp;</div>', 1, '2020-05-07 20:46:26', '2020-05-08 00:07:20', 1, 1),
(26, 13, 'متى سأستلم طلبي؟				', '<span>احجز طلبك قبل الساعة 12:00 ظهرًا وستصلك منتجاتك خلال يومين الى خمسة أيام.</span>\r\n<p class=\"MsoNormal\" dir=\"RTL\" style=\"margin-bottom: 0.0001pt; text-align: right; line-height: normal; background-image: initial; background-position: initial; background-size: initial; background-repeat: initial; background-attachment: initial; background-origin: initial; background-clip: initial; direction: rtl; unicode-bidi: embed;\"><span>سيتم عرض تفاصيل التوصيل الخاصة بك على صفحة الدفع أثناء التسوق</span><span></span><span></span><span><span></span><span></span>.</span></p>', 2, '2020-05-07 20:40:04', '2020-07-08 14:47:26', 1, 1),
(28, 14, 'هل يمكنني تغيير عنوان التسليم الخاص بي بعد أن قدمت طلبي؟', 'لا، لن يكون بمقدروك تغييره عبر الإنترنت.', 2, '2020-05-07 20:46:26', '2020-07-08 14:48:34', 1, 1),
(31, 16, 'Do you deliver to multiple addresses?', 'We only deliver to the address specified on the order. If you\'d like us to deliver to multiple addresses, send your purchases as separate orders to different addresses. You can store multiple addresses in the My Account section.', 1, '2020-05-07 20:57:34', '2020-05-08 00:20:25', 1, 1),
(37, 19, 'Will I receive a shipping confirmation?', '<div>When your order is shipped, you will need to confirm shipment including a tracking number for each shipment. Please note that this confirmation is sent via email on the day you send. You can also track your order on our Customer Help page.&nbsp; You can call customer service&nbsp; To request track information for all recipients.</div>\r\n<div>&nbsp;</div>', 1, '2020-05-07 21:10:20', '2020-05-13 14:54:02', 1, 1),
(32, 16, 'هل تقوموا بالتسليم إلى عناوين متعددة؟', '<div style=\"text-align: right;\">نحن فقط نسلِّم إلى العنوان المحدد في الطلب. إذا كنت تريد منا التسليم إلى عناوين متعددة، فأرسل مشترياتك كطلبات منفصلة إلى عناوين مختلفة. يمكنك تخزين عناوين متعددة في قسم حسابي.</div>', 2, '2020-05-07 20:57:34', '2020-07-23 14:57:28', 1, 1),
(33, 17, 'Do you deliver to countries outside Saudi Arabia?', 'We\'re sorry, at the moment we only deliver to addresses within Saudi Arabia.', 1, '2020-05-07 20:59:57', '2020-05-08 00:22:40', 1, 1),
(34, 17, 'هل تقدّمون خدمة التوصيل إلى دول خارج المملكة العربية السعودية؟', '<div style=\"text-align: right;\">نأسف، في الوقت الحالي نحن نقدِّم خدمة التوصيل فقط إلى عناوين داخل السعودية.</div>', 2, '2020-05-07 20:59:57', '2020-07-08 14:54:08', 1, 1),
(35, 18, 'Can someone else receive my order on my behalf?', 'Yes, another person can receive your order on your behalf at the address specified on your order (for example, the receptionist at your office). To do so they must show our delivery partner a valid ID of their own (National ID or Iqama Number).', 1, '2020-05-07 21:03:25', '2020-05-13 14:54:33', 1, 1),
(36, 18, 'هل يمكن لشخص آخر استلام طلبي نيابة عني؟', '<div style=\"text-align: right;\">نعم، يمكن لشخص آخر استلام طلبك نيابة عنك على العنوان المُحدد بطلبك (على سبيل المثال، موظف الاستقبال في مكتبك). وللقيام بذلك، يجب عليهم إبراز مُعرِّف هوية صالح لهم (بطاقة الهوية السعودية أو رقم الإقامة) لشريك التوصيل لدينا.</div>', 2, '2020-05-07 21:03:25', '2020-05-08 00:26:25', 1, 1),
(60, 30, 'هل يمكنني إلغاء طلبي؟', 'لا يمكن إلغاء الطلبات الخاصة بعد تأكيدها.', 2, '2020-05-08 01:43:51', '2020-07-25 02:00:16', 1, 1),
(65, 33, 'Can I place an order online without a Credit or Debit Card?', '<div>Yes, you can. Choose the Cash on Delivery option when you place your order, and pay by cash when it is delivered.</div>', 1, '2020-05-08 03:04:21', '2020-05-08 03:07:51', 1, 1),
(64, 32, 'ما هي وسائل الدفع التي تقبلون بها؟', '<div style=\"text-align: right;\">نحن نقبل:</div>\r\n<div style=\"text-align: right;\">بطاقات الائتمان والخصم - الصادرة في المملكة العربية السعودية، أو بطاقات ائتمان</div>\r\n<div style=\"text-align: right;\">وخصم فيزا او ماستركارد الدولية.</div>\r\n<div style=\"text-align: right;\">الدفع نقدًا عند الاستلام.</div>\r\n<div style=\"text-align: right;\">ومدى.</div>', 2, '2020-05-08 02:58:31', '2020-07-25 03:06:42', 1, 1),
(67, 34, 'What is cash on delivery (COD)?', '<div>Payment on Receipt (COD) is one of the payment methods available on our online store; it enables the buyer to pay for his merchandise in cash once he receives the shipment.</div>', 1, '2020-05-08 03:09:47', '2020-05-08 03:11:44', 1, 1),
(66, 33, 'هل يمكنني الطلب عبر الإنترنت دون استخدام بطاقة ائتمان أو بطاقة خصم؟', '<div style=\"text-align: right;\">&nbsp;نعم، يمكنك ذلك إذا كنت في المدن التي بها فروع شوكومود اختر خيار الدفع عند الاستلام لدى إرسال طلبك، وادفع نقدًا عند استلامه.</div>', 2, '2020-05-08 03:04:21', '2020-07-25 02:40:39', 1, 1),
(69, 35, 'How do I choose to pay on delivery when making a purchase from ChocoMod?', '\"\r\n<div style=\"text-align: left;\">\r\n<div>1. After adding the product you wish to purchase \"\"proceed with the purchase\"\" on the shopping cart page, you will have to choose the payment method you wish to use.</div>\r\n<div>2. Click on &ldquo;Payment on Receipt (COD)&rdquo; to continue.</div>\r\n<div>3. You will have the opportunity to review your order before confirming the purchase. After completing, click \"\"Enter your order\"\" on the Purchase Order Review page.</div>\r\n<div>4. You will then be asked to confirm your mobile phone number to complete your order. Once the confirmation process is completed, your order will be sent and shipped to you.</div>\r\n<div>5. Once you receive the shipment, you will be asked to pay the order amount in cash to the delivery officer.</div>\r\n</div>\r\n\"', 1, '2020-05-08 03:13:55', '2020-05-09 02:46:07', 1, 1),
(68, 34, 'ما هو الدفع نقداً عند الاستلام (COD)؟', '<div style=\"text-align: right;\">الدفع عند الاستلام (COD) هي إحدى طرق الدفع المتاحة على متجرنا الالكتروني؛ تمكّن المشتري من دفع ثمن سلعته نقداً بمجرد استلامه الشحنة.</div>', 2, '2020-05-08 03:09:47', '2020-07-25 03:04:01', 1, 1),
(71, 36, 'How do I create an account?', '<div>How do I create an account?</div>\r\n<div>You can set up your Choco Mood Stores.com account in two easy ways - either from our Sign Up page or with your Facebook profile.</div>\r\n<div>To set up your account using our Sign Up page, simply follow these steps:</div>\r\n<div>Click \'Sign In\' at the top of the page.</div>\r\n<div>Click \'Sign Up\' from the drop-down box.</div>\r\n<div>Enter your name and email address.</div>\r\n<div>Create a password and confirm it.</div>\r\n<div>Click \'Create Account Now\'.</div>\r\n<div>To set up your account with your Facebook or Twitter profile, follow these steps:</div>\r\n<div>Click \'Sign In\' at the top of the page.</div>\r\n<div>Click \'Sign In with Facebook or Twitter\'.</div>\r\n<div>Click \'OK\' on the permissions dialog box that appears on your Facebook page or Twitter.</div>\r\n<div>Choco Mood.com will use your Facebook&nbsp; or Twitter&nbsp; details to create your Choco Mood.com account.</div>\r\n<div>&nbsp;</div>', 1, '2020-05-09 02:00:43', '2020-05-09 02:08:01', 1, 1),
(70, 35, '', '\"\r\n<div style=\"text-align: right;\">1. بعد إضافة المنتج الذي ترغب بشرائه \"\"تابـع عمليـة الشـراء\"\" في صفحة عربة التسوق؛ سوف يكون عليك اختيار طريقة الدفع التي ترغب باستخدامها.</div>\r\n<div style=\"text-align: right;\">2. انقر على \"\"الدفـع عنـد الاستـلام (COD)\"\" للمتابعة.</div>\r\n<div style=\"text-align: right;\">3. سوف يكون لديك فرصة مراجعة طلبك قبل تأكيد عملية الشراء. بعد الانتهاء،&nbsp; \"\"أدخـل طلبـك\"\" في صفحة مراجعة طلب الشراء.</div>\r\n<div style=\"text-align: right;\">4. سوف يُطلب منك بعد ذلك تأكيد رقم هاتفك المحمول لاستكمال طلبك. بمجرد إتمام عملية التأكيد، سوف يتم إرسال طلبك وشحنه إليك.</div>\r\n<div style=\"text-align: right;\">5. بمجرد استلامك الشحنة، سيطلب منك دفع قيمة الطلب نقداً لموظف التوصيل.</div>\r\n\"', 2, '2020-05-08 03:13:55', '2020-05-12 14:04:01', 1, 1),
(74, 37, 'هل يمكنني تغيير عنوان بريدي الإلكتروني؟', '<div style=\"text-align: right;\">نعم باستطاعتك تغيير الايميل ورقم الهاتف الذي قمت بتسجيلة .</div>', 2, '2020-05-09 02:12:25', '2020-05-09 02:15:36', 1, 1),
(75, 38, 'How do I change my password?', '<div>&nbsp;</div>\r\n<div>To change your password, follow these easy steps:</div>\r\n<div>Log in to your account at Choco Mood.com.</div>\r\n<div>Go to the \"\"\"\" \"\"My Account\"\" \"\"section.</div>\r\n<div>Go to your profile page.</div>\r\n<div>Click on &ldquo;Change Password&rdquo;.</div>\r\n<div>Enter the current and new password (choose a secure password that is easy to remember), and confirm it.</div>\r\n<div>Click on the \"\"\"\" \"\"Save Changes\"\" \"\"\"\" \"\"button.\"<span> </span></div>\r\n<div>&nbsp;</div>', 1, '2020-05-09 02:23:07', '2020-05-09 02:23:07', 1, 1),
(76, 38, 'كيف أقوم بتغيير كلمة السر؟', '<div style=\"text-align: right;\">لتغيير كلمة السر، اتبع هذه الخطوات السهلة:</div>\r\n<div style=\"text-align: right;\">سجل الدخول إلى حسابك على موقع Choco Mood.com.</div>\r\n<div style=\"text-align: right;\">اذهب إلى قسم \"\"\"\"حسابي\"\"\"\".</div>\r\n<div style=\"text-align: right;\">اذهب إلى صفحة ملفك الشخصي.</div>\r\n<div style=\"text-align: right;\">اضغط على \"\"\"\"تغيير كلمة السر\"\"\"\".</div>\r\n<div style=\"text-align: right;\">أدخل كلمة السر الحالية والجديدة (اختر كلمة سر آمنة ويسهل تذكرها)، وقم بتأكيدها.</div>\r\n<div style=\"text-align: right;\">اضغط على زر \"\"\"\"حفظ التغييرات\"\"\"\".</div>\r\n<div style=\"text-align: right;\">&nbsp;</div>', 2, '2020-05-09 02:23:07', '2020-05-09 02:24:17', 1, 1),
(72, 36, 'كيف أقوم بإنشاء حساب جديد؟', '<div style=\"text-align: right;\">يمكنك إنشاء حساب على Choco Mood بطريقتين سهلتين - إما عبر صفحة الاشتراك على الموقع أو باستخدام ملفك الشخصي على فيسبوك او تويتر.</div>\r\n<div style=\"text-align: right;\">لإنشاء حسابك عبر صفحة الاشتراك على الموقع، ما عليك سوى اتباع الخطوات التالية:</div>\r\n<div style=\"text-align: right;\">اضغط على \"\"تسجيل الدخول\"\" أعلى الصفحة.</div>\r\n<div style=\"text-align: right;\">اضغط على \"\"اشتراك\"\" من المربع المنسدل.</div>\r\n<div style=\"text-align: right;\">أدخل اسمك وعنوان بريدك الإلكتروني.</div>\r\n<div style=\"text-align: right;\">قم بإنشاء كلمة السر وتأكيدها.</div>\r\n<div style=\"text-align: right;\">اضغط على \"\"إنشاء حساب الآن\"\".</div>\r\n<div style=\"text-align: right;\">لإنشاء حسابك باستخدام ملفك الشخصي على فيسبوك، او تويتر اتبع الخطوات التالية:</div>\r\n<div style=\"text-align: right;\">اضغط على \"\"تسجيل الدخول\"\" أعلى الصفحة.</div>\r\n<div style=\"text-align: right;\">اضغط على \"\"تسجيل الدخول عبر فيسبوك او عبر التويتر\"\".</div>\r\n<div style=\"text-align: right;\">اضغط على \"\"موافق\"\" في مربع الأذونات الذي يظهر على صفحتك على فيسبوك او على تويتر.</div>\r\n<div style=\"text-align: right;\">سيستخدم موقع Choco Mood.com تفاصيل حسابك على فيسبوك&nbsp; او تويتر لإنشاء حساب لك على شوكو مود</div>\r\n<div style=\"text-align: right;\">أصبحت جاهزًا للانطلاق! نتمنى لك تسوقًا ممتعًا!</div>\r\n<div style=\"text-align: right;\">يُرجى ملاحظة أنه بمجرد إنشاء حسابك معنا، ستتمكن من التسوق لدى كافة العلامات التجارية التابعة للاندمارك عبر الإنترنت، وذلك من حساب واحد.</div>\r\n<div>&nbsp;</div>', 2, '2020-05-09 02:00:43', '2020-05-09 02:00:43', 1, 1),
(73, 37, 'Can I change my email address?', '<div>Yes, you can change the email and phone number that you registered.\"<span> </span></div>\r\n<div>&nbsp;</div>', 1, '2020-05-09 02:12:25', '2020-05-09 02:12:25', 1, 1),
(77, 39, 'Is my account information and payment information safe?', '<div>Your account information, credit card and debit card information are secured with best-in-class 256-bit SSL encryption.</div>\r\n<div>To keep your personal data and payment information secure, we guarantee that sensitive and private data is exchanged between you and Choco Mood.com over the Secure Link Layer (SSL) communication channel, and it is encrypted and protected with digital signatures.</div>\r\n<div>The secure communication channels are designed with the secure link layer to protect all sensitive and personal information sent over the Internet. For security reasons, we only store and display the last four digits of your credit or debit card number and the card expiration date when placing an order.<span> </span></div>\r\n<div>&nbsp;</div>', 1, '2020-05-09 02:28:29', '2020-05-09 02:28:29', 1, 1),
(78, 39, 'هل معلومات حسابي ومعلومات الدفع آمنة؟', '<div style=\"text-align: right;\">يتم تأمين معلومات حسابك ومعلومات بطاقة الائتمان وبطاقة الخصم من خلال تشفير طبقة الوصلات الآمنة 256 بت الأفضل في فئتها.</div>\r\n<div style=\"text-align: right;\">للحفاظ على بياناتك الشخصية ومعلومات الدفع الخاصة بك آمنة، فإننا نضمن تبادل البيانات الحسّاسة والخاصة بينك وبين موقع Choco Mood.com عبر قناة اتصال طبقة الوصلات الآمنة (SSL)، ويتم تشفيرها وحمايتها باستخدام التوقيعات الرقمية.</div>\r\n<div style=\"text-align: right;\">وقد صممت قنوات الاتصال المؤمنة بطبقة الوصلات الآمنة خصيصًا لحماية جميع المعلومات الشخصية والحسَّاسة المرسلة عبر الإنترنت. لأسباب أمنية، نقوم فقط بتخزين وعرض آخر أربعة أرقام من رقم بطاقة الائتمان الخاصة بك أو بطاقة الخصم وتاريخ انتهاء صلاحية البطاقة عند إجراء طلب.</div>\r\n<div style=\"text-align: right;\">&nbsp;</div>\r\n<div style=\"text-align: right;\">&nbsp;</div>', 2, '2020-05-09 02:28:29', '2020-05-09 02:30:07', 1, 1),
(79, 40, 'How do I order products online?', '<div>Easy!</div>\r\n<div>Find the products you want to buy by searching for them or by browsing our departments.</div>\r\n<div>Add these products to your basket with the \'Add to Basket\' button.</div>\r\n<div>Click your mini-basket from the top right of the screen and hit the \'Checkout Now\' button.</div>\r\n<div>Enter your shipping information and click the \'Ship to this Address\' button.</div>\r\n<div>Enter your payment information and click the \'Continue\' button.</div>\r\n<div>Review your order and place it using the \'Place Your Order\' button.</div>\r\n<div>That&rsquo;s it! You&rsquo;re all done.</div>\r\n<div>If you need any help along the way, give us a call on&nbsp; +966 501212180 hours a day, 7 days a week, so we can talk you through it.</div>\r\n<div>&nbsp;</div>', 1, '2020-05-09 02:35:23', '2020-05-09 02:43:24', 1, 1),
(81, 41, 'Can I place an order without opening an online account?', '<div>&nbsp;</div>\r\n<div>Yes, you can. Simply skip the sign-in process and shop as a guest. You&rsquo;ll only need to enter your address and payment information when you check out.<span> </span></div>\r\n<div>&nbsp;</div>', 1, '2020-05-09 02:49:04', '2020-05-09 02:49:04', 1, 1),
(82, 41, 'هل يمكنني تقديم طلب دون فتح حساب عبر الإنترنت؟', '<div style=\"text-align: right;\">نعم، يمكنك ذلك. ببساطة تخطى عملية تسجيل الدخول وتسوَّق كضيف. ستحتاج فقط إلى إدخال عنوانك ومعلومات الدفع عند عملية الدفع.</div>', 2, '2020-05-09 02:49:04', '2020-05-09 02:49:59', 1, 1),
(80, 40, 'كيف يتسنى لي طلب منتجات عبر الإنترنت؟', 'إنه أمر سهل!\r\n<div>يمكنك العثور على المنتجات التي تريد شراءها من خلال البحث عنها أو من خلال استعراض أقسامنا.</div>\r\n<div>أضف هذه المنتجات إلى سلتك باستخدام الزر \"\"إضافة إلى السلة\"\" أو تسوقها تلقائيًا مع زر \"\"اشترِ الآن\"\".</div>\r\n<div>اضغط على سلتك الصغيرة من أعلى يسار الشاشة واضغط على الزر \"\"الدفع الآن\"\".</div>\r\n<div>أدخل معلومات الشحن وقم بإتمام طلبك بالضغط على الزر \"\"ادفع الآن\"\" لخيارات الدفع الإلكتروني أو \"\"إتمام طلبي\"\" للدفع عند الاستلام.</div>\r\n<div>هذا كل ما هنالك! لقد انتهيت من القيام بالأمر.</div>\r\n<div>إذا كنت بحاجة إلى أي مساعدة في أي وقت، يمكنك الاتصال بنا على+966501212180 خلال أوقات الدوام الرسمي.</div>', 2, '2020-05-09 02:35:23', '2020-07-25 02:42:47', 1, 1),
(83, 42, 'How do I locate my nearest store?', '<div>Store locator will help you find the nearest Choco Mood store.</div>\r\n<div>&nbsp;</div>', 1, '2020-05-09 03:57:59', '2020-05-09 03:57:59', 1, 1),
(84, 42, 'كيف أحدد موقع أقرب متجر لي؟', '<div style=\"text-align: right;\">سوف يساعدك تحديد مواقع المتاجر في العثور على أقرب متجر لشوكو مود.</div>', 2, '2020-05-09 03:57:59', '2020-05-09 04:03:02', 1, 1),
(85, 43, 'Do offers and promotions appear on your website?', '<div>&nbsp;</div>\r\n<div style=\"text-align: left;\">Yes, we regularly run offers and promotions on Choco Mood.com. Continue reading our new offers or simply subscribe to our newsletter and get information about the latest deals that arrive in your inbox.<span> </span></div>\r\n<div>&nbsp;</div>', 1, '2020-05-09 04:13:36', '2020-05-09 04:13:36', 1, 1),
(86, 43, 'هل تظهر العروض والعروض الترويجية على موقع الويب لديكم؟', '<div style=\"text-align: right;\">نعم، نحنن قوم بانتظام&nbsp; بعمل عروضًا&nbsp; ترويجية على موقع Choco Mood.com. تابع مطالعة عروضنا الجديدة أو قم ببساطة بالاشتراك في رسالتنا الإخبارية واحصل على معلومات حول آخر الصفقات التي تصل لصندوق الوارد لديك.</div>', 2, '2020-05-09 04:13:36', '2020-05-09 04:14:25', 1, 1),
(87, 44, 'Are the prices presented on your website different from the prices in the store?', '<div>Our online prices are usually the same as the ones we offer in store. However, we occasionally offer exclusive promotions online or in the store that may lead to price differences.<span> </span></div>\r\n<div>&nbsp;</div>', 1, '2020-05-09 04:20:21', '2020-05-09 04:20:21', 1, 1),
(88, 44, 'هل تختلف الأسعار المُقدمة على موقع الإنترنت لديكم عن الأسعار في المتجر؟', '<div style=\"text-align: right;\">عادة ما تكون الأسعار على الإنترنت لدينا نفس الأسعار التي نقدمها في المتجر. ومع ذلك فنحن نقدم من حين لآخر عروضًا ترويجية حصرية على الإنترنت أو في المتجر والتي قد تؤدي إلى وجود اختلافات في الأسعار.</div>', 2, '2020-05-09 04:20:21', '2020-07-25 02:45:06', 1, 1),
(89, 45, 'How can I apply for a job with Choco mood?', '<div>&nbsp;</div>\r\n<div>For a listing of all current job openings at Choco Mood visit our Careers page. This area of the site includes a review of corporate benefits, current job openings, and the ability to submit your resume online</div>', 1, '2020-05-09 04:53:05', '2020-05-09 04:53:05', 1, 1),
(90, 45, 'كيف يمكنني التقدم لوظيفة في شوكو مود؟', '<div style=\"text-align: right;\">للحصول على قائمة بجميع فرص العمل الحالية في شوكو مود، تفضل بزيارة صفحة الوظائف. تتضمن هذه المنطقة من الموقع مراجعةً لمزايا الشركات، وفرص العمل الحالية، والقدرة على إرسال سيرتك الذاتية عبر الإنترنت.&nbsp;</div>', 2, '2020-05-09 04:53:05', '2020-05-09 04:56:58', 1, 1),
(91, 46, 'What makes your products so special?', '<div>This is our vision to provide the highest quality chocolate and candy products in the Kingdom of Saudi Arabia, which can be customized with your logo and design.<span> </span></div>\r\n<div>&nbsp;</div>', 1, '2020-05-09 04:57:59', '2020-05-09 04:57:59', 1, 1),
(92, 46, 'ما الذي يجعل منتجاتكم مميزة؟', '<div style=\"text-align: right;\">&nbsp;رؤيتنا في تقديم أعلى جودة من منتجات الشوكولاتة والحلوى في المملكة العربية السعودية والتي يمكن تخصيصها بشعارك وتصميمك</div>', 2, '2020-05-09 04:57:59', '2020-05-09 04:59:00', 1, 1),
(93, 47, 'Do you send samples?', '<div>Although we cannot ship samples to you, our company ChocoMood stores often provide samples of our products to store visitors.</div>\r\n<div>&nbsp;</div>', 1, '2020-05-09 05:01:50', '2020-05-09 05:01:50', 1, 1),
(94, 47, 'هل ترسل عينات؟', '<div style=\"text-align: right;\">على الرغم من أننا لا نستطيع شحن عينات إليك ، إلا أن متاجر شوكو مود المملوكة لشركتن تقدم في كثير من الأحيان عينات من منتجاتنا لزوار المتجر.</div>\r\n<div>&nbsp;</div>', 2, '2020-05-09 05:01:50', '2020-07-25 03:02:02', 1, 1),
(95, 48, 'Can I order one piece box or specify the pieces I want in the box?', '<div>Although we don\'t offer this service online right now, Choco Mood stores have the ability to help you create and customize your own collections. Select the closest Choco mood store and choose the ranges that suit you. As we will provide this service online soon\"<span> </span></div>\r\n<div>&nbsp;</div>\r\n<div>&nbsp;</div>', 1, '2020-05-09 05:06:09', '2020-05-09 05:06:09', 1, 1),
(96, 48, 'هل يمكنني طلب علبه من قطعة واحدة أو تحديد القطع التي أريدها في الصندوق؟', '<div style=\"text-align: right;\">على الرغم من أننا لا نقدم هذه الخدمة عبر الإنترنت حالياً ، الا ان متاجر Choco mood لديها القدرة على مساعدتك في إنشاء وتخصيص تشكيلاتك الخاصة.&nbsp; قم بتحديد أقرب متجرChoco mood واختيار التشكيلات التي تناسبك . حيث اننا سنقدم هذه الخدمة عبر الانترنت في القريب العاجل</div>', 2, '2020-05-09 05:06:09', '2020-05-09 05:09:15', 1, 1),
(97, 49, 'How can I customize a piece of chocolate to become my own or carry my motto / picture?', '<div>Through your request for our products through our website, under the allocation link (cost), where we work hard to satisfy customers, so that we can create your own chocolate and print your own picture with the chocolate box you requested. One of our employees will contact you. And the size of chocolate.<span> </span></div>\r\n<div>&nbsp;</div>', 1, '2020-05-09 05:10:29', '2020-05-09 05:10:29', 1, 1),
(98, 49, 'كيف يمكنني تخصيص قطعة شوكولاتة لتصبح خاصة بي او تحمل شعاري / صورتي؟', '<div style=\"text-align: right;\">من خلال طلبك&nbsp; لمنتجاتنا عبر موقعنا الالكتروني وذلك تحت رابط التخصيص (cost)حيث نعمل جاهدين لارضاء العملاء وبذلك نستطيع انشاء شوكلاة خاصه بك وطباعة صوره خاصه بك بعلبة الشوكلاته التي طلبتها .سيقوم احد موظفينا بالتواصل معك.حيث يجب ان يكون الاسم والصوره متناسبين مع متطلبات الطباعه وحجم الشوكلاتة.</div>', 2, '2020-05-09 05:10:29', '2020-05-09 05:11:39', 1, 1),
(99, 50, 'What about allergic patients associated with your products?', '<div>Note that all our products may contain traces of nuts, milk, and gluten.</div>\r\n<div>No one with allergy to milk, nuts or gluten should consume any of our products.</div>\r\n<div>&nbsp;</div>', 1, '2020-05-09 05:21:20', '2020-05-09 05:21:20', 1, 1),
(100, 50, 'ما ذا عن مرضى الحساسية المرتبطة بمنتجاتكم؟', '<div style=\"text-align: right;\">ننبه انه قد تحتوي جميع منتجاتنا على آثار للمكسرات والحليب والغلوتين.</div>\r\n<div style=\"text-align: right;\">يجب ألا يستهلك أي شخص مصاب بحساسية الحليب او المكسرات او الغلوتين أيا من منتجاتنا.<br />وسوف يتم دراسة توفيرما يناسي الأشخاص الذين لديهم حساسية من هذه المنتجات في القريب العاجل.</div>', 2, '2020-05-09 05:21:20', '2020-07-25 02:48:20', 1, 1),
(101, 51, 'Does your chocolate contain dairy products?', '<div>ALL of our dark, milk, and white chocolate may contain dairy or milk products. Any person with a dairy allergy should NOT consume ANY of our products.</div>\r\n<div>&nbsp;</div>', 1, '2020-05-09 05:24:16', '2020-05-09 05:24:16', 1, 1),
(102, 51, 'هل تحتوي الشوكولاتة على منتجات الألبان؟', '<div style=\"text-align: right;\">قد تحتوي جميع الشوكولاتة الداكنة والحليب والشوكولاتة البيضاء على منتجات الألبان أو الحليب بنسب مختلفة. يجب ألا يستهلك أي شخص يعاني من حساسية منتجات الألبان أيًا من منتجاتنا.</div>', 2, '2020-05-09 05:24:16', '2020-05-09 05:25:06', 1, 1),
(103, 52, 'Does your chocolate contain nuts?', '<div>ALL of our products including solid chocolate pieces may contain nuts and/or peanuts. Any person with a nut allergy should NOT consume ANY of our products .</div>\r\n<div>&nbsp;</div>\r\n<div>&nbsp;</div>', 1, '2020-05-09 05:27:00', '2020-05-09 05:27:00', 1, 1),
(104, 52, 'هل تحتوي الشوكولاتة على مكسرات؟', '<div style=\"text-align: right;\">جميع منتجاتنا بما في ذلك قطع الشوكولاتة الصلبة&nbsp; تحتوي على نسبه مكسرات و / أو فول سوداني&nbsp; . يجب ألا يستهلك أي شخص يعاني من حساسية من المكسرات أيًا من منتجاتنا.</div>', 2, '2020-05-09 05:27:00', '2020-05-09 05:28:11', 1, 1),
(105, 53, 'How many flavors can I choose?', '<div>Choco Mode is keen to satisfy its customers by the multiplicity of our many flavors, which exceed 200 items, hoping to satisfy your taste. Take your time to see our products through our website and choose what suits you best.</div>\r\n<div>&nbsp;</div>\r\n<div>&nbsp;</div>', 1, '2020-05-09 05:30:29', '2020-05-09 05:30:29', 1, 1),
(106, 53, 'كم عدد النكهات التي يمكنني اختيارها؟', '<div style=\"text-align: right;\">تحرص شوكو مود على إرضاء عملائها وذلك ببتعدد نكهاتنا&nbsp; الكثيره والتي تفوق 200 صنف املين ان تنال رضاء ذائقتكم .خذ وقتك للاطلاع على منتجاتنا عبر موقعنا الالكتروني&nbsp; واختر مايناسبك منها .</div>', 2, '2020-05-09 05:30:29', '2020-07-25 03:00:59', 1, 1),
(107, 54, 'Can you print gold or silver colors on the covers?', '<div>Yes, the covers of some types of chocolate, which are affiliated with Choco Mood, are designed in a way that allows you to choose the special packaging in it, through a wide range of colors, including gold and silver.\"<span> </span></div>\r\n<div>&nbsp;</div>', 1, '2020-05-09 05:33:46', '2020-05-09 05:33:46', 1, 1),
(108, 54, 'هل يمكنك طباعة ألوان ذهبية أو فضية على الأغلفة؟', '<div style=\"text-align: right;\">نعم لقد صممت اغلفة بعض أنواع الشوكولا التابعة لشوكو مود&nbsp; بطريقه تسمح لك باختيار الغلاف الخاص فيها&nbsp; وذلك عبر طيف واسع من الألوان ومنها الذهبيه والفضية .</div>', 2, '2020-05-09 05:33:46', '2020-05-09 05:38:24', 1, 1),
(109, 55, 'What is the percentage of cocoa in chocolate bars?', '<div>&nbsp;</div>\r\n<div>The percentage of cocoa varies according to its type, including white milk chocolate = 0 %, while milk chocolate (by &ge; 10%) and higher than these and dark chocolate (by &ge; 35%) and raw chocolate are 100%.<span> </span></div>\r\n<div>&nbsp;</div>', 1, '2020-05-09 05:39:35', '2020-05-09 05:39:35', 1, 1),
(110, 55, 'ما هي النسبة المئوية للكاكاو الموجود في قطع الشوكولاتة؟', 'تختلف النسبة المئوية للكاكاو حسب نوعها ,فمنها الشوكولاتة الحليب البيضاء بنسبة 0% أمل الشوكولاتة الحليب البنية بنسبة 35% والشوكولاتة الداكنة بنسبة 56%.', 2, '2020-05-09 05:39:35', '2020-07-25 02:55:52', 1, 1),
(111, 56, 'Does Choco Mood offer high-quality sugar-free chocolate?', '<div>Yes, we have high quality sugar-free chocolate products suitable for diabetics. You can find it in the Sugar Free Chocolate section.\"<span> </span></div>\r\n<div>&nbsp;</div>', 1, '2020-05-09 05:43:38', '2020-05-09 05:43:38', 1, 1),
(112, 56, 'هل تقدم شوكو مود نوعية شوكولاتة خالية من السكر؟', '<div style=\"text-align: right;\">نعم لدينا نوعيه منتجات شوكلاتة خالية من السكر تتناسب مع مرضى السكر تجدها في قسم الشوكلاته الخاليه من السكر</div>\r\n<div style=\"text-align: right;\">&nbsp;</div>', 2, '2020-05-09 05:43:38', '2020-05-09 05:45:17', 1, 1),
(113, 57, 'Can I cancel the order?', '<div>You can cancel your order / product only before it enters the shipping phase and the option to cancel your order / product will stop when the shipment may be in the shipment stage.<span> </span></div>\r\n<div>&nbsp;</div>', 1, '2020-05-09 05:46:07', '2020-05-09 05:46:07', 1, 1),
(114, 57, 'هل يمكنني الغاء طلب الشراء؟', '<div style=\"text-align: right;\">يمكنك إلغاء طلبك/المنتج فقط قبل أن يدخل مرحلة الشحن وسيتوقف خيار إلغاء طلبك/المنتج عندما تكون الشحنة قد اصبحت في مرحلة الشحن, ما عدا الطلبات الخاصة لطباعة والحفر لا يمكن إلغاءها حال تأكيدها.</div>', 2, '2020-05-09 05:46:07', '2020-07-25 02:58:00', 1, 1),
(115, 58, 'What is the shelf life of your products?', '<div>&nbsp;</div>\r\n<div>Usually all elements of chocolate are about a year old, and chocolate does not need to be refrigerated or refrigerated. We recommend storing it at room temperature.</div>\r\n<div>But in coastal and hot cities, chocolate needs a refrigerator to cool it down and keep its quality from melting. You will find the specific shelf life for each item in the \"Product Details\" section of the specific product.</div>\r\n<div>&nbsp;</div>', 1, '2020-05-09 17:32:24', '2020-05-09 17:32:24', 1, 1),
(116, 58, 'ما هي مدة الصلاحية لمنتجاتك؟', '<div style=\"text-align: right;\">عادةً ما يكون عمر جميع عناصر الشوكولاتة لمدة عام تقريبا، ولا تحتاج الشكولاتة للثلاجة او التبريد نوصي بتخزينها في درجة حرارة الغرفة،&nbsp;</div>\r\n<div style=\"text-align: right;\">ولكن في المدن الساحلية والحارة تحتاج الشوكولاتة للثلاجة لتبريدها والحفاظ على جودتها من الذوبان. ستجد العمر الافتراضي المحدد لكل عنصر في قسم \"تفاصيل المنتج\" في المنتج المعين.</div>', 2, '2020-05-09 17:32:24', '2020-05-09 17:33:13', 1, 1),
(117, 59, 'For how long will ChocoMood maintain its fresh taste?', '<div>ChocoMood will maintain its freshness after opening if stored at temperatures not exceeding 65 &deg; F (18 &deg; C). Avoid heat, humidity and direct sunlight. To obtain the freshness of unopened products, refer to the validity date of the product printed on our products labeled B (Preferably Used Before) in order to maintain their quality.</div>\r\n<div>&nbsp;</div>', 1, '2020-05-09 17:40:12', '2020-05-09 17:40:12', 1, 1),
(118, 59, 'إلى متى ستحافظ شوكولاتة شوكو مود على طعمها الطازج؟', '<div style=\"text-align: right;\">ستحافظ شوكولاتة شوكو مود على نضارتها بعد الفتح إذا تم تخزينها في درجات حرارة لا تتجاوز 65 درجة فهرنهايت (18 درجة مئوية). تجنب الحرارة والرطوبة وأشعة الشمس المباشرة. للحصول على نضارة المنتجات غير المفتوحة، ارجع إلى تاريخ صلاحية المنتج المطبوعة على&nbsp; منتجاتنا&nbsp; المعنونه ب(يفضل استخدامها قبل ) وذلك للحفاظ ع جودتها.</div>', 2, '2020-05-09 17:40:12', '2020-05-09 17:41:28', 1, 1);

-- --------------------------------------------------------

--
-- Table structure for table `fillings`
--

CREATE TABLE `fillings` (
  `FillingId` int(11) NOT NULL,
  `SKU` text NOT NULL,
  `inventery` int(11) NOT NULL,
  `price` decimal(10,2) NOT NULL,
  `image` text NOT NULL,
  `SortOrder` int(11) NOT NULL,
  `Hide` tinyint(1) NOT NULL,
  `IsActive` tinyint(1) NOT NULL,
  `CreatedAt` timestamp NOT NULL DEFAULT current_timestamp(),
  `UpdatedAt` timestamp NOT NULL DEFAULT current_timestamp() ON UPDATE current_timestamp(),
  `CreatedBy` text NOT NULL,
  `UpdatedBy` text NOT NULL
) ENGINE=InnoDB DEFAULT CHARSET=utf8;

--
-- Dumping data for table `fillings`
--

INSERT INTO `fillings` (`FillingId`, `SKU`, `inventery`, `price`, `image`, `SortOrder`, `Hide`, `IsActive`, `CreatedAt`, `UpdatedAt`, `CreatedBy`, `UpdatedBy`) VALUES
(1, 'AMD', 0, '0.00', 'uploads/images/960140093620210316044917image1_(1).jpeg', 0, 0, 0, '2021-02-11 11:27:19', '2021-03-21 01:10:44', '1', '1'),
(2, 'HZT', 0, '0.00', 'uploads/images/3957167133920210316125251image7.jpeg', 1, 0, 0, '2021-03-16 19:51:52', '2021-03-21 01:11:14', '1', '1'),
(3, 'CFE', 1000, '0.00', 'uploads/images/5206409901520210320063307WhatsApp_Image_2021-03-20_at_6.03.38_PM.jpeg', 2, 0, 1, '2021-03-21 01:07:33', '2021-06-15 22:42:29', '1', '1'),
(4, 'KW', 1000, '0.00', 'uploads/images/6283549950220210320061808WhatsApp_Image_2021-03-20_at_6.03.39_PM_(1).jpeg', 3, 0, 1, '2021-03-21 01:08:18', '2021-03-21 01:08:18', '1', '1'),
(5, 'BL', 1000, '0.00', 'uploads/images/7975918383720210320063809WhatsApp_Image_2021-03-20_at_6.03.39_PM.jpeg', 4, 0, 1, '2021-03-21 01:09:38', '2021-06-15 22:42:18', '1', '1'),
(6, 'CH', 1000, '0.00', 'uploads/images/8759472957520210320062410WhatsApp_Image_2021-03-20_at_6.03.39_PM_(2).jpeg', 5, 0, 1, '2021-03-21 01:10:24', '2021-03-21 01:10:24', '1', '1'),
(7, 'F-010', 10, '10.00', 'uploads/images/7803584316820210701110620download.jpg', 6, 0, 1, '2021-07-01 18:20:06', '2021-07-01 18:20:06', '1', '1');

-- --------------------------------------------------------

--
-- Table structure for table `fillings_text`
--

CREATE TABLE `fillings_text` (
  `FillingTextId` int(11) NOT NULL,
  `FillingId` int(11) NOT NULL,
  `title` text NOT NULL,
  `SystemLanguageID` int(11) NOT NULL,
  `CreatedAt` timestamp NOT NULL DEFAULT current_timestamp(),
  `UpdatedAt` timestamp NOT NULL DEFAULT current_timestamp() ON UPDATE current_timestamp(),
  `CreatedBy` text NOT NULL,
  `UpdatedBy` text NOT NULL
) ENGINE=InnoDB DEFAULT CHARSET=utf8;

--
-- Dumping data for table `fillings_text`
--

INSERT INTO `fillings_text` (`FillingTextId`, `FillingId`, `title`, `SystemLanguageID`, `CreatedAt`, `UpdatedAt`, `CreatedBy`, `UpdatedBy`) VALUES
(1, 1, 'almond', 1, '2021-02-11 11:27:19', '2021-03-21 01:10:44', '1', '1'),
(2, 1, 'Test Filling ', 2, '2021-02-11 11:27:19', '2021-03-02 13:21:15', '1', '1'),
(3, 2, 'hazelnut', 1, '2021-03-16 19:51:52', '2021-03-21 01:11:14', '1', '1'),
(4, 2, 'hazelnut', 2, '2021-03-16 19:51:52', '2021-03-16 19:51:52', '1', '1'),
(5, 3, 'coffee', 1, '2021-03-21 01:07:33', '2021-06-15 22:42:29', '1', '1'),
(6, 3, 'coffee', 2, '2021-03-21 01:07:33', '2021-03-21 01:07:33', '1', '1'),
(7, 4, 'kiwi', 1, '2021-03-21 01:08:18', '2021-03-21 01:08:18', '1', '1'),
(8, 4, 'kiwi', 2, '2021-03-21 01:08:18', '2021-03-21 01:08:18', '1', '1'),
(9, 5, 'blueberry', 1, '2021-03-21 01:09:38', '2021-06-15 22:42:18', '1', '1'),
(10, 5, 'blueberry', 2, '2021-03-21 01:09:38', '2021-03-21 01:09:38', '1', '1'),
(11, 6, 'cherry', 1, '2021-03-21 01:10:24', '2021-03-21 01:10:24', '1', '1'),
(12, 6, 'cherry', 2, '2021-03-21 01:10:24', '2021-03-21 01:10:24', '1', '1'),
(13, 7, 'new filling test rami', 1, '2021-07-01 18:20:06', '2021-07-01 18:20:06', '1', '1'),
(14, 7, 'new filling test rami', 2, '2021-07-01 18:20:06', '2021-07-01 18:20:06', '1', '1');

-- --------------------------------------------------------

--
-- Table structure for table `fill_colors`
--

CREATE TABLE `fill_colors` (
  `FillColorId` int(11) NOT NULL,
  `code` text CHARACTER SET utf8 COLLATE utf8_unicode_ci NOT NULL,
  `price` float NOT NULL,
  `SortOrder` int(11) NOT NULL,
  `SKU` text NOT NULL,
  `IsActive` int(11) NOT NULL,
  `Hide` tinyint(1) NOT NULL,
  `CreatedAt` timestamp NOT NULL DEFAULT current_timestamp(),
  `UpdatedAt` timestamp NOT NULL DEFAULT current_timestamp() ON UPDATE current_timestamp(),
  `CreatedBy` int(11) DEFAULT NULL,
  `UpdatedBy` int(11) DEFAULT NULL
) ENGINE=InnoDB DEFAULT CHARSET=utf8;

--
-- Dumping data for table `fill_colors`
--

INSERT INTO `fill_colors` (`FillColorId`, `code`, `price`, `SortOrder`, `SKU`, `IsActive`, `Hide`, `CreatedAt`, `UpdatedAt`, `CreatedBy`, `UpdatedBy`) VALUES
(1, '#ff4e45', 0, 0, 'gr', 1, 0, '2021-02-11 11:28:05', '2021-03-21 01:37:58', 1, 1),
(2, '#ff0000', 0, 1, 'red', 1, 0, '2021-03-16 20:41:46', '2021-03-16 20:41:46', 1, 1),
(3, '#578a9f', 0, 2, 'bl', 1, 0, '2021-03-16 23:00:07', '2021-03-21 01:37:13', 1, 1),
(4, '#e1ff00', 0, 3, 'yl', 1, 0, '2021-03-16 23:00:53', '2021-03-16 23:00:53', 1, 1),
(5, '#ffffff', 0, 4, 'wh', 1, 0, '2021-03-16 23:01:15', '2021-03-16 23:01:15', 1, 1),
(6, '#fb00ff', 0, 5, 'pn', 1, 0, '2021-03-16 23:01:44', '2021-03-16 23:01:44', 1, 1);

-- --------------------------------------------------------

--
-- Table structure for table `fill_colors_text`
--

CREATE TABLE `fill_colors_text` (
  `FillColorTextId` int(11) NOT NULL,
  `FillColorId` int(11) NOT NULL,
  `title` text NOT NULL,
  `SystemLanguageID` int(11) NOT NULL,
  `CreatedAt` timestamp NOT NULL DEFAULT current_timestamp(),
  `UpdatedAt` timestamp NOT NULL DEFAULT current_timestamp() ON UPDATE current_timestamp(),
  `CreatedBy` int(11) DEFAULT NULL,
  `UpdatedBy` int(11) DEFAULT NULL
) ENGINE=InnoDB DEFAULT CHARSET=utf8;

--
-- Dumping data for table `fill_colors_text`
--

INSERT INTO `fill_colors_text` (`FillColorTextId`, `FillColorId`, `title`, `SystemLanguageID`, `CreatedAt`, `UpdatedAt`, `CreatedBy`, `UpdatedBy`) VALUES
(1, 1, 'Green', 1, '2021-02-11 11:28:05', '2021-03-21 01:37:58', 1, 1),
(2, 1, 'Green', 2, '2021-02-11 11:28:05', '2021-03-02 13:21:16', 1, 1),
(3, 2, 'red', 1, '2021-03-16 20:41:46', '2021-03-16 20:41:46', 1, 1),
(4, 2, 'red', 2, '2021-03-16 20:41:46', '2021-03-16 20:41:46', 1, 1),
(5, 3, 'blue', 1, '2021-03-16 23:00:07', '2021-03-21 01:37:13', 1, 1),
(6, 3, 'blue', 2, '2021-03-16 23:00:07', '2021-03-16 23:00:07', 1, 1),
(7, 4, 'yellow', 1, '2021-03-16 23:00:53', '2021-03-16 23:00:53', 1, 1),
(8, 4, 'yellow', 2, '2021-03-16 23:00:53', '2021-03-16 23:00:53', 1, 1),
(9, 5, 'white', 1, '2021-03-16 23:01:15', '2021-03-16 23:01:15', 1, 1),
(10, 5, 'white', 2, '2021-03-16 23:01:15', '2021-03-16 23:01:15', 1, 1),
(11, 6, 'pink', 1, '2021-03-16 23:01:44', '2021-03-16 23:01:44', 1, 1),
(12, 6, 'pink', 2, '2021-03-16 23:01:44', '2021-03-16 23:01:44', 1, 1);

-- --------------------------------------------------------

--
-- Table structure for table `home_slider_images`
--

CREATE TABLE `home_slider_images` (
  `HomeSliderImageID` int(11) NOT NULL,
  `UrlLink` varchar(255) NOT NULL,
  `Image` varchar(255) NOT NULL,
  `SortOrder` int(11) NOT NULL,
  `Hide` tinyint(4) NOT NULL,
  `IsActive` tinyint(4) NOT NULL,
  `CreatedAt` datetime NOT NULL,
  `UpdatedAt` datetime NOT NULL,
  `CreatedBy` int(11) NOT NULL,
  `UpdatedBy` int(11) NOT NULL
) ENGINE=MyISAM DEFAULT CHARSET=utf8;

--
-- Dumping data for table `home_slider_images`
--

INSERT INTO `home_slider_images` (`HomeSliderImageID`, `UrlLink`, `Image`, `SortOrder`, `Hide`, `IsActive`, `CreatedAt`, `UpdatedAt`, `CreatedBy`, `UpdatedBy`) VALUES
(8, 'https://chocomood.com/product?q=elegant-s40', 'uploads/images/847682159020200826041940Home_Slider_Elegent.jpg', 3, 0, 0, '2020-05-05 05:21:08', '2020-08-26 16:40:19', 1, 1),
(5, 'https://chocomood.com/product?q=style-s41', 'uploads/images/945234280892020080201470516022425066202003230806332.jpg', 1, 0, 0, '2020-03-23 20:10:12', '2020-08-19 17:20:18', 1, 1),
(11, 'https://chocomood.com/product?q=harmony-s55', 'uploads/images/145635873020200826040048Home_Slider_Hamony_Blurred.jpg', 5, 0, 0, '2020-08-02 13:43:58', '2020-08-26 16:48:00', 1, 1),
(12, 'https://chocomood.com/product/category/chocolate-boxes-c36', 'uploads/images/7645966226920200826040952Home_Slider_Boxes.jpg', 6, 0, 0, '2020-08-19 17:15:22', '2020-08-26 16:52:09', 1, 1);

-- --------------------------------------------------------

--
-- Table structure for table `home_slider_images_text`
--

CREATE TABLE `home_slider_images_text` (
  `HomeSliderImageTextID` int(11) NOT NULL,
  `Title` varchar(255) DEFAULT NULL,
  `HomeSliderImageID` int(11) NOT NULL,
  `Description` text NOT NULL,
  `SystemLanguageID` int(11) NOT NULL,
  `CreatedAt` datetime NOT NULL,
  `UpdatedAt` datetime NOT NULL,
  `CreatedBy` int(11) NOT NULL,
  `UpdatedBy` int(11) NOT NULL
) ENGINE=MyISAM DEFAULT CHARSET=utf8;

--
-- Dumping data for table `home_slider_images_text`
--

INSERT INTO `home_slider_images_text` (`HomeSliderImageTextID`, `Title`, `HomeSliderImageID`, `Description`, `SystemLanguageID`, `CreatedAt`, `UpdatedAt`, `CreatedBy`, `UpdatedBy`) VALUES
(23, 'Gift Boxes', 12, 'we at \'Chocomood\' combine both \'useful\' and \'beautiful\' in one unique gift items to match your expectations and your occasion need. ', 1, '2020-08-19 17:15:22', '2020-08-26 16:52:09', 1, 1),
(15, 'Elegent', 8, 'Collection of smooth filling and blend of real taste. ', 1, '2020-05-05 05:21:08', '2020-08-26 16:40:19', 1, 1),
(9, 'Style Chocolate ', 5, 'Explore the exquisite blend of Belgian chocolate with a variety of more than 100 filling to discover. ', 1, '2020-03-23 20:10:12', '2020-08-19 17:20:18', 1, 1),
(10, 'شوكولاته ستايل', 5, 'هو ببساطة طعمه لذيذ!', 2, '2020-03-23 20:10:12', '2020-07-01 12:47:48', 1, 1),
(16, 'شوكولاته', 8, 'طريق السعادة !!', 2, '2020-05-05 05:21:08', '2020-07-01 12:44:04', 1, 1),
(22, 'Harmony', 11, 'Special Collection of Colored Chocolates', 2, '2020-08-02 13:43:58', '2020-08-02 13:43:58', 1, 1),
(21, 'Harmony', 11, 'Special Collection of Colored Chocolates', 1, '2020-08-02 13:43:58', '2020-08-26 16:48:00', 1, 1),
(24, 'Gift Boxes', 12, 'we at \'Chocomood\' combine both \'useful\' and \'beautiful\' in one unique gift items to match your expectations and your occasion need. ', 2, '2020-08-19 17:15:22', '2020-08-19 17:15:22', 1, 1);

-- --------------------------------------------------------

--
-- Table structure for table `languages`
--

CREATE TABLE `languages` (
  `LanguageID` int(11) NOT NULL,
  `SortOrder` int(11) NOT NULL,
  `Hide` tinyint(4) NOT NULL,
  `IsActive` tinyint(4) NOT NULL,
  `CreatedAt` datetime NOT NULL,
  `UpdatedAt` datetime NOT NULL,
  `CreatedBy` int(11) NOT NULL,
  `UpdatedBy` int(11) NOT NULL
) ENGINE=InnoDB DEFAULT CHARSET=utf8;

-- --------------------------------------------------------

--
-- Table structure for table `modules`
--

CREATE TABLE `modules` (
  `ModuleID` int(11) NOT NULL,
  `ParentID` int(11) NOT NULL DEFAULT 0,
  `IconClass` varchar(255) NOT NULL,
  `Slug` varchar(255) NOT NULL,
  `SortOrder` int(11) NOT NULL,
  `Hide` tinyint(4) NOT NULL,
  `IsActive` tinyint(4) NOT NULL,
  `CreatedAt` datetime NOT NULL,
  `UpdatedAt` datetime NOT NULL,
  `CreatedBy` int(11) NOT NULL,
  `UpdatedBy` int(11) NOT NULL
) ENGINE=InnoDB DEFAULT CHARSET=utf8;

--
-- Dumping data for table `modules`
--

INSERT INTO `modules` (`ModuleID`, `ParentID`, `IconClass`, `Slug`, `SortOrder`, `Hide`, `IsActive`, `CreatedAt`, `UpdatedAt`, `CreatedBy`, `UpdatedBy`) VALUES
(1, 0, 'settings', '#', 32, 0, 1, '2018-05-09 00:00:00', '2018-11-30 10:32:35', 1, 1),
(18, 1, ' mdi mdi-view-module', 'module', 0, 0, 0, '2018-04-19 15:22:06', '2018-04-19 15:22:06', 1, 1),
(22, 1, 'mdi mdi-yeast', 'role', 3, 0, 1, '2018-05-02 12:10:33', '2018-05-02 12:10:33', 1, 1),
(23, 0, 'account_circle', 'user', 8, 0, 1, '2018-05-02 12:44:19', '2018-05-02 12:44:19', 1, 1),
(32, 1, 'mdi mdi-city', 'city', 7, 0, 1, '2018-05-03 14:01:59', '2018-05-03 14:01:59', 1, 1),
(35, 1, 'mdi mdi-city', 'district', 6, 0, 1, '2018-05-03 15:49:43', '2018-05-03 15:49:43', 1, 1),
(36, 1, 'settings', 'Site_setting', 8, 0, 1, '2018-06-21 20:24:33', '2018-06-21 20:24:33', 1, 1),
(39, 72, ' mdi mdi-email', 'email_template', 9, 0, 1, '2018-07-02 16:26:28', '2018-07-02 16:26:28', 1, 1),
(40, 1, 'mdi mdi-format-list-bulleted', 'language', 10, 1, 1, '2018-07-04 14:12:11', '2018-07-04 14:12:23', 1, 1),
(43, 64, 'view_quilt', 'category', 3, 0, 1, '2018-10-05 00:00:00', '2018-11-30 09:30:09', 1, 1),
(44, 0, 'bookmarks', 'package', 3, 1, 1, '2018-12-17 07:07:41', '2018-12-17 07:07:41', 1, 1),
(45, 77, 'file_copy', 'page', 5, 0, 1, '2018-12-19 05:54:48', '2018-12-19 05:54:48', 1, 1),
(46, 0, 'shopping_cart', 'booking', 2, 1, 1, '2018-12-19 06:36:39', '2018-12-19 06:36:39', 1, 1),
(47, 46, '', 'booking/received', 6, 0, 1, '2018-12-21 09:19:50', '2018-12-21 09:19:50', 1, 1),
(48, 46, '', 'booking/assigned', 7, 0, 1, '2018-12-21 09:43:33', '2018-12-21 09:43:33', 1, 1),
(50, 46, '', 'booking/OnTheWay', 8, 0, 1, '2018-12-21 09:50:43', '2018-12-21 09:50:43', 1, 1),
(51, 46, '', 'booking/reached', 9, 0, 1, '2018-12-21 09:51:27', '2018-12-21 09:51:27', 1, 1),
(52, 46, '', 'booking/completed', 10, 0, 1, '2018-12-21 09:52:06', '2018-12-21 09:52:06', 1, 1),
(53, 46, '', 'booking/cancelled', 11, 0, 1, '2018-12-21 09:52:39', '2018-12-21 09:52:39', 1, 1),
(54, 46, '', 'booking', 5, 0, 1, '2018-12-21 11:00:54', '2018-12-21 11:00:54', 1, 1),
(55, 0, 'directions_car', 'vehicle', 6, 1, 1, '2018-12-24 07:12:54', '2018-12-24 07:12:54', 1, 1),
(56, 0, 'build', 'technician', 7, 1, 1, '2018-12-24 08:02:11', '2018-12-24 08:02:11', 1, 1),
(57, 72, 'card_giftcard', 'coupon', 8, 0, 1, '2018-12-26 07:06:18', '2018-12-26 07:06:18', 1, 1),
(58, 0, 'shop_two', 'requests', 9, 1, 1, '2018-12-27 13:38:22', '2018-12-27 13:38:22', 1, 1),
(59, 46, 'apps', 'booking/overdue', 10, 1, 1, '2019-01-04 09:36:11', '2019-01-04 09:36:11', 1, 1),
(60, 72, 'feedback', 'notification', 11, 0, 1, '2019-01-07 13:27:24', '2019-01-07 13:27:24', 1, 1),
(61, 0, 'store', 'store', 7, 0, 1, '2019-01-29 06:18:23', '2019-01-29 06:18:23', 1, 1),
(62, 64, 'bookmark', 'product', 6, 0, 1, '2019-02-01 05:47:53', '2019-02-01 05:47:53', 1, 1),
(63, 0, 'local_atm', '#Sales', 1, 0, 1, '2019-02-01 11:10:43', '2019-02-01 11:10:43', 1, 1),
(64, 0, 'shop_two', '#Catalogs', 2, 0, 1, '2019-02-01 11:11:30', '2019-02-01 11:11:30', 1, 1),
(65, 63, 'apps', 'orders', 9, 0, 1, '2019-02-01 11:15:09', '2019-02-01 11:15:09', 1, 1),
(66, 63, 'apps', 'invoice', 10, 0, 1, '2019-02-01 11:16:07', '2019-02-01 11:16:07', 1, 1),
(67, 63, 'apps', 'shipment', 11, 0, 1, '2019-02-01 11:17:01', '2019-02-01 11:17:01', 1, 1),
(68, 63, 'apps', 'ticket', 12, 0, 1, '2019-02-01 11:17:56', '2019-02-01 11:17:56', 1, 1),
(69, 63, 'apps', 'refund', 13, 1, 1, '2019-02-01 11:19:27', '2019-02-01 11:19:27', 1, 1),
(70, 0, 'face', '#customers', 3, 0, 1, '2019-02-01 11:20:46', '2019-02-01 11:20:46', 1, 1),
(71, 70, 'apps', 'customerss', 15, 1, 1, '2019-02-01 11:22:25', '2019-02-01 11:22:25', 1, 1),
(72, 0, 'insert_chart_outlined', '#Marketing', 4, 0, 1, '2019-02-01 11:23:19', '2019-02-01 11:23:19', 1, 1),
(73, 72, 'apps', 'contactRequest', 17, 0, 1, '2019-02-01 11:24:43', '2019-02-01 11:24:43', 1, 1),
(74, 0, 'assignment', 'report', 6, 0, 1, '2019-02-01 11:29:13', '2019-02-01 11:29:13', 1, 1),
(75, 77, 'assignment', 'collection', 80, 0, 1, '2019-02-01 13:02:53', '2019-02-01 13:02:53', 1, 1),
(76, 1, '', 'nutrition', 8, 0, 1, '2019-02-06 07:02:37', '2019-02-06 07:02:37', 1, 1),
(77, 0, 'file_copy', '#content', 5, 0, 1, '2019-02-12 11:27:55', '2019-02-12 11:27:55', 1, 1),
(78, 77, '', 'home_slider_image', 6, 0, 1, '2019-02-12 11:43:22', '2019-02-12 11:43:22', 1, 1),
(79, 72, '', 'newsletter', 7, 0, 1, '2019-02-19 12:11:34', '2019-02-19 12:11:34', 1, 1),
(80, 1, '', 'taxShipmentCharges', 8, 0, 1, '2019-02-25 12:52:39', '2019-02-25 12:52:39', 1, 1),
(81, 70, '', 'customers/online', 9, 1, 1, '2019-03-14 10:44:20', '2019-03-14 10:44:20', 1, 1),
(82, 70, '', 'customers', 10, 0, 1, '2019-03-26 09:09:40', '2019-03-26 09:09:40', 1, 1),
(83, 70, '', 'CustomerGroup', 11, 0, 1, '2019-03-26 09:12:17', '2019-03-26 09:12:17', 1, 1),
(84, 63, 'local_offer', 'offer', 12, 0, 1, '2019-03-29 08:27:21', '2019-03-29 08:27:21', 1, 1),
(85, 72, '', 'searchTag', 13, 0, 1, '2019-04-01 21:59:44', '2019-04-01 21:59:44', 1, 1),
(86, 105, '', 'box', 2, 0, 1, '2019-04-10 13:44:18', '2019-04-10 13:44:18', 1, 1),
(87, 72, '', 'abandonedCart', 15, 0, 1, '2019-04-18 16:07:12', '2019-04-18 16:07:12', 1, 1),
(88, 0, 'bookmark', 'customize', 16, 0, 1, '2020-02-19 07:45:08', '2020-02-19 07:45:08', 1, 1),
(89, 1, 'feedback', 'tag', 17, 0, 1, '2020-03-04 16:40:36', '2020-03-04 16:40:36', 1, 1),
(90, 0, 'feedback', 'faq', 18, 0, 0, '2020-04-16 19:37:18', '2020-04-16 19:37:18', 1, 1),
(91, 64, '', 'packages', 90, 0, 1, '2020-08-28 20:34:16', '2020-08-28 20:34:16', 1, 1),
(92, 0, '', 'shipmentCharges', 550, 0, 1, '2018-05-02 12:10:33', '2018-05-02 12:10:33', 1, 1),
(93, 1, '', 'ShipmentCharges', 150, 0, 1, '2018-05-02 12:10:33', '2018-05-02 12:10:33', 1, 1),
(94, 0, 'bookmark', 'customization', 19, 0, 1, '2021-01-27 00:00:00', '2021-01-27 00:00:00', 1, 1),
(95, 94, '', 'ribbon', 9, 0, 1, '2021-01-27 00:00:00', '2021-01-27 00:00:00', 1, 1),
(96, 108, '', 'box_category', 1, 0, 1, '2021-01-27 00:00:00', '2021-01-27 00:00:00', 1, 1),
(97, 105, '', 'character', 4, 0, 1, '2021-01-27 00:00:00', '2021-01-27 00:00:00', 1, 1),
(98, 106, '', 'shape', 3, 0, 1, '2021-01-27 00:00:00', '2021-01-27 00:00:00', 1, 1),
(99, 108, '', 'content_type', 4, 0, 1, '2021-01-27 00:00:00', '2021-01-27 00:00:00', 1, 1),
(100, 108, '', 'content_type_sub', 5, 0, 1, '2021-01-27 00:00:00', '2021-01-27 00:00:00', 1, 1),
(101, 94, '', 'wrapping', 10, 0, 1, '2021-01-27 00:00:00', '2021-01-27 00:00:00', 1, 1),
(102, 94, '', 'filling', 6, 0, 1, '2021-01-27 00:00:00', '2021-01-27 00:00:00', 1, 1),
(103, 94, '', 'Fill_Color', 8, 0, 1, '2021-01-27 00:00:00', '2021-01-27 00:00:00', 1, 1),
(104, 94, '', 'Powder_Color', 8, 0, 1, '2021-01-27 00:00:00', '2021-01-27 00:00:00', 1, 1),
(105, 94, '', 'Choco_message', 1, 0, 1, '2021-01-27 00:00:00', '2021-01-27 00:00:00', 1, 1),
(106, 94, '', 'Choco_shape', 3, 0, 1, '2021-01-27 00:00:00', '2021-01-27 00:00:00', 1, 1),
(107, 108, '', 'box/choco_box_box', 2, 0, 1, '2019-04-10 13:44:18', '2019-04-10 13:44:18', 1, 1),
(108, 94, '', 'Choco_box', 2, 0, 1, '2021-01-27 00:00:00', '2021-01-27 00:00:00', 1, 1),
(109, 106, '', 'content_type/choco_shape_content_type', 4, 0, 1, '2021-01-27 00:00:00', '2021-01-27 00:00:00', 1, 1),
(110, 106, '', 'content_type_sub/choco_shape_content_sub', 5, 0, 1, '2021-01-27 00:00:00', '2021-01-27 00:00:00', 1, 1),
(111, 0, 'local_atm', '#custom_sales', 1, 0, 1, '2019-02-01 11:10:43', '2019-02-01 11:10:43', 1, 1),
(112, 111, 'apps', 'orders/custom_order', 1, 0, 1, '2019-02-01 11:15:09', '2019-02-01 11:15:09', 1, 1),
(113, 111, 'apps', 'ticket/custom_order', 3, 0, 1, '2019-02-01 11:15:09', '2019-02-01 11:15:09', 1, 1),
(114, 111, 'apps', 'invoice/custom_order_invoice', 2, 0, 1, '2019-02-01 11:15:09', '2019-02-01 11:15:09', 1, 1);

-- --------------------------------------------------------

--
-- Table structure for table `modules_rights`
--

CREATE TABLE `modules_rights` (
  `ModuleRightID` int(11) NOT NULL,
  `ModuleID` int(11) NOT NULL,
  `RoleID` int(11) NOT NULL,
  `CanView` tinyint(4) NOT NULL,
  `CanAdd` tinyint(4) NOT NULL,
  `CanEdit` tinyint(4) NOT NULL,
  `CanDelete` tinyint(4) NOT NULL,
  `CreatedAt` datetime NOT NULL,
  `UpdatedAt` datetime NOT NULL,
  `CreatedBy` int(11) NOT NULL,
  `UpdatedBy` int(11) NOT NULL
) ENGINE=InnoDB DEFAULT CHARSET=utf8;

--
-- Dumping data for table `modules_rights`
--

INSERT INTO `modules_rights` (`ModuleRightID`, `ModuleID`, `RoleID`, `CanView`, `CanAdd`, `CanEdit`, `CanDelete`, `CreatedAt`, `UpdatedAt`, `CreatedBy`, `UpdatedBy`) VALUES
(13, 18, 1, 1, 1, 1, 1, '2018-04-19 15:22:06', '2018-06-29 17:44:17', 1, 1),
(20, 22, 1, 1, 1, 1, 1, '2018-05-02 12:10:33', '2018-06-29 17:44:17', 1, 1),
(22, 23, 1, 1, 1, 1, 1, '2018-05-02 12:44:19', '2018-06-29 17:44:17', 1, 1),
(40, 32, 1, 1, 1, 1, 1, '2018-05-03 14:01:59', '2018-06-29 17:44:17', 1, 1),
(46, 35, 1, 1, 1, 1, 1, '2018-05-03 15:49:43', '2018-06-29 17:44:17', 1, 1),
(52, 18, 3, 0, 0, 0, 0, '2018-05-04 17:33:54', '2020-10-04 15:39:03', 1, 1),
(54, 22, 3, 0, 0, 0, 0, '2018-05-04 17:33:54', '2020-10-04 15:39:03', 1, 1),
(55, 23, 3, 0, 0, 0, 0, '2018-05-04 17:33:54', '2020-10-04 15:39:03', 1, 1),
(56, 32, 3, 0, 0, 0, 0, '2018-05-04 17:33:54', '2020-10-04 15:39:03', 1, 1),
(57, 35, 3, 0, 0, 0, 0, '2018-05-04 17:33:54', '2020-10-04 15:39:03', 1, 1),
(74, 1, 3, 0, 0, 0, 0, '2018-05-09 12:20:50', '2020-10-04 15:39:03', 1, 1),
(76, 1, 1, 1, 1, 1, 1, '2018-05-09 12:20:50', '2018-06-29 17:44:17', 1, 1),
(77, 36, 1, 1, 1, 1, 1, '2018-02-12 16:32:10', '2018-06-29 17:44:17', 1, 1),
(79, 36, 3, 0, 0, 0, 0, '2018-06-29 09:34:16', '2020-10-04 15:39:03', 1, 1),
(86, 39, 1, 1, 1, 1, 1, '2018-07-02 16:26:28', '2018-07-02 16:26:28', 1, 1),
(88, 39, 3, 0, 0, 0, 0, '2018-07-02 16:26:28', '2020-10-04 15:39:03', 1, 1),
(89, 40, 1, 1, 1, 1, 1, '2018-07-04 14:12:11', '2018-07-04 14:12:11', 1, 1),
(91, 40, 3, 0, 0, 0, 0, '2018-07-04 14:12:11', '2018-07-04 14:12:11', 1, 1),
(98, 43, 1, 1, 1, 1, 1, '2018-10-03 19:48:40', '2018-10-04 21:47:28', 1, 1),
(100, 43, 3, 0, 0, 0, 0, '2018-10-03 19:48:40', '2020-10-04 15:39:03', 1, 1),
(111, 43, 4, 1, 1, 1, 1, '2018-10-04 20:15:57', '2020-07-07 13:41:32', 1, 1),
(112, 44, 1, 1, 1, 1, 1, '2018-12-17 07:07:41', '2018-12-17 07:07:41', 1, 1),
(114, 44, 3, 0, 0, 0, 0, '2018-12-17 07:07:41', '2018-12-17 07:07:41', 1, 1),
(115, 45, 1, 1, 1, 1, 1, '2018-12-19 05:54:48', '2018-12-19 05:54:48', 1, 1),
(117, 45, 3, 0, 0, 0, 0, '2018-12-19 05:54:48', '2020-10-04 15:39:03', 1, 1),
(118, 46, 1, 1, 1, 1, 1, '2018-12-19 06:36:39', '2018-12-19 06:36:39', 1, 1),
(120, 46, 3, 0, 0, 0, 0, '2018-12-19 06:36:39', '2018-12-19 06:36:39', 1, 1),
(121, 47, 1, 1, 1, 1, 1, '2018-12-21 09:19:50', '2018-12-21 09:19:50', 1, 1),
(123, 47, 3, 0, 0, 0, 0, '2018-12-21 09:19:50', '2020-10-04 15:39:03', 1, 1),
(124, 48, 1, 1, 1, 1, 1, '2018-12-21 09:43:33', '2018-12-21 09:43:33', 1, 1),
(126, 48, 3, 0, 0, 0, 0, '2018-12-21 09:43:33', '2020-10-04 15:39:03', 1, 1),
(130, 50, 1, 1, 1, 1, 1, '2018-12-21 09:50:43', '2018-12-21 09:50:43', 1, 1),
(132, 50, 3, 0, 0, 0, 0, '2018-12-21 09:50:43', '2020-10-04 15:39:03', 1, 1),
(133, 51, 1, 1, 1, 1, 1, '2018-12-21 09:51:27', '2018-12-21 09:51:27', 1, 1),
(135, 51, 3, 0, 0, 0, 0, '2018-12-21 09:51:27', '2020-10-04 15:39:03', 1, 1),
(136, 52, 1, 1, 1, 1, 1, '2018-12-21 09:52:06', '2018-12-21 09:52:06', 1, 1),
(138, 52, 3, 0, 0, 0, 0, '2018-12-21 09:52:06', '2020-10-04 15:39:03', 1, 1),
(139, 53, 1, 1, 1, 1, 1, '2018-12-21 09:52:39', '2018-12-21 09:52:39', 1, 1),
(141, 53, 3, 0, 0, 0, 0, '2018-12-21 09:52:39', '2020-10-04 15:39:03', 1, 1),
(142, 54, 1, 1, 1, 1, 1, '2018-12-21 11:00:54', '2018-12-21 11:00:54', 1, 1),
(144, 54, 3, 0, 0, 0, 0, '2018-12-21 11:00:54', '2020-10-04 15:39:03', 1, 1),
(145, 55, 1, 1, 1, 1, 1, '2018-12-24 07:12:54', '2018-12-24 07:12:54', 1, 1),
(147, 55, 3, 0, 0, 0, 0, '2018-12-24 07:12:54', '2018-12-24 07:12:54', 1, 1),
(148, 56, 1, 1, 1, 1, 1, '2018-12-24 08:02:11', '2018-12-24 08:02:11', 1, 1),
(150, 56, 3, 0, 0, 0, 0, '2018-12-24 08:02:11', '2018-12-24 08:02:11', 1, 1),
(151, 57, 1, 1, 1, 1, 1, '2018-12-26 07:06:18', '2018-12-26 07:06:18', 1, 1),
(153, 57, 3, 0, 0, 0, 0, '2018-12-26 07:06:18', '2020-10-04 15:39:03', 1, 1),
(154, 58, 1, 1, 1, 1, 1, '2018-12-27 13:38:22', '2018-12-27 13:38:22', 1, 1),
(156, 58, 3, 0, 0, 0, 0, '2018-12-27 13:38:22', '2018-12-27 13:38:22', 1, 1),
(157, 59, 1, 1, 1, 1, 1, '2019-01-04 09:36:11', '2019-01-04 09:36:11', 1, 1),
(159, 59, 3, 0, 0, 0, 0, '2019-01-04 09:36:11', '2019-01-04 09:36:11', 1, 1),
(160, 60, 1, 1, 1, 1, 1, '2019-01-07 13:27:24', '2019-01-07 13:27:24', 1, 1),
(162, 60, 3, 0, 0, 0, 0, '2019-01-07 13:27:24', '2020-10-04 15:39:03', 1, 1),
(163, 61, 1, 1, 1, 1, 1, '2019-01-29 06:18:23', '2019-01-29 06:18:23', 1, 1),
(165, 61, 3, 0, 0, 0, 0, '2019-01-29 06:18:23', '2020-10-04 15:39:03', 1, 1),
(166, 62, 1, 1, 1, 1, 1, '2019-02-01 05:47:53', '2019-02-01 05:47:53', 1, 1),
(168, 62, 3, 1, 1, 1, 1, '2019-02-01 05:47:53', '2020-10-04 15:39:03', 1, 1),
(169, 1, 4, 1, 1, 1, 1, '2019-02-01 10:06:52', '2020-07-07 13:41:32', 1, 1),
(170, 18, 4, 1, 1, 1, 1, '2019-02-01 10:06:52', '2020-07-07 13:41:32', 1, 1),
(171, 22, 4, 1, 1, 1, 1, '2019-02-01 10:06:52', '2020-07-07 13:41:32', 1, 1),
(172, 23, 4, 1, 1, 1, 1, '2019-02-01 10:06:52', '2020-07-07 13:41:32', 1, 1),
(173, 32, 4, 1, 1, 1, 1, '2019-02-01 10:06:52', '2020-07-07 13:41:32', 1, 1),
(174, 35, 4, 1, 1, 1, 1, '2019-02-01 10:06:52', '2020-07-07 13:41:32', 1, 1),
(175, 36, 4, 1, 1, 1, 1, '2019-02-01 10:06:52', '2020-07-07 13:41:32', 1, 1),
(176, 39, 4, 1, 1, 1, 1, '2019-02-01 10:06:52', '2020-07-07 13:41:32', 1, 1),
(177, 40, 4, 1, 1, 1, 1, '2019-02-01 10:06:52', '2019-02-01 10:06:52', 1, 1),
(178, 43, 4, 1, 1, 1, 1, '2019-02-01 10:06:52', '2019-02-01 10:06:52', 1, 1),
(179, 44, 4, 1, 1, 1, 1, '2019-02-01 10:06:52', '2019-02-01 10:06:52', 1, 1),
(180, 45, 4, 1, 1, 1, 1, '2019-02-01 10:06:52', '2020-07-07 13:41:32', 1, 1),
(181, 46, 4, 1, 1, 1, 1, '2019-02-01 10:06:52', '2019-02-01 10:06:52', 1, 1),
(182, 47, 4, 1, 1, 1, 1, '2019-02-01 10:06:52', '2020-07-07 13:41:32', 1, 1),
(183, 48, 4, 1, 1, 1, 1, '2019-02-01 10:06:52', '2020-07-07 13:41:32', 1, 1),
(184, 50, 4, 1, 1, 1, 1, '2019-02-01 10:06:52', '2020-07-07 13:41:32', 1, 1),
(185, 51, 4, 1, 1, 1, 1, '2019-02-01 10:06:52', '2020-07-07 13:41:32', 1, 1),
(186, 52, 4, 1, 1, 1, 1, '2019-02-01 10:06:52', '2020-07-07 13:41:32', 1, 1),
(187, 53, 4, 1, 1, 1, 1, '2019-02-01 10:06:52', '2020-07-07 13:41:32', 1, 1),
(188, 54, 4, 1, 1, 1, 1, '2019-02-01 10:06:52', '2020-07-07 13:41:32', 1, 1),
(189, 55, 4, 1, 1, 1, 1, '2019-02-01 10:06:52', '2019-02-01 10:06:52', 1, 1),
(190, 56, 4, 1, 1, 1, 1, '2019-02-01 10:06:52', '2019-02-01 10:06:52', 1, 1),
(191, 57, 4, 1, 1, 1, 1, '2019-02-01 10:06:52', '2020-07-07 13:41:32', 1, 1),
(192, 58, 4, 1, 1, 1, 1, '2019-02-01 10:06:52', '2019-02-01 10:06:52', 1, 1),
(193, 59, 4, 1, 1, 1, 1, '2019-02-01 10:06:52', '2019-02-01 10:06:52', 1, 1),
(194, 60, 4, 1, 1, 1, 1, '2019-02-01 10:06:52', '2020-07-07 13:41:32', 1, 1),
(195, 61, 4, 1, 1, 1, 1, '2019-02-01 10:06:52', '2020-07-07 13:41:32', 1, 1),
(196, 62, 4, 1, 1, 1, 1, '2019-02-01 10:06:52', '2020-07-07 13:41:32', 1, 1),
(197, 63, 1, 1, 1, 1, 1, '2019-02-01 11:10:43', '2019-02-01 11:10:43', 1, 1),
(199, 63, 3, 1, 1, 1, 1, '2019-02-01 11:10:43', '2020-10-04 15:39:03', 1, 1),
(200, 63, 4, 0, 0, 0, 0, '2019-02-01 11:10:43', '2020-07-07 13:41:32', 1, 1),
(201, 64, 1, 1, 1, 1, 1, '2019-02-01 11:11:30', '2019-02-01 11:11:30', 1, 1),
(203, 64, 3, 0, 0, 0, 0, '2019-02-01 11:11:30', '2020-10-04 15:39:03', 1, 1),
(204, 64, 4, 0, 0, 0, 0, '2019-02-01 11:11:30', '2020-07-07 13:41:32', 1, 1),
(205, 65, 1, 1, 1, 1, 1, '2019-02-01 11:15:09', '2019-02-01 11:15:09', 1, 1),
(207, 65, 3, 1, 1, 1, 0, '2019-02-01 11:15:09', '2020-10-04 15:39:03', 1, 1),
(208, 65, 4, 1, 1, 1, 1, '2019-02-01 11:15:09', '2020-07-07 13:41:32', 1, 1),
(209, 66, 1, 1, 1, 1, 1, '2019-02-01 11:16:07', '2019-02-01 11:16:07', 1, 1),
(211, 66, 3, 0, 0, 0, 0, '2019-02-01 11:16:07', '2020-10-04 15:39:03', 1, 1),
(212, 66, 4, 0, 0, 0, 0, '2019-02-01 11:16:07', '2020-07-07 13:41:32', 1, 1),
(213, 67, 1, 1, 1, 1, 1, '2019-02-01 11:17:01', '2019-02-01 11:17:01', 1, 1),
(215, 67, 3, 1, 1, 1, 1, '2019-02-01 11:17:01', '2020-10-04 15:39:03', 1, 1),
(216, 67, 4, 0, 0, 0, 0, '2019-02-01 11:17:01', '2020-07-07 13:41:32', 1, 1),
(217, 68, 1, 1, 1, 1, 1, '2019-02-01 11:17:56', '2019-02-01 11:17:56', 1, 1),
(219, 68, 3, 0, 0, 0, 0, '2019-02-01 11:17:56', '2020-10-04 15:39:03', 1, 1),
(220, 68, 4, 0, 0, 0, 0, '2019-02-01 11:17:56', '2020-07-07 13:41:32', 1, 1),
(221, 69, 1, 1, 1, 1, 1, '2019-02-01 11:19:27', '2019-02-01 11:19:27', 1, 1),
(223, 69, 3, 0, 0, 0, 0, '2019-02-01 11:19:27', '2019-03-06 07:52:27', 1, 1),
(224, 69, 4, 0, 0, 0, 0, '2019-02-01 11:19:27', '2019-02-01 11:19:27', 1, 1),
(225, 70, 1, 1, 1, 1, 1, '2019-02-01 11:20:46', '2019-02-01 11:20:46', 1, 1),
(227, 70, 3, 1, 1, 1, 1, '2019-02-01 11:20:46', '2020-10-04 15:39:03', 1, 1),
(228, 70, 4, 0, 0, 0, 0, '2019-02-01 11:20:46', '2020-07-07 13:41:32', 1, 1),
(229, 71, 1, 1, 1, 1, 1, '2019-02-01 11:22:25', '2019-02-01 11:22:25', 1, 1),
(231, 71, 3, 0, 0, 0, 0, '2019-02-01 11:22:25', '2019-03-06 07:52:27', 1, 1),
(232, 71, 4, 0, 0, 0, 0, '2019-02-01 11:22:25', '2019-02-01 11:22:25', 1, 1),
(233, 72, 1, 1, 1, 1, 1, '2019-02-01 11:23:19', '2019-02-01 11:23:19', 1, 1),
(235, 72, 3, 0, 0, 0, 0, '2019-02-01 11:23:19', '2020-10-04 15:39:03', 1, 1),
(236, 72, 4, 0, 0, 0, 0, '2019-02-01 11:23:19', '2020-07-07 13:41:32', 1, 1),
(237, 73, 1, 1, 1, 1, 1, '2019-02-01 11:24:43', '2019-02-01 11:24:43', 1, 1),
(239, 73, 3, 0, 0, 0, 0, '2019-02-01 11:24:43', '2020-10-04 15:39:03', 1, 1),
(240, 73, 4, 0, 0, 0, 0, '2019-02-01 11:24:43', '2020-07-07 13:41:32', 1, 1),
(241, 74, 1, 1, 1, 1, 1, '2019-02-01 11:29:13', '2019-02-01 11:29:13', 1, 1),
(243, 74, 3, 0, 0, 0, 0, '2019-02-01 11:29:13', '2020-10-04 15:39:03', 1, 1),
(244, 74, 4, 0, 0, 0, 0, '2019-02-01 11:29:13', '2020-07-07 13:41:32', 1, 1),
(245, 75, 1, 1, 1, 1, 1, '2019-02-01 13:02:53', '2019-02-01 13:02:53', 1, 1),
(247, 75, 3, 0, 0, 0, 0, '2019-02-01 13:02:53', '2020-10-04 15:39:03', 1, 1),
(248, 75, 4, 0, 0, 0, 0, '2019-02-01 13:02:53', '2020-07-07 13:41:32', 1, 1),
(249, 76, 1, 1, 1, 1, 1, '2019-02-06 07:02:37', '2019-02-06 07:02:37', 1, 1),
(251, 76, 3, 0, 0, 0, 0, '2019-02-06 07:02:37', '2020-10-04 15:39:03', 1, 1),
(252, 76, 4, 0, 0, 0, 0, '2019-02-06 07:02:37', '2020-07-07 13:41:32', 1, 1),
(253, 77, 1, 1, 1, 1, 1, '2019-02-12 11:27:55', '2019-02-12 11:27:55', 1, 1),
(255, 77, 3, 0, 0, 0, 0, '2019-02-12 11:27:55', '2020-10-04 15:39:03', 1, 1),
(256, 77, 4, 0, 0, 0, 0, '2019-02-12 11:27:55', '2020-07-07 13:41:32', 1, 1),
(257, 78, 1, 1, 1, 1, 1, '2019-02-12 11:43:22', '2019-02-12 11:43:22', 1, 1),
(259, 78, 3, 0, 0, 0, 0, '2019-02-12 11:43:22', '2020-10-04 15:39:03', 1, 1),
(260, 78, 4, 0, 0, 0, 0, '2019-02-12 11:43:22', '2020-07-07 13:41:32', 1, 1),
(261, 79, 1, 1, 1, 1, 1, '2019-02-19 12:11:34', '2019-02-19 12:11:34', 1, 1),
(263, 79, 3, 0, 0, 0, 0, '2019-02-19 12:11:34', '2020-10-04 15:39:03', 1, 1),
(264, 79, 4, 0, 0, 0, 0, '2019-02-19 12:11:34', '2020-07-07 13:41:32', 1, 1),
(310, 80, 1, 1, 1, 1, 1, '2019-02-25 12:52:39', '2019-02-25 12:52:39', 1, 1),
(312, 80, 3, 0, 0, 0, 0, '2019-02-25 12:52:39', '2020-10-04 15:39:03', 1, 1),
(313, 80, 4, 0, 0, 0, 0, '2019-02-25 12:52:39', '2020-07-07 13:41:32', 1, 1),
(315, 81, 1, 1, 1, 1, 1, '2019-03-14 10:44:20', '2019-03-14 10:44:20', 1, 1),
(317, 81, 3, 0, 0, 0, 0, '2019-03-14 10:44:20', '2019-03-14 10:44:20', 1, 1),
(318, 81, 4, 0, 0, 0, 0, '2019-03-14 10:44:20', '2019-03-14 10:44:20', 1, 1),
(320, 82, 1, 1, 1, 1, 1, '2019-03-26 09:09:40', '2019-03-26 09:09:40', 1, 1),
(322, 82, 3, 0, 0, 0, 0, '2019-03-26 09:09:40', '2020-10-04 15:39:03', 1, 1),
(323, 82, 4, 0, 0, 0, 0, '2019-03-26 09:09:40', '2020-07-07 13:41:32', 1, 1),
(325, 83, 1, 1, 1, 1, 1, '2019-03-26 09:12:17', '2019-03-26 09:12:17', 1, 1),
(327, 83, 3, 0, 0, 0, 0, '2019-03-26 09:12:17', '2020-10-04 15:39:03', 1, 1),
(328, 83, 4, 0, 0, 0, 0, '2019-03-26 09:12:17', '2020-07-07 13:41:32', 1, 1),
(330, 84, 1, 1, 1, 1, 1, '2019-03-29 08:27:21', '2019-03-29 08:27:21', 1, 1),
(332, 84, 3, 0, 0, 0, 0, '2019-03-29 08:27:21', '2020-10-04 15:39:03', 1, 1),
(333, 84, 4, 0, 0, 0, 0, '2019-03-29 08:27:21', '2020-07-07 13:41:32', 1, 1),
(335, 85, 1, 1, 1, 1, 1, '2019-04-01 21:59:44', '2019-04-01 21:59:44', 1, 1),
(337, 85, 3, 0, 0, 0, 0, '2019-04-01 21:59:44', '2020-10-04 15:39:03', 1, 1),
(338, 85, 4, 0, 0, 0, 0, '2019-04-01 21:59:44', '2020-07-07 13:41:32', 1, 1),
(340, 86, 1, 1, 1, 1, 1, '2019-04-10 13:44:18', '2019-04-10 13:44:18', 1, 1),
(342, 86, 3, 0, 0, 0, 0, '2019-04-10 13:44:18', '2020-10-04 15:39:03', 1, 1),
(343, 86, 4, 0, 0, 0, 0, '2019-04-10 13:44:18', '2020-07-07 13:41:32', 1, 1),
(345, 87, 1, 1, 1, 1, 1, '2019-04-18 16:07:12', '2019-04-18 16:07:12', 1, 1),
(347, 87, 3, 0, 0, 0, 0, '2019-04-18 16:07:12', '2020-10-04 15:39:03', 1, 1),
(348, 87, 4, 0, 0, 0, 0, '2019-04-18 16:07:12', '2020-07-07 13:41:32', 1, 1),
(509, 88, 1, 1, 1, 1, 1, '2020-02-19 07:45:08', '2020-02-19 07:45:08', 1, 1),
(511, 88, 3, 0, 0, 0, 0, '2020-02-19 07:45:08', '2020-10-04 15:39:03', 1, 1),
(512, 88, 4, 0, 0, 0, 0, '2020-02-19 07:45:08', '2020-07-07 13:41:32', 1, 1),
(517, 89, 1, 1, 1, 1, 1, '2020-03-04 16:40:36', '2020-03-04 16:40:36', 1, 1),
(519, 89, 3, 0, 0, 0, 0, '2020-03-04 16:40:36', '2020-10-04 15:39:03', 1, 1),
(520, 89, 4, 0, 0, 0, 0, '2020-03-04 16:40:36', '2020-07-07 13:41:32', 1, 1),
(635, 90, 1, 1, 1, 1, 1, '2020-04-16 19:37:18', '2020-04-16 19:37:18', 1, 1),
(637, 90, 3, 0, 0, 0, 0, '2020-04-16 19:37:18', '2020-10-04 15:39:03', 1, 1),
(638, 90, 4, 0, 0, 0, 0, '2020-04-16 19:37:18', '2020-07-07 13:41:32', 1, 1),
(697, 91, 0, 1, 1, 1, 1, '2020-08-28 20:35:55', '2020-08-28 20:35:55', 1, 1),
(698, 91, 3, 1, 1, 1, 1, '2020-08-28 20:35:55', '2020-08-28 20:35:55', 1, 1),
(699, 92, 0, 1, 1, 1, 1, '2018-04-19 15:22:06', '2018-06-29 17:44:17', 1, 1),
(700, 93, 1, 1, 1, 1, 1, '2018-04-19 15:22:06', '2018-06-29 17:44:17', 1, 1),
(701, 93, 3, 1, 1, 1, 1, '2018-04-19 15:22:06', '2018-06-29 17:44:17', 1, 1),
(702, 93, 4, 1, 1, 1, 1, '2018-04-19 15:22:06', '2018-06-29 17:44:17', 1, 1),
(703, 94, 1, 1, 1, 1, 1, '2021-01-27 00:00:00', '2021-01-27 00:00:00', 1, 1),
(704, 94, 2, 1, 1, 1, 1, '2021-01-27 00:00:00', '2021-01-27 00:00:00', 1, 1),
(705, 94, 3, 1, 1, 1, 1, '2021-01-27 00:00:00', '2021-01-27 00:00:00', 1, 1),
(706, 94, 4, 1, 1, 1, 1, '2021-01-27 00:00:00', '2021-01-27 00:00:00', 1, 1),
(707, 95, 1, 1, 1, 1, 1, '2021-01-27 00:00:00', '2021-01-27 00:00:00', 1, 1),
(708, 96, 1, 1, 1, 1, 1, '2021-01-27 00:00:00', '2021-01-27 00:00:00', 1, 1),
(709, 97, 1, 1, 1, 1, 1, '2021-01-27 00:00:00', '2021-01-27 00:00:00', 1, 1),
(710, 98, 1, 1, 1, 1, 1, '2021-01-27 00:00:00', '2021-01-27 00:00:00', 1, 1),
(711, 99, 1, 1, 1, 1, 1, '2021-01-27 00:00:00', '2021-01-27 00:00:00', 1, 1),
(712, 100, 1, 1, 1, 1, 1, '2021-01-27 00:00:00', '2021-01-27 00:00:00', 1, 1),
(713, 101, 1, 1, 1, 1, 1, '2021-01-27 00:00:00', '2021-01-27 00:00:00', 1, 1),
(714, 102, 1, 1, 1, 1, 1, '2021-01-27 00:00:00', '2021-01-27 00:00:00', 1, 1),
(715, 103, 1, 1, 1, 1, 1, '2021-01-27 00:00:00', '2021-01-27 00:00:00', 1, 1),
(716, 104, 1, 1, 1, 1, 1, '2021-01-27 00:00:00', '2021-01-27 00:00:00', 1, 1),
(717, 105, 1, 1, 1, 1, 1, '2021-01-27 00:00:00', '2021-01-27 00:00:00', 1, 1),
(718, 106, 1, 1, 1, 1, 1, '2021-01-27 00:00:00', '2021-01-27 00:00:00', 1, 1),
(719, 107, 1, 1, 1, 1, 1, '2021-01-27 00:00:00', '2021-01-27 00:00:00', 1, 1),
(720, 108, 1, 1, 1, 1, 1, '2021-01-27 00:00:00', '2021-01-27 00:00:00', 1, 1),
(721, 109, 1, 1, 1, 1, 1, '2021-01-27 00:00:00', '2021-01-27 00:00:00', 1, 1),
(722, 110, 1, 1, 1, 1, 1, '2021-01-27 00:00:00', '2021-01-27 00:00:00', 1, 1),
(723, 111, 1, 1, 1, 1, 1, '2021-01-27 00:00:00', '2021-01-27 00:00:00', 1, 1),
(724, 1, 6, 0, 0, 0, 0, '2021-02-15 15:10:16', '2021-02-15 15:14:33', 1, 1),
(725, 18, 6, 0, 0, 0, 0, '2021-02-15 15:10:16', '2021-02-15 15:14:33', 1, 1),
(726, 22, 6, 0, 0, 0, 0, '2021-02-15 15:10:16', '2021-02-15 15:14:33', 1, 1),
(727, 23, 6, 0, 0, 0, 0, '2021-02-15 15:10:16', '2021-02-15 15:14:33', 1, 1),
(728, 32, 6, 0, 0, 0, 0, '2021-02-15 15:10:16', '2021-02-15 15:14:33', 1, 1),
(729, 35, 6, 0, 0, 0, 0, '2021-02-15 15:10:16', '2021-02-15 15:14:33', 1, 1),
(730, 36, 6, 0, 0, 0, 0, '2021-02-15 15:10:16', '2021-02-15 15:14:33', 1, 1),
(731, 39, 6, 0, 0, 0, 0, '2021-02-15 15:10:16', '2021-02-15 15:14:33', 1, 1),
(732, 40, 6, 1, 1, 1, 1, '2021-02-15 15:10:16', '2021-02-15 15:10:16', 1, 1),
(733, 43, 6, 0, 0, 0, 0, '2021-02-15 15:10:16', '2021-02-15 15:14:33', 1, 1),
(734, 44, 6, 1, 1, 1, 1, '2021-02-15 15:10:16', '2021-02-15 15:10:16', 1, 1),
(735, 45, 6, 0, 0, 0, 0, '2021-02-15 15:10:16', '2021-02-15 15:14:33', 1, 1),
(736, 46, 6, 1, 1, 1, 1, '2021-02-15 15:10:16', '2021-02-15 15:10:16', 1, 1),
(737, 47, 6, 0, 0, 0, 0, '2021-02-15 15:10:16', '2021-02-15 15:14:33', 1, 1),
(738, 48, 6, 0, 0, 0, 0, '2021-02-15 15:10:16', '2021-02-15 15:14:33', 1, 1),
(739, 50, 6, 0, 0, 0, 0, '2021-02-15 15:10:16', '2021-02-15 15:14:33', 1, 1),
(740, 51, 6, 0, 0, 0, 0, '2021-02-15 15:10:16', '2021-02-15 15:14:33', 1, 1),
(741, 52, 6, 0, 0, 0, 0, '2021-02-15 15:10:16', '2021-02-15 15:14:33', 1, 1),
(742, 53, 6, 0, 0, 0, 0, '2021-02-15 15:10:16', '2021-02-15 15:14:33', 1, 1),
(743, 54, 6, 0, 0, 0, 0, '2021-02-15 15:10:16', '2021-02-15 15:14:33', 1, 1),
(744, 55, 6, 1, 1, 1, 1, '2021-02-15 15:10:16', '2021-02-15 15:10:16', 1, 1),
(745, 56, 6, 1, 1, 1, 1, '2021-02-15 15:10:16', '2021-02-15 15:10:16', 1, 1),
(746, 57, 6, 0, 0, 0, 0, '2021-02-15 15:10:16', '2021-02-15 15:14:33', 1, 1),
(747, 58, 6, 1, 1, 1, 1, '2021-02-15 15:10:16', '2021-02-15 15:10:16', 1, 1),
(748, 59, 6, 1, 1, 1, 1, '2021-02-15 15:10:16', '2021-02-15 15:10:16', 1, 1),
(749, 60, 6, 0, 0, 0, 0, '2021-02-15 15:10:16', '2021-02-15 15:14:33', 1, 1),
(750, 61, 6, 0, 0, 0, 0, '2021-02-15 15:10:16', '2021-02-15 15:14:33', 1, 1),
(751, 62, 6, 0, 0, 0, 0, '2021-02-15 15:10:16', '2021-02-15 15:14:33', 1, 1),
(752, 63, 6, 0, 0, 0, 0, '2021-02-15 15:10:16', '2021-02-15 15:14:33', 1, 1),
(753, 64, 6, 0, 0, 0, 0, '2021-02-15 15:10:16', '2021-02-15 15:14:33', 1, 1),
(754, 65, 6, 0, 0, 0, 0, '2021-02-15 15:10:16', '2021-02-15 15:14:33', 1, 1),
(755, 66, 6, 0, 0, 0, 0, '2021-02-15 15:10:16', '2021-02-15 15:14:33', 1, 1),
(756, 67, 6, 0, 0, 0, 0, '2021-02-15 15:10:16', '2021-02-15 15:14:33', 1, 1),
(757, 68, 6, 0, 0, 0, 0, '2021-02-15 15:10:16', '2021-02-15 15:14:33', 1, 1),
(758, 69, 6, 1, 1, 1, 1, '2021-02-15 15:10:16', '2021-02-15 15:10:16', 1, 1),
(759, 70, 6, 0, 0, 0, 0, '2021-02-15 15:10:16', '2021-02-15 15:14:33', 1, 1),
(760, 71, 6, 1, 1, 1, 1, '2021-02-15 15:10:16', '2021-02-15 15:10:16', 1, 1),
(761, 72, 6, 0, 0, 0, 0, '2021-02-15 15:10:16', '2021-02-15 15:14:33', 1, 1),
(762, 73, 6, 0, 0, 0, 0, '2021-02-15 15:10:16', '2021-02-15 15:14:33', 1, 1),
(763, 74, 6, 0, 0, 0, 0, '2021-02-15 15:10:16', '2021-02-15 15:14:33', 1, 1),
(764, 75, 6, 0, 0, 0, 0, '2021-02-15 15:10:16', '2021-02-15 15:14:33', 1, 1),
(765, 76, 6, 0, 0, 0, 0, '2021-02-15 15:10:16', '2021-02-15 15:14:33', 1, 1),
(766, 77, 6, 0, 0, 0, 0, '2021-02-15 15:10:16', '2021-02-15 15:14:33', 1, 1),
(767, 78, 6, 0, 0, 0, 0, '2021-02-15 15:10:16', '2021-02-15 15:14:33', 1, 1),
(768, 79, 6, 0, 0, 0, 0, '2021-02-15 15:10:16', '2021-02-15 15:14:33', 1, 1),
(769, 80, 6, 0, 0, 0, 0, '2021-02-15 15:10:16', '2021-02-15 15:14:33', 1, 1),
(770, 81, 6, 1, 1, 1, 1, '2021-02-15 15:10:16', '2021-02-15 15:10:16', 1, 1),
(771, 82, 6, 0, 0, 0, 0, '2021-02-15 15:10:16', '2021-02-15 15:14:33', 1, 1),
(772, 83, 6, 0, 0, 0, 0, '2021-02-15 15:10:16', '2021-02-15 15:14:33', 1, 1),
(773, 84, 6, 0, 0, 0, 0, '2021-02-15 15:10:16', '2021-02-15 15:14:33', 1, 1),
(774, 85, 6, 0, 0, 0, 0, '2021-02-15 15:10:16', '2021-02-15 15:14:33', 1, 1),
(775, 86, 6, 1, 1, 1, 1, '2021-02-15 15:10:16', '2021-02-15 15:14:33', 1, 1),
(776, 87, 6, 0, 0, 0, 0, '2021-02-15 15:10:16', '2021-02-15 15:14:33', 1, 1),
(777, 88, 6, 1, 1, 1, 1, '2021-02-15 15:10:16', '2021-02-15 15:14:33', 1, 1),
(778, 89, 6, 0, 0, 0, 0, '2021-02-15 15:10:16', '2021-02-15 15:14:33', 1, 1),
(779, 90, 6, 0, 0, 0, 0, '2021-02-15 15:10:16', '2021-02-15 15:14:33', 1, 1),
(780, 91, 6, 0, 0, 0, 0, '2021-02-15 15:10:16', '2021-02-15 15:14:33', 1, 1),
(781, 92, 6, 1, 1, 1, 1, '2021-02-15 15:10:16', '2021-02-15 15:10:16', 1, 1),
(782, 93, 6, 0, 0, 0, 0, '2021-02-15 15:10:16', '2021-02-15 15:14:33', 1, 1),
(783, 94, 6, 1, 1, 1, 1, '2021-02-15 15:10:16', '2021-02-15 15:14:33', 1, 1),
(784, 95, 6, 1, 1, 1, 1, '2021-02-15 15:10:16', '2021-02-15 15:14:33', 1, 1),
(785, 96, 6, 1, 1, 1, 1, '2021-02-15 15:10:16', '2021-02-15 15:14:33', 1, 1),
(786, 97, 6, 1, 1, 1, 1, '2021-02-15 15:10:16', '2021-02-15 15:14:33', 1, 1),
(787, 98, 6, 1, 1, 1, 1, '2021-02-15 15:10:16', '2021-02-15 15:14:33', 1, 1),
(788, 99, 6, 1, 1, 1, 1, '2021-02-15 15:10:16', '2021-02-15 15:14:33', 1, 1),
(789, 100, 6, 1, 1, 1, 1, '2021-02-15 15:10:16', '2021-02-15 15:14:33', 1, 1),
(790, 101, 6, 1, 1, 1, 1, '2021-02-15 15:10:16', '2021-02-15 15:14:33', 1, 1),
(791, 102, 6, 1, 1, 1, 1, '2021-02-15 15:10:16', '2021-02-15 15:14:33', 1, 1),
(792, 103, 6, 1, 1, 1, 1, '2021-02-15 15:10:16', '2021-02-15 15:14:33', 1, 1),
(793, 104, 6, 1, 1, 1, 1, '2021-02-15 15:10:16', '2021-02-15 15:14:33', 1, 1),
(794, 105, 6, 1, 1, 1, 1, '2021-02-15 15:10:16', '2021-02-15 15:14:33', 1, 1),
(795, 106, 6, 1, 1, 1, 1, '2021-02-15 15:10:16', '2021-02-15 15:14:33', 1, 1),
(796, 107, 6, 1, 1, 1, 1, '2021-02-15 15:10:16', '2021-02-15 15:14:33', 1, 1),
(797, 108, 6, 1, 1, 1, 1, '2021-02-15 15:10:16', '2021-02-15 15:14:33', 1, 1),
(798, 109, 6, 1, 1, 1, 1, '2021-02-15 15:10:16', '2021-02-15 15:14:33', 1, 1),
(799, 110, 6, 1, 1, 1, 1, '2021-02-15 15:10:16', '2021-02-15 15:14:33', 1, 1),
(800, 111, 6, 1, 1, 1, 1, '2021-02-15 15:10:16', '2021-02-15 15:14:33', 1, 1),
(801, 112, 6, 1, 1, 1, 1, '2021-02-15 15:10:16', '2021-02-15 15:14:33', 1, 1),
(802, 113, 6, 1, 1, 1, 1, '2021-02-15 15:10:16', '2021-02-15 15:14:33', 1, 1),
(803, 113, 1, 1, 1, 1, 1, '2021-02-15 15:10:16', '2021-02-15 15:14:33', 1, 1),
(804, 114, 1, 1, 1, 1, 1, '2021-02-15 15:10:16', '2021-02-15 15:14:33', 1, 1),
(805, 114, 6, 1, 1, 1, 1, '2021-02-15 15:10:16', '2021-02-15 15:14:33', 1, 1);

-- --------------------------------------------------------

--
-- Table structure for table `modules_text`
--

CREATE TABLE `modules_text` (
  `ModuleTextID` int(11) NOT NULL,
  `ModuleID` int(11) NOT NULL,
  `Title` varchar(255) NOT NULL,
  `SystemLanguageID` int(11) NOT NULL,
  `CreatedAt` datetime NOT NULL,
  `UpdatedAt` datetime NOT NULL,
  `CreatedBy` int(11) NOT NULL,
  `UpdatedBy` int(11) NOT NULL
) ENGINE=InnoDB DEFAULT CHARSET=utf8;

--
-- Dumping data for table `modules_text`
--

INSERT INTO `modules_text` (`ModuleTextID`, `ModuleID`, `Title`, `SystemLanguageID`, `CreatedAt`, `UpdatedAt`, `CreatedBy`, `UpdatedBy`) VALUES
(1, 18, 'Module', 1, '2018-04-19 15:22:06', '2018-04-19 15:22:06', 1, 1),
(5, 22, 'Roles', 1, '2018-05-02 12:10:33', '2018-05-02 12:10:33', 1, 1),
(6, 23, 'Backend Users', 1, '2018-05-02 12:44:19', '2018-05-02 12:44:19', 1, 1),
(15, 32, 'City', 1, '2018-05-03 14:01:59', '2018-05-03 14:01:59', 1, 1),
(18, 35, 'District', 1, '2018-05-03 15:49:43', '2018-05-03 15:49:43', 1, 1),
(26, 1, 'Miscellaneous', 1, '2018-05-09 00:00:00', '2018-11-30 10:32:35', 1, 1),
(27, 36, 'Site Setting', 1, '2018-06-29 07:34:18', '2018-06-29 07:34:18', 1, 1),
(30, 39, 'Email Templates', 1, '2018-07-02 16:26:28', '2018-07-02 16:26:28', 1, 1),
(31, 40, 'Languages ', 1, '2018-07-04 14:12:11', '2018-07-04 14:12:23', 1, 1),
(32, 43, 'Categories', 1, '2018-10-05 00:00:00', '2018-11-30 09:30:09', 1, 1),
(33, 44, 'Packages', 1, '2018-12-17 07:07:41', '2018-12-17 07:07:41', 1, 1),
(34, 45, 'Content Pages', 1, '2018-12-19 05:54:48', '2018-12-19 05:54:48', 1, 1),
(35, 46, 'Orders', 1, '2018-12-19 06:36:39', '2018-12-19 06:36:39', 1, 1),
(36, 47, 'Newly Received', 1, '2018-12-21 09:19:50', '2018-12-21 09:19:50', 1, 1),
(37, 48, 'Assigned', 1, '2018-12-21 09:43:33', '2018-12-21 09:43:33', 1, 1),
(39, 50, 'On The Way', 1, '2018-12-21 09:50:43', '2018-12-21 09:50:43', 1, 1),
(40, 51, 'Reached', 1, '2018-12-21 09:51:27', '2018-12-21 09:51:27', 1, 1),
(41, 52, 'Completed', 1, '2018-12-21 09:52:06', '2018-12-21 09:52:06', 1, 1),
(42, 53, 'Cancelled', 1, '2018-12-21 09:52:39', '2018-12-21 09:52:39', 1, 1),
(43, 54, 'All Bookings', 1, '2018-12-21 11:00:54', '2018-12-21 11:00:54', 1, 1),
(44, 55, 'Vehicles', 1, '2018-12-24 07:12:54', '2018-12-24 07:12:54', 1, 1),
(45, 56, 'Technicians', 1, '2018-12-24 08:02:11', '2018-12-24 08:02:11', 1, 1),
(46, 57, 'Gift Vouchers', 1, '2018-12-26 07:06:18', '2018-12-26 07:06:18', 1, 1),
(47, 58, 'Package Requests', 1, '2018-12-27 13:38:22', '2018-12-27 13:38:22', 1, 1),
(48, 59, 'Overdue', 1, '2019-01-04 09:36:11', '2019-01-04 09:36:11', 1, 1),
(49, 60, 'Send Notifications', 1, '2019-01-07 13:27:24', '2019-01-07 13:27:24', 1, 1),
(50, 61, 'Stores', 1, '2019-01-29 06:18:23', '2019-01-29 06:18:23', 1, 1),
(51, 62, 'Products', 1, '2019-02-01 05:47:53', '2019-02-01 05:47:53', 1, 1),
(52, 63, 'Sales', 1, '2019-02-01 11:10:43', '2019-02-01 11:10:43', 1, 1),
(53, 64, 'Catalogs', 1, '2019-02-01 11:11:30', '2019-02-01 11:11:30', 1, 1),
(54, 65, 'Orders', 1, '2019-02-01 11:15:09', '2019-02-01 11:15:09', 1, 1),
(55, 66, 'Invoices', 1, '2019-02-01 11:16:07', '2019-02-01 11:16:07', 1, 1),
(56, 67, 'Shipments', 1, '2019-02-01 11:17:01', '2019-02-01 11:17:01', 1, 1),
(57, 68, 'Tickets', 1, '2019-02-01 11:17:56', '2019-02-01 11:17:56', 1, 1),
(58, 69, 'Refunds', 1, '2019-02-01 11:19:27', '2019-02-01 11:19:27', 1, 1),
(59, 70, 'Customers', 1, '2019-02-01 11:20:46', '2019-02-01 11:20:46', 1, 1),
(60, 71, 'All Customerss', 1, '2019-02-01 11:22:25', '2019-02-01 11:22:25', 1, 1),
(61, 72, 'Marketing', 1, '2019-02-01 11:23:19', '2019-02-01 11:23:19', 1, 1),
(62, 73, 'Feedback & CV Collection', 1, '2019-02-01 11:24:43', '2019-02-01 11:24:43', 1, 1),
(63, 74, 'Reports', 1, '2019-02-01 11:29:13', '2019-02-01 11:29:13', 1, 1),
(64, 75, 'Home Grid Images', 1, '2019-02-01 13:02:53', '2019-02-01 13:02:53', 1, 1),
(65, 76, 'Nutrition Facts', 1, '2019-02-06 07:02:37', '2019-02-06 07:02:37', 1, 1),
(66, 77, 'Site Content', 1, '2019-02-12 11:27:55', '2019-02-12 11:27:55', 1, 1),
(67, 78, 'Home Slider Images', 1, '2019-02-12 11:43:22', '2019-02-12 11:43:22', 1, 1),
(68, 79, 'Newsletters', 1, '2019-02-19 12:11:34', '2019-02-19 12:11:34', 1, 1),
(69, 80, 'Taxes and Shipment Methods', 1, '2019-02-25 12:52:39', '2019-02-25 12:52:39', 1, 1),
(70, 81, 'Online Customers', 1, '2019-03-14 10:44:20', '2019-03-14 10:44:20', 1, 1),
(71, 82, 'All Customers', 1, '2019-03-26 09:09:40', '2019-03-26 09:09:40', 1, 1),
(72, 83, 'Customer Groups', 1, '2019-03-26 09:12:17', '2019-03-26 09:12:17', 1, 1),
(73, 84, 'Discounts', 1, '2019-03-29 08:27:21', '2019-03-29 08:27:21', 1, 1),
(74, 85, 'Searched Tags', 1, '2019-04-01 21:59:44', '2019-04-01 21:59:44', 1, 1),
(75, 86, 'Boxes', 1, '2019-04-10 13:44:18', '2019-04-10 13:44:18', 1, 1),
(76, 87, 'Abandoned Carts', 1, '2019-04-18 16:07:12', '2019-04-18 16:07:12', 1, 1),
(77, 88, 'Customize Tab', 1, '2020-02-19 07:45:08', '2020-02-19 07:45:08', 1, 1),
(78, 89, 'Tags', 1, '2020-03-04 16:40:36', '2020-03-04 16:40:36', 1, 1),
(79, 90, 'FAQ', 1, '2020-04-16 19:37:18', '2020-04-16 19:37:18', 1, 1),
(80, 91, 'Packages', 1, '2020-08-28 20:37:58', '2020-08-28 20:37:58', 1, 1),
(81, 93, 'Free Shipment Charges', 1, '2018-05-02 12:10:33', '2018-05-02 12:10:33', 1, 1),
(82, 94, 'Customization', 1, '2021-01-27 00:00:00', '2021-01-27 00:00:00', 1, 1),
(83, 95, 'Ribbon', 1, '2021-01-27 00:00:00', '2021-01-27 00:00:00', 1, 1),
(84, 96, 'Box Category', 1, '2021-01-27 00:00:00', '2021-01-27 00:00:00', 1, 1),
(85, 97, 'Characters', 1, '2021-01-27 00:00:00', '2021-01-27 00:00:00', 1, 1),
(86, 98, 'Shapes', 1, '2021-01-27 00:00:00', '2021-01-27 00:00:00', 1, 1),
(87, 99, 'Content Type', 1, '2021-01-27 00:00:00', '2021-01-27 00:00:00', 1, 1),
(88, 100, 'Content Type Sub', 1, '2021-01-27 00:00:00', '2021-01-27 00:00:00', 1, 1),
(89, 101, 'Wrapping', 1, '2021-01-27 00:00:00', '2021-01-27 00:00:00', 1, 1),
(90, 102, 'Filling', 1, '2021-01-27 00:00:00', '2021-01-27 00:00:00', 1, 1),
(91, 103, 'Fill Color', 1, '2021-01-27 00:00:00', '2021-01-27 00:00:00', 1, 1),
(92, 104, 'Powder Color', 1, '2021-01-27 00:00:00', '2021-01-27 00:00:00', 1, 1),
(93, 105, 'Choco Message', 1, '2021-01-27 00:00:00', '2021-01-27 00:00:00', 1, 1),
(94, 106, 'Choco Shape', 1, '2021-01-27 00:00:00', '2021-01-27 00:00:00', 1, 1),
(95, 107, 'Box', 1, '2021-01-27 00:00:00', '2021-01-27 00:00:00', 1, 1),
(96, 108, 'Choco Box', 1, '2021-01-27 00:00:00', '2021-01-27 00:00:00', 1, 1),
(97, 109, 'Content Type', 1, '2021-01-27 00:00:00', '2021-01-27 00:00:00', 1, 1),
(98, 110, 'Content Type Sub', 1, '2021-01-27 00:00:00', '2021-01-27 00:00:00', 1, 1),
(99, 111, 'Custom Sales', 1, '2018-04-19 15:22:06', '2018-04-19 15:22:06', 1, 1),
(100, 112, 'Custom Orders', 1, '2018-04-19 15:22:06', '2018-04-19 15:22:06', 1, 1),
(101, 113, 'Custom Tickets', 1, '2018-04-19 15:22:06', '2018-04-19 15:22:06', 1, 1),
(102, 114, 'Custom Invoice', 1, '2018-04-19 15:22:06', '2018-04-19 15:22:06', 1, 1);

-- --------------------------------------------------------

--
-- Table structure for table `modules_users_rights`
--

CREATE TABLE `modules_users_rights` (
  `ModuleRightID` int(11) NOT NULL,
  `ModuleID` int(11) NOT NULL,
  `UserID` int(11) NOT NULL,
  `CanView` tinyint(4) NOT NULL,
  `CanAdd` tinyint(4) NOT NULL,
  `CanEdit` tinyint(4) NOT NULL,
  `CanDelete` tinyint(4) NOT NULL,
  `CreatedAt` datetime NOT NULL,
  `UpdatedAt` datetime NOT NULL,
  `CreatedBy` int(11) NOT NULL,
  `UpdatedBy` int(11) NOT NULL
) ENGINE=InnoDB DEFAULT CHARSET=utf8;

--
-- Dumping data for table `modules_users_rights`
--

INSERT INTO `modules_users_rights` (`ModuleRightID`, `ModuleID`, `UserID`, `CanView`, `CanAdd`, `CanEdit`, `CanDelete`, `CreatedAt`, `UpdatedAt`, `CreatedBy`, `UpdatedBy`) VALUES
(1, 1, 1, 1, 1, 1, 1, '2020-04-28 12:41:27', '2021-02-15 15:24:12', 1, 1),
(2, 18, 1, 1, 1, 1, 1, '2020-04-28 12:41:27', '2021-02-15 15:24:12', 1, 1),
(3, 22, 1, 1, 1, 1, 1, '2020-04-28 12:41:27', '2021-02-15 15:24:12', 1, 1),
(4, 23, 1, 1, 1, 1, 1, '2020-04-28 12:41:27', '2021-02-15 15:24:12', 1, 1),
(5, 32, 1, 1, 1, 1, 1, '2020-04-28 12:41:27', '2021-02-15 15:24:12', 1, 1),
(6, 35, 1, 1, 1, 1, 1, '2020-04-28 12:41:27', '2021-02-15 15:24:12', 1, 1),
(7, 36, 1, 1, 1, 1, 1, '2020-04-28 12:41:27', '2021-02-15 15:24:12', 1, 1),
(8, 39, 1, 1, 1, 1, 1, '2020-04-28 12:41:27', '2021-02-15 15:24:12', 1, 1),
(9, 40, 1, 1, 1, 1, 1, '2020-04-28 12:41:27', '2020-04-28 12:41:27', 1, 1),
(10, 43, 1, 1, 1, 1, 1, '2020-04-28 12:41:27', '2021-02-15 15:24:12', 1, 1),
(11, 44, 1, 1, 1, 1, 1, '2020-04-28 12:41:27', '2020-04-28 12:41:27', 1, 1),
(12, 45, 1, 1, 1, 1, 1, '2020-04-28 12:41:27', '2021-02-15 15:24:12', 1, 1),
(13, 46, 1, 1, 1, 1, 1, '2020-04-28 12:41:27', '2020-04-28 12:41:27', 1, 1),
(14, 47, 1, 1, 1, 1, 1, '2020-04-28 12:41:27', '2021-02-15 15:24:12', 1, 1),
(15, 48, 1, 1, 1, 1, 1, '2020-04-28 12:41:27', '2021-02-15 15:24:12', 1, 1),
(16, 50, 1, 1, 1, 1, 1, '2020-04-28 12:41:27', '2021-02-15 15:24:12', 1, 1),
(17, 51, 1, 1, 1, 1, 1, '2020-04-28 12:41:27', '2021-02-15 15:24:12', 1, 1),
(18, 52, 1, 1, 1, 1, 1, '2020-04-28 12:41:27', '2021-02-15 15:24:12', 1, 1),
(19, 53, 1, 1, 1, 1, 1, '2020-04-28 12:41:27', '2021-02-15 15:24:12', 1, 1),
(20, 54, 1, 1, 1, 1, 1, '2020-04-28 12:41:27', '2021-02-15 15:24:12', 1, 1),
(21, 55, 1, 1, 1, 1, 1, '2020-04-28 12:41:27', '2020-04-28 12:41:27', 1, 1),
(22, 56, 1, 1, 1, 1, 1, '2020-04-28 12:41:27', '2020-04-28 12:41:27', 1, 1),
(23, 57, 1, 1, 1, 1, 1, '2020-04-28 12:41:27', '2021-02-15 15:24:12', 1, 1),
(24, 58, 1, 1, 1, 1, 1, '2020-04-28 12:41:27', '2020-04-28 12:41:27', 1, 1),
(25, 59, 1, 1, 1, 1, 1, '2020-04-28 12:41:27', '2020-04-28 12:41:27', 1, 1),
(26, 60, 1, 1, 1, 1, 1, '2020-04-28 12:41:27', '2021-02-15 15:24:12', 1, 1),
(27, 61, 1, 1, 1, 1, 1, '2020-04-28 12:41:27', '2021-02-15 15:24:12', 1, 1),
(28, 62, 1, 1, 1, 1, 1, '2020-04-28 12:41:27', '2021-02-15 15:24:12', 1, 1),
(29, 63, 1, 1, 1, 1, 1, '2020-04-28 12:41:27', '2021-02-15 15:24:12', 1, 1),
(30, 64, 1, 1, 1, 1, 1, '2020-04-28 12:41:27', '2021-02-15 15:24:12', 1, 1),
(31, 65, 1, 1, 1, 1, 1, '2020-04-28 12:41:27', '2021-02-15 15:24:12', 1, 1),
(32, 66, 1, 1, 1, 1, 1, '2020-04-28 12:41:27', '2021-02-15 15:24:12', 1, 1),
(33, 67, 1, 1, 1, 1, 1, '2020-04-28 12:41:27', '2021-02-15 15:24:12', 1, 1),
(34, 68, 1, 1, 1, 1, 1, '2020-04-28 12:41:27', '2021-02-15 15:24:12', 1, 1),
(35, 69, 1, 1, 1, 1, 1, '2020-04-28 12:41:27', '2020-04-28 12:41:27', 1, 1),
(36, 70, 1, 1, 1, 1, 1, '2020-04-28 12:41:27', '2021-02-15 15:24:12', 1, 1),
(37, 71, 1, 1, 1, 1, 1, '2020-04-28 12:41:27', '2020-04-28 12:41:27', 1, 1),
(38, 72, 1, 1, 1, 1, 1, '2020-04-28 12:41:27', '2021-02-15 15:24:12', 1, 1),
(39, 73, 1, 1, 1, 1, 1, '2020-04-28 12:41:27', '2021-02-15 15:24:12', 1, 1),
(40, 74, 1, 1, 1, 1, 1, '2020-04-28 12:41:27', '2021-02-15 15:24:12', 1, 1),
(41, 75, 1, 1, 1, 1, 1, '2020-04-28 12:41:27', '2021-02-15 15:24:12', 1, 1),
(42, 76, 1, 1, 1, 1, 1, '2020-04-28 12:41:27', '2021-02-15 15:24:12', 1, 1),
(43, 77, 1, 1, 1, 1, 1, '2020-04-28 12:41:27', '2021-02-15 15:24:12', 1, 1),
(44, 78, 1, 1, 1, 1, 1, '2020-04-28 12:41:27', '2021-02-15 15:24:12', 1, 1),
(45, 79, 1, 1, 1, 1, 1, '2020-04-28 12:41:27', '2021-02-15 15:24:12', 1, 1),
(46, 80, 1, 1, 1, 1, 1, '2020-04-28 12:41:27', '2021-02-15 15:24:12', 1, 1),
(47, 81, 1, 1, 1, 1, 1, '2020-04-28 12:41:27', '2020-04-28 12:41:27', 1, 1),
(48, 82, 1, 1, 1, 1, 1, '2020-04-28 12:41:27', '2021-02-15 15:24:12', 1, 1),
(49, 83, 1, 1, 1, 1, 1, '2020-04-28 12:41:27', '2021-02-15 15:24:12', 1, 1),
(50, 84, 1, 1, 1, 1, 1, '2020-04-28 12:41:27', '2021-02-15 15:24:12', 1, 1),
(51, 85, 1, 1, 1, 1, 1, '2020-04-28 12:41:27', '2021-02-15 15:24:12', 1, 1),
(52, 86, 1, 1, 1, 1, 1, '2020-04-28 12:41:27', '2021-02-15 15:24:12', 1, 1),
(53, 87, 1, 1, 1, 1, 1, '2020-04-28 12:41:27', '2021-02-15 15:24:12', 1, 1),
(54, 88, 1, 1, 1, 1, 1, '2020-04-28 12:41:27', '2021-02-15 15:24:12', 1, 1),
(55, 89, 1, 1, 1, 1, 1, '2020-04-28 12:41:27', '2021-02-15 15:24:12', 1, 1),
(56, 90, 1, 1, 1, 1, 1, '2020-04-28 12:41:27', '2021-02-15 15:24:12', 1, 1),
(113, 1, 93, 1, 1, 1, 1, '2020-05-12 22:15:03', '2020-05-12 22:15:03', 1, 1),
(114, 18, 93, 0, 0, 0, 0, '2020-05-12 22:15:03', '2020-05-12 22:15:03', 1, 1),
(115, 22, 93, 0, 0, 0, 0, '2020-05-12 22:15:03', '2020-05-12 22:15:03', 1, 1),
(116, 23, 93, 0, 0, 0, 0, '2020-05-12 22:15:03', '2020-05-12 22:15:03', 1, 1),
(117, 32, 93, 0, 0, 0, 0, '2020-05-12 22:15:03', '2020-05-12 22:15:03', 1, 1),
(118, 35, 93, 0, 0, 0, 0, '2020-05-12 22:15:03', '2020-05-12 22:15:03', 1, 1),
(119, 36, 93, 0, 0, 0, 0, '2020-05-12 22:15:03', '2020-05-12 22:15:03', 1, 1),
(120, 39, 93, 0, 0, 0, 0, '2020-05-12 22:15:03', '2020-05-12 22:15:03', 1, 1),
(121, 40, 93, 0, 0, 0, 0, '2020-05-12 22:15:03', '2020-05-12 22:15:03', 1, 1),
(122, 43, 93, 0, 0, 0, 0, '2020-05-12 22:15:03', '2020-05-12 22:15:03', 1, 1),
(123, 44, 93, 0, 0, 0, 0, '2020-05-12 22:15:03', '2020-05-12 22:15:03', 1, 1),
(124, 45, 93, 0, 0, 0, 0, '2020-05-12 22:15:03', '2020-05-12 22:15:03', 1, 1),
(125, 46, 93, 0, 0, 0, 0, '2020-05-12 22:15:03', '2020-05-12 22:15:03', 1, 1),
(126, 47, 93, 0, 0, 0, 0, '2020-05-12 22:15:03', '2020-05-12 22:15:03', 1, 1),
(127, 48, 93, 0, 0, 0, 0, '2020-05-12 22:15:03', '2020-05-12 22:15:03', 1, 1),
(128, 50, 93, 0, 0, 0, 0, '2020-05-12 22:15:03', '2020-05-12 22:15:03', 1, 1),
(129, 51, 93, 0, 0, 0, 0, '2020-05-12 22:15:03', '2020-05-12 22:15:03', 1, 1),
(130, 52, 93, 0, 0, 0, 0, '2020-05-12 22:15:03', '2020-05-12 22:15:03', 1, 1),
(131, 53, 93, 0, 0, 0, 0, '2020-05-12 22:15:03', '2020-05-12 22:15:03', 1, 1),
(132, 54, 93, 0, 0, 0, 0, '2020-05-12 22:15:03', '2020-05-12 22:15:03', 1, 1),
(133, 55, 93, 0, 0, 0, 0, '2020-05-12 22:15:03', '2020-05-12 22:15:03', 1, 1),
(134, 56, 93, 0, 0, 0, 0, '2020-05-12 22:15:03', '2020-05-12 22:15:03', 1, 1),
(135, 57, 93, 0, 0, 0, 0, '2020-05-12 22:15:03', '2020-05-12 22:15:03', 1, 1),
(136, 58, 93, 0, 0, 0, 0, '2020-05-12 22:15:03', '2020-05-12 22:15:03', 1, 1),
(137, 59, 93, 0, 0, 0, 0, '2020-05-12 22:15:03', '2020-05-12 22:15:03', 1, 1),
(138, 60, 93, 0, 0, 0, 0, '2020-05-12 22:15:03', '2020-05-12 22:15:03', 1, 1),
(139, 61, 93, 0, 0, 0, 0, '2020-05-12 22:15:03', '2020-05-12 22:15:03', 1, 1),
(140, 62, 93, 0, 0, 0, 0, '2020-05-12 22:15:03', '2020-05-12 22:15:03', 1, 1),
(141, 63, 93, 1, 1, 1, 1, '2020-05-12 22:15:03', '2020-05-12 22:15:03', 1, 1),
(142, 64, 93, 0, 0, 0, 0, '2020-05-12 22:15:03', '2020-05-12 22:15:03', 1, 1),
(143, 65, 93, 1, 1, 1, 1, '2020-05-12 22:15:03', '2020-05-12 22:15:03', 1, 1),
(144, 66, 93, 0, 0, 0, 0, '2020-05-12 22:15:03', '2020-05-12 22:15:03', 1, 1),
(145, 67, 93, 1, 1, 1, 1, '2020-05-12 22:15:03', '2020-05-12 22:15:03', 1, 1),
(146, 68, 93, 0, 0, 0, 0, '2020-05-12 22:15:03', '2020-05-12 22:15:03', 1, 1),
(147, 69, 93, 0, 0, 0, 0, '2020-05-12 22:15:03', '2020-05-12 22:15:03', 1, 1),
(148, 70, 93, 0, 0, 0, 0, '2020-05-12 22:15:03', '2020-05-12 22:15:03', 1, 1),
(149, 71, 93, 0, 0, 0, 0, '2020-05-12 22:15:03', '2020-05-12 22:15:03', 1, 1),
(150, 72, 93, 0, 0, 0, 0, '2020-05-12 22:15:03', '2020-05-12 22:15:03', 1, 1),
(151, 73, 93, 0, 0, 0, 0, '2020-05-12 22:15:03', '2020-05-12 22:15:03', 1, 1),
(152, 74, 93, 0, 0, 0, 0, '2020-05-12 22:15:03', '2020-05-12 22:15:03', 1, 1),
(153, 75, 93, 0, 0, 0, 0, '2020-05-12 22:15:03', '2020-05-12 22:15:03', 1, 1),
(154, 76, 93, 0, 0, 0, 0, '2020-05-12 22:15:03', '2020-05-12 22:15:03', 1, 1),
(155, 77, 93, 0, 0, 0, 0, '2020-05-12 22:15:03', '2020-05-12 22:15:03', 1, 1),
(156, 78, 93, 0, 0, 0, 0, '2020-05-12 22:15:03', '2020-05-12 22:15:03', 1, 1),
(157, 79, 93, 0, 0, 0, 0, '2020-05-12 22:15:03', '2020-05-12 22:15:03', 1, 1),
(158, 80, 93, 0, 0, 0, 0, '2020-05-12 22:15:03', '2020-05-12 22:15:03', 1, 1),
(159, 81, 93, 0, 0, 0, 0, '2020-05-12 22:15:03', '2020-05-12 22:15:03', 1, 1),
(160, 82, 93, 0, 0, 0, 0, '2020-05-12 22:15:03', '2020-05-12 22:15:03', 1, 1),
(161, 83, 93, 0, 0, 0, 0, '2020-05-12 22:15:03', '2020-05-12 22:15:03', 1, 1),
(162, 84, 93, 0, 0, 0, 0, '2020-05-12 22:15:03', '2020-05-12 22:15:03', 1, 1),
(163, 85, 93, 0, 0, 0, 0, '2020-05-12 22:15:03', '2020-05-12 22:15:03', 1, 1),
(164, 86, 93, 0, 0, 0, 0, '2020-05-12 22:15:03', '2020-05-12 22:15:03', 1, 1),
(165, 87, 93, 0, 0, 0, 0, '2020-05-12 22:15:03', '2020-05-12 22:15:03', 1, 1),
(166, 88, 93, 0, 0, 0, 0, '2020-05-12 22:15:03', '2020-05-12 22:15:03', 1, 1),
(167, 89, 93, 0, 0, 0, 0, '2020-05-12 22:15:03', '2020-05-12 22:15:03', 1, 1),
(168, 90, 93, 0, 0, 0, 0, '2020-05-12 22:15:03', '2020-05-12 22:15:03', 1, 1),
(281, 1, 97, 1, 1, 1, 1, '2020-05-15 21:25:00', '2020-07-28 14:20:16', 1, 97),
(282, 18, 97, 1, 1, 1, 1, '2020-05-15 21:25:00', '2020-07-28 14:20:16', 1, 97),
(283, 22, 97, 1, 1, 0, 0, '2020-05-15 21:25:00', '2020-07-28 14:20:16', 1, 97),
(284, 23, 97, 1, 1, 1, 1, '2020-05-15 21:25:00', '2020-07-28 14:20:16', 1, 97),
(285, 32, 97, 1, 1, 1, 1, '2020-05-15 21:25:00', '2020-07-28 14:20:16', 1, 97),
(286, 35, 97, 1, 1, 1, 1, '2020-05-15 21:25:00', '2020-07-28 14:20:16', 1, 97),
(287, 36, 97, 1, 1, 1, 1, '2020-05-15 21:25:00', '2020-07-28 14:20:16', 1, 97),
(288, 39, 97, 1, 1, 1, 1, '2020-05-15 21:25:00', '2020-07-28 14:20:16', 1, 97),
(289, 40, 97, 1, 1, 1, 1, '2020-05-15 21:25:00', '2020-05-15 21:25:00', 1, 1),
(290, 43, 97, 1, 1, 0, 0, '2020-05-15 21:25:00', '2020-07-28 14:20:16', 1, 97),
(291, 44, 97, 1, 1, 1, 1, '2020-05-15 21:25:00', '2020-05-15 21:25:00', 1, 1),
(292, 45, 97, 0, 0, 0, 0, '2020-05-15 21:25:00', '2020-07-28 14:20:16', 1, 97),
(293, 46, 97, 1, 1, 1, 1, '2020-05-15 21:25:00', '2020-05-15 21:25:00', 1, 1),
(294, 47, 97, 1, 1, 1, 1, '2020-05-15 21:25:00', '2020-07-28 14:20:16', 1, 97),
(295, 48, 97, 1, 1, 1, 1, '2020-05-15 21:25:00', '2020-07-28 14:20:16', 1, 97),
(296, 50, 97, 1, 1, 1, 1, '2020-05-15 21:25:00', '2020-07-28 14:20:16', 1, 97),
(297, 51, 97, 1, 1, 1, 1, '2020-05-15 21:25:00', '2020-07-28 14:20:16', 1, 97),
(298, 52, 97, 1, 1, 1, 1, '2020-05-15 21:25:00', '2020-07-28 14:20:16', 1, 97),
(299, 53, 97, 1, 1, 1, 1, '2020-05-15 21:25:00', '2020-07-28 14:20:16', 1, 97),
(300, 54, 97, 0, 0, 0, 0, '2020-05-15 21:25:00', '2020-07-28 14:20:16', 1, 97),
(301, 55, 97, 1, 1, 1, 1, '2020-05-15 21:25:00', '2020-05-15 21:25:00', 1, 1),
(302, 56, 97, 1, 1, 1, 1, '2020-05-15 21:25:00', '2020-05-15 21:25:00', 1, 1),
(303, 57, 97, 1, 1, 1, 1, '2020-05-15 21:25:00', '2020-07-28 14:20:16', 1, 97),
(304, 58, 97, 1, 1, 1, 1, '2020-05-15 21:25:00', '2020-05-15 21:25:00', 1, 1),
(305, 59, 97, 1, 1, 1, 1, '2020-05-15 21:25:00', '2020-05-15 21:25:00', 1, 1),
(306, 60, 97, 1, 1, 1, 1, '2020-05-15 21:25:00', '2020-07-28 14:20:16', 1, 97),
(307, 61, 97, 1, 1, 1, 1, '2020-05-15 21:25:00', '2020-07-28 14:20:16', 1, 97),
(308, 62, 97, 1, 1, 1, 1, '2020-05-15 21:25:00', '2020-07-28 14:20:16', 1, 97),
(309, 63, 97, 0, 1, 1, 1, '2020-05-15 21:25:00', '2020-07-28 14:20:16', 1, 97),
(310, 64, 97, 0, 0, 0, 0, '2020-05-15 21:25:00', '2020-07-28 14:20:16', 1, 97),
(311, 65, 97, 0, 1, 1, 1, '2020-05-15 21:25:00', '2020-07-28 14:20:16', 1, 97),
(312, 66, 97, 0, 0, 0, 0, '2020-05-15 21:25:00', '2020-07-28 14:20:16', 1, 97),
(313, 67, 97, 1, 1, 1, 1, '2020-05-15 21:25:00', '2020-07-28 14:20:16', 1, 97),
(314, 68, 97, 0, 0, 0, 0, '2020-05-15 21:25:00', '2020-07-28 14:20:16', 1, 97),
(315, 69, 97, 0, 0, 0, 0, '2020-05-15 21:25:00', '2020-05-15 21:25:00', 1, 1),
(316, 70, 97, 0, 0, 0, 0, '2020-05-15 21:25:00', '2020-07-28 14:20:16', 1, 97),
(317, 71, 97, 0, 0, 0, 0, '2020-05-15 21:25:00', '2020-05-15 21:25:00', 1, 1),
(318, 72, 97, 0, 0, 0, 0, '2020-05-15 21:25:00', '2020-07-28 14:20:16', 1, 97),
(319, 73, 97, 0, 0, 0, 0, '2020-05-15 21:25:00', '2020-07-28 14:20:16', 1, 97),
(320, 74, 97, 0, 0, 0, 0, '2020-05-15 21:25:00', '2020-07-28 14:20:16', 1, 97),
(321, 75, 97, 0, 0, 0, 0, '2020-05-15 21:25:00', '2020-07-28 14:20:16', 1, 97),
(322, 76, 97, 0, 0, 0, 0, '2020-05-15 21:25:00', '2020-07-28 14:20:16', 1, 97),
(323, 77, 97, 0, 0, 0, 0, '2020-05-15 21:25:00', '2020-07-28 14:20:16', 1, 97),
(324, 78, 97, 0, 0, 0, 0, '2020-05-15 21:25:00', '2020-07-28 14:20:16', 1, 97),
(325, 79, 97, 0, 0, 0, 0, '2020-05-15 21:25:00', '2020-07-28 14:20:16', 1, 97),
(326, 80, 97, 0, 0, 0, 0, '2020-05-15 21:25:00', '2020-07-28 14:20:16', 1, 97),
(327, 81, 97, 0, 0, 0, 0, '2020-05-15 21:25:00', '2020-05-15 21:25:00', 1, 1),
(328, 82, 97, 0, 0, 0, 0, '2020-05-15 21:25:00', '2020-07-28 14:20:16', 1, 97),
(329, 83, 97, 0, 0, 0, 0, '2020-05-15 21:25:00', '2020-07-28 14:20:16', 1, 97),
(330, 84, 97, 0, 0, 0, 0, '2020-05-15 21:25:00', '2020-07-28 14:20:16', 1, 97),
(331, 85, 97, 0, 0, 0, 0, '2020-05-15 21:25:00', '2020-07-28 14:20:16', 1, 97),
(332, 86, 97, 0, 0, 0, 0, '2020-05-15 21:25:00', '2020-07-28 14:20:16', 1, 97),
(333, 87, 97, 0, 0, 0, 0, '2020-05-15 21:25:00', '2020-07-28 14:20:16', 1, 97),
(334, 88, 97, 0, 0, 0, 0, '2020-05-15 21:25:00', '2020-07-28 14:20:16', 1, 97),
(335, 89, 97, 0, 0, 0, 0, '2020-05-15 21:25:00', '2020-07-28 14:20:16', 1, 97),
(336, 90, 97, 0, 0, 0, 0, '2020-05-15 21:25:00', '2020-07-28 14:20:16', 1, 97),
(337, 1, 98, 1, 1, 1, 1, '2020-05-15 21:27:09', '2020-07-15 16:27:23', 1, 1),
(338, 18, 98, 1, 1, 1, 1, '2020-05-15 21:27:09', '2020-07-15 16:27:23', 1, 1),
(339, 22, 98, 1, 1, 1, 1, '2020-05-15 21:27:09', '2020-07-15 16:27:23', 1, 1),
(340, 23, 98, 1, 1, 1, 1, '2020-05-15 21:27:09', '2020-07-15 16:27:23', 1, 1),
(341, 32, 98, 1, 1, 1, 1, '2020-05-15 21:27:09', '2020-07-15 16:27:23', 1, 1),
(342, 35, 98, 1, 1, 1, 1, '2020-05-15 21:27:09', '2020-07-15 16:27:23', 1, 1),
(343, 36, 98, 1, 1, 1, 1, '2020-05-15 21:27:09', '2020-07-15 16:27:23', 1, 1),
(344, 39, 98, 1, 1, 1, 1, '2020-05-15 21:27:09', '2020-07-15 16:27:23', 1, 1),
(345, 40, 98, 1, 1, 1, 1, '2020-05-15 21:27:09', '2020-05-15 21:27:09', 1, 1),
(346, 43, 98, 1, 1, 1, 1, '2020-05-15 21:27:09', '2020-07-15 16:27:23', 1, 1),
(347, 44, 98, 1, 1, 1, 1, '2020-05-15 21:27:09', '2020-05-15 21:27:09', 1, 1),
(348, 45, 98, 1, 1, 1, 1, '2020-05-15 21:27:09', '2020-07-15 16:27:23', 1, 1),
(349, 46, 98, 1, 1, 1, 1, '2020-05-15 21:27:09', '2020-05-15 21:27:09', 1, 1),
(350, 47, 98, 1, 1, 1, 1, '2020-05-15 21:27:09', '2020-07-15 16:27:23', 1, 1),
(351, 48, 98, 1, 1, 1, 1, '2020-05-15 21:27:09', '2020-07-15 16:27:23', 1, 1),
(352, 50, 98, 1, 1, 1, 1, '2020-05-15 21:27:09', '2020-07-15 16:27:23', 1, 1),
(353, 51, 98, 1, 1, 1, 1, '2020-05-15 21:27:09', '2020-07-15 16:27:23', 1, 1),
(354, 52, 98, 1, 1, 1, 1, '2020-05-15 21:27:09', '2020-07-15 16:27:23', 1, 1),
(355, 53, 98, 1, 1, 1, 1, '2020-05-15 21:27:09', '2020-07-15 16:27:23', 1, 1),
(356, 54, 98, 1, 1, 1, 1, '2020-05-15 21:27:09', '2020-07-15 16:27:23', 1, 1),
(357, 55, 98, 1, 1, 1, 1, '2020-05-15 21:27:09', '2020-05-15 21:27:09', 1, 1),
(358, 56, 98, 1, 1, 1, 1, '2020-05-15 21:27:09', '2020-05-15 21:27:09', 1, 1),
(359, 57, 98, 1, 1, 1, 1, '2020-05-15 21:27:09', '2020-07-15 16:27:23', 1, 1),
(360, 58, 98, 1, 1, 1, 1, '2020-05-15 21:27:09', '2020-05-15 21:27:09', 1, 1),
(361, 59, 98, 1, 1, 1, 1, '2020-05-15 21:27:09', '2020-05-15 21:27:09', 1, 1),
(362, 60, 98, 1, 1, 1, 1, '2020-05-15 21:27:09', '2020-07-15 16:27:23', 1, 1),
(363, 61, 98, 1, 1, 1, 1, '2020-05-15 21:27:09', '2020-07-15 16:27:23', 1, 1),
(364, 62, 98, 1, 1, 1, 1, '2020-05-15 21:27:09', '2020-07-15 16:27:23', 1, 1),
(365, 63, 98, 1, 1, 1, 1, '2020-05-15 21:27:09', '2020-07-15 16:27:23', 1, 1),
(366, 64, 98, 0, 0, 0, 0, '2020-05-15 21:27:09', '2020-07-15 16:27:23', 1, 1),
(367, 65, 98, 1, 1, 1, 1, '2020-05-15 21:27:09', '2020-07-15 16:27:23', 1, 1),
(368, 66, 98, 0, 0, 0, 0, '2020-05-15 21:27:09', '2020-07-15 16:27:23', 1, 1),
(369, 67, 98, 1, 1, 1, 1, '2020-05-15 21:27:09', '2020-07-15 16:27:23', 1, 1),
(370, 68, 98, 0, 0, 0, 0, '2020-05-15 21:27:09', '2020-07-15 16:27:23', 1, 1),
(371, 69, 98, 0, 0, 0, 0, '2020-05-15 21:27:09', '2020-05-15 21:27:09', 1, 1),
(372, 70, 98, 0, 0, 0, 0, '2020-05-15 21:27:09', '2020-07-15 16:27:23', 1, 1),
(373, 71, 98, 0, 0, 0, 0, '2020-05-15 21:27:09', '2020-05-15 21:27:09', 1, 1),
(374, 72, 98, 0, 0, 0, 0, '2020-05-15 21:27:09', '2020-07-15 16:27:23', 1, 1),
(375, 73, 98, 0, 0, 0, 0, '2020-05-15 21:27:09', '2020-07-15 16:27:23', 1, 1),
(376, 74, 98, 0, 0, 0, 0, '2020-05-15 21:27:09', '2020-07-15 16:27:23', 1, 1),
(377, 75, 98, 0, 0, 0, 0, '2020-05-15 21:27:09', '2020-07-15 16:27:23', 1, 1),
(378, 76, 98, 0, 0, 0, 0, '2020-05-15 21:27:09', '2020-07-15 16:27:23', 1, 1),
(379, 77, 98, 0, 0, 0, 0, '2020-05-15 21:27:09', '2020-07-15 16:27:23', 1, 1),
(380, 78, 98, 0, 0, 0, 0, '2020-05-15 21:27:09', '2020-07-15 16:27:23', 1, 1),
(381, 79, 98, 0, 0, 0, 0, '2020-05-15 21:27:09', '2020-07-15 16:27:23', 1, 1),
(382, 80, 98, 0, 0, 0, 0, '2020-05-15 21:27:09', '2020-07-15 16:27:23', 1, 1),
(383, 81, 98, 0, 0, 0, 0, '2020-05-15 21:27:09', '2020-05-15 21:27:09', 1, 1),
(384, 82, 98, 0, 0, 0, 0, '2020-05-15 21:27:09', '2020-07-15 16:27:23', 1, 1),
(385, 83, 98, 0, 0, 0, 0, '2020-05-15 21:27:09', '2020-07-15 16:27:23', 1, 1),
(386, 84, 98, 0, 0, 0, 0, '2020-05-15 21:27:09', '2020-07-15 16:27:23', 1, 1),
(387, 85, 98, 0, 0, 0, 0, '2020-05-15 21:27:09', '2020-07-15 16:27:23', 1, 1),
(388, 86, 98, 0, 0, 0, 0, '2020-05-15 21:27:09', '2020-07-15 16:27:23', 1, 1),
(389, 87, 98, 0, 0, 0, 0, '2020-05-15 21:27:09', '2020-07-15 16:27:23', 1, 1),
(390, 88, 98, 0, 0, 0, 0, '2020-05-15 21:27:09', '2020-07-15 16:27:23', 1, 1),
(391, 89, 98, 0, 0, 0, 0, '2020-05-15 21:27:09', '2020-07-15 16:27:23', 1, 1),
(392, 90, 98, 0, 0, 0, 0, '2020-05-15 21:27:09', '2020-07-15 16:27:23', 1, 1),
(393, 1, 99, 1, 1, 1, 1, '2020-05-15 21:33:32', '2020-05-15 21:33:32', 1, 1),
(394, 18, 99, 1, 1, 1, 1, '2020-05-15 21:33:32', '2020-05-15 21:33:32', 1, 1),
(395, 22, 99, 1, 1, 1, 1, '2020-05-15 21:33:32', '2020-05-15 21:33:32', 1, 1),
(396, 23, 99, 1, 1, 1, 1, '2020-05-15 21:33:32', '2020-05-15 21:33:32', 1, 1),
(397, 32, 99, 1, 1, 1, 1, '2020-05-15 21:33:32', '2020-05-15 21:33:32', 1, 1),
(398, 35, 99, 1, 1, 1, 1, '2020-05-15 21:33:32', '2020-05-15 21:33:32', 1, 1),
(399, 36, 99, 1, 1, 1, 1, '2020-05-15 21:33:32', '2020-05-15 21:33:32', 1, 1),
(400, 39, 99, 1, 1, 1, 1, '2020-05-15 21:33:32', '2020-05-15 21:33:32', 1, 1),
(401, 40, 99, 1, 1, 1, 1, '2020-05-15 21:33:32', '2020-05-15 21:33:32', 1, 1),
(402, 43, 99, 1, 1, 1, 1, '2020-05-15 21:33:32', '2020-05-15 21:33:32', 1, 1),
(403, 44, 99, 1, 1, 1, 1, '2020-05-15 21:33:32', '2020-05-15 21:33:32', 1, 1),
(404, 45, 99, 1, 1, 1, 1, '2020-05-15 21:33:32', '2020-05-15 21:33:32', 1, 1),
(405, 46, 99, 1, 1, 1, 1, '2020-05-15 21:33:32', '2020-05-15 21:33:32', 1, 1),
(406, 47, 99, 1, 1, 1, 1, '2020-05-15 21:33:32', '2020-05-15 21:33:32', 1, 1),
(407, 48, 99, 1, 1, 1, 1, '2020-05-15 21:33:32', '2020-05-15 21:33:32', 1, 1),
(408, 50, 99, 1, 1, 1, 1, '2020-05-15 21:33:32', '2020-05-15 21:33:32', 1, 1),
(409, 51, 99, 1, 1, 1, 1, '2020-05-15 21:33:32', '2020-05-15 21:33:32', 1, 1),
(410, 52, 99, 1, 1, 1, 1, '2020-05-15 21:33:32', '2020-05-15 21:33:32', 1, 1),
(411, 53, 99, 1, 1, 1, 1, '2020-05-15 21:33:32', '2020-05-15 21:33:32', 1, 1),
(412, 54, 99, 1, 1, 1, 1, '2020-05-15 21:33:32', '2020-05-15 21:33:32', 1, 1),
(413, 55, 99, 1, 1, 1, 1, '2020-05-15 21:33:32', '2020-05-15 21:33:32', 1, 1),
(414, 56, 99, 1, 1, 1, 1, '2020-05-15 21:33:32', '2020-05-15 21:33:32', 1, 1),
(415, 57, 99, 1, 1, 1, 1, '2020-05-15 21:33:32', '2020-05-15 21:33:32', 1, 1),
(416, 58, 99, 1, 1, 1, 1, '2020-05-15 21:33:32', '2020-05-15 21:33:32', 1, 1),
(417, 59, 99, 1, 1, 1, 1, '2020-05-15 21:33:32', '2020-05-15 21:33:32', 1, 1),
(418, 60, 99, 1, 1, 1, 1, '2020-05-15 21:33:32', '2020-05-15 21:33:32', 1, 1),
(419, 61, 99, 1, 1, 1, 1, '2020-05-15 21:33:32', '2020-05-15 21:33:32', 1, 1),
(420, 62, 99, 1, 1, 1, 1, '2020-05-15 21:33:32', '2020-05-15 21:33:32', 1, 1),
(421, 63, 99, 0, 0, 0, 0, '2020-05-15 21:33:32', '2020-05-15 21:33:32', 1, 1),
(422, 64, 99, 0, 0, 0, 0, '2020-05-15 21:33:32', '2020-05-15 21:33:32', 1, 1),
(423, 65, 99, 0, 0, 0, 0, '2020-05-15 21:33:32', '2020-05-15 21:33:32', 1, 1),
(424, 66, 99, 0, 0, 0, 0, '2020-05-15 21:33:32', '2020-05-15 21:33:32', 1, 1),
(425, 67, 99, 0, 0, 0, 0, '2020-05-15 21:33:32', '2020-05-15 21:33:32', 1, 1),
(426, 68, 99, 0, 0, 0, 0, '2020-05-15 21:33:32', '2020-05-15 21:33:32', 1, 1),
(427, 69, 99, 0, 0, 0, 0, '2020-05-15 21:33:32', '2020-05-15 21:33:32', 1, 1),
(428, 70, 99, 0, 0, 0, 0, '2020-05-15 21:33:32', '2020-05-15 21:33:32', 1, 1),
(429, 71, 99, 0, 0, 0, 0, '2020-05-15 21:33:32', '2020-05-15 21:33:32', 1, 1),
(430, 72, 99, 0, 0, 0, 0, '2020-05-15 21:33:32', '2020-05-15 21:33:32', 1, 1),
(431, 73, 99, 0, 0, 0, 0, '2020-05-15 21:33:32', '2020-05-15 21:33:32', 1, 1),
(432, 74, 99, 0, 0, 0, 0, '2020-05-15 21:33:32', '2020-05-15 21:33:32', 1, 1),
(433, 75, 99, 0, 0, 0, 0, '2020-05-15 21:33:32', '2020-05-15 21:33:32', 1, 1),
(434, 76, 99, 0, 0, 0, 0, '2020-05-15 21:33:32', '2020-05-15 21:33:32', 1, 1),
(435, 77, 99, 0, 0, 0, 0, '2020-05-15 21:33:32', '2020-05-15 21:33:32', 1, 1),
(436, 78, 99, 0, 0, 0, 0, '2020-05-15 21:33:32', '2020-05-15 21:33:32', 1, 1),
(437, 79, 99, 0, 0, 0, 0, '2020-05-15 21:33:32', '2020-05-15 21:33:32', 1, 1),
(438, 80, 99, 0, 0, 0, 0, '2020-05-15 21:33:32', '2020-05-15 21:33:32', 1, 1),
(439, 81, 99, 0, 0, 0, 0, '2020-05-15 21:33:32', '2020-05-15 21:33:32', 1, 1),
(440, 82, 99, 0, 0, 0, 0, '2020-05-15 21:33:32', '2020-05-15 21:33:32', 1, 1),
(441, 83, 99, 0, 0, 0, 0, '2020-05-15 21:33:32', '2020-05-15 21:33:32', 1, 1),
(442, 84, 99, 0, 0, 0, 0, '2020-05-15 21:33:32', '2020-05-15 21:33:32', 1, 1),
(443, 85, 99, 0, 0, 0, 0, '2020-05-15 21:33:32', '2020-05-15 21:33:32', 1, 1),
(444, 86, 99, 0, 0, 0, 0, '2020-05-15 21:33:32', '2020-05-15 21:33:32', 1, 1),
(445, 87, 99, 0, 0, 0, 0, '2020-05-15 21:33:32', '2020-05-15 21:33:32', 1, 1),
(446, 88, 99, 0, 0, 0, 0, '2020-05-15 21:33:32', '2020-05-15 21:33:32', 1, 1),
(447, 89, 99, 0, 0, 0, 0, '2020-05-15 21:33:32', '2020-05-15 21:33:32', 1, 1),
(448, 90, 99, 0, 0, 0, 0, '2020-05-15 21:33:32', '2020-05-15 21:33:32', 1, 1),
(449, 1, 100, 1, 1, 1, 1, '2020-05-15 21:36:31', '2020-05-15 21:36:31', 1, 1),
(450, 18, 100, 1, 1, 1, 1, '2020-05-15 21:36:31', '2020-05-15 21:36:31', 1, 1),
(451, 22, 100, 1, 1, 1, 1, '2020-05-15 21:36:31', '2020-05-15 21:36:31', 1, 1),
(452, 23, 100, 1, 1, 1, 1, '2020-05-15 21:36:31', '2020-05-15 21:36:31', 1, 1),
(453, 32, 100, 1, 1, 1, 1, '2020-05-15 21:36:31', '2020-05-15 21:36:31', 1, 1),
(454, 35, 100, 1, 1, 1, 1, '2020-05-15 21:36:31', '2020-05-15 21:36:31', 1, 1),
(455, 36, 100, 1, 1, 1, 1, '2020-05-15 21:36:31', '2020-05-15 21:36:31', 1, 1),
(456, 39, 100, 1, 1, 1, 1, '2020-05-15 21:36:31', '2020-05-15 21:36:31', 1, 1),
(457, 40, 100, 1, 1, 1, 1, '2020-05-15 21:36:31', '2020-05-15 21:36:31', 1, 1),
(458, 43, 100, 1, 1, 1, 1, '2020-05-15 21:36:31', '2020-05-15 21:36:31', 1, 1),
(459, 44, 100, 1, 1, 1, 1, '2020-05-15 21:36:31', '2020-05-15 21:36:31', 1, 1),
(460, 45, 100, 1, 1, 1, 1, '2020-05-15 21:36:31', '2020-05-15 21:36:31', 1, 1),
(461, 46, 100, 1, 1, 1, 1, '2020-05-15 21:36:31', '2020-05-15 21:36:31', 1, 1),
(462, 47, 100, 1, 1, 1, 1, '2020-05-15 21:36:31', '2020-05-15 21:36:31', 1, 1),
(463, 48, 100, 1, 1, 1, 1, '2020-05-15 21:36:31', '2020-05-15 21:36:31', 1, 1),
(464, 50, 100, 1, 1, 1, 1, '2020-05-15 21:36:31', '2020-05-15 21:36:31', 1, 1),
(465, 51, 100, 1, 1, 1, 1, '2020-05-15 21:36:31', '2020-05-15 21:36:31', 1, 1),
(466, 52, 100, 1, 1, 1, 1, '2020-05-15 21:36:31', '2020-05-15 21:36:31', 1, 1),
(467, 53, 100, 1, 1, 1, 1, '2020-05-15 21:36:31', '2020-05-15 21:36:31', 1, 1),
(468, 54, 100, 1, 1, 1, 1, '2020-05-15 21:36:31', '2020-05-15 21:36:31', 1, 1),
(469, 55, 100, 1, 1, 1, 1, '2020-05-15 21:36:31', '2020-05-15 21:36:31', 1, 1),
(470, 56, 100, 1, 1, 1, 1, '2020-05-15 21:36:31', '2020-05-15 21:36:31', 1, 1),
(471, 57, 100, 1, 1, 1, 1, '2020-05-15 21:36:31', '2020-05-15 21:36:31', 1, 1),
(472, 58, 100, 1, 1, 1, 1, '2020-05-15 21:36:31', '2020-05-15 21:36:31', 1, 1),
(473, 59, 100, 1, 1, 1, 1, '2020-05-15 21:36:31', '2020-05-15 21:36:31', 1, 1),
(474, 60, 100, 1, 1, 1, 1, '2020-05-15 21:36:31', '2020-05-15 21:36:31', 1, 1),
(475, 61, 100, 1, 1, 1, 1, '2020-05-15 21:36:31', '2020-05-15 21:36:31', 1, 1),
(476, 62, 100, 1, 1, 1, 1, '2020-05-15 21:36:31', '2020-05-15 21:36:31', 1, 1),
(477, 63, 100, 0, 0, 0, 0, '2020-05-15 21:36:31', '2020-05-15 21:36:31', 1, 1),
(478, 64, 100, 0, 0, 0, 0, '2020-05-15 21:36:31', '2020-05-15 21:36:31', 1, 1),
(479, 65, 100, 0, 0, 0, 0, '2020-05-15 21:36:31', '2020-05-15 21:36:31', 1, 1),
(480, 66, 100, 0, 0, 0, 0, '2020-05-15 21:36:31', '2020-05-15 21:36:31', 1, 1),
(481, 67, 100, 0, 0, 0, 0, '2020-05-15 21:36:31', '2020-05-15 21:36:31', 1, 1),
(482, 68, 100, 0, 0, 0, 0, '2020-05-15 21:36:31', '2020-05-15 21:36:31', 1, 1),
(483, 69, 100, 0, 0, 0, 0, '2020-05-15 21:36:31', '2020-05-15 21:36:31', 1, 1),
(484, 70, 100, 0, 0, 0, 0, '2020-05-15 21:36:31', '2020-05-15 21:36:31', 1, 1),
(485, 71, 100, 0, 0, 0, 0, '2020-05-15 21:36:31', '2020-05-15 21:36:31', 1, 1),
(486, 72, 100, 0, 0, 0, 0, '2020-05-15 21:36:31', '2020-05-15 21:36:31', 1, 1),
(487, 73, 100, 0, 0, 0, 0, '2020-05-15 21:36:31', '2020-05-15 21:36:31', 1, 1),
(488, 74, 100, 0, 0, 0, 0, '2020-05-15 21:36:31', '2020-05-15 21:36:31', 1, 1),
(489, 75, 100, 0, 0, 0, 0, '2020-05-15 21:36:31', '2020-05-15 21:36:31', 1, 1),
(490, 76, 100, 0, 0, 0, 0, '2020-05-15 21:36:31', '2020-05-15 21:36:31', 1, 1),
(491, 77, 100, 0, 0, 0, 0, '2020-05-15 21:36:31', '2020-05-15 21:36:31', 1, 1),
(492, 78, 100, 0, 0, 0, 0, '2020-05-15 21:36:31', '2020-05-15 21:36:31', 1, 1),
(493, 79, 100, 0, 0, 0, 0, '2020-05-15 21:36:31', '2020-05-15 21:36:31', 1, 1),
(494, 80, 100, 0, 0, 0, 0, '2020-05-15 21:36:31', '2020-05-15 21:36:31', 1, 1),
(495, 81, 100, 0, 0, 0, 0, '2020-05-15 21:36:31', '2020-05-15 21:36:31', 1, 1),
(496, 82, 100, 0, 0, 0, 0, '2020-05-15 21:36:31', '2020-05-15 21:36:31', 1, 1),
(497, 83, 100, 0, 0, 0, 0, '2020-05-15 21:36:31', '2020-05-15 21:36:31', 1, 1),
(498, 84, 100, 0, 0, 0, 0, '2020-05-15 21:36:31', '2020-05-15 21:36:31', 1, 1),
(499, 85, 100, 0, 0, 0, 0, '2020-05-15 21:36:31', '2020-05-15 21:36:31', 1, 1),
(500, 86, 100, 0, 0, 0, 0, '2020-05-15 21:36:31', '2020-05-15 21:36:31', 1, 1),
(501, 87, 100, 0, 0, 0, 0, '2020-05-15 21:36:31', '2020-05-15 21:36:31', 1, 1),
(502, 88, 100, 0, 0, 0, 0, '2020-05-15 21:36:31', '2020-05-15 21:36:31', 1, 1),
(503, 89, 100, 0, 0, 0, 0, '2020-05-15 21:36:31', '2020-05-15 21:36:31', 1, 1),
(504, 90, 100, 0, 0, 0, 0, '2020-05-15 21:36:31', '2020-05-15 21:36:31', 1, 1),
(561, 1, 102, 1, 1, 1, 1, '2020-05-15 21:41:15', '2020-07-15 16:29:27', 1, 1),
(562, 18, 102, 1, 1, 1, 1, '2020-05-15 21:41:15', '2020-07-15 16:29:27', 1, 1),
(563, 22, 102, 1, 1, 1, 1, '2020-05-15 21:41:15', '2020-07-15 16:29:27', 1, 1),
(564, 23, 102, 1, 1, 1, 1, '2020-05-15 21:41:15', '2020-07-15 16:29:27', 1, 1),
(565, 32, 102, 1, 1, 1, 1, '2020-05-15 21:41:15', '2020-07-15 16:29:27', 1, 1),
(566, 35, 102, 1, 1, 1, 1, '2020-05-15 21:41:15', '2020-07-15 16:29:27', 1, 1),
(567, 36, 102, 1, 1, 1, 1, '2020-05-15 21:41:15', '2020-07-15 16:29:27', 1, 1),
(568, 39, 102, 1, 1, 1, 1, '2020-05-15 21:41:15', '2020-07-15 16:29:27', 1, 1),
(569, 40, 102, 1, 1, 1, 1, '2020-05-15 21:41:15', '2020-05-15 21:41:15', 1, 1),
(570, 43, 102, 1, 1, 1, 1, '2020-05-15 21:41:15', '2020-07-15 16:29:27', 1, 1),
(571, 44, 102, 1, 1, 1, 1, '2020-05-15 21:41:15', '2020-05-15 21:41:15', 1, 1),
(572, 45, 102, 1, 1, 1, 1, '2020-05-15 21:41:15', '2020-07-15 16:29:27', 1, 1),
(573, 46, 102, 1, 1, 1, 1, '2020-05-15 21:41:15', '2020-05-15 21:41:15', 1, 1),
(574, 47, 102, 1, 1, 1, 1, '2020-05-15 21:41:15', '2020-07-15 16:29:27', 1, 1),
(575, 48, 102, 1, 1, 1, 1, '2020-05-15 21:41:15', '2020-07-15 16:29:27', 1, 1),
(576, 50, 102, 1, 1, 1, 1, '2020-05-15 21:41:15', '2020-07-15 16:29:27', 1, 1),
(577, 51, 102, 1, 1, 1, 1, '2020-05-15 21:41:15', '2020-07-15 16:29:27', 1, 1),
(578, 52, 102, 1, 1, 1, 1, '2020-05-15 21:41:15', '2020-07-15 16:29:27', 1, 1),
(579, 53, 102, 1, 1, 1, 1, '2020-05-15 21:41:15', '2020-07-15 16:29:27', 1, 1),
(580, 54, 102, 1, 1, 1, 1, '2020-05-15 21:41:15', '2020-07-15 16:29:27', 1, 1),
(581, 55, 102, 1, 1, 1, 1, '2020-05-15 21:41:15', '2020-05-15 21:41:15', 1, 1),
(582, 56, 102, 1, 1, 1, 1, '2020-05-15 21:41:15', '2020-05-15 21:41:15', 1, 1),
(583, 57, 102, 1, 1, 1, 1, '2020-05-15 21:41:15', '2020-07-15 16:29:27', 1, 1),
(584, 58, 102, 1, 1, 1, 1, '2020-05-15 21:41:15', '2020-05-15 21:41:15', 1, 1),
(585, 59, 102, 1, 1, 1, 1, '2020-05-15 21:41:15', '2020-05-15 21:41:15', 1, 1),
(586, 60, 102, 1, 1, 1, 1, '2020-05-15 21:41:15', '2020-07-15 16:29:27', 1, 1),
(587, 61, 102, 1, 1, 1, 1, '2020-05-15 21:41:15', '2020-07-15 16:29:27', 1, 1),
(588, 62, 102, 1, 1, 1, 1, '2020-05-15 21:41:15', '2020-07-15 16:29:27', 1, 1),
(589, 63, 102, 1, 1, 1, 1, '2020-05-15 21:41:15', '2020-07-15 16:29:27', 1, 1),
(590, 64, 102, 0, 0, 0, 0, '2020-05-15 21:41:15', '2020-07-15 16:29:27', 1, 1),
(591, 65, 102, 1, 1, 1, 1, '2020-05-15 21:41:15', '2020-07-15 16:29:27', 1, 1),
(592, 66, 102, 0, 0, 0, 0, '2020-05-15 21:41:15', '2020-07-15 16:29:27', 1, 1),
(593, 67, 102, 0, 0, 0, 0, '2020-05-15 21:41:15', '2020-07-15 16:29:27', 1, 1),
(594, 68, 102, 0, 0, 0, 0, '2020-05-15 21:41:15', '2020-07-15 16:29:27', 1, 1),
(595, 69, 102, 0, 0, 0, 0, '2020-05-15 21:41:15', '2020-05-15 21:41:15', 1, 1),
(596, 70, 102, 0, 0, 0, 0, '2020-05-15 21:41:15', '2020-07-15 16:29:27', 1, 1),
(597, 71, 102, 0, 0, 0, 0, '2020-05-15 21:41:15', '2020-05-15 21:41:15', 1, 1),
(598, 72, 102, 0, 0, 0, 0, '2020-05-15 21:41:15', '2020-07-15 16:29:27', 1, 1),
(599, 73, 102, 0, 0, 0, 0, '2020-05-15 21:41:15', '2020-07-15 16:29:27', 1, 1),
(600, 74, 102, 0, 0, 0, 0, '2020-05-15 21:41:15', '2020-07-15 16:29:27', 1, 1),
(601, 75, 102, 0, 0, 0, 0, '2020-05-15 21:41:15', '2020-07-15 16:29:27', 1, 1),
(602, 76, 102, 0, 0, 0, 0, '2020-05-15 21:41:15', '2020-07-15 16:29:27', 1, 1),
(603, 77, 102, 0, 0, 0, 0, '2020-05-15 21:41:15', '2020-07-15 16:29:27', 1, 1),
(604, 78, 102, 0, 0, 0, 0, '2020-05-15 21:41:15', '2020-07-15 16:29:27', 1, 1),
(605, 79, 102, 0, 0, 0, 0, '2020-05-15 21:41:15', '2020-07-15 16:29:27', 1, 1),
(606, 80, 102, 0, 0, 0, 0, '2020-05-15 21:41:15', '2020-07-15 16:29:27', 1, 1),
(607, 81, 102, 0, 0, 0, 0, '2020-05-15 21:41:15', '2020-05-15 21:41:15', 1, 1),
(608, 82, 102, 0, 0, 0, 0, '2020-05-15 21:41:15', '2020-07-15 16:29:27', 1, 1),
(609, 83, 102, 0, 0, 0, 0, '2020-05-15 21:41:15', '2020-07-15 16:29:27', 1, 1),
(610, 84, 102, 0, 0, 0, 0, '2020-05-15 21:41:15', '2020-07-15 16:29:27', 1, 1),
(611, 85, 102, 0, 0, 0, 0, '2020-05-15 21:41:15', '2020-07-15 16:29:27', 1, 1),
(612, 86, 102, 0, 0, 0, 0, '2020-05-15 21:41:15', '2020-07-15 16:29:27', 1, 1),
(613, 87, 102, 0, 0, 0, 0, '2020-05-15 21:41:15', '2020-07-15 16:29:27', 1, 1),
(614, 88, 102, 0, 0, 0, 0, '2020-05-15 21:41:15', '2020-07-15 16:29:27', 1, 1),
(615, 89, 102, 0, 0, 0, 0, '2020-05-15 21:41:15', '2020-07-15 16:29:27', 1, 1),
(616, 90, 102, 0, 0, 0, 0, '2020-05-15 21:41:15', '2020-07-15 16:29:27', 1, 1),
(617, 1, 103, 1, 1, 1, 1, '2020-05-15 21:42:53', '2020-07-15 16:28:18', 1, 1),
(618, 18, 103, 1, 1, 1, 1, '2020-05-15 21:42:53', '2020-07-15 16:28:18', 1, 1),
(619, 22, 103, 1, 1, 1, 1, '2020-05-15 21:42:53', '2020-07-15 16:28:18', 1, 1),
(620, 23, 103, 1, 1, 1, 1, '2020-05-15 21:42:53', '2020-07-15 16:28:18', 1, 1),
(621, 32, 103, 1, 1, 1, 1, '2020-05-15 21:42:53', '2020-07-15 16:28:18', 1, 1),
(622, 35, 103, 1, 1, 1, 1, '2020-05-15 21:42:53', '2020-07-15 16:28:18', 1, 1),
(623, 36, 103, 1, 1, 1, 1, '2020-05-15 21:42:53', '2020-07-15 16:28:18', 1, 1),
(624, 39, 103, 1, 1, 1, 1, '2020-05-15 21:42:53', '2020-07-15 16:28:18', 1, 1),
(625, 40, 103, 1, 1, 1, 1, '2020-05-15 21:42:53', '2020-05-15 21:42:53', 1, 1),
(626, 43, 103, 1, 1, 1, 1, '2020-05-15 21:42:53', '2020-07-15 16:28:18', 1, 1),
(627, 44, 103, 1, 1, 1, 1, '2020-05-15 21:42:53', '2020-05-15 21:42:53', 1, 1),
(628, 45, 103, 1, 1, 1, 1, '2020-05-15 21:42:53', '2020-07-15 16:28:18', 1, 1),
(629, 46, 103, 1, 1, 1, 1, '2020-05-15 21:42:53', '2020-05-15 21:42:53', 1, 1),
(630, 47, 103, 1, 1, 1, 1, '2020-05-15 21:42:53', '2020-07-15 16:28:18', 1, 1),
(631, 48, 103, 1, 1, 1, 1, '2020-05-15 21:42:53', '2020-07-15 16:28:18', 1, 1),
(632, 50, 103, 1, 1, 1, 1, '2020-05-15 21:42:53', '2020-07-15 16:28:18', 1, 1),
(633, 51, 103, 1, 1, 1, 1, '2020-05-15 21:42:53', '2020-07-15 16:28:18', 1, 1),
(634, 52, 103, 1, 1, 1, 1, '2020-05-15 21:42:53', '2020-07-15 16:28:18', 1, 1),
(635, 53, 103, 1, 1, 1, 1, '2020-05-15 21:42:53', '2020-07-15 16:28:18', 1, 1),
(636, 54, 103, 1, 1, 1, 1, '2020-05-15 21:42:53', '2020-07-15 16:28:18', 1, 1),
(637, 55, 103, 1, 1, 1, 1, '2020-05-15 21:42:53', '2020-05-15 21:42:53', 1, 1),
(638, 56, 103, 1, 1, 1, 1, '2020-05-15 21:42:53', '2020-05-15 21:42:53', 1, 1),
(639, 57, 103, 1, 1, 1, 1, '2020-05-15 21:42:53', '2020-07-15 16:28:18', 1, 1),
(640, 58, 103, 1, 1, 1, 1, '2020-05-15 21:42:53', '2020-05-15 21:42:53', 1, 1),
(641, 59, 103, 1, 1, 1, 1, '2020-05-15 21:42:53', '2020-05-15 21:42:53', 1, 1),
(642, 60, 103, 1, 1, 1, 1, '2020-05-15 21:42:53', '2020-07-15 16:28:18', 1, 1),
(643, 61, 103, 1, 1, 1, 1, '2020-05-15 21:42:53', '2020-07-15 16:28:18', 1, 1),
(644, 62, 103, 1, 1, 1, 1, '2020-05-15 21:42:53', '2020-07-15 16:28:18', 1, 1),
(645, 63, 103, 1, 1, 1, 1, '2020-05-15 21:42:53', '2020-07-15 16:28:18', 1, 1),
(646, 64, 103, 0, 0, 0, 0, '2020-05-15 21:42:53', '2020-07-15 16:28:18', 1, 1),
(647, 65, 103, 1, 1, 1, 1, '2020-05-15 21:42:53', '2020-07-15 16:28:18', 1, 1),
(648, 66, 103, 0, 0, 0, 0, '2020-05-15 21:42:53', '2020-07-15 16:28:18', 1, 1),
(649, 67, 103, 0, 0, 0, 0, '2020-05-15 21:42:53', '2020-07-15 16:28:18', 1, 1),
(650, 68, 103, 0, 0, 0, 0, '2020-05-15 21:42:53', '2020-07-15 16:28:18', 1, 1),
(651, 69, 103, 0, 0, 0, 0, '2020-05-15 21:42:53', '2020-05-15 21:42:53', 1, 1),
(652, 70, 103, 0, 0, 0, 0, '2020-05-15 21:42:53', '2020-07-15 16:28:18', 1, 1),
(653, 71, 103, 0, 0, 0, 0, '2020-05-15 21:42:53', '2020-05-15 21:42:53', 1, 1),
(654, 72, 103, 0, 0, 0, 0, '2020-05-15 21:42:53', '2020-07-15 16:28:18', 1, 1),
(655, 73, 103, 0, 0, 0, 0, '2020-05-15 21:42:53', '2020-07-15 16:28:18', 1, 1),
(656, 74, 103, 0, 0, 0, 0, '2020-05-15 21:42:53', '2020-07-15 16:28:18', 1, 1),
(657, 75, 103, 0, 0, 0, 0, '2020-05-15 21:42:53', '2020-07-15 16:28:18', 1, 1),
(658, 76, 103, 0, 0, 0, 0, '2020-05-15 21:42:53', '2020-07-15 16:28:18', 1, 1),
(659, 77, 103, 0, 0, 0, 0, '2020-05-15 21:42:53', '2020-07-15 16:28:18', 1, 1),
(660, 78, 103, 0, 0, 0, 0, '2020-05-15 21:42:53', '2020-07-15 16:28:18', 1, 1),
(661, 79, 103, 0, 0, 0, 0, '2020-05-15 21:42:53', '2020-07-15 16:28:18', 1, 1),
(662, 80, 103, 0, 0, 0, 0, '2020-05-15 21:42:53', '2020-07-15 16:28:18', 1, 1),
(663, 81, 103, 0, 0, 0, 0, '2020-05-15 21:42:53', '2020-05-15 21:42:53', 1, 1),
(664, 82, 103, 0, 0, 0, 0, '2020-05-15 21:42:53', '2020-07-15 16:28:18', 1, 1),
(665, 83, 103, 0, 0, 0, 0, '2020-05-15 21:42:53', '2020-07-15 16:28:18', 1, 1),
(666, 84, 103, 0, 0, 0, 0, '2020-05-15 21:42:53', '2020-07-15 16:28:18', 1, 1),
(667, 85, 103, 0, 0, 0, 0, '2020-05-15 21:42:53', '2020-07-15 16:28:18', 1, 1),
(668, 86, 103, 0, 0, 0, 0, '2020-05-15 21:42:53', '2020-07-15 16:28:18', 1, 1),
(669, 87, 103, 0, 0, 0, 0, '2020-05-15 21:42:53', '2020-07-15 16:28:18', 1, 1),
(670, 88, 103, 0, 0, 0, 0, '2020-05-15 21:42:53', '2020-07-15 16:28:18', 1, 1),
(671, 89, 103, 0, 0, 0, 0, '2020-05-15 21:42:53', '2020-07-15 16:28:18', 1, 1),
(672, 90, 103, 0, 0, 0, 0, '2020-05-15 21:42:53', '2020-07-15 16:28:18', 1, 1),
(1065, 1, 404, 0, 0, 0, 0, '2020-07-16 12:56:16', '2020-07-16 12:56:16', 1, 1),
(1066, 18, 404, 0, 0, 0, 0, '2020-07-16 12:56:16', '2020-07-16 12:56:16', 1, 1),
(1067, 22, 404, 0, 0, 0, 0, '2020-07-16 12:56:16', '2020-07-16 12:56:16', 1, 1),
(1068, 23, 404, 0, 0, 0, 0, '2020-07-16 12:56:16', '2020-07-16 12:56:16', 1, 1),
(1069, 32, 404, 0, 0, 0, 0, '2020-07-16 12:56:16', '2020-07-16 12:56:16', 1, 1),
(1070, 35, 404, 0, 0, 0, 0, '2020-07-16 12:56:16', '2020-07-16 12:56:16', 1, 1),
(1071, 36, 404, 0, 0, 0, 0, '2020-07-16 12:56:16', '2020-07-16 12:56:16', 1, 1),
(1072, 39, 404, 0, 0, 0, 0, '2020-07-16 12:56:16', '2020-07-16 12:56:16', 1, 1),
(1073, 40, 404, 0, 0, 0, 0, '2020-07-16 12:56:16', '2020-07-16 12:56:16', 1, 1),
(1074, 43, 404, 0, 0, 0, 0, '2020-07-16 12:56:16', '2020-07-16 12:56:16', 1, 1),
(1075, 44, 404, 0, 0, 0, 0, '2020-07-16 12:56:16', '2020-07-16 12:56:16', 1, 1),
(1076, 45, 404, 0, 0, 0, 0, '2020-07-16 12:56:16', '2020-07-16 12:56:16', 1, 1),
(1077, 46, 404, 0, 0, 0, 0, '2020-07-16 12:56:16', '2020-07-16 12:56:16', 1, 1),
(1078, 47, 404, 0, 0, 0, 0, '2020-07-16 12:56:16', '2020-07-16 12:56:16', 1, 1),
(1079, 48, 404, 0, 0, 0, 0, '2020-07-16 12:56:16', '2020-07-16 12:56:16', 1, 1),
(1080, 50, 404, 0, 0, 0, 0, '2020-07-16 12:56:16', '2020-07-16 12:56:16', 1, 1),
(1081, 51, 404, 0, 0, 0, 0, '2020-07-16 12:56:16', '2020-07-16 12:56:16', 1, 1),
(1082, 52, 404, 0, 0, 0, 0, '2020-07-16 12:56:16', '2020-07-16 12:56:16', 1, 1),
(1083, 53, 404, 0, 0, 0, 0, '2020-07-16 12:56:16', '2020-07-16 12:56:16', 1, 1),
(1084, 54, 404, 0, 0, 0, 0, '2020-07-16 12:56:16', '2020-07-16 12:56:16', 1, 1),
(1085, 55, 404, 0, 0, 0, 0, '2020-07-16 12:56:16', '2020-07-16 12:56:16', 1, 1),
(1086, 56, 404, 0, 0, 0, 0, '2020-07-16 12:56:16', '2020-07-16 12:56:16', 1, 1),
(1087, 57, 404, 0, 0, 0, 0, '2020-07-16 12:56:16', '2020-07-16 12:56:16', 1, 1),
(1088, 58, 404, 0, 0, 0, 0, '2020-07-16 12:56:16', '2020-07-16 12:56:16', 1, 1),
(1089, 59, 404, 0, 0, 0, 0, '2020-07-16 12:56:16', '2020-07-16 12:56:16', 1, 1),
(1090, 60, 404, 0, 0, 0, 0, '2020-07-16 12:56:16', '2020-07-16 12:56:16', 1, 1),
(1091, 61, 404, 0, 0, 0, 0, '2020-07-16 12:56:16', '2020-07-16 12:56:16', 1, 1),
(1092, 62, 404, 1, 1, 1, 1, '2020-07-16 12:56:16', '2020-07-16 12:56:16', 1, 1),
(1093, 63, 404, 1, 1, 1, 1, '2020-07-16 12:56:16', '2020-07-16 12:56:16', 1, 1),
(1094, 64, 404, 0, 0, 0, 0, '2020-07-16 12:56:16', '2020-07-16 12:56:16', 1, 1),
(1095, 65, 404, 1, 1, 1, 1, '2020-07-16 12:56:16', '2020-07-16 12:56:16', 1, 1),
(1096, 66, 404, 0, 0, 0, 0, '2020-07-16 12:56:16', '2020-07-16 12:56:16', 1, 1),
(1097, 67, 404, 1, 1, 1, 1, '2020-07-16 12:56:16', '2020-07-16 12:56:16', 1, 1),
(1098, 68, 404, 0, 0, 0, 0, '2020-07-16 12:56:16', '2020-07-16 12:56:16', 1, 1),
(1099, 69, 404, 0, 0, 0, 0, '2020-07-16 12:56:16', '2020-07-16 12:56:16', 1, 1),
(1100, 70, 404, 1, 1, 1, 1, '2020-07-16 12:56:16', '2020-07-16 12:56:16', 1, 1),
(1101, 71, 404, 0, 0, 0, 0, '2020-07-16 12:56:16', '2020-07-16 12:56:16', 1, 1),
(1102, 72, 404, 0, 0, 0, 0, '2020-07-16 12:56:16', '2020-07-16 12:56:16', 1, 1),
(1103, 73, 404, 0, 0, 0, 0, '2020-07-16 12:56:16', '2020-07-16 12:56:16', 1, 1),
(1104, 74, 404, 0, 0, 0, 0, '2020-07-16 12:56:16', '2020-07-16 12:56:16', 1, 1),
(1105, 75, 404, 0, 0, 0, 0, '2020-07-16 12:56:16', '2020-07-16 12:56:16', 1, 1),
(1106, 76, 404, 0, 0, 0, 0, '2020-07-16 12:56:16', '2020-07-16 12:56:16', 1, 1),
(1107, 77, 404, 0, 0, 0, 0, '2020-07-16 12:56:16', '2020-07-16 12:56:16', 1, 1),
(1108, 78, 404, 0, 0, 0, 0, '2020-07-16 12:56:16', '2020-07-16 12:56:16', 1, 1),
(1109, 79, 404, 0, 0, 0, 0, '2020-07-16 12:56:16', '2020-07-16 12:56:16', 1, 1),
(1110, 80, 404, 0, 0, 0, 0, '2020-07-16 12:56:16', '2020-07-16 12:56:16', 1, 1),
(1111, 81, 404, 0, 0, 0, 0, '2020-07-16 12:56:16', '2020-07-16 12:56:16', 1, 1),
(1112, 82, 404, 0, 0, 0, 0, '2020-07-16 12:56:16', '2020-07-16 12:56:16', 1, 1),
(1113, 83, 404, 0, 0, 0, 0, '2020-07-16 12:56:16', '2020-07-16 12:56:16', 1, 1),
(1114, 84, 404, 0, 0, 0, 0, '2020-07-16 12:56:16', '2020-07-16 12:56:16', 1, 1),
(1115, 85, 404, 0, 0, 0, 0, '2020-07-16 12:56:16', '2020-07-16 12:56:16', 1, 1),
(1116, 86, 404, 0, 0, 0, 0, '2020-07-16 12:56:16', '2020-07-16 12:56:16', 1, 1),
(1117, 87, 404, 0, 0, 0, 0, '2020-07-16 12:56:16', '2020-07-16 12:56:16', 1, 1),
(1118, 88, 404, 0, 0, 0, 0, '2020-07-16 12:56:16', '2020-07-16 12:56:16', 1, 1),
(1119, 89, 404, 0, 0, 0, 0, '2020-07-16 12:56:16', '2020-07-16 12:56:16', 1, 1),
(1120, 90, 404, 0, 0, 0, 0, '2020-07-16 12:56:16', '2020-07-16 12:56:16', 1, 1),
(1121, 1, 406, 0, 0, 0, 0, '2020-07-28 11:39:41', '2020-07-28 15:16:20', 1, 1),
(1122, 18, 406, 0, 0, 0, 0, '2020-07-28 11:39:41', '2020-07-28 15:16:20', 1, 1),
(1123, 22, 406, 0, 0, 0, 0, '2020-07-28 11:39:41', '2020-07-28 15:16:20', 1, 1),
(1124, 23, 406, 0, 0, 0, 0, '2020-07-28 11:39:41', '2020-07-28 15:16:20', 1, 1),
(1125, 32, 406, 0, 0, 0, 0, '2020-07-28 11:39:41', '2020-07-28 15:16:20', 1, 1),
(1126, 35, 406, 0, 0, 0, 0, '2020-07-28 11:39:41', '2020-07-28 15:16:20', 1, 1),
(1127, 36, 406, 0, 0, 0, 0, '2020-07-28 11:39:41', '2020-07-28 15:16:20', 1, 1),
(1128, 39, 406, 0, 0, 0, 0, '2020-07-28 11:39:41', '2020-07-28 15:16:20', 1, 1),
(1129, 40, 406, 0, 0, 0, 0, '2020-07-28 11:39:41', '2020-07-28 11:39:41', 1, 1),
(1130, 43, 406, 0, 0, 0, 0, '2020-07-28 11:39:41', '2020-07-28 15:16:20', 1, 1),
(1131, 44, 406, 0, 0, 0, 0, '2020-07-28 11:39:41', '2020-07-28 11:39:41', 1, 1),
(1132, 45, 406, 0, 0, 0, 0, '2020-07-28 11:39:41', '2020-07-28 15:16:20', 1, 1),
(1133, 46, 406, 0, 0, 0, 0, '2020-07-28 11:39:41', '2020-07-28 11:39:41', 1, 1),
(1134, 47, 406, 0, 0, 0, 0, '2020-07-28 11:39:41', '2020-07-28 15:16:20', 1, 1),
(1135, 48, 406, 1, 1, 1, 1, '2020-07-28 11:39:41', '2020-07-28 15:16:20', 1, 1),
(1136, 50, 406, 0, 0, 0, 0, '2020-07-28 11:39:41', '2020-07-28 15:16:20', 1, 1),
(1137, 51, 406, 0, 0, 0, 0, '2020-07-28 11:39:41', '2020-07-28 15:16:20', 1, 1),
(1138, 52, 406, 0, 0, 0, 0, '2020-07-28 11:39:41', '2020-07-28 15:16:20', 1, 1),
(1139, 53, 406, 0, 0, 0, 0, '2020-07-28 11:39:41', '2020-07-28 15:16:20', 1, 1),
(1140, 54, 406, 0, 0, 0, 0, '2020-07-28 11:39:41', '2020-07-28 15:16:20', 1, 1),
(1141, 55, 406, 0, 0, 0, 0, '2020-07-28 11:39:41', '2020-07-28 11:39:41', 1, 1),
(1142, 56, 406, 0, 0, 0, 0, '2020-07-28 11:39:41', '2020-07-28 11:39:41', 1, 1),
(1143, 57, 406, 0, 0, 0, 0, '2020-07-28 11:39:41', '2020-07-28 15:16:20', 1, 1),
(1144, 58, 406, 0, 0, 0, 0, '2020-07-28 11:39:41', '2020-07-28 11:39:41', 1, 1),
(1145, 59, 406, 0, 0, 0, 0, '2020-07-28 11:39:41', '2020-07-28 11:39:41', 1, 1),
(1146, 60, 406, 0, 0, 0, 0, '2020-07-28 11:39:41', '2020-07-28 15:16:20', 1, 1),
(1147, 61, 406, 0, 0, 0, 0, '2020-07-28 11:39:41', '2020-07-28 15:16:20', 1, 1),
(1148, 62, 406, 1, 1, 1, 1, '2020-07-28 11:39:41', '2020-07-28 15:16:20', 1, 1),
(1149, 63, 406, 1, 1, 1, 1, '2020-07-28 11:39:41', '2020-07-28 15:16:20', 1, 1),
(1150, 64, 406, 0, 0, 0, 0, '2020-07-28 11:39:41', '2020-07-28 15:16:20', 1, 1),
(1151, 65, 406, 1, 1, 1, 1, '2020-07-28 11:39:41', '2020-07-28 15:16:20', 1, 1),
(1152, 66, 406, 0, 0, 0, 0, '2020-07-28 11:39:41', '2020-07-28 15:16:20', 1, 1),
(1153, 67, 406, 1, 1, 1, 1, '2020-07-28 11:39:41', '2020-07-28 15:16:20', 1, 1),
(1154, 68, 406, 0, 0, 0, 0, '2020-07-28 11:39:41', '2020-07-28 15:16:20', 1, 1),
(1155, 69, 406, 0, 0, 0, 0, '2020-07-28 11:39:41', '2020-07-28 11:39:41', 1, 1),
(1156, 70, 406, 1, 1, 1, 1, '2020-07-28 11:39:41', '2020-07-28 15:16:20', 1, 1),
(1157, 71, 406, 0, 0, 0, 0, '2020-07-28 11:39:41', '2020-07-28 11:39:41', 1, 1),
(1158, 72, 406, 0, 0, 0, 0, '2020-07-28 11:39:41', '2020-07-28 15:16:20', 1, 1),
(1159, 73, 406, 0, 0, 0, 0, '2020-07-28 11:39:41', '2020-07-28 15:16:20', 1, 1),
(1160, 74, 406, 0, 0, 0, 0, '2020-07-28 11:39:41', '2020-07-28 15:16:20', 1, 1),
(1161, 75, 406, 0, 0, 0, 0, '2020-07-28 11:39:41', '2020-07-28 15:16:20', 1, 1),
(1162, 76, 406, 0, 0, 0, 0, '2020-07-28 11:39:41', '2020-07-28 15:16:20', 1, 1),
(1163, 77, 406, 0, 0, 0, 0, '2020-07-28 11:39:41', '2020-07-28 15:16:20', 1, 1),
(1164, 78, 406, 0, 0, 0, 0, '2020-07-28 11:39:41', '2020-07-28 15:16:20', 1, 1),
(1165, 79, 406, 0, 0, 0, 0, '2020-07-28 11:39:41', '2020-07-28 15:16:20', 1, 1),
(1166, 80, 406, 0, 0, 0, 0, '2020-07-28 11:39:41', '2020-07-28 15:16:20', 1, 1),
(1167, 81, 406, 0, 0, 0, 0, '2020-07-28 11:39:41', '2020-07-28 11:39:41', 1, 1),
(1168, 82, 406, 0, 0, 0, 0, '2020-07-28 11:39:41', '2020-07-28 15:16:20', 1, 1),
(1169, 83, 406, 0, 0, 0, 0, '2020-07-28 11:39:41', '2020-07-28 15:16:20', 1, 1),
(1170, 84, 406, 0, 0, 0, 0, '2020-07-28 11:39:41', '2020-07-28 15:16:20', 1, 1),
(1171, 85, 406, 0, 0, 0, 0, '2020-07-28 11:39:41', '2020-07-28 15:16:20', 1, 1),
(1172, 86, 406, 0, 0, 0, 0, '2020-07-28 11:39:41', '2020-07-28 15:16:20', 1, 1),
(1173, 87, 406, 0, 0, 0, 0, '2020-07-28 11:39:41', '2020-07-28 15:16:20', 1, 1),
(1174, 88, 406, 0, 0, 0, 0, '2020-07-28 11:39:41', '2020-07-28 15:16:20', 1, 1),
(1175, 89, 406, 0, 0, 0, 0, '2020-07-28 11:39:41', '2020-07-28 15:16:20', 1, 1),
(1176, 90, 406, 0, 0, 0, 0, '2020-07-28 11:39:41', '2020-07-28 15:16:20', 1, 1),
(1177, 1, 407, 0, 0, 0, 0, '2020-07-28 13:27:49', '2020-07-28 13:27:49', 1, 1),
(1178, 18, 407, 0, 0, 0, 0, '2020-07-28 13:27:49', '2020-07-28 13:27:49', 1, 1),
(1179, 22, 407, 0, 0, 0, 0, '2020-07-28 13:27:49', '2020-07-28 13:27:49', 1, 1),
(1180, 23, 407, 0, 0, 0, 0, '2020-07-28 13:27:49', '2020-07-28 13:27:49', 1, 1),
(1181, 32, 407, 0, 0, 0, 0, '2020-07-28 13:27:49', '2020-07-28 13:27:49', 1, 1),
(1182, 35, 407, 0, 0, 0, 0, '2020-07-28 13:27:49', '2020-07-28 13:27:49', 1, 1),
(1183, 36, 407, 0, 0, 0, 0, '2020-07-28 13:27:49', '2020-07-28 13:27:49', 1, 1),
(1184, 39, 407, 0, 0, 0, 0, '2020-07-28 13:27:49', '2020-07-28 13:27:49', 1, 1),
(1185, 40, 407, 0, 0, 0, 0, '2020-07-28 13:27:49', '2020-07-28 13:27:49', 1, 1),
(1186, 43, 407, 0, 0, 0, 0, '2020-07-28 13:27:49', '2020-07-28 13:27:49', 1, 1),
(1187, 44, 407, 0, 0, 0, 0, '2020-07-28 13:27:49', '2020-07-28 13:27:49', 1, 1),
(1188, 45, 407, 0, 0, 0, 0, '2020-07-28 13:27:49', '2020-07-28 13:27:49', 1, 1),
(1189, 46, 407, 0, 0, 0, 0, '2020-07-28 13:27:49', '2020-07-28 13:27:49', 1, 1),
(1190, 47, 407, 0, 0, 0, 0, '2020-07-28 13:27:49', '2020-07-28 13:27:49', 1, 1),
(1191, 48, 407, 0, 0, 0, 0, '2020-07-28 13:27:49', '2020-07-28 13:27:49', 1, 1),
(1192, 50, 407, 0, 0, 0, 0, '2020-07-28 13:27:49', '2020-07-28 13:27:49', 1, 1),
(1193, 51, 407, 0, 0, 0, 0, '2020-07-28 13:27:49', '2020-07-28 13:27:49', 1, 1),
(1194, 52, 407, 0, 0, 0, 0, '2020-07-28 13:27:49', '2020-07-28 13:27:49', 1, 1),
(1195, 53, 407, 0, 0, 0, 0, '2020-07-28 13:27:49', '2020-07-28 13:27:49', 1, 1),
(1196, 54, 407, 0, 0, 0, 0, '2020-07-28 13:27:49', '2020-07-28 13:27:49', 1, 1),
(1197, 55, 407, 0, 0, 0, 0, '2020-07-28 13:27:49', '2020-07-28 13:27:49', 1, 1),
(1198, 56, 407, 0, 0, 0, 0, '2020-07-28 13:27:49', '2020-07-28 13:27:49', 1, 1),
(1199, 57, 407, 0, 0, 0, 0, '2020-07-28 13:27:49', '2020-07-28 13:27:49', 1, 1),
(1200, 58, 407, 0, 0, 0, 0, '2020-07-28 13:27:49', '2020-07-28 13:27:49', 1, 1),
(1201, 59, 407, 0, 0, 0, 0, '2020-07-28 13:27:49', '2020-07-28 13:27:49', 1, 1),
(1202, 60, 407, 0, 0, 0, 0, '2020-07-28 13:27:49', '2020-07-28 13:27:49', 1, 1),
(1203, 61, 407, 0, 0, 0, 0, '2020-07-28 13:27:49', '2020-07-28 13:27:49', 1, 1),
(1204, 62, 407, 1, 1, 1, 1, '2020-07-28 13:27:49', '2020-07-28 13:27:49', 1, 1),
(1205, 63, 407, 1, 1, 1, 1, '2020-07-28 13:27:49', '2020-07-28 13:27:49', 1, 1),
(1206, 64, 407, 0, 0, 0, 0, '2020-07-28 13:27:49', '2020-07-28 13:27:49', 1, 1),
(1207, 65, 407, 1, 1, 1, 1, '2020-07-28 13:27:49', '2020-07-28 13:27:49', 1, 1),
(1208, 66, 407, 0, 0, 0, 0, '2020-07-28 13:27:49', '2020-07-28 13:27:49', 1, 1),
(1209, 67, 407, 1, 1, 1, 1, '2020-07-28 13:27:49', '2020-07-28 13:27:49', 1, 1),
(1210, 68, 407, 0, 0, 0, 0, '2020-07-28 13:27:49', '2020-07-28 13:27:49', 1, 1),
(1211, 69, 407, 0, 0, 0, 0, '2020-07-28 13:27:49', '2020-07-28 13:27:49', 1, 1),
(1212, 70, 407, 1, 1, 1, 1, '2020-07-28 13:27:49', '2020-07-28 13:27:49', 1, 1),
(1213, 71, 407, 0, 0, 0, 0, '2020-07-28 13:27:49', '2020-07-28 13:27:49', 1, 1),
(1214, 72, 407, 0, 0, 0, 0, '2020-07-28 13:27:49', '2020-07-28 13:27:49', 1, 1),
(1215, 73, 407, 0, 0, 0, 0, '2020-07-28 13:27:49', '2020-07-28 13:27:49', 1, 1),
(1216, 74, 407, 0, 0, 0, 0, '2020-07-28 13:27:49', '2020-07-28 13:27:49', 1, 1),
(1217, 75, 407, 0, 0, 0, 0, '2020-07-28 13:27:49', '2020-07-28 13:27:49', 1, 1),
(1218, 76, 407, 0, 0, 0, 0, '2020-07-28 13:27:49', '2020-07-28 13:27:49', 1, 1),
(1219, 77, 407, 0, 0, 0, 0, '2020-07-28 13:27:49', '2020-07-28 13:27:49', 1, 1),
(1220, 78, 407, 0, 0, 0, 0, '2020-07-28 13:27:49', '2020-07-28 13:27:49', 1, 1),
(1221, 79, 407, 0, 0, 0, 0, '2020-07-28 13:27:49', '2020-07-28 13:27:49', 1, 1),
(1222, 80, 407, 0, 0, 0, 0, '2020-07-28 13:27:49', '2020-07-28 13:27:49', 1, 1),
(1223, 81, 407, 0, 0, 0, 0, '2020-07-28 13:27:49', '2020-07-28 13:27:49', 1, 1),
(1224, 82, 407, 0, 0, 0, 0, '2020-07-28 13:27:49', '2020-07-28 13:27:49', 1, 1),
(1225, 83, 407, 0, 0, 0, 0, '2020-07-28 13:27:49', '2020-07-28 13:27:49', 1, 1),
(1226, 84, 407, 0, 0, 0, 0, '2020-07-28 13:27:49', '2020-07-28 13:27:49', 1, 1),
(1227, 85, 407, 0, 0, 0, 0, '2020-07-28 13:27:49', '2020-07-28 13:27:49', 1, 1),
(1228, 86, 407, 0, 0, 0, 0, '2020-07-28 13:27:49', '2020-07-28 13:27:49', 1, 1),
(1229, 87, 407, 0, 0, 0, 0, '2020-07-28 13:27:49', '2020-07-28 13:27:49', 1, 1),
(1230, 88, 407, 0, 0, 0, 0, '2020-07-28 13:27:49', '2020-07-28 13:27:49', 1, 1),
(1231, 89, 407, 0, 0, 0, 0, '2020-07-28 13:27:49', '2020-07-28 13:27:49', 1, 1),
(1232, 90, 407, 0, 0, 0, 0, '2020-07-28 13:27:49', '2020-07-28 13:27:49', 1, 1),
(1233, 1, 408, 0, 0, 0, 0, '2020-07-28 13:31:21', '2020-07-28 13:31:21', 1, 1),
(1234, 18, 408, 0, 0, 0, 0, '2020-07-28 13:31:21', '2020-07-28 13:31:21', 1, 1),
(1235, 22, 408, 0, 0, 0, 0, '2020-07-28 13:31:21', '2020-07-28 13:31:21', 1, 1),
(1236, 23, 408, 0, 0, 0, 0, '2020-07-28 13:31:21', '2020-07-28 13:31:21', 1, 1),
(1237, 32, 408, 0, 0, 0, 0, '2020-07-28 13:31:21', '2020-07-28 13:31:21', 1, 1),
(1238, 35, 408, 0, 0, 0, 0, '2020-07-28 13:31:21', '2020-07-28 13:31:21', 1, 1),
(1239, 36, 408, 0, 0, 0, 0, '2020-07-28 13:31:21', '2020-07-28 13:31:21', 1, 1),
(1240, 39, 408, 0, 0, 0, 0, '2020-07-28 13:31:21', '2020-07-28 13:31:21', 1, 1),
(1241, 40, 408, 0, 0, 0, 0, '2020-07-28 13:31:21', '2020-07-28 13:31:21', 1, 1),
(1242, 43, 408, 0, 0, 0, 0, '2020-07-28 13:31:21', '2020-07-28 13:31:21', 1, 1),
(1243, 44, 408, 0, 0, 0, 0, '2020-07-28 13:31:21', '2020-07-28 13:31:21', 1, 1),
(1244, 45, 408, 0, 0, 0, 0, '2020-07-28 13:31:21', '2020-07-28 13:31:21', 1, 1),
(1245, 46, 408, 0, 0, 0, 0, '2020-07-28 13:31:21', '2020-07-28 13:31:21', 1, 1),
(1246, 47, 408, 0, 0, 0, 0, '2020-07-28 13:31:21', '2020-07-28 13:31:21', 1, 1),
(1247, 48, 408, 0, 0, 0, 0, '2020-07-28 13:31:21', '2020-07-28 13:31:21', 1, 1),
(1248, 50, 408, 0, 0, 0, 0, '2020-07-28 13:31:21', '2020-07-28 13:31:21', 1, 1),
(1249, 51, 408, 0, 0, 0, 0, '2020-07-28 13:31:21', '2020-07-28 13:31:21', 1, 1),
(1250, 52, 408, 0, 0, 0, 0, '2020-07-28 13:31:21', '2020-07-28 13:31:21', 1, 1),
(1251, 53, 408, 0, 0, 0, 0, '2020-07-28 13:31:21', '2020-07-28 13:31:21', 1, 1),
(1252, 54, 408, 0, 0, 0, 0, '2020-07-28 13:31:21', '2020-07-28 13:31:21', 1, 1),
(1253, 55, 408, 0, 0, 0, 0, '2020-07-28 13:31:21', '2020-07-28 13:31:21', 1, 1),
(1254, 56, 408, 0, 0, 0, 0, '2020-07-28 13:31:21', '2020-07-28 13:31:21', 1, 1),
(1255, 57, 408, 0, 0, 0, 0, '2020-07-28 13:31:21', '2020-07-28 13:31:21', 1, 1),
(1256, 58, 408, 0, 0, 0, 0, '2020-07-28 13:31:21', '2020-07-28 13:31:21', 1, 1);
INSERT INTO `modules_users_rights` (`ModuleRightID`, `ModuleID`, `UserID`, `CanView`, `CanAdd`, `CanEdit`, `CanDelete`, `CreatedAt`, `UpdatedAt`, `CreatedBy`, `UpdatedBy`) VALUES
(1257, 59, 408, 0, 0, 0, 0, '2020-07-28 13:31:21', '2020-07-28 13:31:21', 1, 1),
(1258, 60, 408, 0, 0, 0, 0, '2020-07-28 13:31:21', '2020-07-28 13:31:21', 1, 1),
(1259, 61, 408, 0, 0, 0, 0, '2020-07-28 13:31:21', '2020-07-28 13:31:21', 1, 1),
(1260, 62, 408, 1, 1, 1, 1, '2020-07-28 13:31:21', '2020-07-28 13:31:21', 1, 1),
(1261, 63, 408, 1, 1, 1, 1, '2020-07-28 13:31:21', '2020-07-28 13:31:21', 1, 1),
(1262, 64, 408, 0, 0, 0, 0, '2020-07-28 13:31:21', '2020-07-28 13:31:21', 1, 1),
(1263, 65, 408, 1, 1, 1, 1, '2020-07-28 13:31:21', '2020-07-28 13:31:21', 1, 1),
(1264, 66, 408, 0, 0, 0, 0, '2020-07-28 13:31:21', '2020-07-28 13:31:21', 1, 1),
(1265, 67, 408, 1, 1, 1, 1, '2020-07-28 13:31:21', '2020-07-28 13:31:21', 1, 1),
(1266, 68, 408, 0, 0, 0, 0, '2020-07-28 13:31:21', '2020-07-28 13:31:21', 1, 1),
(1267, 69, 408, 0, 0, 0, 0, '2020-07-28 13:31:21', '2020-07-28 13:31:21', 1, 1),
(1268, 70, 408, 1, 1, 1, 1, '2020-07-28 13:31:21', '2020-07-28 13:31:21', 1, 1),
(1269, 71, 408, 0, 0, 0, 0, '2020-07-28 13:31:21', '2020-07-28 13:31:21', 1, 1),
(1270, 72, 408, 0, 0, 0, 0, '2020-07-28 13:31:21', '2020-07-28 13:31:21', 1, 1),
(1271, 73, 408, 0, 0, 0, 0, '2020-07-28 13:31:21', '2020-07-28 13:31:21', 1, 1),
(1272, 74, 408, 0, 0, 0, 0, '2020-07-28 13:31:21', '2020-07-28 13:31:21', 1, 1),
(1273, 75, 408, 0, 0, 0, 0, '2020-07-28 13:31:21', '2020-07-28 13:31:21', 1, 1),
(1274, 76, 408, 0, 0, 0, 0, '2020-07-28 13:31:21', '2020-07-28 13:31:21', 1, 1),
(1275, 77, 408, 0, 0, 0, 0, '2020-07-28 13:31:21', '2020-07-28 13:31:21', 1, 1),
(1276, 78, 408, 0, 0, 0, 0, '2020-07-28 13:31:21', '2020-07-28 13:31:21', 1, 1),
(1277, 79, 408, 0, 0, 0, 0, '2020-07-28 13:31:21', '2020-07-28 13:31:21', 1, 1),
(1278, 80, 408, 0, 0, 0, 0, '2020-07-28 13:31:21', '2020-07-28 13:31:21', 1, 1),
(1279, 81, 408, 0, 0, 0, 0, '2020-07-28 13:31:21', '2020-07-28 13:31:21', 1, 1),
(1280, 82, 408, 0, 0, 0, 0, '2020-07-28 13:31:21', '2020-07-28 13:31:21', 1, 1),
(1281, 83, 408, 0, 0, 0, 0, '2020-07-28 13:31:21', '2020-07-28 13:31:21', 1, 1),
(1282, 84, 408, 0, 0, 0, 0, '2020-07-28 13:31:21', '2020-07-28 13:31:21', 1, 1),
(1283, 85, 408, 0, 0, 0, 0, '2020-07-28 13:31:21', '2020-07-28 13:31:21', 1, 1),
(1284, 86, 408, 0, 0, 0, 0, '2020-07-28 13:31:21', '2020-07-28 13:31:21', 1, 1),
(1285, 87, 408, 0, 0, 0, 0, '2020-07-28 13:31:21', '2020-07-28 13:31:21', 1, 1),
(1286, 88, 408, 0, 0, 0, 0, '2020-07-28 13:31:21', '2020-07-28 13:31:21', 1, 1),
(1287, 89, 408, 0, 0, 0, 0, '2020-07-28 13:31:21', '2020-07-28 13:31:21', 1, 1),
(1288, 90, 408, 0, 0, 0, 0, '2020-07-28 13:31:21', '2020-07-28 13:31:21', 1, 1),
(1289, 1, 409, 0, 0, 0, 0, '2020-07-28 13:40:10', '2020-07-28 13:40:10', 1, 1),
(1290, 18, 409, 0, 0, 0, 0, '2020-07-28 13:40:10', '2020-07-28 13:40:10', 1, 1),
(1291, 22, 409, 0, 0, 0, 0, '2020-07-28 13:40:10', '2020-07-28 13:40:10', 1, 1),
(1292, 23, 409, 0, 0, 0, 0, '2020-07-28 13:40:10', '2020-07-28 13:40:10', 1, 1),
(1293, 32, 409, 0, 0, 0, 0, '2020-07-28 13:40:10', '2020-07-28 13:40:10', 1, 1),
(1294, 35, 409, 0, 0, 0, 0, '2020-07-28 13:40:10', '2020-07-28 13:40:10', 1, 1),
(1295, 36, 409, 0, 0, 0, 0, '2020-07-28 13:40:10', '2020-07-28 13:40:10', 1, 1),
(1296, 39, 409, 0, 0, 0, 0, '2020-07-28 13:40:10', '2020-07-28 13:40:10', 1, 1),
(1297, 40, 409, 0, 0, 0, 0, '2020-07-28 13:40:10', '2020-07-28 13:40:10', 1, 1),
(1298, 43, 409, 0, 0, 0, 0, '2020-07-28 13:40:10', '2020-07-28 13:40:10', 1, 1),
(1299, 44, 409, 0, 0, 0, 0, '2020-07-28 13:40:10', '2020-07-28 13:40:10', 1, 1),
(1300, 45, 409, 0, 0, 0, 0, '2020-07-28 13:40:10', '2020-07-28 13:40:10', 1, 1),
(1301, 46, 409, 0, 0, 0, 0, '2020-07-28 13:40:10', '2020-07-28 13:40:10', 1, 1),
(1302, 47, 409, 0, 0, 0, 0, '2020-07-28 13:40:10', '2020-07-28 13:40:10', 1, 1),
(1303, 48, 409, 0, 0, 0, 0, '2020-07-28 13:40:10', '2020-07-28 13:40:10', 1, 1),
(1304, 50, 409, 0, 0, 0, 0, '2020-07-28 13:40:10', '2020-07-28 13:40:10', 1, 1),
(1305, 51, 409, 0, 0, 0, 0, '2020-07-28 13:40:10', '2020-07-28 13:40:10', 1, 1),
(1306, 52, 409, 0, 0, 0, 0, '2020-07-28 13:40:10', '2020-07-28 13:40:10', 1, 1),
(1307, 53, 409, 0, 0, 0, 0, '2020-07-28 13:40:10', '2020-07-28 13:40:10', 1, 1),
(1308, 54, 409, 0, 0, 0, 0, '2020-07-28 13:40:10', '2020-07-28 13:40:10', 1, 1),
(1309, 55, 409, 0, 0, 0, 0, '2020-07-28 13:40:10', '2020-07-28 13:40:10', 1, 1),
(1310, 56, 409, 0, 0, 0, 0, '2020-07-28 13:40:10', '2020-07-28 13:40:10', 1, 1),
(1311, 57, 409, 0, 0, 0, 0, '2020-07-28 13:40:10', '2020-07-28 13:40:10', 1, 1),
(1312, 58, 409, 0, 0, 0, 0, '2020-07-28 13:40:10', '2020-07-28 13:40:10', 1, 1),
(1313, 59, 409, 0, 0, 0, 0, '2020-07-28 13:40:10', '2020-07-28 13:40:10', 1, 1),
(1314, 60, 409, 0, 0, 0, 0, '2020-07-28 13:40:10', '2020-07-28 13:40:10', 1, 1),
(1315, 61, 409, 0, 0, 0, 0, '2020-07-28 13:40:10', '2020-07-28 13:40:10', 1, 1),
(1316, 62, 409, 1, 1, 1, 1, '2020-07-28 13:40:10', '2020-07-28 13:40:10', 1, 1),
(1317, 63, 409, 1, 1, 1, 1, '2020-07-28 13:40:10', '2020-07-28 13:40:10', 1, 1),
(1318, 64, 409, 0, 0, 0, 0, '2020-07-28 13:40:10', '2020-07-28 13:40:10', 1, 1),
(1319, 65, 409, 1, 1, 1, 1, '2020-07-28 13:40:10', '2020-07-28 13:40:10', 1, 1),
(1320, 66, 409, 0, 0, 0, 0, '2020-07-28 13:40:10', '2020-07-28 13:40:10', 1, 1),
(1321, 67, 409, 1, 1, 1, 1, '2020-07-28 13:40:10', '2020-07-28 13:40:10', 1, 1),
(1322, 68, 409, 0, 0, 0, 0, '2020-07-28 13:40:10', '2020-07-28 13:40:10', 1, 1),
(1323, 69, 409, 0, 0, 0, 0, '2020-07-28 13:40:10', '2020-07-28 13:40:10', 1, 1),
(1324, 70, 409, 1, 1, 1, 1, '2020-07-28 13:40:10', '2020-07-28 13:40:10', 1, 1),
(1325, 71, 409, 0, 0, 0, 0, '2020-07-28 13:40:10', '2020-07-28 13:40:10', 1, 1),
(1326, 72, 409, 0, 0, 0, 0, '2020-07-28 13:40:10', '2020-07-28 13:40:10', 1, 1),
(1327, 73, 409, 0, 0, 0, 0, '2020-07-28 13:40:10', '2020-07-28 13:40:10', 1, 1),
(1328, 74, 409, 0, 0, 0, 0, '2020-07-28 13:40:10', '2020-07-28 13:40:10', 1, 1),
(1329, 75, 409, 0, 0, 0, 0, '2020-07-28 13:40:10', '2020-07-28 13:40:10', 1, 1),
(1330, 76, 409, 0, 0, 0, 0, '2020-07-28 13:40:10', '2020-07-28 13:40:10', 1, 1),
(1331, 77, 409, 0, 0, 0, 0, '2020-07-28 13:40:10', '2020-07-28 13:40:10', 1, 1),
(1332, 78, 409, 0, 0, 0, 0, '2020-07-28 13:40:10', '2020-07-28 13:40:10', 1, 1),
(1333, 79, 409, 0, 0, 0, 0, '2020-07-28 13:40:11', '2020-07-28 13:40:11', 1, 1),
(1334, 80, 409, 0, 0, 0, 0, '2020-07-28 13:40:11', '2020-07-28 13:40:11', 1, 1),
(1335, 81, 409, 0, 0, 0, 0, '2020-07-28 13:40:11', '2020-07-28 13:40:11', 1, 1),
(1336, 82, 409, 0, 0, 0, 0, '2020-07-28 13:40:11', '2020-07-28 13:40:11', 1, 1),
(1337, 83, 409, 0, 0, 0, 0, '2020-07-28 13:40:11', '2020-07-28 13:40:11', 1, 1),
(1338, 84, 409, 0, 0, 0, 0, '2020-07-28 13:40:11', '2020-07-28 13:40:11', 1, 1),
(1339, 85, 409, 0, 0, 0, 0, '2020-07-28 13:40:11', '2020-07-28 13:40:11', 1, 1),
(1340, 86, 409, 0, 0, 0, 0, '2020-07-28 13:40:11', '2020-07-28 13:40:11', 1, 1),
(1341, 87, 409, 0, 0, 0, 0, '2020-07-28 13:40:11', '2020-07-28 13:40:11', 1, 1),
(1342, 88, 409, 0, 0, 0, 0, '2020-07-28 13:40:11', '2020-07-28 13:40:11', 1, 1),
(1343, 89, 409, 0, 0, 0, 0, '2020-07-28 13:40:11', '2020-07-28 13:40:11', 1, 1),
(1344, 90, 409, 0, 0, 0, 0, '2020-07-28 13:40:11', '2020-07-28 13:40:11', 1, 1),
(1345, 1, 410, 0, 0, 0, 0, '2020-07-28 13:43:24', '2020-07-28 13:43:24', 1, 1),
(1346, 18, 410, 0, 0, 0, 0, '2020-07-28 13:43:24', '2020-07-28 13:43:24', 1, 1),
(1347, 22, 410, 0, 0, 0, 0, '2020-07-28 13:43:24', '2020-07-28 13:43:24', 1, 1),
(1348, 23, 410, 0, 0, 0, 0, '2020-07-28 13:43:24', '2020-07-28 13:43:24', 1, 1),
(1349, 32, 410, 0, 0, 0, 0, '2020-07-28 13:43:24', '2020-07-28 13:43:24', 1, 1),
(1350, 35, 410, 0, 0, 0, 0, '2020-07-28 13:43:24', '2020-07-28 13:43:24', 1, 1),
(1351, 36, 410, 0, 0, 0, 0, '2020-07-28 13:43:24', '2020-07-28 13:43:24', 1, 1),
(1352, 39, 410, 0, 0, 0, 0, '2020-07-28 13:43:24', '2020-07-28 13:43:24', 1, 1),
(1353, 40, 410, 0, 0, 0, 0, '2020-07-28 13:43:24', '2020-07-28 13:43:24', 1, 1),
(1354, 43, 410, 0, 0, 0, 0, '2020-07-28 13:43:24', '2020-07-28 13:43:24', 1, 1),
(1355, 44, 410, 0, 0, 0, 0, '2020-07-28 13:43:24', '2020-07-28 13:43:24', 1, 1),
(1356, 45, 410, 0, 0, 0, 0, '2020-07-28 13:43:24', '2020-07-28 13:43:24', 1, 1),
(1357, 46, 410, 0, 0, 0, 0, '2020-07-28 13:43:24', '2020-07-28 13:43:24', 1, 1),
(1358, 47, 410, 0, 0, 0, 0, '2020-07-28 13:43:24', '2020-07-28 13:43:24', 1, 1),
(1359, 48, 410, 0, 0, 0, 0, '2020-07-28 13:43:24', '2020-07-28 13:43:24', 1, 1),
(1360, 50, 410, 0, 0, 0, 0, '2020-07-28 13:43:24', '2020-07-28 13:43:24', 1, 1),
(1361, 51, 410, 0, 0, 0, 0, '2020-07-28 13:43:24', '2020-07-28 13:43:24', 1, 1),
(1362, 52, 410, 0, 0, 0, 0, '2020-07-28 13:43:24', '2020-07-28 13:43:24', 1, 1),
(1363, 53, 410, 0, 0, 0, 0, '2020-07-28 13:43:24', '2020-07-28 13:43:24', 1, 1),
(1364, 54, 410, 0, 0, 0, 0, '2020-07-28 13:43:24', '2020-07-28 13:43:24', 1, 1),
(1365, 55, 410, 0, 0, 0, 0, '2020-07-28 13:43:24', '2020-07-28 13:43:24', 1, 1),
(1366, 56, 410, 0, 0, 0, 0, '2020-07-28 13:43:24', '2020-07-28 13:43:24', 1, 1),
(1367, 57, 410, 0, 0, 0, 0, '2020-07-28 13:43:24', '2020-07-28 13:43:24', 1, 1),
(1368, 58, 410, 0, 0, 0, 0, '2020-07-28 13:43:24', '2020-07-28 13:43:24', 1, 1),
(1369, 59, 410, 0, 0, 0, 0, '2020-07-28 13:43:24', '2020-07-28 13:43:24', 1, 1),
(1370, 60, 410, 0, 0, 0, 0, '2020-07-28 13:43:24', '2020-07-28 13:43:24', 1, 1),
(1371, 61, 410, 0, 0, 0, 0, '2020-07-28 13:43:24', '2020-07-28 13:43:24', 1, 1),
(1372, 62, 410, 1, 1, 1, 1, '2020-07-28 13:43:24', '2020-07-28 13:43:24', 1, 1),
(1373, 63, 410, 1, 1, 1, 1, '2020-07-28 13:43:24', '2020-07-28 13:43:24', 1, 1),
(1374, 64, 410, 0, 0, 0, 0, '2020-07-28 13:43:24', '2020-07-28 13:43:24', 1, 1),
(1375, 65, 410, 1, 1, 1, 1, '2020-07-28 13:43:24', '2020-07-28 13:43:24', 1, 1),
(1376, 66, 410, 0, 0, 0, 0, '2020-07-28 13:43:24', '2020-07-28 13:43:24', 1, 1),
(1377, 67, 410, 1, 1, 1, 1, '2020-07-28 13:43:24', '2020-07-28 13:43:24', 1, 1),
(1378, 68, 410, 0, 0, 0, 0, '2020-07-28 13:43:24', '2020-07-28 13:43:24', 1, 1),
(1379, 69, 410, 0, 0, 0, 0, '2020-07-28 13:43:24', '2020-07-28 13:43:24', 1, 1),
(1380, 70, 410, 1, 1, 1, 1, '2020-07-28 13:43:24', '2020-07-28 13:43:24', 1, 1),
(1381, 71, 410, 0, 0, 0, 0, '2020-07-28 13:43:24', '2020-07-28 13:43:24', 1, 1),
(1382, 72, 410, 0, 0, 0, 0, '2020-07-28 13:43:24', '2020-07-28 13:43:24', 1, 1),
(1383, 73, 410, 0, 0, 0, 0, '2020-07-28 13:43:24', '2020-07-28 13:43:24', 1, 1),
(1384, 74, 410, 0, 0, 0, 0, '2020-07-28 13:43:24', '2020-07-28 13:43:24', 1, 1),
(1385, 75, 410, 0, 0, 0, 0, '2020-07-28 13:43:24', '2020-07-28 13:43:24', 1, 1),
(1386, 76, 410, 0, 0, 0, 0, '2020-07-28 13:43:24', '2020-07-28 13:43:24', 1, 1),
(1387, 77, 410, 0, 0, 0, 0, '2020-07-28 13:43:24', '2020-07-28 13:43:24', 1, 1),
(1388, 78, 410, 0, 0, 0, 0, '2020-07-28 13:43:24', '2020-07-28 13:43:24', 1, 1),
(1389, 79, 410, 0, 0, 0, 0, '2020-07-28 13:43:24', '2020-07-28 13:43:24', 1, 1),
(1390, 80, 410, 0, 0, 0, 0, '2020-07-28 13:43:24', '2020-07-28 13:43:24', 1, 1),
(1391, 81, 410, 0, 0, 0, 0, '2020-07-28 13:43:24', '2020-07-28 13:43:24', 1, 1),
(1392, 82, 410, 0, 0, 0, 0, '2020-07-28 13:43:24', '2020-07-28 13:43:24', 1, 1),
(1393, 83, 410, 0, 0, 0, 0, '2020-07-28 13:43:24', '2020-07-28 13:43:24', 1, 1),
(1394, 84, 410, 0, 0, 0, 0, '2020-07-28 13:43:24', '2020-07-28 13:43:24', 1, 1),
(1395, 85, 410, 0, 0, 0, 0, '2020-07-28 13:43:24', '2020-07-28 13:43:24', 1, 1),
(1396, 86, 410, 0, 0, 0, 0, '2020-07-28 13:43:24', '2020-07-28 13:43:24', 1, 1),
(1397, 87, 410, 0, 0, 0, 0, '2020-07-28 13:43:24', '2020-07-28 13:43:24', 1, 1),
(1398, 88, 410, 0, 0, 0, 0, '2020-07-28 13:43:24', '2020-07-28 13:43:24', 1, 1),
(1399, 89, 410, 0, 0, 0, 0, '2020-07-28 13:43:24', '2020-07-28 13:43:24', 1, 1),
(1400, 90, 410, 0, 0, 0, 0, '2020-07-28 13:43:24', '2020-07-28 13:43:24', 1, 1),
(1401, 1, 411, 0, 0, 0, 0, '2020-07-28 13:44:57', '2020-07-28 13:44:57', 1, 1),
(1402, 18, 411, 0, 0, 0, 0, '2020-07-28 13:44:57', '2020-07-28 13:44:57', 1, 1),
(1403, 22, 411, 0, 0, 0, 0, '2020-07-28 13:44:57', '2020-07-28 13:44:57', 1, 1),
(1404, 23, 411, 0, 0, 0, 0, '2020-07-28 13:44:57', '2020-07-28 13:44:57', 1, 1),
(1405, 32, 411, 0, 0, 0, 0, '2020-07-28 13:44:57', '2020-07-28 13:44:57', 1, 1),
(1406, 35, 411, 0, 0, 0, 0, '2020-07-28 13:44:57', '2020-07-28 13:44:57', 1, 1),
(1407, 36, 411, 0, 0, 0, 0, '2020-07-28 13:44:57', '2020-07-28 13:44:57', 1, 1),
(1408, 39, 411, 0, 0, 0, 0, '2020-07-28 13:44:57', '2020-07-28 13:44:57', 1, 1),
(1409, 40, 411, 0, 0, 0, 0, '2020-07-28 13:44:57', '2020-07-28 13:44:57', 1, 1),
(1410, 43, 411, 0, 0, 0, 0, '2020-07-28 13:44:57', '2020-07-28 13:44:57', 1, 1),
(1411, 44, 411, 0, 0, 0, 0, '2020-07-28 13:44:57', '2020-07-28 13:44:57', 1, 1),
(1412, 45, 411, 0, 0, 0, 0, '2020-07-28 13:44:57', '2020-07-28 13:44:57', 1, 1),
(1413, 46, 411, 0, 0, 0, 0, '2020-07-28 13:44:57', '2020-07-28 13:44:57', 1, 1),
(1414, 47, 411, 0, 0, 0, 0, '2020-07-28 13:44:57', '2020-07-28 13:44:57', 1, 1),
(1415, 48, 411, 0, 0, 0, 0, '2020-07-28 13:44:57', '2020-07-28 13:44:57', 1, 1),
(1416, 50, 411, 0, 0, 0, 0, '2020-07-28 13:44:57', '2020-07-28 13:44:57', 1, 1),
(1417, 51, 411, 0, 0, 0, 0, '2020-07-28 13:44:57', '2020-07-28 13:44:57', 1, 1),
(1418, 52, 411, 0, 0, 0, 0, '2020-07-28 13:44:57', '2020-07-28 13:44:57', 1, 1),
(1419, 53, 411, 0, 0, 0, 0, '2020-07-28 13:44:57', '2020-07-28 13:44:57', 1, 1),
(1420, 54, 411, 0, 0, 0, 0, '2020-07-28 13:44:57', '2020-07-28 13:44:57', 1, 1),
(1421, 55, 411, 0, 0, 0, 0, '2020-07-28 13:44:57', '2020-07-28 13:44:57', 1, 1),
(1422, 56, 411, 0, 0, 0, 0, '2020-07-28 13:44:57', '2020-07-28 13:44:57', 1, 1),
(1423, 57, 411, 0, 0, 0, 0, '2020-07-28 13:44:57', '2020-07-28 13:44:57', 1, 1),
(1424, 58, 411, 0, 0, 0, 0, '2020-07-28 13:44:57', '2020-07-28 13:44:57', 1, 1),
(1425, 59, 411, 0, 0, 0, 0, '2020-07-28 13:44:57', '2020-07-28 13:44:57', 1, 1),
(1426, 60, 411, 0, 0, 0, 0, '2020-07-28 13:44:57', '2020-07-28 13:44:57', 1, 1),
(1427, 61, 411, 0, 0, 0, 0, '2020-07-28 13:44:57', '2020-07-28 13:44:57', 1, 1),
(1428, 62, 411, 1, 1, 1, 1, '2020-07-28 13:44:57', '2020-07-28 13:44:57', 1, 1),
(1429, 63, 411, 1, 1, 1, 1, '2020-07-28 13:44:57', '2020-07-28 13:44:57', 1, 1),
(1430, 64, 411, 0, 0, 0, 0, '2020-07-28 13:44:57', '2020-07-28 13:44:57', 1, 1),
(1431, 65, 411, 1, 1, 1, 1, '2020-07-28 13:44:57', '2020-07-28 13:44:57', 1, 1),
(1432, 66, 411, 0, 0, 0, 0, '2020-07-28 13:44:57', '2020-07-28 13:44:57', 1, 1),
(1433, 67, 411, 1, 1, 1, 1, '2020-07-28 13:44:57', '2020-07-28 13:44:57', 1, 1),
(1434, 68, 411, 0, 0, 0, 0, '2020-07-28 13:44:57', '2020-07-28 13:44:57', 1, 1),
(1435, 69, 411, 0, 0, 0, 0, '2020-07-28 13:44:57', '2020-07-28 13:44:57', 1, 1),
(1436, 70, 411, 1, 1, 1, 1, '2020-07-28 13:44:57', '2020-07-28 13:44:57', 1, 1),
(1437, 71, 411, 0, 0, 0, 0, '2020-07-28 13:44:57', '2020-07-28 13:44:57', 1, 1),
(1438, 72, 411, 0, 0, 0, 0, '2020-07-28 13:44:57', '2020-07-28 13:44:57', 1, 1),
(1439, 73, 411, 0, 0, 0, 0, '2020-07-28 13:44:57', '2020-07-28 13:44:57', 1, 1),
(1440, 74, 411, 0, 0, 0, 0, '2020-07-28 13:44:57', '2020-07-28 13:44:57', 1, 1),
(1441, 75, 411, 0, 0, 0, 0, '2020-07-28 13:44:57', '2020-07-28 13:44:57', 1, 1),
(1442, 76, 411, 0, 0, 0, 0, '2020-07-28 13:44:57', '2020-07-28 13:44:57', 1, 1),
(1443, 77, 411, 0, 0, 0, 0, '2020-07-28 13:44:57', '2020-07-28 13:44:57', 1, 1),
(1444, 78, 411, 0, 0, 0, 0, '2020-07-28 13:44:57', '2020-07-28 13:44:57', 1, 1),
(1445, 79, 411, 0, 0, 0, 0, '2020-07-28 13:44:57', '2020-07-28 13:44:57', 1, 1),
(1446, 80, 411, 0, 0, 0, 0, '2020-07-28 13:44:57', '2020-07-28 13:44:57', 1, 1),
(1447, 81, 411, 0, 0, 0, 0, '2020-07-28 13:44:57', '2020-07-28 13:44:57', 1, 1),
(1448, 82, 411, 0, 0, 0, 0, '2020-07-28 13:44:57', '2020-07-28 13:44:57', 1, 1),
(1449, 83, 411, 0, 0, 0, 0, '2020-07-28 13:44:57', '2020-07-28 13:44:57', 1, 1),
(1450, 84, 411, 0, 0, 0, 0, '2020-07-28 13:44:57', '2020-07-28 13:44:57', 1, 1),
(1451, 85, 411, 0, 0, 0, 0, '2020-07-28 13:44:57', '2020-07-28 13:44:57', 1, 1),
(1452, 86, 411, 0, 0, 0, 0, '2020-07-28 13:44:57', '2020-07-28 13:44:57', 1, 1),
(1453, 87, 411, 0, 0, 0, 0, '2020-07-28 13:44:57', '2020-07-28 13:44:57', 1, 1),
(1454, 88, 411, 0, 0, 0, 0, '2020-07-28 13:44:57', '2020-07-28 13:44:57', 1, 1),
(1455, 89, 411, 0, 0, 0, 0, '2020-07-28 13:44:57', '2020-07-28 13:44:57', 1, 1),
(1456, 90, 411, 0, 0, 0, 0, '2020-07-28 13:44:57', '2020-07-28 13:44:57', 1, 1),
(1457, 91, 1, 1, 1, 1, 1, '2020-08-28 20:40:22', '2021-02-15 15:24:12', 1, 1),
(1458, 1, 418, 1, 1, 1, 1, '2020-09-30 16:07:25', '2020-09-30 16:07:25', 1, 1),
(1459, 18, 418, 1, 1, 1, 1, '2020-09-30 16:07:25', '2020-09-30 16:07:25', 1, 1),
(1460, 22, 418, 1, 1, 1, 1, '2020-09-30 16:07:25', '2020-09-30 16:07:25', 1, 1),
(1461, 23, 418, 1, 1, 1, 1, '2020-09-30 16:07:25', '2020-09-30 16:07:25', 1, 1),
(1462, 32, 418, 1, 1, 1, 1, '2020-09-30 16:07:25', '2020-09-30 16:07:25', 1, 1),
(1463, 35, 418, 1, 1, 1, 1, '2020-09-30 16:07:25', '2020-09-30 16:07:25', 1, 1),
(1464, 36, 418, 1, 1, 1, 1, '2020-09-30 16:07:25', '2020-09-30 16:07:25', 1, 1),
(1465, 39, 418, 1, 1, 1, 1, '2020-09-30 16:07:25', '2020-09-30 16:07:25', 1, 1),
(1466, 40, 418, 1, 1, 1, 1, '2020-09-30 16:07:25', '2020-09-30 16:07:25', 1, 1),
(1467, 43, 418, 1, 1, 1, 1, '2020-09-30 16:07:25', '2020-09-30 16:07:25', 1, 1),
(1468, 44, 418, 1, 1, 1, 1, '2020-09-30 16:07:25', '2020-09-30 16:07:25', 1, 1),
(1469, 45, 418, 1, 1, 1, 1, '2020-09-30 16:07:25', '2020-09-30 16:07:25', 1, 1),
(1470, 46, 418, 1, 1, 1, 1, '2020-09-30 16:07:25', '2020-09-30 16:07:25', 1, 1),
(1471, 47, 418, 1, 1, 1, 1, '2020-09-30 16:07:25', '2020-09-30 16:07:25', 1, 1),
(1472, 48, 418, 1, 1, 1, 1, '2020-09-30 16:07:25', '2020-09-30 16:07:25', 1, 1),
(1473, 50, 418, 1, 1, 1, 1, '2020-09-30 16:07:25', '2020-09-30 16:07:25', 1, 1),
(1474, 51, 418, 1, 1, 1, 1, '2020-09-30 16:07:25', '2020-09-30 16:07:25', 1, 1),
(1475, 52, 418, 1, 1, 1, 1, '2020-09-30 16:07:25', '2020-09-30 16:07:25', 1, 1),
(1476, 53, 418, 1, 1, 1, 1, '2020-09-30 16:07:25', '2020-09-30 16:07:25', 1, 1),
(1477, 54, 418, 1, 1, 1, 1, '2020-09-30 16:07:25', '2020-09-30 16:07:25', 1, 1),
(1478, 55, 418, 1, 1, 1, 1, '2020-09-30 16:07:25', '2020-09-30 16:07:25', 1, 1),
(1479, 56, 418, 1, 1, 1, 1, '2020-09-30 16:07:25', '2020-09-30 16:07:25', 1, 1),
(1480, 57, 418, 1, 1, 1, 1, '2020-09-30 16:07:25', '2020-09-30 16:07:25', 1, 1),
(1481, 58, 418, 1, 1, 1, 1, '2020-09-30 16:07:25', '2020-09-30 16:07:25', 1, 1),
(1482, 59, 418, 1, 1, 1, 1, '2020-09-30 16:07:25', '2020-09-30 16:07:25', 1, 1),
(1483, 60, 418, 1, 1, 1, 1, '2020-09-30 16:07:25', '2020-09-30 16:07:25', 1, 1),
(1484, 61, 418, 1, 1, 1, 1, '2020-09-30 16:07:25', '2020-09-30 16:07:25', 1, 1),
(1485, 62, 418, 1, 1, 1, 1, '2020-09-30 16:07:25', '2020-09-30 16:07:25', 1, 1),
(1486, 63, 418, 0, 0, 0, 0, '2020-09-30 16:07:25', '2020-09-30 16:07:25', 1, 1),
(1487, 64, 418, 0, 0, 0, 0, '2020-09-30 16:07:25', '2020-09-30 16:07:25', 1, 1),
(1488, 65, 418, 1, 1, 1, 1, '2020-09-30 16:07:25', '2020-09-30 16:07:25', 1, 1),
(1489, 66, 418, 0, 0, 0, 0, '2020-09-30 16:07:25', '2020-09-30 16:07:25', 1, 1),
(1490, 67, 418, 0, 0, 0, 0, '2020-09-30 16:07:25', '2020-09-30 16:07:25', 1, 1),
(1491, 68, 418, 0, 0, 0, 0, '2020-09-30 16:07:25', '2020-09-30 16:07:25', 1, 1),
(1492, 69, 418, 0, 0, 0, 0, '2020-09-30 16:07:25', '2020-09-30 16:07:25', 1, 1),
(1493, 70, 418, 0, 0, 0, 0, '2020-09-30 16:07:25', '2020-09-30 16:07:25', 1, 1),
(1494, 71, 418, 0, 0, 0, 0, '2020-09-30 16:07:25', '2020-09-30 16:07:25', 1, 1),
(1495, 72, 418, 0, 0, 0, 0, '2020-09-30 16:07:25', '2020-09-30 16:07:25', 1, 1),
(1496, 73, 418, 0, 0, 0, 0, '2020-09-30 16:07:25', '2020-09-30 16:07:25', 1, 1),
(1497, 74, 418, 0, 0, 0, 0, '2020-09-30 16:07:25', '2020-09-30 16:07:25', 1, 1),
(1498, 75, 418, 0, 0, 0, 0, '2020-09-30 16:07:25', '2020-09-30 16:07:25', 1, 1),
(1499, 76, 418, 0, 0, 0, 0, '2020-09-30 16:07:25', '2020-09-30 16:07:25', 1, 1),
(1500, 77, 418, 0, 0, 0, 0, '2020-09-30 16:07:25', '2020-09-30 16:07:25', 1, 1),
(1501, 78, 418, 0, 0, 0, 0, '2020-09-30 16:07:25', '2020-09-30 16:07:25', 1, 1),
(1502, 79, 418, 0, 0, 0, 0, '2020-09-30 16:07:25', '2020-09-30 16:07:25', 1, 1),
(1503, 80, 418, 0, 0, 0, 0, '2020-09-30 16:07:25', '2020-09-30 16:07:25', 1, 1),
(1504, 81, 418, 0, 0, 0, 0, '2020-09-30 16:07:25', '2020-09-30 16:07:25', 1, 1),
(1505, 82, 418, 0, 0, 0, 0, '2020-09-30 16:07:25', '2020-09-30 16:07:25', 1, 1),
(1506, 83, 418, 0, 0, 0, 0, '2020-09-30 16:07:25', '2020-09-30 16:07:25', 1, 1),
(1507, 84, 418, 0, 0, 0, 0, '2020-09-30 16:07:25', '2020-09-30 16:07:25', 1, 1),
(1508, 85, 418, 0, 0, 0, 0, '2020-09-30 16:07:25', '2020-09-30 16:07:25', 1, 1),
(1509, 86, 418, 0, 0, 0, 0, '2020-09-30 16:07:25', '2020-09-30 16:07:25', 1, 1),
(1510, 87, 418, 0, 0, 0, 0, '2020-09-30 16:07:25', '2020-09-30 16:07:25', 1, 1),
(1511, 88, 418, 0, 0, 0, 0, '2020-09-30 16:07:25', '2020-09-30 16:07:25', 1, 1),
(1512, 89, 418, 0, 0, 0, 0, '2020-09-30 16:07:25', '2020-09-30 16:07:25', 1, 1),
(1513, 90, 418, 0, 0, 0, 0, '2020-09-30 16:07:25', '2020-09-30 16:07:25', 1, 1),
(1514, 91, 418, 0, 0, 0, 0, '2020-09-30 16:07:25', '2020-09-30 16:07:25', 1, 1),
(1515, 1, 419, 1, 1, 1, 1, '2020-09-30 16:09:15', '2020-09-30 16:09:15', 1, 1),
(1516, 18, 419, 1, 1, 1, 1, '2020-09-30 16:09:15', '2020-09-30 16:09:15', 1, 1),
(1517, 22, 419, 1, 1, 1, 1, '2020-09-30 16:09:15', '2020-09-30 16:09:15', 1, 1),
(1518, 23, 419, 1, 1, 1, 1, '2020-09-30 16:09:15', '2020-09-30 16:09:15', 1, 1),
(1519, 32, 419, 1, 1, 1, 1, '2020-09-30 16:09:15', '2020-09-30 16:09:15', 1, 1),
(1520, 35, 419, 1, 1, 1, 1, '2020-09-30 16:09:15', '2020-09-30 16:09:15', 1, 1),
(1521, 36, 419, 1, 1, 1, 1, '2020-09-30 16:09:15', '2020-09-30 16:09:15', 1, 1),
(1522, 39, 419, 1, 1, 1, 1, '2020-09-30 16:09:15', '2020-09-30 16:09:15', 1, 1),
(1523, 40, 419, 1, 1, 1, 1, '2020-09-30 16:09:15', '2020-09-30 16:09:15', 1, 1),
(1524, 43, 419, 1, 1, 1, 1, '2020-09-30 16:09:15', '2020-09-30 16:09:15', 1, 1),
(1525, 44, 419, 1, 1, 1, 1, '2020-09-30 16:09:15', '2020-09-30 16:09:15', 1, 1),
(1526, 45, 419, 1, 1, 1, 1, '2020-09-30 16:09:15', '2020-09-30 16:09:15', 1, 1),
(1527, 46, 419, 1, 1, 1, 1, '2020-09-30 16:09:15', '2020-09-30 16:09:15', 1, 1),
(1528, 47, 419, 1, 1, 1, 1, '2020-09-30 16:09:15', '2020-09-30 16:09:15', 1, 1),
(1529, 48, 419, 1, 1, 1, 1, '2020-09-30 16:09:15', '2020-09-30 16:09:15', 1, 1),
(1530, 50, 419, 1, 1, 1, 1, '2020-09-30 16:09:15', '2020-09-30 16:09:15', 1, 1),
(1531, 51, 419, 1, 1, 1, 1, '2020-09-30 16:09:15', '2020-09-30 16:09:15', 1, 1),
(1532, 52, 419, 1, 1, 1, 1, '2020-09-30 16:09:15', '2020-09-30 16:09:15', 1, 1),
(1533, 53, 419, 1, 1, 1, 1, '2020-09-30 16:09:15', '2020-09-30 16:09:15', 1, 1),
(1534, 54, 419, 1, 1, 1, 1, '2020-09-30 16:09:15', '2020-09-30 16:09:15', 1, 1),
(1535, 55, 419, 1, 1, 1, 1, '2020-09-30 16:09:15', '2020-09-30 16:09:15', 1, 1),
(1536, 56, 419, 1, 1, 1, 1, '2020-09-30 16:09:15', '2020-09-30 16:09:15', 1, 1),
(1537, 57, 419, 1, 1, 1, 1, '2020-09-30 16:09:15', '2020-09-30 16:09:15', 1, 1),
(1538, 58, 419, 1, 1, 1, 1, '2020-09-30 16:09:15', '2020-09-30 16:09:15', 1, 1),
(1539, 59, 419, 1, 1, 1, 1, '2020-09-30 16:09:15', '2020-09-30 16:09:15', 1, 1),
(1540, 60, 419, 1, 1, 1, 1, '2020-09-30 16:09:15', '2020-09-30 16:09:15', 1, 1),
(1541, 61, 419, 1, 1, 1, 1, '2020-09-30 16:09:15', '2020-09-30 16:09:15', 1, 1),
(1542, 62, 419, 1, 1, 1, 1, '2020-09-30 16:09:15', '2020-09-30 16:09:15', 1, 1),
(1543, 63, 419, 0, 0, 0, 0, '2020-09-30 16:09:15', '2020-09-30 16:09:15', 1, 1),
(1544, 64, 419, 0, 0, 0, 0, '2020-09-30 16:09:15', '2020-09-30 16:09:15', 1, 1),
(1545, 65, 419, 1, 1, 1, 1, '2020-09-30 16:09:15', '2020-09-30 16:09:15', 1, 1),
(1546, 66, 419, 0, 0, 0, 0, '2020-09-30 16:09:15', '2020-09-30 16:09:15', 1, 1),
(1547, 67, 419, 0, 0, 0, 0, '2020-09-30 16:09:15', '2020-09-30 16:09:15', 1, 1),
(1548, 68, 419, 0, 0, 0, 0, '2020-09-30 16:09:15', '2020-09-30 16:09:15', 1, 1),
(1549, 69, 419, 0, 0, 0, 0, '2020-09-30 16:09:15', '2020-09-30 16:09:15', 1, 1),
(1550, 70, 419, 0, 0, 0, 0, '2020-09-30 16:09:15', '2020-09-30 16:09:15', 1, 1),
(1551, 71, 419, 0, 0, 0, 0, '2020-09-30 16:09:15', '2020-09-30 16:09:15', 1, 1),
(1552, 72, 419, 0, 0, 0, 0, '2020-09-30 16:09:15', '2020-09-30 16:09:15', 1, 1),
(1553, 73, 419, 0, 0, 0, 0, '2020-09-30 16:09:15', '2020-09-30 16:09:15', 1, 1),
(1554, 74, 419, 0, 0, 0, 0, '2020-09-30 16:09:15', '2020-09-30 16:09:15', 1, 1),
(1555, 75, 419, 0, 0, 0, 0, '2020-09-30 16:09:15', '2020-09-30 16:09:15', 1, 1),
(1556, 76, 419, 0, 0, 0, 0, '2020-09-30 16:09:15', '2020-09-30 16:09:15', 1, 1),
(1557, 77, 419, 0, 0, 0, 0, '2020-09-30 16:09:15', '2020-09-30 16:09:15', 1, 1),
(1558, 78, 419, 0, 0, 0, 0, '2020-09-30 16:09:15', '2020-09-30 16:09:15', 1, 1),
(1559, 79, 419, 0, 0, 0, 0, '2020-09-30 16:09:15', '2020-09-30 16:09:15', 1, 1),
(1560, 80, 419, 0, 0, 0, 0, '2020-09-30 16:09:15', '2020-09-30 16:09:15', 1, 1),
(1561, 81, 419, 0, 0, 0, 0, '2020-09-30 16:09:15', '2020-09-30 16:09:15', 1, 1),
(1562, 82, 419, 0, 0, 0, 0, '2020-09-30 16:09:15', '2020-09-30 16:09:15', 1, 1),
(1563, 83, 419, 0, 0, 0, 0, '2020-09-30 16:09:15', '2020-09-30 16:09:15', 1, 1),
(1564, 84, 419, 0, 0, 0, 0, '2020-09-30 16:09:15', '2020-09-30 16:09:15', 1, 1),
(1565, 85, 419, 0, 0, 0, 0, '2020-09-30 16:09:15', '2020-09-30 16:09:15', 1, 1),
(1566, 86, 419, 0, 0, 0, 0, '2020-09-30 16:09:15', '2020-09-30 16:09:15', 1, 1),
(1567, 87, 419, 0, 0, 0, 0, '2020-09-30 16:09:15', '2020-09-30 16:09:15', 1, 1),
(1568, 88, 419, 0, 0, 0, 0, '2020-09-30 16:09:15', '2020-09-30 16:09:15', 1, 1),
(1569, 89, 419, 0, 0, 0, 0, '2020-09-30 16:09:15', '2020-09-30 16:09:15', 1, 1),
(1570, 90, 419, 0, 0, 0, 0, '2020-09-30 16:09:15', '2020-09-30 16:09:15', 1, 1),
(1571, 91, 419, 0, 0, 0, 0, '2020-09-30 16:09:15', '2020-09-30 16:09:15', 1, 1),
(1572, 1, 420, 1, 1, 1, 1, '2020-09-30 16:11:33', '2020-09-30 16:11:33', 1, 1),
(1573, 18, 420, 1, 1, 1, 1, '2020-09-30 16:11:33', '2020-09-30 16:11:33', 1, 1),
(1574, 22, 420, 1, 1, 1, 1, '2020-09-30 16:11:33', '2020-09-30 16:11:33', 1, 1),
(1575, 23, 420, 1, 1, 1, 1, '2020-09-30 16:11:33', '2020-09-30 16:11:33', 1, 1),
(1576, 32, 420, 1, 1, 1, 1, '2020-09-30 16:11:33', '2020-09-30 16:11:33', 1, 1),
(1577, 35, 420, 1, 1, 1, 1, '2020-09-30 16:11:33', '2020-09-30 16:11:33', 1, 1),
(1578, 36, 420, 1, 1, 1, 1, '2020-09-30 16:11:33', '2020-09-30 16:11:33', 1, 1),
(1579, 39, 420, 1, 1, 1, 1, '2020-09-30 16:11:33', '2020-09-30 16:11:33', 1, 1),
(1580, 40, 420, 1, 1, 1, 1, '2020-09-30 16:11:33', '2020-09-30 16:11:33', 1, 1),
(1581, 43, 420, 1, 1, 1, 1, '2020-09-30 16:11:33', '2020-09-30 16:11:33', 1, 1),
(1582, 44, 420, 1, 1, 1, 1, '2020-09-30 16:11:33', '2020-09-30 16:11:33', 1, 1),
(1583, 45, 420, 1, 1, 1, 1, '2020-09-30 16:11:33', '2020-09-30 16:11:33', 1, 1),
(1584, 46, 420, 1, 1, 1, 1, '2020-09-30 16:11:33', '2020-09-30 16:11:33', 1, 1),
(1585, 47, 420, 1, 1, 1, 1, '2020-09-30 16:11:33', '2020-09-30 16:11:33', 1, 1),
(1586, 48, 420, 1, 1, 1, 1, '2020-09-30 16:11:33', '2020-09-30 16:11:33', 1, 1),
(1587, 50, 420, 1, 1, 1, 1, '2020-09-30 16:11:33', '2020-09-30 16:11:33', 1, 1),
(1588, 51, 420, 1, 1, 1, 1, '2020-09-30 16:11:33', '2020-09-30 16:11:33', 1, 1),
(1589, 52, 420, 1, 1, 1, 1, '2020-09-30 16:11:33', '2020-09-30 16:11:33', 1, 1),
(1590, 53, 420, 1, 1, 1, 1, '2020-09-30 16:11:33', '2020-09-30 16:11:33', 1, 1),
(1591, 54, 420, 1, 1, 1, 1, '2020-09-30 16:11:33', '2020-09-30 16:11:33', 1, 1),
(1592, 55, 420, 1, 1, 1, 1, '2020-09-30 16:11:33', '2020-09-30 16:11:33', 1, 1),
(1593, 56, 420, 1, 1, 1, 1, '2020-09-30 16:11:33', '2020-09-30 16:11:33', 1, 1),
(1594, 57, 420, 1, 1, 1, 1, '2020-09-30 16:11:33', '2020-09-30 16:11:33', 1, 1),
(1595, 58, 420, 1, 1, 1, 1, '2020-09-30 16:11:33', '2020-09-30 16:11:33', 1, 1),
(1596, 59, 420, 1, 1, 1, 1, '2020-09-30 16:11:33', '2020-09-30 16:11:33', 1, 1),
(1597, 60, 420, 1, 1, 1, 1, '2020-09-30 16:11:33', '2020-09-30 16:11:33', 1, 1),
(1598, 61, 420, 1, 1, 1, 1, '2020-09-30 16:11:33', '2020-09-30 16:11:33', 1, 1),
(1599, 62, 420, 1, 1, 1, 1, '2020-09-30 16:11:33', '2020-09-30 16:11:33', 1, 1),
(1600, 63, 420, 0, 0, 0, 0, '2020-09-30 16:11:33', '2020-09-30 16:11:33', 1, 1),
(1601, 64, 420, 0, 0, 0, 0, '2020-09-30 16:11:33', '2020-09-30 16:11:33', 1, 1),
(1602, 65, 420, 1, 1, 1, 1, '2020-09-30 16:11:33', '2020-09-30 16:11:33', 1, 1),
(1603, 66, 420, 0, 0, 0, 0, '2020-09-30 16:11:33', '2020-09-30 16:11:33', 1, 1),
(1604, 67, 420, 0, 0, 0, 0, '2020-09-30 16:11:33', '2020-09-30 16:11:33', 1, 1),
(1605, 68, 420, 0, 0, 0, 0, '2020-09-30 16:11:33', '2020-09-30 16:11:33', 1, 1),
(1606, 69, 420, 0, 0, 0, 0, '2020-09-30 16:11:33', '2020-09-30 16:11:33', 1, 1),
(1607, 70, 420, 0, 0, 0, 0, '2020-09-30 16:11:33', '2020-09-30 16:11:33', 1, 1),
(1608, 71, 420, 0, 0, 0, 0, '2020-09-30 16:11:33', '2020-09-30 16:11:33', 1, 1),
(1609, 72, 420, 0, 0, 0, 0, '2020-09-30 16:11:33', '2020-09-30 16:11:33', 1, 1),
(1610, 73, 420, 0, 0, 0, 0, '2020-09-30 16:11:33', '2020-09-30 16:11:33', 1, 1),
(1611, 74, 420, 0, 0, 0, 0, '2020-09-30 16:11:33', '2020-09-30 16:11:33', 1, 1),
(1612, 75, 420, 0, 0, 0, 0, '2020-09-30 16:11:33', '2020-09-30 16:11:33', 1, 1),
(1613, 76, 420, 0, 0, 0, 0, '2020-09-30 16:11:33', '2020-09-30 16:11:33', 1, 1),
(1614, 77, 420, 0, 0, 0, 0, '2020-09-30 16:11:33', '2020-09-30 16:11:33', 1, 1),
(1615, 78, 420, 0, 0, 0, 0, '2020-09-30 16:11:33', '2020-09-30 16:11:33', 1, 1),
(1616, 79, 420, 0, 0, 0, 0, '2020-09-30 16:11:33', '2020-09-30 16:11:33', 1, 1),
(1617, 80, 420, 0, 0, 0, 0, '2020-09-30 16:11:33', '2020-09-30 16:11:33', 1, 1),
(1618, 81, 420, 0, 0, 0, 0, '2020-09-30 16:11:33', '2020-09-30 16:11:33', 1, 1),
(1619, 82, 420, 0, 0, 0, 0, '2020-09-30 16:11:33', '2020-09-30 16:11:33', 1, 1),
(1620, 83, 420, 0, 0, 0, 0, '2020-09-30 16:11:33', '2020-09-30 16:11:33', 1, 1),
(1621, 84, 420, 0, 0, 0, 0, '2020-09-30 16:11:33', '2020-09-30 16:11:33', 1, 1),
(1622, 85, 420, 0, 0, 0, 0, '2020-09-30 16:11:33', '2020-09-30 16:11:33', 1, 1),
(1623, 86, 420, 0, 0, 0, 0, '2020-09-30 16:11:33', '2020-09-30 16:11:33', 1, 1),
(1624, 87, 420, 0, 0, 0, 0, '2020-09-30 16:11:33', '2020-09-30 16:11:33', 1, 1),
(1625, 88, 420, 0, 0, 0, 0, '2020-09-30 16:11:33', '2020-09-30 16:11:33', 1, 1),
(1626, 89, 420, 0, 0, 0, 0, '2020-09-30 16:11:33', '2020-09-30 16:11:33', 1, 1),
(1627, 90, 420, 0, 0, 0, 0, '2020-09-30 16:11:33', '2020-09-30 16:11:33', 1, 1),
(1628, 91, 420, 0, 0, 0, 0, '2020-09-30 16:11:33', '2020-09-30 16:11:33', 1, 1),
(1629, 1, 421, 1, 1, 1, 1, '2020-09-30 16:13:46', '2020-09-30 16:13:46', 1, 1),
(1630, 18, 421, 1, 1, 1, 1, '2020-09-30 16:13:46', '2020-09-30 16:13:46', 1, 1),
(1631, 22, 421, 1, 1, 1, 1, '2020-09-30 16:13:46', '2020-09-30 16:13:46', 1, 1),
(1632, 23, 421, 1, 1, 1, 1, '2020-09-30 16:13:46', '2020-09-30 16:13:46', 1, 1),
(1633, 32, 421, 1, 1, 1, 1, '2020-09-30 16:13:46', '2020-09-30 16:13:46', 1, 1),
(1634, 35, 421, 1, 1, 1, 1, '2020-09-30 16:13:46', '2020-09-30 16:13:46', 1, 1),
(1635, 36, 421, 1, 1, 1, 1, '2020-09-30 16:13:46', '2020-09-30 16:13:46', 1, 1),
(1636, 39, 421, 1, 1, 1, 1, '2020-09-30 16:13:46', '2020-09-30 16:13:46', 1, 1),
(1637, 40, 421, 1, 1, 1, 1, '2020-09-30 16:13:46', '2020-09-30 16:13:46', 1, 1),
(1638, 43, 421, 1, 1, 1, 1, '2020-09-30 16:13:46', '2020-09-30 16:13:46', 1, 1),
(1639, 44, 421, 1, 1, 1, 1, '2020-09-30 16:13:46', '2020-09-30 16:13:46', 1, 1),
(1640, 45, 421, 1, 1, 1, 1, '2020-09-30 16:13:46', '2020-09-30 16:13:46', 1, 1),
(1641, 46, 421, 1, 1, 1, 1, '2020-09-30 16:13:46', '2020-09-30 16:13:46', 1, 1),
(1642, 47, 421, 1, 1, 1, 1, '2020-09-30 16:13:46', '2020-09-30 16:13:46', 1, 1),
(1643, 48, 421, 1, 1, 1, 1, '2020-09-30 16:13:46', '2020-09-30 16:13:46', 1, 1),
(1644, 50, 421, 1, 1, 1, 1, '2020-09-30 16:13:46', '2020-09-30 16:13:46', 1, 1),
(1645, 51, 421, 1, 1, 1, 1, '2020-09-30 16:13:46', '2020-09-30 16:13:46', 1, 1),
(1646, 52, 421, 1, 1, 1, 1, '2020-09-30 16:13:46', '2020-09-30 16:13:46', 1, 1),
(1647, 53, 421, 1, 1, 1, 1, '2020-09-30 16:13:46', '2020-09-30 16:13:46', 1, 1),
(1648, 54, 421, 1, 1, 1, 1, '2020-09-30 16:13:46', '2020-09-30 16:13:46', 1, 1),
(1649, 55, 421, 1, 1, 1, 1, '2020-09-30 16:13:46', '2020-09-30 16:13:46', 1, 1),
(1650, 56, 421, 1, 1, 1, 1, '2020-09-30 16:13:46', '2020-09-30 16:13:46', 1, 1),
(1651, 57, 421, 1, 1, 1, 1, '2020-09-30 16:13:46', '2020-09-30 16:13:46', 1, 1),
(1652, 58, 421, 1, 1, 1, 1, '2020-09-30 16:13:46', '2020-09-30 16:13:46', 1, 1),
(1653, 59, 421, 1, 1, 1, 1, '2020-09-30 16:13:46', '2020-09-30 16:13:46', 1, 1),
(1654, 60, 421, 1, 1, 1, 1, '2020-09-30 16:13:46', '2020-09-30 16:13:46', 1, 1),
(1655, 61, 421, 1, 1, 1, 1, '2020-09-30 16:13:46', '2020-09-30 16:13:46', 1, 1),
(1656, 62, 421, 1, 1, 1, 1, '2020-09-30 16:13:46', '2020-09-30 16:13:46', 1, 1),
(1657, 63, 421, 0, 0, 0, 0, '2020-09-30 16:13:46', '2020-09-30 16:13:46', 1, 1),
(1658, 64, 421, 0, 0, 0, 0, '2020-09-30 16:13:46', '2020-09-30 16:13:46', 1, 1),
(1659, 65, 421, 1, 1, 1, 1, '2020-09-30 16:13:46', '2020-09-30 16:13:46', 1, 1),
(1660, 66, 421, 0, 0, 0, 0, '2020-09-30 16:13:46', '2020-09-30 16:13:46', 1, 1),
(1661, 67, 421, 0, 0, 0, 0, '2020-09-30 16:13:46', '2020-09-30 16:13:46', 1, 1),
(1662, 68, 421, 0, 0, 0, 0, '2020-09-30 16:13:46', '2020-09-30 16:13:46', 1, 1),
(1663, 69, 421, 0, 0, 0, 0, '2020-09-30 16:13:46', '2020-09-30 16:13:46', 1, 1),
(1664, 70, 421, 0, 0, 0, 0, '2020-09-30 16:13:46', '2020-09-30 16:13:46', 1, 1),
(1665, 71, 421, 0, 0, 0, 0, '2020-09-30 16:13:46', '2020-09-30 16:13:46', 1, 1),
(1666, 72, 421, 0, 0, 0, 0, '2020-09-30 16:13:46', '2020-09-30 16:13:46', 1, 1),
(1667, 73, 421, 0, 0, 0, 0, '2020-09-30 16:13:46', '2020-09-30 16:13:46', 1, 1),
(1668, 74, 421, 0, 0, 0, 0, '2020-09-30 16:13:46', '2020-09-30 16:13:46', 1, 1),
(1669, 75, 421, 0, 0, 0, 0, '2020-09-30 16:13:46', '2020-09-30 16:13:46', 1, 1),
(1670, 76, 421, 0, 0, 0, 0, '2020-09-30 16:13:46', '2020-09-30 16:13:46', 1, 1),
(1671, 77, 421, 0, 0, 0, 0, '2020-09-30 16:13:46', '2020-09-30 16:13:46', 1, 1),
(1672, 78, 421, 0, 0, 0, 0, '2020-09-30 16:13:46', '2020-09-30 16:13:46', 1, 1),
(1673, 79, 421, 0, 0, 0, 0, '2020-09-30 16:13:46', '2020-09-30 16:13:46', 1, 1),
(1674, 80, 421, 0, 0, 0, 0, '2020-09-30 16:13:46', '2020-09-30 16:13:46', 1, 1),
(1675, 81, 421, 0, 0, 0, 0, '2020-09-30 16:13:46', '2020-09-30 16:13:46', 1, 1),
(1676, 82, 421, 0, 0, 0, 0, '2020-09-30 16:13:46', '2020-09-30 16:13:46', 1, 1),
(1677, 83, 421, 0, 0, 0, 0, '2020-09-30 16:13:46', '2020-09-30 16:13:46', 1, 1),
(1678, 84, 421, 0, 0, 0, 0, '2020-09-30 16:13:46', '2020-09-30 16:13:46', 1, 1),
(1679, 85, 421, 0, 0, 0, 0, '2020-09-30 16:13:46', '2020-09-30 16:13:46', 1, 1),
(1680, 86, 421, 0, 0, 0, 0, '2020-09-30 16:13:46', '2020-09-30 16:13:46', 1, 1),
(1681, 87, 421, 0, 0, 0, 0, '2020-09-30 16:13:46', '2020-09-30 16:13:46', 1, 1),
(1682, 88, 421, 0, 0, 0, 0, '2020-09-30 16:13:46', '2020-09-30 16:13:46', 1, 1),
(1683, 89, 421, 0, 0, 0, 0, '2020-09-30 16:13:46', '2020-09-30 16:13:46', 1, 1),
(1684, 90, 421, 0, 0, 0, 0, '2020-09-30 16:13:46', '2020-09-30 16:13:46', 1, 1),
(1685, 91, 421, 0, 0, 0, 0, '2020-09-30 16:13:46', '2020-09-30 16:13:46', 1, 1),
(1686, 1, 422, 1, 1, 1, 1, '2020-09-30 16:17:07', '2020-09-30 16:17:07', 1, 1),
(1687, 18, 422, 1, 1, 1, 1, '2020-09-30 16:17:07', '2020-09-30 16:17:07', 1, 1),
(1688, 22, 422, 1, 1, 1, 1, '2020-09-30 16:17:07', '2020-09-30 16:17:07', 1, 1),
(1689, 23, 422, 1, 1, 1, 1, '2020-09-30 16:17:07', '2020-09-30 16:17:07', 1, 1),
(1690, 32, 422, 1, 1, 1, 1, '2020-09-30 16:17:07', '2020-09-30 16:17:07', 1, 1),
(1691, 35, 422, 1, 1, 1, 1, '2020-09-30 16:17:07', '2020-09-30 16:17:07', 1, 1),
(1692, 36, 422, 1, 1, 1, 1, '2020-09-30 16:17:07', '2020-09-30 16:17:07', 1, 1),
(1693, 39, 422, 1, 1, 1, 1, '2020-09-30 16:17:07', '2020-09-30 16:17:07', 1, 1),
(1694, 40, 422, 1, 1, 1, 1, '2020-09-30 16:17:07', '2020-09-30 16:17:07', 1, 1),
(1695, 43, 422, 1, 1, 1, 1, '2020-09-30 16:17:07', '2020-09-30 16:17:07', 1, 1),
(1696, 44, 422, 1, 1, 1, 1, '2020-09-30 16:17:07', '2020-09-30 16:17:07', 1, 1),
(1697, 45, 422, 1, 1, 1, 1, '2020-09-30 16:17:07', '2020-09-30 16:17:07', 1, 1),
(1698, 46, 422, 1, 1, 1, 1, '2020-09-30 16:17:07', '2020-09-30 16:17:07', 1, 1),
(1699, 47, 422, 1, 1, 1, 1, '2020-09-30 16:17:07', '2020-09-30 16:17:07', 1, 1),
(1700, 48, 422, 1, 1, 1, 1, '2020-09-30 16:17:07', '2020-09-30 16:17:07', 1, 1),
(1701, 50, 422, 1, 1, 1, 1, '2020-09-30 16:17:07', '2020-09-30 16:17:07', 1, 1),
(1702, 51, 422, 1, 1, 1, 1, '2020-09-30 16:17:07', '2020-09-30 16:17:07', 1, 1),
(1703, 52, 422, 1, 1, 1, 1, '2020-09-30 16:17:07', '2020-09-30 16:17:07', 1, 1),
(1704, 53, 422, 1, 1, 1, 1, '2020-09-30 16:17:07', '2020-09-30 16:17:07', 1, 1),
(1705, 54, 422, 1, 1, 1, 1, '2020-09-30 16:17:07', '2020-09-30 16:17:07', 1, 1),
(1706, 55, 422, 1, 1, 1, 1, '2020-09-30 16:17:07', '2020-09-30 16:17:07', 1, 1),
(1707, 56, 422, 1, 1, 1, 1, '2020-09-30 16:17:07', '2020-09-30 16:17:07', 1, 1),
(1708, 57, 422, 1, 1, 1, 1, '2020-09-30 16:17:07', '2020-09-30 16:17:07', 1, 1),
(1709, 58, 422, 1, 1, 1, 1, '2020-09-30 16:17:07', '2020-09-30 16:17:07', 1, 1),
(1710, 59, 422, 1, 1, 1, 1, '2020-09-30 16:17:07', '2020-09-30 16:17:07', 1, 1),
(1711, 60, 422, 1, 1, 1, 1, '2020-09-30 16:17:07', '2020-09-30 16:17:07', 1, 1),
(1712, 61, 422, 1, 1, 1, 1, '2020-09-30 16:17:07', '2020-09-30 16:17:07', 1, 1),
(1713, 62, 422, 1, 1, 1, 1, '2020-09-30 16:17:07', '2020-09-30 16:17:07', 1, 1),
(1714, 63, 422, 0, 0, 0, 0, '2020-09-30 16:17:07', '2020-09-30 16:17:07', 1, 1),
(1715, 64, 422, 0, 0, 0, 0, '2020-09-30 16:17:07', '2020-09-30 16:17:07', 1, 1),
(1716, 65, 422, 1, 1, 1, 1, '2020-09-30 16:17:07', '2020-09-30 16:17:07', 1, 1),
(1717, 66, 422, 0, 0, 0, 0, '2020-09-30 16:17:07', '2020-09-30 16:17:07', 1, 1),
(1718, 67, 422, 0, 0, 0, 0, '2020-09-30 16:17:07', '2020-09-30 16:17:07', 1, 1),
(1719, 68, 422, 0, 0, 0, 0, '2020-09-30 16:17:07', '2020-09-30 16:17:07', 1, 1),
(1720, 69, 422, 0, 0, 0, 0, '2020-09-30 16:17:07', '2020-09-30 16:17:07', 1, 1),
(1721, 70, 422, 0, 0, 0, 0, '2020-09-30 16:17:07', '2020-09-30 16:17:07', 1, 1),
(1722, 71, 422, 0, 0, 0, 0, '2020-09-30 16:17:07', '2020-09-30 16:17:07', 1, 1),
(1723, 72, 422, 0, 0, 0, 0, '2020-09-30 16:17:07', '2020-09-30 16:17:07', 1, 1),
(1724, 73, 422, 0, 0, 0, 0, '2020-09-30 16:17:07', '2020-09-30 16:17:07', 1, 1),
(1725, 74, 422, 0, 0, 0, 0, '2020-09-30 16:17:07', '2020-09-30 16:17:07', 1, 1),
(1726, 75, 422, 0, 0, 0, 0, '2020-09-30 16:17:07', '2020-09-30 16:17:07', 1, 1),
(1727, 76, 422, 0, 0, 0, 0, '2020-09-30 16:17:07', '2020-09-30 16:17:07', 1, 1),
(1728, 77, 422, 0, 0, 0, 0, '2020-09-30 16:17:07', '2020-09-30 16:17:07', 1, 1),
(1729, 78, 422, 0, 0, 0, 0, '2020-09-30 16:17:07', '2020-09-30 16:17:07', 1, 1),
(1730, 79, 422, 0, 0, 0, 0, '2020-09-30 16:17:07', '2020-09-30 16:17:07', 1, 1),
(1731, 80, 422, 0, 0, 0, 0, '2020-09-30 16:17:07', '2020-09-30 16:17:07', 1, 1),
(1732, 81, 422, 0, 0, 0, 0, '2020-09-30 16:17:07', '2020-09-30 16:17:07', 1, 1),
(1733, 82, 422, 0, 0, 0, 0, '2020-09-30 16:17:07', '2020-09-30 16:17:07', 1, 1),
(1734, 83, 422, 0, 0, 0, 0, '2020-09-30 16:17:07', '2020-09-30 16:17:07', 1, 1),
(1735, 84, 422, 0, 0, 0, 0, '2020-09-30 16:17:07', '2020-09-30 16:17:07', 1, 1),
(1736, 85, 422, 0, 0, 0, 0, '2020-09-30 16:17:07', '2020-09-30 16:17:07', 1, 1),
(1737, 86, 422, 0, 0, 0, 0, '2020-09-30 16:17:07', '2020-09-30 16:17:07', 1, 1),
(1738, 87, 422, 0, 0, 0, 0, '2020-09-30 16:17:07', '2020-09-30 16:17:07', 1, 1),
(1739, 88, 422, 0, 0, 0, 0, '2020-09-30 16:17:07', '2020-09-30 16:17:07', 1, 1),
(1740, 89, 422, 0, 0, 0, 0, '2020-09-30 16:17:07', '2020-09-30 16:17:07', 1, 1),
(1741, 90, 422, 0, 0, 0, 0, '2020-09-30 16:17:07', '2020-09-30 16:17:07', 1, 1),
(1742, 91, 422, 0, 0, 0, 0, '2020-09-30 16:17:07', '2020-09-30 16:17:07', 1, 1),
(1743, 1, 423, 0, 0, 0, 0, '2020-10-04 14:49:48', '2020-10-04 14:49:48', 1, 1),
(1744, 18, 423, 0, 0, 0, 0, '2020-10-04 14:49:48', '2020-10-04 14:49:48', 1, 1),
(1745, 22, 423, 0, 0, 0, 0, '2020-10-04 14:49:48', '2020-10-04 14:49:48', 1, 1),
(1746, 23, 423, 0, 0, 0, 0, '2020-10-04 14:49:48', '2020-10-04 14:49:48', 1, 1),
(1747, 32, 423, 0, 0, 0, 0, '2020-10-04 14:49:48', '2020-10-04 14:49:48', 1, 1),
(1748, 35, 423, 0, 0, 0, 0, '2020-10-04 14:49:48', '2020-10-04 14:49:48', 1, 1),
(1749, 36, 423, 0, 0, 0, 0, '2020-10-04 14:49:48', '2020-10-04 14:49:48', 1, 1),
(1750, 39, 423, 0, 0, 0, 0, '2020-10-04 14:49:48', '2020-10-04 14:49:48', 1, 1),
(1751, 40, 423, 0, 0, 0, 0, '2020-10-04 14:49:48', '2020-10-04 14:49:48', 1, 1),
(1752, 43, 423, 0, 0, 0, 0, '2020-10-04 14:49:48', '2020-10-04 14:49:48', 1, 1),
(1753, 44, 423, 0, 0, 0, 0, '2020-10-04 14:49:48', '2020-10-04 14:49:48', 1, 1),
(1754, 45, 423, 0, 0, 0, 0, '2020-10-04 14:49:48', '2020-10-04 14:49:48', 1, 1),
(1755, 46, 423, 0, 0, 0, 0, '2020-10-04 14:49:48', '2020-10-04 14:49:48', 1, 1),
(1756, 47, 423, 0, 0, 0, 0, '2020-10-04 14:49:48', '2020-10-04 14:49:48', 1, 1),
(1757, 48, 423, 0, 0, 0, 0, '2020-10-04 14:49:48', '2020-10-04 14:49:48', 1, 1),
(1758, 50, 423, 0, 0, 0, 0, '2020-10-04 14:49:48', '2020-10-04 14:49:48', 1, 1),
(1759, 51, 423, 0, 0, 0, 0, '2020-10-04 14:49:48', '2020-10-04 14:49:48', 1, 1),
(1760, 52, 423, 0, 0, 0, 0, '2020-10-04 14:49:48', '2020-10-04 14:49:48', 1, 1),
(1761, 53, 423, 0, 0, 0, 0, '2020-10-04 14:49:48', '2020-10-04 14:49:48', 1, 1),
(1762, 54, 423, 0, 0, 0, 0, '2020-10-04 14:49:48', '2020-10-04 14:49:48', 1, 1),
(1763, 55, 423, 0, 0, 0, 0, '2020-10-04 14:49:48', '2020-10-04 14:49:48', 1, 1),
(1764, 56, 423, 0, 0, 0, 0, '2020-10-04 14:49:48', '2020-10-04 14:49:48', 1, 1),
(1765, 57, 423, 0, 0, 0, 0, '2020-10-04 14:49:48', '2020-10-04 14:49:48', 1, 1),
(1766, 58, 423, 0, 0, 0, 0, '2020-10-04 14:49:48', '2020-10-04 14:49:48', 1, 1),
(1767, 59, 423, 0, 0, 0, 0, '2020-10-04 14:49:48', '2020-10-04 14:49:48', 1, 1),
(1768, 60, 423, 0, 0, 0, 0, '2020-10-04 14:49:48', '2020-10-04 14:49:48', 1, 1),
(1769, 61, 423, 0, 0, 0, 0, '2020-10-04 14:49:48', '2020-10-04 14:49:48', 1, 1),
(1770, 62, 423, 1, 1, 1, 1, '2020-10-04 14:49:48', '2020-10-04 14:49:48', 1, 1),
(1771, 63, 423, 1, 1, 1, 1, '2020-10-04 14:49:48', '2020-10-04 14:49:48', 1, 1),
(1772, 64, 423, 0, 0, 0, 0, '2020-10-04 14:49:48', '2020-10-04 14:49:48', 1, 1),
(1773, 65, 423, 1, 1, 1, 1, '2020-10-04 14:49:48', '2020-10-04 14:49:48', 1, 1),
(1774, 66, 423, 0, 0, 0, 0, '2020-10-04 14:49:48', '2020-10-04 14:49:48', 1, 1),
(1775, 67, 423, 1, 1, 1, 1, '2020-10-04 14:49:48', '2020-10-04 14:49:48', 1, 1),
(1776, 68, 423, 0, 0, 0, 0, '2020-10-04 14:49:48', '2020-10-04 14:49:48', 1, 1),
(1777, 69, 423, 0, 0, 0, 0, '2020-10-04 14:49:48', '2020-10-04 14:49:48', 1, 1),
(1778, 70, 423, 1, 1, 1, 1, '2020-10-04 14:49:48', '2020-10-04 14:49:48', 1, 1),
(1779, 71, 423, 0, 0, 0, 0, '2020-10-04 14:49:48', '2020-10-04 14:49:48', 1, 1),
(1780, 72, 423, 0, 0, 0, 0, '2020-10-04 14:49:48', '2020-10-04 14:49:48', 1, 1),
(1781, 73, 423, 0, 0, 0, 0, '2020-10-04 14:49:48', '2020-10-04 14:49:48', 1, 1),
(1782, 74, 423, 0, 0, 0, 0, '2020-10-04 14:49:48', '2020-10-04 14:49:48', 1, 1),
(1783, 75, 423, 0, 0, 0, 0, '2020-10-04 14:49:48', '2020-10-04 14:49:48', 1, 1),
(1784, 76, 423, 0, 0, 0, 0, '2020-10-04 14:49:48', '2020-10-04 14:49:48', 1, 1),
(1785, 77, 423, 0, 0, 0, 0, '2020-10-04 14:49:48', '2020-10-04 14:49:48', 1, 1),
(1786, 78, 423, 0, 0, 0, 0, '2020-10-04 14:49:48', '2020-10-04 14:49:48', 1, 1),
(1787, 79, 423, 0, 0, 0, 0, '2020-10-04 14:49:48', '2020-10-04 14:49:48', 1, 1),
(1788, 80, 423, 0, 0, 0, 0, '2020-10-04 14:49:48', '2020-10-04 14:49:48', 1, 1),
(1789, 81, 423, 0, 0, 0, 0, '2020-10-04 14:49:48', '2020-10-04 14:49:48', 1, 1),
(1790, 82, 423, 0, 0, 0, 0, '2020-10-04 14:49:48', '2020-10-04 14:49:48', 1, 1),
(1791, 83, 423, 0, 0, 0, 0, '2020-10-04 14:49:48', '2020-10-04 14:49:48', 1, 1),
(1792, 84, 423, 0, 0, 0, 0, '2020-10-04 14:49:48', '2020-10-04 14:49:48', 1, 1),
(1793, 85, 423, 0, 0, 0, 0, '2020-10-04 14:49:48', '2020-10-04 14:49:48', 1, 1),
(1794, 86, 423, 0, 0, 0, 0, '2020-10-04 14:49:48', '2020-10-04 14:49:48', 1, 1),
(1795, 87, 423, 0, 0, 0, 0, '2020-10-04 14:49:48', '2020-10-04 14:49:48', 1, 1),
(1796, 88, 423, 0, 0, 0, 0, '2020-10-04 14:49:48', '2020-10-04 14:49:48', 1, 1),
(1797, 89, 423, 0, 0, 0, 0, '2020-10-04 14:49:48', '2020-10-04 14:49:48', 1, 1),
(1798, 90, 423, 0, 0, 0, 0, '2020-10-04 14:49:48', '2020-10-04 14:49:48', 1, 1),
(1799, 91, 423, 0, 0, 0, 0, '2020-10-04 14:49:48', '2020-10-04 14:49:48', 1, 1),
(1800, 1, 424, 0, 0, 0, 0, '2020-10-04 14:53:24', '2020-10-04 14:53:24', 1, 1),
(1801, 18, 424, 0, 0, 0, 0, '2020-10-04 14:53:24', '2020-10-04 14:53:24', 1, 1),
(1802, 22, 424, 0, 0, 0, 0, '2020-10-04 14:53:24', '2020-10-04 14:53:24', 1, 1),
(1803, 23, 424, 0, 0, 0, 0, '2020-10-04 14:53:24', '2020-10-04 14:53:24', 1, 1),
(1804, 32, 424, 0, 0, 0, 0, '2020-10-04 14:53:24', '2020-10-04 14:53:24', 1, 1),
(1805, 35, 424, 0, 0, 0, 0, '2020-10-04 14:53:24', '2020-10-04 14:53:24', 1, 1),
(1806, 36, 424, 0, 0, 0, 0, '2020-10-04 14:53:24', '2020-10-04 14:53:24', 1, 1),
(1807, 39, 424, 0, 0, 0, 0, '2020-10-04 14:53:24', '2020-10-04 14:53:24', 1, 1),
(1808, 40, 424, 0, 0, 0, 0, '2020-10-04 14:53:24', '2020-10-04 14:53:24', 1, 1),
(1809, 43, 424, 0, 0, 0, 0, '2020-10-04 14:53:24', '2020-10-04 14:53:24', 1, 1),
(1810, 44, 424, 0, 0, 0, 0, '2020-10-04 14:53:24', '2020-10-04 14:53:24', 1, 1),
(1811, 45, 424, 0, 0, 0, 0, '2020-10-04 14:53:24', '2020-10-04 14:53:24', 1, 1),
(1812, 46, 424, 0, 0, 0, 0, '2020-10-04 14:53:24', '2020-10-04 14:53:24', 1, 1),
(1813, 47, 424, 0, 0, 0, 0, '2020-10-04 14:53:24', '2020-10-04 14:53:24', 1, 1),
(1814, 48, 424, 0, 0, 0, 0, '2020-10-04 14:53:24', '2020-10-04 14:53:24', 1, 1),
(1815, 50, 424, 0, 0, 0, 0, '2020-10-04 14:53:24', '2020-10-04 14:53:24', 1, 1),
(1816, 51, 424, 0, 0, 0, 0, '2020-10-04 14:53:24', '2020-10-04 14:53:24', 1, 1),
(1817, 52, 424, 0, 0, 0, 0, '2020-10-04 14:53:24', '2020-10-04 14:53:24', 1, 1),
(1818, 53, 424, 0, 0, 0, 0, '2020-10-04 14:53:24', '2020-10-04 14:53:24', 1, 1),
(1819, 54, 424, 0, 0, 0, 0, '2020-10-04 14:53:24', '2020-10-04 14:53:24', 1, 1),
(1820, 55, 424, 0, 0, 0, 0, '2020-10-04 14:53:24', '2020-10-04 14:53:24', 1, 1),
(1821, 56, 424, 0, 0, 0, 0, '2020-10-04 14:53:24', '2020-10-04 14:53:24', 1, 1),
(1822, 57, 424, 0, 0, 0, 0, '2020-10-04 14:53:24', '2020-10-04 14:53:24', 1, 1),
(1823, 58, 424, 0, 0, 0, 0, '2020-10-04 14:53:24', '2020-10-04 14:53:24', 1, 1),
(1824, 59, 424, 0, 0, 0, 0, '2020-10-04 14:53:24', '2020-10-04 14:53:24', 1, 1),
(1825, 60, 424, 0, 0, 0, 0, '2020-10-04 14:53:24', '2020-10-04 14:53:24', 1, 1),
(1826, 61, 424, 0, 0, 0, 0, '2020-10-04 14:53:24', '2020-10-04 14:53:24', 1, 1),
(1827, 62, 424, 1, 1, 1, 1, '2020-10-04 14:53:24', '2020-10-04 14:53:24', 1, 1),
(1828, 63, 424, 1, 1, 1, 1, '2020-10-04 14:53:24', '2020-10-04 14:53:24', 1, 1),
(1829, 64, 424, 0, 0, 0, 0, '2020-10-04 14:53:24', '2020-10-04 14:53:24', 1, 1),
(1830, 65, 424, 1, 1, 1, 1, '2020-10-04 14:53:24', '2020-10-04 14:53:24', 1, 1),
(1831, 66, 424, 0, 0, 0, 0, '2020-10-04 14:53:24', '2020-10-04 14:53:24', 1, 1),
(1832, 67, 424, 1, 1, 1, 1, '2020-10-04 14:53:24', '2020-10-04 14:53:24', 1, 1),
(1833, 68, 424, 0, 0, 0, 0, '2020-10-04 14:53:24', '2020-10-04 14:53:24', 1, 1),
(1834, 69, 424, 0, 0, 0, 0, '2020-10-04 14:53:24', '2020-10-04 14:53:24', 1, 1),
(1835, 70, 424, 1, 1, 1, 1, '2020-10-04 14:53:24', '2020-10-04 14:53:24', 1, 1),
(1836, 71, 424, 0, 0, 0, 0, '2020-10-04 14:53:24', '2020-10-04 14:53:24', 1, 1),
(1837, 72, 424, 0, 0, 0, 0, '2020-10-04 14:53:24', '2020-10-04 14:53:24', 1, 1),
(1838, 73, 424, 0, 0, 0, 0, '2020-10-04 14:53:24', '2020-10-04 14:53:24', 1, 1),
(1839, 74, 424, 0, 0, 0, 0, '2020-10-04 14:53:24', '2020-10-04 14:53:24', 1, 1),
(1840, 75, 424, 0, 0, 0, 0, '2020-10-04 14:53:24', '2020-10-04 14:53:24', 1, 1),
(1841, 76, 424, 0, 0, 0, 0, '2020-10-04 14:53:24', '2020-10-04 14:53:24', 1, 1),
(1842, 77, 424, 0, 0, 0, 0, '2020-10-04 14:53:24', '2020-10-04 14:53:24', 1, 1),
(1843, 78, 424, 0, 0, 0, 0, '2020-10-04 14:53:24', '2020-10-04 14:53:24', 1, 1),
(1844, 79, 424, 0, 0, 0, 0, '2020-10-04 14:53:24', '2020-10-04 14:53:24', 1, 1),
(1845, 80, 424, 0, 0, 0, 0, '2020-10-04 14:53:24', '2020-10-04 14:53:24', 1, 1),
(1846, 81, 424, 0, 0, 0, 0, '2020-10-04 14:53:24', '2020-10-04 14:53:24', 1, 1),
(1847, 82, 424, 0, 0, 0, 0, '2020-10-04 14:53:24', '2020-10-04 14:53:24', 1, 1),
(1848, 83, 424, 0, 0, 0, 0, '2020-10-04 14:53:24', '2020-10-04 14:53:24', 1, 1),
(1849, 84, 424, 0, 0, 0, 0, '2020-10-04 14:53:24', '2020-10-04 14:53:24', 1, 1),
(1850, 85, 424, 0, 0, 0, 0, '2020-10-04 14:53:24', '2020-10-04 14:53:24', 1, 1),
(1851, 86, 424, 0, 0, 0, 0, '2020-10-04 14:53:24', '2020-10-04 14:53:24', 1, 1),
(1852, 87, 424, 0, 0, 0, 0, '2020-10-04 14:53:24', '2020-10-04 14:53:24', 1, 1),
(1853, 88, 424, 0, 0, 0, 0, '2020-10-04 14:53:24', '2020-10-04 14:53:24', 1, 1),
(1854, 89, 424, 0, 0, 0, 0, '2020-10-04 14:53:24', '2020-10-04 14:53:24', 1, 1),
(1855, 90, 424, 0, 0, 0, 0, '2020-10-04 14:53:24', '2020-10-04 14:53:24', 1, 1),
(1856, 91, 424, 0, 0, 0, 0, '2020-10-04 14:53:24', '2020-10-04 14:53:24', 1, 1),
(1857, 92, 424, 0, 0, 0, 0, '2020-10-04 14:53:24', '2020-10-04 14:53:24', 1, 1),
(1858, 93, 1, 1, 1, 1, 1, '2020-10-04 14:53:24', '2021-02-15 15:24:12', 1, 1),
(1859, 1, 425, 0, 0, 0, 0, '2020-11-30 11:35:13', '2020-11-30 11:35:13', 1, 1),
(1860, 18, 425, 0, 0, 0, 0, '2020-11-30 11:35:13', '2020-11-30 11:35:13', 1, 1),
(1861, 22, 425, 0, 0, 0, 0, '2020-11-30 11:35:13', '2020-11-30 11:35:13', 1, 1),
(1862, 23, 425, 0, 0, 0, 0, '2020-11-30 11:35:13', '2020-11-30 11:35:13', 1, 1),
(1863, 32, 425, 0, 0, 0, 0, '2020-11-30 11:35:13', '2020-11-30 11:35:13', 1, 1),
(1864, 35, 425, 0, 0, 0, 0, '2020-11-30 11:35:13', '2020-11-30 11:35:13', 1, 1),
(1865, 36, 425, 0, 0, 0, 0, '2020-11-30 11:35:13', '2020-11-30 11:35:13', 1, 1),
(1866, 39, 425, 0, 0, 0, 0, '2020-11-30 11:35:13', '2020-11-30 11:35:13', 1, 1),
(1867, 40, 425, 0, 0, 0, 0, '2020-11-30 11:35:13', '2020-11-30 11:35:13', 1, 1),
(1868, 43, 425, 0, 0, 0, 0, '2020-11-30 11:35:13', '2020-11-30 11:35:13', 1, 1),
(1869, 44, 425, 0, 0, 0, 0, '2020-11-30 11:35:13', '2020-11-30 11:35:13', 1, 1),
(1870, 45, 425, 0, 0, 0, 0, '2020-11-30 11:35:13', '2020-11-30 11:35:13', 1, 1),
(1871, 46, 425, 0, 0, 0, 0, '2020-11-30 11:35:13', '2020-11-30 11:35:13', 1, 1),
(1872, 47, 425, 0, 0, 0, 0, '2020-11-30 11:35:13', '2020-11-30 11:35:13', 1, 1),
(1873, 48, 425, 0, 0, 0, 0, '2020-11-30 11:35:13', '2020-11-30 11:35:13', 1, 1),
(1874, 50, 425, 0, 0, 0, 0, '2020-11-30 11:35:13', '2020-11-30 11:35:13', 1, 1),
(1875, 51, 425, 0, 0, 0, 0, '2020-11-30 11:35:13', '2020-11-30 11:35:13', 1, 1),
(1876, 52, 425, 0, 0, 0, 0, '2020-11-30 11:35:13', '2020-11-30 11:35:13', 1, 1),
(1877, 53, 425, 0, 0, 0, 0, '2020-11-30 11:35:13', '2020-11-30 11:35:13', 1, 1),
(1878, 54, 425, 0, 0, 0, 0, '2020-11-30 11:35:13', '2020-11-30 11:35:13', 1, 1),
(1879, 55, 425, 0, 0, 0, 0, '2020-11-30 11:35:13', '2020-11-30 11:35:13', 1, 1),
(1880, 56, 425, 0, 0, 0, 0, '2020-11-30 11:35:13', '2020-11-30 11:35:13', 1, 1),
(1881, 57, 425, 0, 0, 0, 0, '2020-11-30 11:35:13', '2020-11-30 11:35:13', 1, 1),
(1882, 58, 425, 0, 0, 0, 0, '2020-11-30 11:35:13', '2020-11-30 11:35:13', 1, 1),
(1883, 59, 425, 0, 0, 0, 0, '2020-11-30 11:35:13', '2020-11-30 11:35:13', 1, 1),
(1884, 60, 425, 0, 0, 0, 0, '2020-11-30 11:35:13', '2020-11-30 11:35:13', 1, 1),
(1885, 61, 425, 0, 0, 0, 0, '2020-11-30 11:35:13', '2020-11-30 11:35:13', 1, 1),
(1886, 62, 425, 1, 1, 1, 1, '2020-11-30 11:35:13', '2020-11-30 11:35:13', 1, 1);
INSERT INTO `modules_users_rights` (`ModuleRightID`, `ModuleID`, `UserID`, `CanView`, `CanAdd`, `CanEdit`, `CanDelete`, `CreatedAt`, `UpdatedAt`, `CreatedBy`, `UpdatedBy`) VALUES
(1887, 63, 425, 1, 1, 1, 1, '2020-11-30 11:35:13', '2020-11-30 11:35:13', 1, 1),
(1888, 64, 425, 0, 0, 0, 0, '2020-11-30 11:35:13', '2020-11-30 11:35:13', 1, 1),
(1889, 65, 425, 1, 1, 1, 0, '2020-11-30 11:35:13', '2020-11-30 11:35:13', 1, 1),
(1890, 66, 425, 0, 0, 0, 0, '2020-11-30 11:35:13', '2020-11-30 11:35:13', 1, 1),
(1891, 67, 425, 1, 1, 1, 1, '2020-11-30 11:35:13', '2020-11-30 11:35:13', 1, 1),
(1892, 68, 425, 0, 0, 0, 0, '2020-11-30 11:35:13', '2020-11-30 11:35:13', 1, 1),
(1893, 69, 425, 0, 0, 0, 0, '2020-11-30 11:35:13', '2020-11-30 11:35:13', 1, 1),
(1894, 70, 425, 1, 1, 1, 1, '2020-11-30 11:35:13', '2020-11-30 11:35:13', 1, 1),
(1895, 71, 425, 0, 0, 0, 0, '2020-11-30 11:35:13', '2020-11-30 11:35:13', 1, 1),
(1896, 72, 425, 0, 0, 0, 0, '2020-11-30 11:35:13', '2020-11-30 11:35:13', 1, 1),
(1897, 73, 425, 0, 0, 0, 0, '2020-11-30 11:35:13', '2020-11-30 11:35:13', 1, 1),
(1898, 74, 425, 0, 0, 0, 0, '2020-11-30 11:35:13', '2020-11-30 11:35:13', 1, 1),
(1899, 75, 425, 0, 0, 0, 0, '2020-11-30 11:35:13', '2020-11-30 11:35:13', 1, 1),
(1900, 76, 425, 0, 0, 0, 0, '2020-11-30 11:35:13', '2020-11-30 11:35:13', 1, 1),
(1901, 77, 425, 0, 0, 0, 0, '2020-11-30 11:35:13', '2020-11-30 11:35:13', 1, 1),
(1902, 78, 425, 0, 0, 0, 0, '2020-11-30 11:35:13', '2020-11-30 11:35:13', 1, 1),
(1903, 79, 425, 0, 0, 0, 0, '2020-11-30 11:35:13', '2020-11-30 11:35:13', 1, 1),
(1904, 80, 425, 0, 0, 0, 0, '2020-11-30 11:35:13', '2020-11-30 11:35:13', 1, 1),
(1905, 81, 425, 0, 0, 0, 0, '2020-11-30 11:35:13', '2020-11-30 11:35:13', 1, 1),
(1906, 82, 425, 0, 0, 0, 0, '2020-11-30 11:35:13', '2020-11-30 11:35:13', 1, 1),
(1907, 83, 425, 0, 0, 0, 0, '2020-11-30 11:35:13', '2020-11-30 11:35:13', 1, 1),
(1908, 84, 425, 0, 0, 0, 0, '2020-11-30 11:35:13', '2020-11-30 11:35:13', 1, 1),
(1909, 85, 425, 0, 0, 0, 0, '2020-11-30 11:35:13', '2020-11-30 11:35:13', 1, 1),
(1910, 86, 425, 0, 0, 0, 0, '2020-11-30 11:35:13', '2020-11-30 11:35:13', 1, 1),
(1911, 87, 425, 0, 0, 0, 0, '2020-11-30 11:35:13', '2020-11-30 11:35:13', 1, 1),
(1912, 88, 425, 0, 0, 0, 0, '2020-11-30 11:35:13', '2020-11-30 11:35:13', 1, 1),
(1913, 89, 425, 0, 0, 0, 0, '2020-11-30 11:35:13', '2020-11-30 11:35:13', 1, 1),
(1914, 90, 425, 0, 0, 0, 0, '2020-11-30 11:35:13', '2020-11-30 11:35:13', 1, 1),
(1915, 91, 425, 1, 1, 1, 1, '2020-11-30 11:35:13', '2020-11-30 11:35:13', 1, 1),
(1916, 92, 425, 0, 0, 0, 0, '2020-11-30 11:35:13', '2020-11-30 11:35:13', 1, 1),
(1917, 93, 425, 1, 1, 1, 1, '2020-11-30 11:35:13', '2020-11-30 11:35:13', 1, 1),
(1918, 1, 426, 0, 0, 0, 0, '2020-12-08 14:58:19', '2020-12-08 14:58:19', 1, 1),
(1919, 18, 426, 0, 0, 0, 0, '2020-12-08 14:58:19', '2020-12-08 14:58:19', 1, 1),
(1920, 22, 426, 0, 0, 0, 0, '2020-12-08 14:58:19', '2020-12-08 14:58:19', 1, 1),
(1921, 23, 426, 0, 0, 0, 0, '2020-12-08 14:58:19', '2020-12-08 14:58:19', 1, 1),
(1922, 32, 426, 0, 0, 0, 0, '2020-12-08 14:58:19', '2020-12-08 14:58:19', 1, 1),
(1923, 35, 426, 0, 0, 0, 0, '2020-12-08 14:58:19', '2020-12-08 14:58:19', 1, 1),
(1924, 36, 426, 0, 0, 0, 0, '2020-12-08 14:58:19', '2020-12-08 14:58:19', 1, 1),
(1925, 39, 426, 0, 0, 0, 0, '2020-12-08 14:58:19', '2020-12-08 14:58:19', 1, 1),
(1926, 40, 426, 0, 0, 0, 0, '2020-12-08 14:58:19', '2020-12-08 14:58:19', 1, 1),
(1927, 43, 426, 0, 0, 0, 0, '2020-12-08 14:58:19', '2020-12-08 14:58:19', 1, 1),
(1928, 44, 426, 0, 0, 0, 0, '2020-12-08 14:58:19', '2020-12-08 14:58:19', 1, 1),
(1929, 45, 426, 0, 0, 0, 0, '2020-12-08 14:58:19', '2020-12-08 14:58:19', 1, 1),
(1930, 46, 426, 0, 0, 0, 0, '2020-12-08 14:58:19', '2020-12-08 14:58:19', 1, 1),
(1931, 47, 426, 0, 0, 0, 0, '2020-12-08 14:58:19', '2020-12-08 14:58:19', 1, 1),
(1932, 48, 426, 0, 0, 0, 0, '2020-12-08 14:58:19', '2020-12-08 14:58:19', 1, 1),
(1933, 50, 426, 0, 0, 0, 0, '2020-12-08 14:58:19', '2020-12-08 14:58:19', 1, 1),
(1934, 51, 426, 0, 0, 0, 0, '2020-12-08 14:58:19', '2020-12-08 14:58:19', 1, 1),
(1935, 52, 426, 0, 0, 0, 0, '2020-12-08 14:58:19', '2020-12-08 14:58:19', 1, 1),
(1936, 53, 426, 0, 0, 0, 0, '2020-12-08 14:58:19', '2020-12-08 14:58:19', 1, 1),
(1937, 54, 426, 0, 0, 0, 0, '2020-12-08 14:58:19', '2020-12-08 14:58:19', 1, 1),
(1938, 55, 426, 0, 0, 0, 0, '2020-12-08 14:58:19', '2020-12-08 14:58:19', 1, 1),
(1939, 56, 426, 0, 0, 0, 0, '2020-12-08 14:58:19', '2020-12-08 14:58:19', 1, 1),
(1940, 57, 426, 0, 0, 0, 0, '2020-12-08 14:58:19', '2020-12-08 14:58:19', 1, 1),
(1941, 58, 426, 0, 0, 0, 0, '2020-12-08 14:58:19', '2020-12-08 14:58:19', 1, 1),
(1942, 59, 426, 0, 0, 0, 0, '2020-12-08 14:58:19', '2020-12-08 14:58:19', 1, 1),
(1943, 60, 426, 0, 0, 0, 0, '2020-12-08 14:58:19', '2020-12-08 14:58:19', 1, 1),
(1944, 61, 426, 0, 0, 0, 0, '2020-12-08 14:58:19', '2020-12-08 14:58:19', 1, 1),
(1945, 62, 426, 1, 1, 1, 1, '2020-12-08 14:58:19', '2020-12-08 14:58:19', 1, 1),
(1946, 63, 426, 1, 1, 1, 1, '2020-12-08 14:58:19', '2020-12-08 14:58:19', 1, 1),
(1947, 64, 426, 0, 0, 0, 0, '2020-12-08 14:58:19', '2020-12-08 14:58:19', 1, 1),
(1948, 65, 426, 1, 1, 1, 0, '2020-12-08 14:58:19', '2020-12-08 14:58:19', 1, 1),
(1949, 66, 426, 0, 0, 0, 0, '2020-12-08 14:58:19', '2020-12-08 14:58:19', 1, 1),
(1950, 67, 426, 1, 1, 1, 1, '2020-12-08 14:58:19', '2020-12-08 14:58:19', 1, 1),
(1951, 68, 426, 0, 0, 0, 0, '2020-12-08 14:58:19', '2020-12-08 14:58:19', 1, 1),
(1952, 69, 426, 0, 0, 0, 0, '2020-12-08 14:58:19', '2020-12-08 14:58:19', 1, 1),
(1953, 70, 426, 1, 1, 1, 1, '2020-12-08 14:58:19', '2020-12-08 14:58:19', 1, 1),
(1954, 71, 426, 0, 0, 0, 0, '2020-12-08 14:58:19', '2020-12-08 14:58:19', 1, 1),
(1955, 72, 426, 0, 0, 0, 0, '2020-12-08 14:58:19', '2020-12-08 14:58:19', 1, 1),
(1956, 73, 426, 0, 0, 0, 0, '2020-12-08 14:58:19', '2020-12-08 14:58:19', 1, 1),
(1957, 74, 426, 0, 0, 0, 0, '2020-12-08 14:58:19', '2020-12-08 14:58:19', 1, 1),
(1958, 75, 426, 0, 0, 0, 0, '2020-12-08 14:58:19', '2020-12-08 14:58:19', 1, 1),
(1959, 76, 426, 0, 0, 0, 0, '2020-12-08 14:58:19', '2020-12-08 14:58:19', 1, 1),
(1960, 77, 426, 0, 0, 0, 0, '2020-12-08 14:58:19', '2020-12-08 14:58:19', 1, 1),
(1961, 78, 426, 0, 0, 0, 0, '2020-12-08 14:58:19', '2020-12-08 14:58:19', 1, 1),
(1962, 79, 426, 0, 0, 0, 0, '2020-12-08 14:58:19', '2020-12-08 14:58:19', 1, 1),
(1963, 80, 426, 0, 0, 0, 0, '2020-12-08 14:58:19', '2020-12-08 14:58:19', 1, 1),
(1964, 81, 426, 0, 0, 0, 0, '2020-12-08 14:58:19', '2020-12-08 14:58:19', 1, 1),
(1965, 82, 426, 0, 0, 0, 0, '2020-12-08 14:58:19', '2020-12-08 14:58:19', 1, 1),
(1966, 83, 426, 0, 0, 0, 0, '2020-12-08 14:58:19', '2020-12-08 14:58:19', 1, 1),
(1967, 84, 426, 0, 0, 0, 0, '2020-12-08 14:58:19', '2020-12-08 14:58:19', 1, 1),
(1968, 85, 426, 0, 0, 0, 0, '2020-12-08 14:58:19', '2020-12-08 14:58:19', 1, 1),
(1969, 86, 426, 0, 0, 0, 0, '2020-12-08 14:58:19', '2020-12-08 14:58:19', 1, 1),
(1970, 87, 426, 0, 0, 0, 0, '2020-12-08 14:58:19', '2020-12-08 14:58:19', 1, 1),
(1971, 88, 426, 0, 0, 0, 0, '2020-12-08 14:58:19', '2020-12-08 14:58:19', 1, 1),
(1972, 89, 426, 0, 0, 0, 0, '2020-12-08 14:58:19', '2020-12-08 14:58:19', 1, 1),
(1973, 90, 426, 0, 0, 0, 0, '2020-12-08 14:58:19', '2020-12-08 14:58:19', 1, 1),
(1974, 91, 426, 1, 1, 1, 1, '2020-12-08 14:58:19', '2020-12-08 14:58:19', 1, 1),
(1975, 92, 426, 0, 0, 0, 0, '2020-12-08 14:58:19', '2020-12-08 14:58:19', 1, 1),
(1976, 93, 426, 1, 1, 1, 1, '2020-12-08 14:58:19', '2020-12-08 14:58:19', 1, 1),
(1977, 94, 426, 1, 1, 1, 1, '2020-12-08 14:58:19', '2020-12-08 14:58:19', 1, 1),
(1978, 94, 1, 1, 1, 1, 1, '2020-12-08 14:58:19', '2021-02-15 15:24:12', 1, 1),
(1979, 95, 1, 1, 1, 1, 1, '2020-12-08 14:58:19', '2021-02-15 15:24:12', 1, 1),
(1980, 96, 1, 1, 1, 1, 1, '2020-12-08 14:58:19', '2021-02-15 15:24:12', 1, 1),
(1981, 97, 1, 1, 1, 1, 1, '2020-12-08 14:58:19', '2021-02-15 15:24:12', 1, 1),
(1982, 98, 1, 1, 1, 1, 1, '2020-12-08 14:58:19', '2021-02-15 15:24:12', 1, 1),
(1983, 99, 1, 1, 1, 1, 1, '2020-12-08 14:58:19', '2021-02-15 15:24:12', 1, 1),
(1984, 100, 1, 1, 1, 1, 1, '2020-12-08 14:58:19', '2021-02-15 15:24:12', 1, 1),
(1985, 101, 1, 1, 1, 1, 1, '2020-12-08 14:58:19', '2021-02-15 15:24:12', 1, 1),
(1986, 102, 1, 1, 1, 1, 1, '2020-12-08 14:58:19', '2021-02-15 15:24:12', 1, 1),
(1987, 103, 1, 1, 1, 1, 1, '2020-12-08 14:58:19', '2021-02-15 15:24:12', 1, 1),
(1988, 104, 1, 1, 1, 1, 1, '2020-12-08 14:58:19', '2021-02-15 15:24:12', 1, 1),
(1989, 105, 1, 1, 1, 1, 1, '2020-12-08 14:58:19', '2021-02-15 15:24:12', 1, 1),
(1990, 106, 1, 1, 1, 1, 1, '2020-12-08 14:58:19', '2021-02-15 15:24:12', 1, 1),
(1991, 107, 1, 1, 1, 1, 1, '2020-12-08 14:58:19', '2021-02-15 15:24:12', 1, 1),
(1992, 108, 1, 1, 1, 1, 1, '2020-12-08 14:58:19', '2021-02-15 15:24:12', 1, 1),
(1993, 109, 1, 1, 1, 1, 1, '2020-12-08 14:58:19', '2021-02-15 15:24:12', 1, 1),
(1994, 110, 1, 1, 1, 1, 1, '2020-12-08 14:58:19', '2021-02-15 15:24:12', 1, 1),
(1995, 111, 1, 1, 1, 1, 1, '2020-04-28 12:41:27', '2021-02-15 15:24:12', 1, 1),
(1996, 112, 1, 1, 1, 1, 1, '2020-04-28 12:41:27', '2021-02-15 15:24:12', 1, 1),
(1997, 111, 427, 1, 1, 1, 1, '2020-04-28 12:41:27', '2021-02-15 15:35:04', 1, 1),
(1998, 112, 427, 1, 1, 1, 1, '2020-04-28 12:41:27', '2021-02-15 15:35:04', 1, 1),
(1999, 94, 427, 1, 1, 1, 1, '2020-12-08 14:58:19', '2021-02-15 15:35:04', 1, 1),
(2000, 105, 427, 1, 1, 1, 1, '2020-12-08 14:58:19', '2021-02-15 15:35:04', 1, 1),
(2001, 106, 427, 1, 1, 1, 1, '2020-12-08 14:58:19', '2021-02-15 15:35:04', 1, 1),
(2002, 108, 427, 1, 1, 1, 1, '2020-12-08 14:58:19', '2021-02-15 15:35:04', 1, 1),
(2003, 104, 427, 1, 1, 1, 1, '2020-12-08 14:58:19', '2021-02-15 15:35:04', 1, 1),
(2004, 103, 427, 1, 1, 1, 1, '2020-12-08 14:58:19', '2021-02-15 15:35:04', 1, 1),
(2005, 102, 427, 1, 1, 1, 1, '2020-12-08 14:58:19', '2021-02-15 15:35:04', 1, 1),
(2006, 101, 427, 1, 1, 1, 1, '2020-12-08 14:58:19', '2021-02-15 15:35:04', 1, 1),
(2007, 100, 427, 1, 1, 1, 1, '2020-12-08 14:58:19', '2021-02-15 15:35:04', 1, 1),
(2008, 99, 427, 1, 1, 1, 1, '2020-12-08 14:58:19', '2021-02-15 15:35:04', 1, 1),
(2009, 98, 427, 1, 1, 1, 1, '2020-12-08 14:58:19', '2021-02-15 15:35:04', 1, 1),
(2010, 97, 427, 1, 1, 1, 1, '2020-12-08 14:58:19', '2021-02-15 15:35:04', 1, 1),
(2011, 96, 427, 1, 1, 1, 1, '2020-12-08 14:58:19', '2021-02-15 15:35:04', 1, 1),
(2012, 95, 427, 1, 1, 1, 1, '2020-12-08 14:58:19', '2021-02-15 15:35:04', 1, 1),
(2013, 110, 427, 1, 1, 1, 1, '2020-12-08 14:58:19', '2021-02-15 15:35:04', 1, 1),
(2014, 109, 427, 1, 1, 1, 1, '2020-12-08 14:58:19', '2021-02-15 15:35:04', 1, 1),
(2015, 107, 427, 1, 1, 1, 1, '2020-12-08 14:58:19', '2021-02-15 15:35:04', 1, 1),
(2016, 86, 427, 1, 1, 1, 1, '2020-12-08 14:58:19', '2021-02-15 15:35:04', 1, 1),
(2017, 113, 427, 1, 1, 1, 1, '2020-12-08 14:58:19', '2021-02-15 15:35:04', 1, 1),
(2018, 113, 1, 1, 1, 1, 1, '2020-12-08 14:58:19', '2021-02-15 15:35:04', 1, 1),
(2019, 114, 6, 1, 1, 1, 1, '2020-12-08 14:58:19', '2021-02-15 15:35:04', 1, 1),
(2020, 114, 1, 1, 1, 1, 1, '2020-12-08 14:58:19', '2021-02-15 15:35:04', 1, 1);

-- --------------------------------------------------------

--
-- Table structure for table `nutritions`
--

CREATE TABLE `nutritions` (
  `NutritionID` int(11) NOT NULL,
  `SortOrder` int(11) NOT NULL,
  `Hide` tinyint(4) NOT NULL,
  `IsActive` tinyint(4) NOT NULL,
  `CreatedAt` datetime NOT NULL,
  `UpdatedAt` datetime NOT NULL,
  `CreatedBy` int(11) NOT NULL,
  `UpdatedBy` int(11) NOT NULL
) ENGINE=InnoDB DEFAULT CHARSET=utf8;

--
-- Dumping data for table `nutritions`
--

INSERT INTO `nutritions` (`NutritionID`, `SortOrder`, `Hide`, `IsActive`, `CreatedAt`, `UpdatedAt`, `CreatedBy`, `UpdatedBy`) VALUES
(5, 4, 0, 1, '2020-04-10 19:10:39', '2020-04-10 19:10:56', 1, 1);

-- --------------------------------------------------------

--
-- Table structure for table `nutritions_text`
--

CREATE TABLE `nutritions_text` (
  `NutritionTextID` int(11) NOT NULL,
  `NutritionID` int(11) NOT NULL,
  `Title` varchar(255) NOT NULL,
  `SystemLanguageID` int(11) NOT NULL,
  `CreatedAt` datetime NOT NULL,
  `UpdatedAt` datetime NOT NULL,
  `CreatedBy` int(11) NOT NULL,
  `UpdatedBy` int(11) NOT NULL
) ENGINE=InnoDB DEFAULT CHARSET=utf8;

--
-- Dumping data for table `nutritions_text`
--

INSERT INTO `nutritions_text` (`NutritionTextID`, `NutritionID`, `Title`, `SystemLanguageID`, `CreatedAt`, `UpdatedAt`, `CreatedBy`, `UpdatedBy`) VALUES
(7, 5, 'Calories', 1, '2020-04-10 19:10:39', '2020-04-10 19:10:56', 1, 1),
(8, 5, 'Calories', 2, '2020-04-10 19:10:39', '2020-04-10 19:10:39', 1, 1);

-- --------------------------------------------------------

--
-- Table structure for table `offers`
--

CREATE TABLE `offers` (
  `OfferID` int(11) NOT NULL,
  `ProductID` text NOT NULL,
  `ValidFrom` date NOT NULL,
  `ValidTo` date NOT NULL,
  `DiscountType` enum('percentage','per item') NOT NULL,
  `Discount` float NOT NULL,
  `SortOrder` int(11) NOT NULL,
  `IsActive` tinyint(4) NOT NULL,
  `IsForAll` tinyint(4) NOT NULL,
  `Hide` tinyint(4) NOT NULL,
  `CreatedAt` datetime NOT NULL,
  `UpdatedAt` datetime NOT NULL,
  `CreatedBy` int(11) NOT NULL,
  `UpdatedBy` int(11) NOT NULL
) ENGINE=InnoDB DEFAULT CHARSET=utf8;

--
-- Dumping data for table `offers`
--

INSERT INTO `offers` (`OfferID`, `ProductID`, `ValidFrom`, `ValidTo`, `DiscountType`, `Discount`, `SortOrder`, `IsActive`, `IsForAll`, `Hide`, `CreatedAt`, `UpdatedAt`, `CreatedBy`, `UpdatedBy`) VALUES
(2, '801,802,803,804,805,806,807,808,809,810,811,812,813,814,815,816,817,818,819,820,821,822,823,824,825,826,827,828,829,830,831,832,833,834,835,836,837,838,839,840,841,842,843,844,845,846,847,848,849,850,851,852,853,854,855,856,857,858,859,860,861,862,863,864,865,866,867,868,869,870,871,872,873,874,875,876,877,878,879,880,881,882,883,884,885,886,887,888,889,890,891,892,893,894,895,896,897,898,899,900,901,902,903,904,905,906,907,908,909,910,911,912,913,914,915,916,917,918,919,920,921,922,923,924,925,926,927,928,929,930,931,932,933,934,935,936,937,938,939,940,941,942,943,944,945,946,947,948,949,950,951,952,953,954,955,956,957,958,959,960,961,962,963,964,965,966', '2021-07-31', '2021-08-07', 'per item', 20, 1, 1, 1, 0, '2021-08-04 10:20:56', '2021-08-04 10:28:31', 1, 1);

-- --------------------------------------------------------

--
-- Table structure for table `offers_groups`
--

CREATE TABLE `offers_groups` (
  `OfferGroupID` int(11) NOT NULL,
  `OfferID` int(11) NOT NULL,
  `GroupID` int(11) NOT NULL
) ENGINE=InnoDB DEFAULT CHARSET=utf8;

-- --------------------------------------------------------

--
-- Table structure for table `offers_text`
--

CREATE TABLE `offers_text` (
  `OfferTextID` int(11) NOT NULL,
  `OfferID` int(11) NOT NULL,
  `SystemLanguageID` int(11) NOT NULL,
  `Title` varchar(255) NOT NULL,
  `Description` varchar(1000) NOT NULL,
  `CreatedAt` datetime NOT NULL,
  `UpdatedAt` datetime NOT NULL,
  `CreatedBy` int(11) NOT NULL,
  `UpdatedBy` int(11) NOT NULL
) ENGINE=InnoDB DEFAULT CHARSET=utf8;

--
-- Dumping data for table `offers_text`
--

INSERT INTO `offers_text` (`OfferTextID`, `OfferID`, `SystemLanguageID`, `Title`, `Description`, `CreatedAt`, `UpdatedAt`, `CreatedBy`, `UpdatedBy`) VALUES
(3, 2, 1, 'test1', '', '2021-08-04 10:20:56', '2021-08-04 10:28:31', 1, 1),
(4, 2, 2, 'test1', '', '2021-08-04 10:20:56', '2021-08-04 10:20:56', 1, 1);

-- --------------------------------------------------------

--
-- Table structure for table `offers_users_notification`
--

CREATE TABLE `offers_users_notification` (
  `OfferUserNotificationID` int(11) NOT NULL,
  `OfferID` int(11) NOT NULL,
  `GroupID` int(11) NOT NULL,
  `UserID` int(11) NOT NULL,
  `IsShow` tinyint(4) NOT NULL
) ENGINE=InnoDB DEFAULT CHARSET=utf8;

--
-- Dumping data for table `offers_users_notification`
--

INSERT INTO `offers_users_notification` (`OfferUserNotificationID`, `OfferID`, `GroupID`, `UserID`, `IsShow`) VALUES
(1, 0, 0, 64, 0),
(2, 0, 0, 71, 0),
(3, 4, 0, 64, 0),
(4, 4, 0, 71, 0),
(5, 4, 0, 74, 0),
(6, 4, 0, 75, 0),
(7, 4, 0, 77, 0),
(8, 4, 0, 78, 0),
(9, 4, 0, 79, 0),
(10, 4, 0, 81, 0),
(11, 4, 0, 82, 0),
(41, 5, 0, 64, 0),
(42, 5, 0, 71, 1),
(43, 5, 0, 74, 0),
(44, 5, 0, 75, 0),
(45, 5, 0, 77, 0),
(46, 5, 0, 78, 0),
(47, 5, 0, 79, 1),
(48, 5, 0, 81, 0),
(49, 5, 0, 82, 0),
(50, 5, 0, 83, 0),
(51, 5, 0, 86, 1),
(52, 5, 0, 88, 0),
(53, 5, 0, 89, 0),
(54, 5, 0, 90, 0),
(55, 0, 0, 64, 0),
(56, 0, 0, 71, 0),
(57, 0, 0, 74, 0),
(58, 0, 0, 75, 0),
(59, 0, 0, 77, 0),
(60, 0, 0, 78, 0),
(61, 0, 0, 79, 0),
(62, 0, 0, 81, 0),
(63, 0, 0, 82, 0),
(64, 0, 0, 83, 0),
(65, 0, 0, 86, 0),
(66, 0, 0, 88, 0),
(67, 0, 0, 89, 0),
(68, 0, 0, 90, 0),
(69, 0, 0, 71, 0),
(70, 0, 0, 104, 0),
(71, 0, 0, 107, 0),
(72, 0, 0, 108, 0),
(73, 0, 0, 110, 0),
(74, 0, 0, 395, 0),
(75, 0, 0, 405, 0),
(76, 0, 0, 412, 0),
(77, 0, 0, 413, 0),
(78, 0, 0, 414, 0),
(79, 0, 0, 415, 0),
(80, 0, 0, 416, 0),
(81, 0, 0, 417, 0),
(82, 1, 0, 71, 0),
(83, 1, 0, 104, 0),
(84, 1, 0, 107, 0),
(85, 1, 0, 108, 0),
(86, 1, 0, 110, 0),
(87, 1, 0, 395, 1),
(88, 1, 0, 405, 0),
(89, 1, 0, 412, 0),
(90, 1, 0, 413, 0),
(91, 1, 0, 414, 0),
(92, 1, 0, 415, 0),
(93, 1, 0, 416, 0),
(94, 1, 0, 417, 0),
(95, 0, 0, 71, 0),
(96, 0, 0, 104, 0),
(97, 0, 0, 107, 0),
(98, 0, 0, 108, 0),
(99, 0, 0, 110, 0),
(100, 0, 0, 395, 0),
(101, 0, 0, 405, 0),
(102, 0, 0, 412, 0),
(103, 0, 0, 413, 0),
(104, 0, 0, 414, 0),
(105, 0, 0, 415, 0),
(106, 0, 0, 416, 0),
(107, 0, 0, 417, 0),
(147, 2, 0, 71, 0),
(148, 2, 0, 104, 0),
(149, 2, 0, 107, 0),
(150, 2, 0, 108, 0),
(151, 2, 0, 110, 0),
(152, 2, 0, 395, 0),
(153, 2, 0, 405, 0),
(154, 2, 0, 412, 0),
(155, 2, 0, 413, 0),
(156, 2, 0, 414, 0),
(157, 2, 0, 415, 0),
(158, 2, 0, 416, 0),
(159, 2, 0, 417, 0);

-- --------------------------------------------------------

--
-- Table structure for table `orders`
--

CREATE TABLE `orders` (
  `OrderID` int(11) NOT NULL,
  `UserID` int(11) NOT NULL,
  `Description` varchar(500) CHARACTER SET utf8 NOT NULL,
  `OrderNumber` varchar(255) NOT NULL,
  `AddressID` int(11) NOT NULL,
  `AddressIDForPaymentCollection` int(11) NOT NULL,
  `ShipmentMethodID` int(11) NOT NULL,
  `CollectFromStore` int(11) NOT NULL,
  `Status` int(11) NOT NULL DEFAULT 1 COMMENT 'These are defined in order_statuses table',
  `StoreID` int(11) NOT NULL,
  `BranchDeliveryDistrictID` int(11) NOT NULL,
  `CouponCodeUsed` varchar(255) NOT NULL,
  `CouponCodeDiscountPercentage` decimal(10,2) NOT NULL,
  `DiscountAvailed` decimal(10,2) NOT NULL,
  `TotalShippingCharges` decimal(10,2) NOT NULL,
  `TotalTaxAmount` decimal(10,2) NOT NULL,
  `TotalAmount` decimal(10,2) NOT NULL,
  `DriverID` int(11) NOT NULL,
  `DeliveryOTP` varchar(10) NOT NULL,
  `ShippedThroughApi` int(11) NOT NULL,
  `PaymentMethod` varchar(255) NOT NULL,
  `TransactionID` varchar(255) NOT NULL,
  `AWBNumber` varchar(255) DEFAULT NULL,
  `SemsaShippingAmount` double DEFAULT NULL,
  `Hide` tinyint(4) NOT NULL DEFAULT 0,
  `IsRead` int(11) NOT NULL,
  `isCustomize` int(11) DEFAULT 0,
  `CreatedAt` datetime NOT NULL DEFAULT current_timestamp()
) ENGINE=InnoDB DEFAULT CHARSET=latin1;

--
-- Dumping data for table `orders`
--

INSERT INTO `orders` (`OrderID`, `UserID`, `Description`, `OrderNumber`, `AddressID`, `AddressIDForPaymentCollection`, `ShipmentMethodID`, `CollectFromStore`, `Status`, `StoreID`, `BranchDeliveryDistrictID`, `CouponCodeUsed`, `CouponCodeDiscountPercentage`, `DiscountAvailed`, `TotalShippingCharges`, `TotalTaxAmount`, `TotalAmount`, `DriverID`, `DeliveryOTP`, `ShippedThroughApi`, `PaymentMethod`, `TransactionID`, `AWBNumber`, `SemsaShippingAmount`, `Hide`, `IsRead`, `isCustomize`, `CreatedAt`) VALUES
(1, 71, '', '00001', 37, 0, 0, 0, 1, 10, 0, '', '0.00', '0.00', '0.00', '808.09', '6195.37', 0, '', 1, 'COD', '', '290140112037', 0, 0, 1, 1, '2021-02-19 16:36:53'),
(4, 71, '', '00004', 37, 0, 0, 0, 1, 10, 0, '', '0.00', '0.00', '0.00', '10.65', '81.65', 0, '', 1, 'COD', '', '290140588836', 0, 0, 1, 1, '2021-02-22 07:40:42'),
(5, 71, '', '00005', 37, 0, 0, 0, 1, 10, 0, '', '0.00', '0.00', '0.00', '351.85', '2697.53', 0, '', 1, 'COD', '', '290140589395', 0, 0, 1, 1, '2021-02-22 07:46:15'),
(6, 71, '', '00006', 37, 0, 0, 0, 1, 10, 0, '', '0.00', '0.00', '0.00', '10.65', '81.65', 0, '', 1, 'COD', '', '290140596447', 0, 0, 1, 1, '2021-02-22 08:44:25'),
(7, 71, '', '00007', 0, 0, 0, 1, 5, 1, 0, '', '0.00', '0.00', '0.00', '26.09', '200.00', 0, '', 0, 'COD', '', NULL, NULL, 0, 1, 0, '2021-04-12 09:57:48');

-- --------------------------------------------------------

--
-- Table structure for table `orders_extra_charges`
--

CREATE TABLE `orders_extra_charges` (
  `OrderExtraChargeID` int(11) NOT NULL,
  `OrderID` int(11) NOT NULL,
  `TaxShipmentChargesID` int(11) NOT NULL,
  `Title` varchar(255) CHARACTER SET utf8 NOT NULL,
  `Factor` varchar(255) CHARACTER SET utf8 NOT NULL,
  `Amount` decimal(10,2) NOT NULL
) ENGINE=MyISAM DEFAULT CHARSET=latin1;

--
-- Dumping data for table `orders_extra_charges`
--

INSERT INTO `orders_extra_charges` (`OrderExtraChargeID`, `OrderID`, `TaxShipmentChargesID`, `Title`, `Factor`, `Amount`) VALUES
(1, 1, 2, 'VAT ', '15%', '808.09'),
(2, 2, 2, 'VAT ', '15%', '10.65'),
(3, 3, 2, 'VAT ', '15%', '10.65'),
(4, 4, 2, 'VAT ', '15%', '10.65'),
(5, 5, 2, 'VAT ', '15%', '351.85'),
(6, 6, 2, 'VAT ', '15%', '10.65'),
(7, 7, 2, 'VAT ', '15%', '26.09');

-- --------------------------------------------------------

--
-- Table structure for table `order_items`
--

CREATE TABLE `order_items` (
  `OrderItemID` int(11) NOT NULL,
  `OrderID` int(11) NOT NULL,
  `ProductID` int(11) NOT NULL,
  `Quantity` float NOT NULL,
  `Amount` decimal(10,2) NOT NULL,
  `ItemType` enum('Product','Collection','Choco Box','Choco Message','Choco Shape') NOT NULL,
  `CustomizedOrderProductIDs` text NOT NULL COMMENT 'It will be having product ids if item type is chocobox or chocomsg',
  `CustomizedOrderProductPrice` text NOT NULL,
  `CustomizedShapeImage` text NOT NULL COMMENT 'This will be having value if Item Type is customized shape',
  `CustomizedBoxID` int(11) NOT NULL COMMENT 'This will be having values only for choco message and choco box item types',
  `CustomizedBoxPrice` text NOT NULL,
  `IsCorporateItem` int(11) NOT NULL,
  `Ribbon` int(11) DEFAULT NULL,
  `RibbonPrice` text DEFAULT NULL,
  `Wrapping` text DEFAULT NULL,
  `WrappingPrice` text DEFAULT NULL,
  `Fillings` text DEFAULT NULL,
  `FillingsPrice` text DEFAULT NULL,
  `FillColor` text DEFAULT NULL,
  `FillColorPrice` text DEFAULT NULL,
  `PowderColor` text DEFAULT NULL,
  `PowderColorPrice` text DEFAULT NULL,
  `content_type_id` text DEFAULT NULL,
  `content_type_price` text DEFAULT NULL,
  `content_type_sub_id` text DEFAULT NULL,
  `content_type_sub_price` text DEFAULT NULL,
  `content_text` text DEFAULT NULL,
  `content_type_sub_image_id` text DEFAULT NULL,
  `package_id` int(11) DEFAULT NULL,
  `DiscountType` text NOT NULL,
  `Discount` decimal(10,2) NOT NULL
) ENGINE=MyISAM DEFAULT CHARSET=latin1;

--
-- Dumping data for table `order_items`
--

INSERT INTO `order_items` (`OrderItemID`, `OrderID`, `ProductID`, `Quantity`, `Amount`, `ItemType`, `CustomizedOrderProductIDs`, `CustomizedOrderProductPrice`, `CustomizedShapeImage`, `CustomizedBoxID`, `CustomizedBoxPrice`, `IsCorporateItem`, `Ribbon`, `RibbonPrice`, `Wrapping`, `WrappingPrice`, `Fillings`, `FillingsPrice`, `FillColor`, `FillColorPrice`, `PowderColor`, `PowderColorPrice`, `content_type_id`, `content_type_price`, `content_type_sub_id`, `content_type_sub_price`, `content_text`, `content_type_sub_image_id`, `package_id`, `DiscountType`, `Discount`) VALUES
(1, 1, 0, 1, '71.00', 'Choco Shape', '1', '10', 'uploads/images/8801092928920210218035643circle.png', 0, '0', 0, 0, '0', '5,6', '20.00,10.00', '1', '10.00', '1', '10.00', '1', '10.00', '6', '', '', '', '', '3779', NULL, '', '0.00'),
(2, 1, 0, 1, '2325.68', 'Choco Box', '798,798,798,798,798,798,798,798,798,798,798,798,798,798,798,798', '143.48,143.48,143.48,143.48,143.48,143.48,143.48,143.48,143.48,143.48,143.48,143.48,143.48,143.48,143.48,143.48', '', 9, '30.00', 0, 0, '0', '', '', '', '', '', '', '', '', '', '', '', '', '', '', NULL, '', '0.00'),
(3, 1, 0, 1, '2919.60', 'Choco Box', '798,798,798,798,798,798,798,798,798,798,798,798,798,798,798,798,798,798,798,798', '143.48,143.48,143.48,143.48,143.48,143.48,143.48,143.48,143.48,143.48,143.48,143.48,143.48,143.48,143.48,143.48,143.48,143.48,143.48,143.48', '', 3, '50.00', 0, 2, '2.00', '6', '10.00', '', '', '', '', '', '', '2', '', '13', '23.00', 'Abbas', '3778', NULL, '', '0.00'),
(5, 4, 0, 1, '71.00', 'Choco Message', '4,4,4,4,4,4,4,4,4,4,4,4,4,4,4,4,4,4', '1.00,1.00,1.00,1.00,1.00,1.00,1.00,1.00,1.00,1.00,1.00,1.00,1.00,1.00,1.00,1.00,1.00,1.00', '', 8, '50.00', 0, 1, '3.00', '', '', '', '', '', '', '', '', '', NULL, '', NULL, '', '', NULL, '', '0.00'),
(6, 5, 0, 1, '2345.68', 'Choco Box', '798,798,798,798,798,798,798,798,798,798,798,798,798,798,798,798', '143.48,143.48,143.48,143.48,143.48,143.48,143.48,143.48,143.48,143.48,143.48,143.48,143.48,143.48,143.48,143.48', '', 3, '50.00', 0, 2, '2.00', '6', '10.00', '', '', '', '', '', '', '2', NULL, '13', '23.00', 'Abbas', '3778', NULL, '', '0.00'),
(7, 6, 0, 1, '71.00', 'Choco Message', '4,4,4,4,4,4,4,4,4,4,4,4,4,4,4,4,4,4', '1.00,1.00,1.00,1.00,1.00,1.00,1.00,1.00,1.00,1.00,1.00,1.00,1.00,1.00,1.00,1.00,1.00,1.00', '', 8, '50.00', 0, 1, '3.00', '', '', '', '', '', '', '', '', '', NULL, '', NULL, '', '', NULL, '', '0.00'),
(8, 7, 943, 1, '173.91', 'Product', '', '', '', 0, '', 0, 0, NULL, NULL, NULL, NULL, NULL, NULL, NULL, NULL, NULL, NULL, NULL, NULL, NULL, NULL, NULL, 0, '', '0.00');

-- --------------------------------------------------------

--
-- Table structure for table `order_statuses`
--

CREATE TABLE `order_statuses` (
  `OrderStatusID` int(11) NOT NULL,
  `OrderStatusEn` varchar(255) NOT NULL,
  `OrderStatusAr` varchar(255) CHARACTER SET utf8 NOT NULL,
  `ForAdmin` int(11) NOT NULL,
  `ForUser` int(11) NOT NULL
) ENGINE=MyISAM DEFAULT CHARSET=latin1;

--
-- Dumping data for table `order_statuses`
--

INSERT INTO `order_statuses` (`OrderStatusID`, `OrderStatusEn`, `OrderStatusAr`, `ForAdmin`, `ForUser`) VALUES
(1, 'Pending', 'تم الاستلام', 0, 0),
(2, 'Packed', 'تعيين', 0, 0),
(3, 'Dispatched', 'منجز', 0, 0),
(4, 'Delivered', 'ألغيت', 0, 0),
(5, 'Cancelled', 'ألغيت', 0, 0);

-- --------------------------------------------------------

--
-- Table structure for table `packages`
--

CREATE TABLE `packages` (
  `PackagesID` int(11) NOT NULL,
  `IsActive` tinyint(1) DEFAULT 1 COMMENT '1 => active, 0 =>deactivate ',
  `Hide` tinyint(1) DEFAULT 0,
  `SortOrder` int(11) NOT NULL DEFAULT 0,
  `CreatedAt` datetime DEFAULT NULL,
  `UpdatedAt` datetime DEFAULT NULL,
  `CreatedBy` int(11) DEFAULT NULL,
  `UpdatedBy` int(11) DEFAULT NULL
) ENGINE=InnoDB DEFAULT CHARSET=latin1;

--
-- Dumping data for table `packages`
--

INSERT INTO `packages` (`PackagesID`, `IsActive`, `Hide`, `SortOrder`, `CreatedAt`, `UpdatedAt`, `CreatedBy`, `UpdatedBy`) VALUES
(7, 1, 0, 0, '2020-09-05 17:40:16', '2020-09-27 15:06:40', 1, 1),
(8, 1, 0, 1, '2020-09-05 17:40:33', '2020-09-28 10:17:13', 1, 1),
(9, 1, 0, 2, '2020-09-05 17:41:01', '2020-10-28 13:49:08', 1, 1);

-- --------------------------------------------------------

--
-- Table structure for table `packages_text`
--

CREATE TABLE `packages_text` (
  `PackagesTextID` int(11) NOT NULL,
  `PackagesID` int(11) NOT NULL,
  `Title` varchar(255) CHARACTER SET utf8 DEFAULT NULL,
  `Quantity` double DEFAULT NULL,
  `SystemLanguageID` int(11) NOT NULL,
  `CreatedAt` datetime DEFAULT NULL,
  `UpdatedAt` datetime DEFAULT NULL,
  `CreatedBy` int(11) DEFAULT NULL,
  `UpdatedBy` int(11) DEFAULT NULL
) ENGINE=InnoDB DEFAULT CHARSET=latin1;

--
-- Dumping data for table `packages_text`
--

INSERT INTO `packages_text` (`PackagesTextID`, `PackagesID`, `Title`, `Quantity`, `SystemLanguageID`, `CreatedAt`, `UpdatedAt`, `CreatedBy`, `UpdatedBy`) VALUES
(1, 7, '250 Grams', 250, 1, '2020-09-05 17:40:16', '2020-09-27 15:06:40', 1, 1),
(2, 7, '250 غرام', 250, 2, '2020-09-05 17:40:16', '2020-10-05 11:08:06', 1, 1),
(3, 8, '500 Grams', 500, 1, '2020-09-05 17:40:33', '2020-09-28 10:17:13', 1, 1),
(4, 8, '500 غرام', 500, 2, '2020-09-05 17:40:33', '2020-09-28 10:18:15', 1, 1),
(5, 9, '1 Kilograms', 1000, 1, '2020-09-05 17:41:01', '2020-10-28 13:49:08', 1, 1),
(6, 9, '1 غرام', 1000, 2, '2020-09-05 17:41:01', '2020-09-28 10:18:33', 1, 1);

-- --------------------------------------------------------

--
-- Table structure for table `pages`
--

CREATE TABLE `pages` (
  `PageID` int(11) NOT NULL,
  `Image` varchar(255) NOT NULL,
  `BannerImage` varchar(255) NOT NULL,
  `SortOrder` int(11) NOT NULL,
  `Hide` tinyint(4) NOT NULL,
  `IsActive` tinyint(4) NOT NULL,
  `CreatedAt` datetime NOT NULL,
  `UpdatedAt` datetime NOT NULL,
  `CreatedBy` int(11) NOT NULL,
  `UpdatedBy` int(11) NOT NULL
) ENGINE=InnoDB DEFAULT CHARSET=utf8;

--
-- Dumping data for table `pages`
--

INSERT INTO `pages` (`PageID`, `Image`, `BannerImage`, `SortOrder`, `Hide`, `IsActive`, `CreatedAt`, `UpdatedAt`, `CreatedBy`, `UpdatedBy`) VALUES
(1, '1', 'uploads/images/3568822746620190201090055img10.png', 0, 0, 1, '2018-12-19 06:00:56', '2020-10-13 14:40:07', 1, 1),
(6, '', '', 1, 0, 1, '2019-02-01 14:10:34', '2020-10-13 12:13:08', 1, 1),
(7, 'uploads/images/4195540731920190212110434img1.png', '', 2, 0, 1, '2019-02-12 11:34:04', '2020-10-11 12:21:48', 1, 1),
(8, 'uploads/images/5742807259820190411094704banner2.png', '', 3, 0, 1, '2019-02-12 11:34:04', '2020-10-12 10:46:45', 1, 1),
(9, '', '', 4, 0, 1, '2019-03-14 11:41:29', '2020-10-13 14:38:52', 1, 1),
(10, 'uploads/images/5972342051020190412111615cus1.png', '', 5, 1, 1, '2019-04-12 11:15:16', '2019-04-12 11:15:16', 1, 1),
(11, 'uploads/images/8544251421720190412114121cus2.png', '', 6, 1, 1, '2019-04-12 11:20:30', '2019-04-12 11:35:42', 1, 1),
(12, 'uploads/images/4719728060920190412115626cus3.png', '', 7, 1, 1, '2019-04-12 11:22:36', '2019-04-12 11:26:56', 1, 1),
(13, 'uploads/images/4719728060920190412115626cus3.png', '', 8, 0, 1, '2019-04-12 11:22:36', '2020-05-07 12:51:09', 1, 1),
(14, 'uploads/images/4719728060920190412115626cus3.png', '', 8, 0, 1, '2019-04-12 11:22:36', '2020-10-12 10:44:30', 1, 1),
(15, 'uploads/images/4719728060920190412115626cus3.png', '', 8, 0, 1, '2019-04-12 11:22:36', '2020-05-16 00:59:15', 1, 1);

-- --------------------------------------------------------

--
-- Table structure for table `pages_text`
--

CREATE TABLE `pages_text` (
  `PageTextID` int(11) NOT NULL,
  `PageID` int(11) NOT NULL,
  `Title` varchar(255) NOT NULL,
  `Description` text NOT NULL,
  `ShortDescription` text NOT NULL,
  `SystemLanguageID` int(11) NOT NULL,
  `MetaTags` varchar(255) NOT NULL,
  `MetaKeywords` varchar(255) NOT NULL,
  `MetaDescription` varchar(255) NOT NULL,
  `CreatedAt` datetime NOT NULL,
  `UpdatedAt` datetime NOT NULL,
  `CreatedBy` int(11) NOT NULL,
  `UpdatedBy` int(11) NOT NULL
) ENGINE=InnoDB DEFAULT CHARSET=utf8;

--
-- Dumping data for table `pages_text`
--

INSERT INTO `pages_text` (`PageTextID`, `PageID`, `Title`, `Description`, `ShortDescription`, `SystemLanguageID`, `MetaTags`, `MetaKeywords`, `MetaDescription`, `CreatedAt`, `UpdatedAt`, `CreatedBy`, `UpdatedBy`) VALUES
(1, 1, 'About Us', '<p class=\"MsoNormal\" style=\"margin-bottom: .0001pt; tab-stops: 45.8pt 91.6pt 137.4pt 183.2pt 229.0pt 274.8pt 320.6pt 366.4pt 412.2pt 458.0pt 503.8pt 549.6pt 595.4pt 641.2pt 687.0pt 732.8pt; background: white; mso-background-themecolor: background1;\"><span>&nbsp; &nbsp; &nbsp; A historical family partnership that started in Al-Madinah Al-Munawwarah. Since 1398HA, through the practice of a main activity, which is roasting and grinding luxury coffee, and then extended to include other activities such as nuts, sweets, chocolates, antiques and gifts.</span></p>\r\n<p class=\"MsoNormal\" style=\"margin-bottom: .0001pt; tab-stops: 45.8pt 91.6pt 137.4pt 183.2pt 229.0pt 274.8pt 320.6pt 366.4pt 412.2pt 458.0pt 503.8pt 549.6pt 595.4pt 641.2pt 687.0pt 732.8pt; background: white; mso-background-themecolor: background1;\"><span>In order to implement the above, several agencies were obtained to distribute products and spread branches for them in Medina</span></p>\r\n<p class=\"MsoNormal\" style=\"margin-bottom: .0001pt; tab-stops: 45.8pt 91.6pt 137.4pt 183.2pt 229.0pt 274.8pt 320.6pt 366.4pt 412.2pt 458.0pt 503.8pt 549.6pt 595.4pt 641.2pt 687.0pt 732.8pt; background: white; mso-background-themecolor: background1;\"><strong><span>&nbsp;</span></strong></p>\r\n<p class=\"MsoNormal\" style=\"background: white; mso-background-themecolor: background1;\"><strong><span>Executive Directorword:<span></span></span></strong></p>\r\n<p class=\"MsoNormal\" style=\"margin-bottom: .0001pt; tab-stops: 45.8pt 91.6pt 137.4pt 183.2pt 229.0pt 274.8pt 320.6pt 366.4pt 412.2pt 458.0pt 503.8pt 549.6pt 595.4pt 641.2pt 687.0pt 732.8pt; background: white; mso-background-themecolor: background1;\"><span>In the name of Allah the Merciful</span></p>\r\n<p class=\"MsoNormal\" style=\"margin-bottom: .0001pt; tab-stops: 45.8pt 91.6pt 137.4pt 183.2pt 229.0pt 274.8pt 320.6pt 366.4pt 412.2pt 458.0pt 503.8pt 549.6pt 595.4pt 641.2pt 687.0pt 732.8pt; background: white; mso-background-themecolor: background1;\"><span>&nbsp; &nbsp; &nbsp;The modern innovator Chocolate factory chocolate commercial register number <strong>4030267893&nbsp; </strong>started as an ambitious dream for our company since 1389 HA, and with the passage of time and through careful plans, hard work and fruitful efforts of all <a name=\"_GoBack\"></a>members, employees and workers of our large corporation, the dream began to turn into reality and tangible reality through the opening of several factories and branches in each of Jeddah, Medina and Makkah.</span><span><br /> Despite the good position that we have reached now, our dreams are still many and our greatest ambition is to have (Choco Mood) the first name for all chocolate lovers in the Arab Gulf region in particular and throughout the Middle East in general.<br /> </span><span>In order to achieve this goal, we all assume that excellence is our title, and we will work to make all efforts in our power to develop our products in record time and with the best quality </span><span>possible by employing the best competencies and experiences in the Kingdom of Saudi Arabia.</span><span></span></p>\r\n<p class=\"MsoNormal\" style=\"background: white; mso-background-themecolor: background1;\"><span>It is a great honor to become an active part of the production and development system in our beloved country, and we hope to be one of the companies that the country and its people are proud of.</span></p>\r\n<p class=\"MsoNormal\" style=\"background: white; mso-background-themecolor: background1;\"><span>&nbsp;</span></p>\r\n<p class=\"MsoNormal\"><strong><span>Our Vision:<span> </span></span></strong><span></span></p>\r\n<p class=\"MsoNormal\"><span>&nbsp; &nbsp; &nbsp;To be Choco Mode the first choice for chocolate connoisseurs by providing high-quality luxury products at competitive prices.<span></span></span></p>\r\n<p class=\"MsoNormal\" style=\"background: white; mso-background-themecolor: background1;\"><span>&nbsp;</span></p>\r\n<p class=\"MsoNormal\" style=\"background: white; mso-background-themecolor: background1;\"><strong><span>Our Goal:<span></span></span></strong></p>\r\n<p class=\"MsoNormal\" style=\"margin-bottom: .0001pt; tab-stops: 45.8pt 91.6pt 137.4pt 183.2pt 229.0pt 274.8pt 320.6pt 366.4pt 412.2pt 458.0pt 503.8pt 549.6pt 595.4pt 641.2pt 687.0pt 732.8pt; background: white; mso-background-themecolor: background1;\"><span>&nbsp; &nbsp; &nbsp;Chocomood to be the first name for chocolate lovers in the Kingdom of Saudi Arabia and the Arabian Gulf as a first stage, and then the Arab world and the Middle East as a whole.</span></p>\r\n<p class=\"MsoNormal\" style=\"margin-bottom: .0001pt; tab-stops: 45.8pt 91.6pt 137.4pt 183.2pt 229.0pt 274.8pt 320.6pt 366.4pt 412.2pt 458.0pt 503.8pt 549.6pt 595.4pt 641.2pt 687.0pt 732.8pt; background: white; mso-background-themecolor: background1;\"><span><br />Chocomood Brand is a Registered trademark under registration number&nbsp; ( </span><span><strong>1436005597</strong> ) a property of ( Al Hadia Al lathiza</span><span> ) under Saudi Comercial Registration Number (</span><br style=\"mso-special-character: line-break;\" /><span><span><strong>4030267893 )</strong></span> <!-- [if !supportLineBreakNewLine]--><br style=\"mso-special-character: line-break;\" /> <!--[endif]--></span></p>', '', 1, '', '', '', '2018-12-19 06:00:56', '2020-10-13 14:40:07', 1, 1),
(2, 1, 'Arabic About US', '<p class=\"MsoNormal\" dir=\"RTL\"><span>&nbsp; &nbsp; &nbsp;شراكة عائلية تاريخية بدأت نشاطها في المدينة المنورة في عام </span><span></span><span></span><span><span></span><span></span>1398</span><span><span>هـ ,من خلال ممارسة نشاط رئيسي هو تحميص وطحن القهوة الفاخرة ثم امتدت لتشمل انشطة أخرى كالمكسرات والحلويات والشوكولاتة والتحف والهدايا.</span></span></p>\r\n<p class=\"MsoNormal\" dir=\"RTL\"><span>لإجل تنفيذ ما سبق تم الحصول على عدة وكالات لتوزيع المنتجات ونشر فروع لها في المدينة المنورة.</span></p>\r\n<p class=\"MsoNormal\" dir=\"RTL\"><span><br /><strong>كلمة المدير التنفيذي:</strong></span></p>\r\n<p class=\"MsoNormal\" dir=\"RTL\"><span>بسم الله الرحمن الرحيم</span></p>\r\n<p class=\"MsoNormal\" dir=\"RTL\"><span>بدأ المصنع المبتكر الحديث لصناعة&nbsp;الشوكولاتة كحلم طموح لشركتنا منذ العام&nbsp;1389 هـ بسجل تجاري رقم 4030267893 ومع مرور الوقت ومن خلال خطط محكمة وعمل دؤوب وجهود مثمرة من جميع أعضاء وموظفي وعمال مؤسستنا الكبيرة بدأ الحلم يتحول لحقيقة وواقع ملموس من خلال افتتاح مصانع وفروع عدة في كلآ من جدة والمدينة المنورة ومكة المكرمة.</span></p>\r\n<p class=\"MsoNormal\" dir=\"RTL\"><span>وبرغم المكانة الجيدة التي وصلنا لها حاليا إلا أن أحلامنا لاتزال كثيرة وطموحنا الأكبر أن تكون (شوكو مود) هي الاسم الأول لكل عشاق الشوكولاتة في منطقة الخليج العربي خاصة وفي عموم الشرق الأوسط بشكل عام.</span></p>\r\n<p class=\"MsoNormal\" dir=\"RTL\"><span>وفي سبيل تحقيق هذه الغاية نحمل على عاتقنا جميعا أن يكون التميز عنواننا وسنعمل على بذل كل ما في وسعنا من جهود لتطوير منتجاتنا في وقت قياسي وبأفضل جودة ممكنة من خلال توظيف أفضل الكفاءات والخبرات على مستوى المملكة العربية السعودية.</span></p>\r\n<p class=\"MsoNormal\" dir=\"RTL\"><span>إنه لشرف كبير بإن نصبح جزء فعال من منظومة الإنتاج والتطوير داخل بلدنا الحبيب ونأمل بإن نكون أحد الشركات التي يفخر بها الوطن وأبناؤه.<br /><br /></span></p>\r\n<p class=\"MsoNormal\" dir=\"RTL\"><strong>رؤيتنا:</strong><span></span></p>\r\n<p class=\"MsoNormal\" dir=\"RTL\"><span>أن تكون شوكو مود الاختيار الأول لمتذوقي الشوكولاتة من خلال تقديم منتجات فاخرة ذات جودة عالية وبإ</span><span>س</span><span>عار منافسة</span></p>\r\n<p class=\"MsoNormal\" dir=\"RTL\"><span><br /><strong>هدفنا:</strong><br /></span><span>أن تكون شوكومود الاسم الأول لعشاق الشوكولاتة في المملكة العربية السعودية والخليج العربي كمرحلة أولى ومن ثم العالم العربي والشرق الأوسط ككل.<br /><br /><br /><strong>شوكومود</strong> علامة تجارية مسجلة برقم تسجيل (<strong>1436005597</strong>) و <strong>مملوكة لـشركة الهدية اللاذيزة</strong>&nbsp; برقم سجل تجاري سعودي ( <strong>4030267893</strong>)<br /><br /></span></p>', '', 2, '', '', '', '2018-12-19 06:01:28', '2020-10-11 12:09:29', 1, 1),
(11, 6, 'Contact Us', '<ul>\r\n<li>\r\n<h5>Working Hours</h5>\r\n<h6>9:00&nbsp;AM&nbsp; -&nbsp; 4:00 PM</h6>\r\n</li>\r\n<li>\r\n<h5>Marketing Department</h5>\r\n<h4><a href=\"tel:+ 966 7837809276\">+ 966 501212180</a></h4>\r\n</li>\r\n<li>\r\n<h5>Quality Insurance</h5>\r\n<h4><a href=\"tel:+ 966 7837809276\">+ 966 501212180</a></h4>\r\n</li>\r\n<li>\r\n<h5>Whole Sales</h5>\r\n<h4><a href=\"tel:+ 966 7837809276\">+ 966 501212180</a></h4>\r\n</li>\r\n<li>\r\n<h5>Customer Care</h5>\r\n<h4><a href=\"tel:+ 966 7837809276\">+ 966 501212180</a></h4>\r\n</li>\r\n<li>Delicious Gift (Chocomood Chocolatier) - CR NO: 4030267893</li>\r\n<li>Prince Sultan Street - Rawdah area - Jeddah - Saudi Arabia&nbsp;</li>\r\n</ul>', '', 1, 'Contact us', '', '', '2019-02-01 14:10:34', '2020-10-13 12:13:08', 1, 1),
(12, 6, 'اتصل بنا', '<ul>\r\n<li>\r\n<h5>اوقات الدوام</h5>\r\n<h6>من الساعة 09:00 صباحاً حتى 04:00 مساءاً</h6>\r\n</li>\r\n<li>\r\n<h5>قسم التسويق</h5>\r\n<h4><a href=\"tel:+ 966 7837809276\">+ 966 501212180</a></h4>\r\n</li>\r\n<li>\r\n<h5>تأمين الجودة</h5>\r\n<h4><a href=\"tel:+ 966 7837809276\">+ 966 501212180</a></h4>\r\n</li>\r\n<li>\r\n<h5>مبيعات الجملة</h5>\r\n<h4><a href=\"tel:+ 966 7837809276\">+ 966 501212180</a></h4>\r\n</li>\r\n<li>\r\n<h5>خدمات العملاء</h5>\r\n<h4><a href=\"tel:+ 966 7837809276\">+ 966 501212180</a></h4>\r\n</li>\r\n<li>شركة الهدية اللذيذة (شوكومود شوكولاتير) سجل تجاري رقم :4030267893</li>\r\n<li>المملكة العربية السعودية - جدة - حي الروضة - طريق الامير سلطان</li>\r\n<li style=\"direction: rtl;\"></li>\r\n</ul>', '', 2, '', '', '', '2019-02-01 14:10:49', '2020-10-13 12:16:48', 1, 1),
(13, 7, 'Home', '<p>Chocolate means \"bitter water\"? The word chocolate comes from the Aztec word \"Xocolatl\", which literally translates to \"bitter water.\" That\'s because the Aztecs used to make cocoa beverages without adding sugar or sweet ingredients. The link between celebration Day and chocolate is probably the easiest to explain. The association between chocolate and love may go all the way back to the Aztecs. They believed chocolate was a source of spiritual wisdom, incredible energy. Chocolate was widely used as a nuptial aid and was served at wedding ceremonies. Today, we know more than ever about the mood-enhancing Chocolate contains a natural mood-modifying ingredient - PEA or phenethylamine &ndash; which is a substance that also increases in the brain when we fall in love. Eating chocolate actually produces brain chemistry similar to that of love. Chocolate is delicious by virtue of its aroma, taste, and texture. Just think of the fun of receiving a well-wrapped box of Chocomood chocolate. When you finally touch your lips, the chocolate instantly melts, filling your mouth with great pleasure. <br />The taste and smell overwhelm your senses. No wonder chocolate is a gift for lovers.</p>', '<h2>Chocolate <span>is the happiness that you can..</span></h2>\r\n<h4>eat!</h4>', 1, '', '', '', '2019-02-12 11:34:04', '2020-10-11 12:21:48', 1, 1),
(14, 7, 'Home', '<p class=\"MsoNormal\" dir=\"RTL\" style=\"margin-bottom: .0001pt; text-align: justify; line-height: 24.0pt; tab-stops: 45.8pt 91.6pt 137.4pt 183.2pt 229.0pt 274.8pt 320.6pt 366.4pt 412.2pt 458.0pt 503.8pt 549.6pt 595.4pt 641.2pt 687.0pt 732.8pt; direction: rtl; unicode-bidi: embed;\"><span>إنها الشوكولاتة.</span><span></span></p>\r\n<p class=\"MsoNormal\" dir=\"RTL\" style=\"margin-bottom: .0001pt; text-align: justify; line-height: 24.0pt; tab-stops: 45.8pt 91.6pt 137.4pt 183.2pt 229.0pt 274.8pt 320.6pt 366.4pt 412.2pt 458.0pt 503.8pt 549.6pt 595.4pt 641.2pt 687.0pt 732.8pt; direction: rtl; unicode-bidi: embed;\"><span>الشوكولاته تعني \"الماء المر\"؟</span></p>\r\n<p class=\"MsoNormal\" dir=\"RTL\" style=\"margin-bottom: .0001pt; text-align: justify; line-height: 24.0pt; tab-stops: 45.8pt 91.6pt 137.4pt 183.2pt 229.0pt 274.8pt 320.6pt 366.4pt 412.2pt 458.0pt 503.8pt 549.6pt 595.4pt 641.2pt 687.0pt 732.8pt; direction: rtl; unicode-bidi: embed;\"><span>تأتي كلمة شوكولاتة من كلمة \"</span><span>Xocolatl</span><span></span><span><span></span>\" في الأزتك ، والتي تُترجم حرفيًا إلى \"المياه المرة\". ذلك لأن شعب الأزتيك اعتادوا صنع مشروب الكاكاو بدون إضافة السكر أو المكونات الحلوة.</span><span></span></p>\r\n<p class=\"MsoNormal\" dir=\"RTL\" style=\"margin-bottom: .0001pt; text-align: justify; line-height: 24.0pt; tab-stops: 45.8pt 91.6pt 137.4pt 183.2pt 229.0pt 274.8pt 320.6pt 366.4pt 412.2pt 458.0pt 503.8pt 549.6pt 595.4pt 641.2pt 687.0pt 732.8pt; direction: rtl; unicode-bidi: embed;\"><span>ربما يكون الرابط بين يوم الاحتفال والشوكولاتة هو الأسهل في التوضيح. قد يعود الارتباط بين الشوكولاتة والحب إلى الأزتيك. كانوا يعتقدون أن الشوكولاتة كانت مصدرًا للحكمة الروحية والطاقة المذهلة. كانت الشوكولاتة تستخدم على نطاق واسع كوسيلة مساعدة للزفاف وقدمت في حفلات الزفاف. اليوم ، نعرف أكثر من أي وقت مضى تأثيرات الشوكولاتة على تحسين الحالة المزاجية</span><span></span><span><span></span> .</span></p>\r\n<p class=\"MsoNormal\" dir=\"RTL\" style=\"margin-bottom: .0001pt; text-align: justify; line-height: 24.0pt; tab-stops: 45.8pt 91.6pt 137.4pt 183.2pt 229.0pt 274.8pt 320.6pt 366.4pt 412.2pt 458.0pt 503.8pt 549.6pt 595.4pt 641.2pt 687.0pt 732.8pt; direction: rtl; unicode-bidi: embed;\"><span>تحتوي</span><span></span><span><span></span> </span><span>الشوكولاتة</span><span></span><span><span></span> </span><span>على</span><span></span><span><span></span> </span><span>مكون</span><span></span><span><span></span> </span><span>طبيعي</span><span></span><span><span></span> </span><span>معدّل</span><span></span><span><span></span> </span><span>للمزاج</span><span></span><span><span></span> - </span><span>فينيثيلامين</span><span></span><span><span></span> </span><span></span><span><span></span>&ndash; وهي</span><span></span><span><span></span> </span><span>مادة</span><span></span><span><span></span> </span><span>تزدادأيضًا</span><span></span><span><span></span> </span><span>في</span><span></span><span><span></span> </span><span>الدماغ</span><span></span><span><span></span> </span><span>عندما</span><span></span><span><span></span> </span><span>نقع</span><span></span><span><span></span> </span><span>في</span><span></span><span><span></span> </span><span>الحب. إن</span><span></span><span><span></span> </span><span>تناول</span><span></span><span><span></span> </span><span>الشوكولاتة</span><span></span><span><span></span> </span><span>في</span><span></span><span><span></span> </span><span>الواقع</span><span></span><span><span></span> </span><span>ينتج</span><span></span><span><span></span> </span><span>عنه</span><span></span><span><span></span> </span><span>كيمياء</span><span></span><span><span></span> </span><span>دماغية</span><span></span><span><span></span> </span><span>مماثلة</span><span></span><span><span></span> </span><span>لتلك</span><span></span><span><span></span> </span><span>الموجودة</span><span></span><span><span></span> </span><span>في</span><span></span><span><span></span> </span><span>الحب. الشوكولاتة</span><span></span><span><span></span> </span><span>مشهية</span><span></span><span><span></span> </span><span>بحكم</span><span></span><span><span></span> </span><span>رائحتها</span><span></span><span><span></span> </span><span>وطعمها</span><span></span><span><span></span> </span><span>وملمسها. فقط</span><span></span><span><span></span> </span><span>فكر</span><span></span><span><span></span> </span><span>في</span><span></span><span><span></span> </span><span>متعة</span><span></span><span><span></span> </span><span>تلقي</span><span></span><span><span></span> </span><span>علبة</span><span></span><span><span></span> </span><span>شوكولاتة <strong>من شوكومود</strong></span><span></span><span><span></span> </span><span>ملفوفة</span><span></span><span><span></span> </span><span>بشكل</span><span></span><span><span></span> </span><span>جيد. عندما</span><span></span><span><span></span> </span><span>تلمس</span><span></span><span><span></span> </span><span>شفتيك</span><span></span><span><span></span> </span><span>أخيرًا،</span><span></span><span><span></span> </span><span>تبدأ</span><span></span><span><span></span> </span><span>الشوكولاتة</span><span></span><span><span></span> </span><span>في</span><span></span><span><span></span> </span><span>الذوبان</span><span></span><span><span></span> </span><span>على</span><span></span><span><span></span> </span><span>الفور،</span><span></span><span><span></span> </span><span>وتملأ</span><span></span><span><span></span> </span><span>فمك</span><span></span><span><span></span> </span><span>بمتعة</span><span></span><span><span></span> </span><span>رائعة. يغمر</span><span></span><span><span></span> </span><span>الطعم</span><span></span><span><span></span> </span><span>والرائحة</span><span></span><span><span></span> </span><span>حواسك</span><span></span><span><span></span> </span><span>بنشوة</span><span></span><span><span></span> </span><span>غامرة. لاعجب</span><span></span><span><span></span> </span><span>أن</span><span></span><span><span></span> </span><span>الشوكولاتة</span><span></span><span><span></span> </span><span>هي</span><span></span><span><span></span> </span><span>هدية</span><span></span><span><span></span> </span><span>العشاق</span><span></span><span><span></span> .</span></p>', '<h2>Chocolate <span>is the happiness that you can..</span></h2>\r\n<h4>eat!</h4>\r\n<p class=\"MsoNormal\" dir=\"RTL\" style=\"margin-bottom: .0001pt; text-align: justify; line-height: 24.0pt; tab-stops: 45.8pt 91.6pt 137.4pt 183.2pt 229.0pt 274.8pt 320.6pt 366.4pt 412.2pt 458.0pt 503.8pt 549.6pt 595.4pt 641.2pt 687.0pt 732.8pt; direction: rtl; unicode-bidi: embed;\">إنها الشوكولاتة.</p>\r\n<div>&nbsp;</div>', 2, '', '', '', '2019-02-12 11:34:25', '2020-12-01 10:32:16', 1, 1),
(15, 8, 'Corporate', 'Jeddah - alkomra', '<h3 class=\"wow fadeInRightBig\" data-wow-animation=\"4s\">Enjoy Best</h3>\r\n<h4 class=\"wow fadeInRightBig\" data-wow-animation=\"7s\">Chocolates</h4>\r\n<h3 class=\"wow fadeInUpBig last\" data-wow-animation=\"10s\">At Your Events!</h3>', 1, '', '', '', '2019-02-12 11:34:04', '2020-10-12 10:46:45', 1, 1),
(16, 8, 'Corporate', '<p>Lorem ipsum dolor sit amet, consectetur adipiscing elit. Nullam ut nisi eget lectus molestie molestie et sit amet dolor. Duis consectetur mi turpis, ac interdum orci laoreet ac. Suspendisse potenti. Cras tristique ante quis ipsum porta auctor. Vivamus et augue id massa fringilla bibendum. Quisque finibus ligula nec augue cursus, ac pharetra lorem condimentum.</p>', '', 2, '', '', '', '2019-02-12 11:34:25', '2019-02-12 11:34:25', 1, 1),
(17, 9, 'Terms and conditions', '<p>ChocoMood, a company incorporated under the laws of the Kingdom of Saudi Arabia (hereinafter referred to as \"ChocoMod\" or \"we\"), runs the online e-commerce site chocomood.com, its related sub-domains, sites, services and tools</p>\r\n<p>(\"website\"). Provided as a service to you, and it aims to enable you and other users to browse and request the purchase of products offered for sale on the website and other services. ChocoMode reserves the right to delete, amend or add to any content on the website at any time and for any reason without prior notice, and will make reasonable efforts to include the site consistently accurate and up-to-date information.</p>\r\n<p>Regardless of any oral or written information, opinions, ratings, description or advice of any kind provided by ChocoMod, you agree to the terms set out below.</p>\r\n<p>1- Terms and conditions</p>\r\n<p>1. These Terms of Use (the \"Terms\") are written between you, as the end user of the website, and ChocoMod. Changes to the law or choco mod actions may require changes to the conditions from time to time (&ldquo;modified terms&rdquo;). Therefore, choco mod urges you to review the terms periodically for any such changes, and you are responsible for reading the terms and privacy policy of the site. Careful reading, approval and acceptance every time you use the website, and your continued use of the website means you accept to comply with the most recent version of the terms. If you do not agree to (or are unable to comply) with the conditions, do not use this website.</p>\r\n<p>2. If you decide to register on the website, at the time of registration on the website and as a registered user, you will have to read these terms carefully and accept them. You will be alerted every time that the terms change to accept the revised terms before you can continue making a product purchase from the website.</p>\r\n<p>2- User behavior and content</p>\r\n<p>1. You agree to comply with all laws in force in the Kingdom of Saudi Arabia using your website, and acknowledge that you bear full responsibility for ensuring that you have been aware of and comply with these requirements.</p>\r\n<p>2. The website may provide opportunities for users to post comments, other comments, questions, suggestions, and other information on this website or through it via e-mail or phone, or that is otherwise disclosed, presented, or displayed regarding your use of the website. You warrant the validity of any such user content that you have included on the website (and that it does not violate the intellectual property rights of others), and under which ChocoMode is granted a permanent, irreversible, and non-exclusive right, without any fees, transferable, and a license to use your user content in the manner you wish ChocoMod includes, but is not limited to, copying the user\'s content in question, amending and / or removing it in its entirety or /, configuring it, publishing and / or translating it and / or copying works derived from it and / or selling it And / or distribution of this user content and / or the integration of this user content with any model, media or technology at the level of Realm, without consulting you again, hereby waives any moral rights in this user content. You agree that you will not post any content that violates public morals, contains defamation, rioting, violates intellectual property rights, or may otherwise violate public morals or violates the law.</p>\r\n<p>3. ChocoMode reserves the right to use any user content you have included for any purpose, reproduce, disclose, modify, adapt, or copy works derived from it, publish it, display it, or distribute it, without limitation and without any compensation to you in any way. ChocoMod does not adhere in any way to the following:</p>\r\n<p>Maintaining the confidentiality of any user content;<br />&bull; Pay any compensation to a user for any user content;<br />&bull; Respond to any user content.</p>\r\n<p>4. You agree that any user content that you place on the website is not in violation of the terms or any right of others, including, but not limited to, copyright, trademarks, confidentiality and other personal or other property rights, and that it does not cause harm to any Person or destination.</p>\r\n<p>You further agree that any user content that you place on the site does not consider or imply defamation, defamation, or otherwise unlawful, offensive, offensive, or immoral material and does not include software viruses, political campaigns, commercial offers, serial messages, mass emails, or any A form of \"spam\".</p>\r\n<p>5. Chocomod does not regularly review the published user content, but reserves the right (without its obligation) to monitor, revise, or remove any user content listed on the website.</p>\r\n<p>You grant ChocoMod the right to use the name you include in connection with any user content, you agree not to use any fake email address or impersonate any person or entity or any other misleading regarding the original source of any user content, and you agree to compensate ChocoMod for any Claims arising from any user content that you insert, and ChocoMod assumes no responsibility or liability for any user content that you or any third parties include.</p>\r\n<p>3- Registered account and user:</p>\r\n<p>1. In order to purchase any products from the website, you can either register on the site and create an account secured with the password, or log in to the site if you already have an account.</p>\r\n<p>Any account you create is considered a personal account for you, and you may not transfer it to any other person. Your registration process for entering and submitting the purchase order is complete after you accept the terms, and the conditions apply each time you submit an order to purchase any product from the email.</p>\r\n<p>2. One-time login:</p>\r\n<p>Our site provides a one-time login feature of the ChocoMod website for the Kingdom of Saudi Arabia only and online platforms for ChocoMod.</p>\r\n<p>You can do this after registering for one time on our website, participating in that you can log in on our website, without having to make another registration and log in to enter each time of use.</p>\r\n<p>The one-time login feature provides the advantage of having a single identity, which is the basis for the website to know and verify your identity.</p>\r\n<p>3. In the case of registering and creating an account, you become a &ldquo;registered user&rdquo;, and in order to become a registered user or to submit a purchase order for any product from the website, you must be 18 years of age or older, and to provide information about you that is true, accurate, current and complete in all its details ( (Including name, date of birth, email address, credit card data, and other data) as required during the account creation process or at the time of placing the purchase order on the website.</p>\r\n<p>In the event that you are less than 18 years old, you can use this website only under the supervision of one of your parents or legal guardian who agrees to adhere to these terms.</p>\r\n<p>If you are a parent or legal guardian who agrees to these terms on behalf of a person under the age of 18, you bear full responsibility for his use of this website, including financial expenses and the legal responsibility that he bears.</p>\r\n<p>ChocoMod reserves the right to refuse to provide the service, cancel accounts, or cancel purchase orders at its absolute discretion, either for the reasons mentioned above or for any other reason that ChocoMod finds contrary to its policy</p>\r\n<p>4. By registering and using the website, you guarantee that the information you provided during the registration process or during the presentation of the purchase order for any product from the website as a guest is real, accurate, current and complete information in all its aspects, and you undertake to ensure that this information is updated and agree to Dealing with this information under the privacy policy.</p>\r\n<p>5. You are responsible for maintaining the confidentiality of your account and password and for restricting the use of your personal computer, electronic device or any other mobile or wireless device, and you agree to assume responsibility for all activities that occur under your account and password.</p>\r\n<p>ChocoMod assumes no liability to anyone for any loss or damage that may result from any failure on your part to protect your password or account. If ChocoMod determines for any reason that it is possible to breach the security or misuse of the website, then we may ask you to change your password or suspend your account without taking any responsibility for it.</p>\r\n<p>&nbsp;</p>\r\n<p>4- Services, purchase orders, pricing and payment:</p>\r\n<p>1. Services include:</p>\r\n<p>&bull; Make the website available for you to purchase any products</p>\r\n<p>Securing a logistic company with experience in collecting, transporting and delivering purchased products (logistics services),</p>\r\n<p>&bull; (Supporting ChocoMod customers), which will enable you (to communicate with ChocoMod by e-mail) to ask any inquiries you have regarding the product (s) that you have purchased.</p>\r\n<p>2. Agree to pay the full amount due for the product as indicated during the purchase order submission process, including the cost and transportation costs incurred in connection with this purchase order.</p>\r\n<p>&nbsp;All prices are shown in Saudi riyals and may differ ??? .</p>\r\n<p>3. ChocoMod will not accept your purchase of products if:</p>\r\n<p>&bull; Out of stock.</p>\r\n<p>&bull; Choco Mode was unable to obtain payment authorization from you.</p>\r\n<p>&bull; Shipping restrictions apply to a specific product or difficult-to-reach address.</p>\r\n<p>&bull; If ChocoMod finds an error in a product or price.</p>\r\n<p>&bull; For any other reason, according to the opinion of ChocoMod alone. In any of the following cases, ChocoMod will notify you of not accepting your purchase order, and you will not initiate the payment process, and you will not be responsible to you or to others as a result of our decision to refuse to start or cancel the purchase order or to suspend any transaction after starting the order.</p>\r\n<p>4. There may be a mistake in the transmission that may interfere with the purchase process (due to the negligence of an employee), and you must cooperate with ChocoMod to solve these problems, and agree that ChocoMod has full authority to make the appropriate decision in such cases.</p>\r\n<p>5. All payments made by credit cards / direct debit cards are subject to validation through the issuer and via the payment gateway.</p>\r\n<p>In the event that the issuer refuses to give permission to pay, ChocoMod will cancel your purchase order and contact you to find an alternative payment method.</p>\r\n<p>ChocoMod is not responsible if it results in delayed delivery of your products.</p>\r\n<p>6. All information related to billing and registration must be correct and accurate, and providing any incorrect or inaccurate information is a violation of these conditions.</p>\r\n<p>When you confirm your purchase order at the end of the process, you agree to accept and pay for the requested product (s).</p>\r\n<p>7. Certain purchase orders may constitute inappropriate use of the website and its services, and ChocoMod reserves the right, at its sole discretion, to refuse or cancel any purchase order for any reason.</p>\r\n<p>ChocoMod may, in its absolute discretion, ban or cancel your account for any reason and notify it.</p>\r\n<p>8. In the event that an incorrect price is included on one of the products as a result of an error in pricing or as a result of human error, ChocoMod has the right, at its absolute discretion, to reject or cancel any purchase order submitted for this product.</p>\r\n<p>In the event that there is an error in the pricing of the product, ChocoMod has the right, at the discretion of ChocoMod, to either call you for your instructions or cancel your purchase order and notify you of this cancellation.</p>\r\n<p>9. ChocoMood will make reasonable efforts to provide attractive prices on the website and in its stores, but the price produced on the Internet may differ from the price available in the store.</p>\r\n<p>&nbsp;</p>\r\n<p>10. ChocoMode maintains, in its absolute discretion, the limit of the amount of products purchased for each person or family or for each purchase order, and these restrictions may apply to purchase orders submitted by the same account or credit card itself, as well as to purchase orders that use the same invoice Or shipping address with notification.</p>\r\n<p>5- Shipping:</p>\r\n<p>1. In order for ChocoMod to take the necessary steps to deliver any products that you have purchased, you are solely responsible for providing the correct and accurate postal data.</p>\r\n<p>2. The risk of loss for the products you buy on the website and its ownership are transferred to you upon receipt of the products that you have purchased by the logistics service provider.</p>\r\n<p>3. ChocoMod is not responsible for any delays in shipping the product (s) that you have requested or purchased, the lost or lost product (s) or the product (s) delivered to you inappropriately, as a result of a mistake by you or as a result of inaccuracy or incorrectness Or the lack of information you provided due to the provision of the service through others</p>\r\n<p>4. All products are subject to quality control and inspection to ensure they are free from defects before being sent to you. In the event that you receive a product that is not perfect, please (write to us) immediately and arrange to return the defective product to us.</p>\r\n<p>6- Returns:</p>\r\n<p>1. ChocoMod wishes to have a happy buying experience, and if you do not feel completely satisfied for any reason regarding your purchases, ChocoMod will return to you the value of your purchases within fourteen (14) days of delivery of your purchased products.</p>\r\n<p>2. Please see the Return Replacement Policy available on the website and important information.</p>\r\n<p>&nbsp;The products purchased through the website that are returned must be in their new condition not previously used and in the original packaging, in conjunction with the original invoice, provided that all product cards are still in place. Chocomod may not accept the receipt of damaged or changed items from you, it may be sent to you and the return is refused.</p>\r\n<p>3. The value of all returned products will be properly returned to the original owner and credited to the relevant credit / debit card account or bank account for the transaction after deduction of the applicable bank charges (if any). If you see a mistake in the value of the purchases returned to you, please (write to us).</p>\r\n<p>4. Please note that refunding the value of purchases on the card may take up to thirty (30) working days for your bank to complete the procedures, based on the time the procedures were initiated, and this period may vary greatly between card issuers, so ChocoMod will not Any responsibility for any delays in refunding payments by card issuance companies is not taken, and ChocoMod does not make any guarantees of any kind regarding the correctness of the refunds or the timing of their access to the card / bank account of customers, due to the multiplicity of the institutions involved in initiating online transaction procedures and problems Internet Infrastructure Available at present and working days / holidays for financial institutions.</p>\r\n<p>7- Shipping:</p>\r\n<p>While using the website, we will collect from you some information that will be dealt with according to the privacy policy. Please see the privacy policy available on the website.</p>\r\n<p>8- Disclaimers of liability and guarantees:</p>\r\n<p>1. ChocoMod does not guarantee, in accordance with the legally permissible limit, the continued operation of the website or any of the services or products available through it or without errors, as some of the materials or services available on the website may be subject to delays, errors, or malfunctions. They are not accurate, and ChocoMod does not guarantee that the services will meet any specific performance or quality standards.</p>\r\n<p>2. ChocoMod makes no representation or warranty as to the accuracy, completeness, timeliness, reliability, or non-infringement of any content available on the website or services available through it.</p>\r\n<p>3. Although ChocoMode intends to take reasonable steps to prevent any viruses, worms, or harmful code from accessing the site, ChocoMod does not endorse or guarantee that the website, services, features, or materials that may be available through the website from Destructive properties, ChocoMod is not liable for any damages or damages that are attributable to these properties.</p>\r\n<p>4. The means of sending electronic data, including the Internet, are public means of communication, and any use of such means is public and not private. Accordingly, ChocoMod does not guarantee the security or confidentiality of any information that you submit to the website and cannot confirm this.</p>\r\n<p>Accordingly, sending any information to the website is at your own risk.</p>\r\n<p>5. ChocoMood provides this website and these services on two basis: \"according to the current situation\" and \"as available\", with the exception of what is expressly stated in these terms and conditions.</p>\r\n<p>ChocoMod makes no representations or warranties of any kind, either express or implied, with respect to website management, services, information, content, materials or products included on this website, including, but not limited to, the implied warranties Because they are valid in the market, they are suitable for a specific purpose, they are in conformity with the specifications, their security, accuracy, or failure to violate the specifications,</p>\r\n<p>9- Limitation of Liability and Compensation:</p>\r\n<p>1. None of these conditions is intended to affect your rights under the law. Use of the Website or any of the services or products is at your own risk. Unless these conditions stipulate otherwise, you will be fully responsible for any loss arising from your use of the website or any of the services or products.</p>\r\n<p>2. ChocoMood, its employees, managers, or any third party under any circumstance and under any legal article, whether in relation to tort liability, contracts, restricted liability, or otherwise, will not be liable to you or any other person for any losses other than Direct, private, incidental, consequential, or compensation of any nature, including, but not limited to, compensation for loss of profits, loss of reputation, loss of data, business interruption, business interruption, or accuracy of search results, even if a Choco representative is notified What the commissioners need to know about the possibility of claiming such compensation,</p>\r\n<p>They arise from the following or relate to:</p>\r\n<p>&bull; using or not being able to use the ChocoMood website;</p>\r\n<p>&bull; Your use of the website or any information, hyperlinks, content contained therein, the services included therein, or rather the information available to you through it or your dependence on it</p>\r\n<p>&bull; The information you provide to ChocoMod, whether personal or otherwise</p>\r\n<p>&bull; Services provided by ChocoMod</p>\r\n<p>&bull; Actions or negligence on the part of ChocoMod. In no case will ChocoMod be liable for any compensation exceeding the amount you paid for the price of the product for which the claim arose. We are discharged by these terms and conditions of all obligations and claims that exceed this limit.</p>\r\n<p>10- General terms and conditions</p>\r\n<p>1. ChocoMod provides any links or references to other websites (&ldquo;hyperlinks&rdquo;) included on the website only for the convenience of you and other website users,</p>\r\n<p>&nbsp;</p>\r\n<p>ChocoMod is not responsible for the content or management of any of these linked websites.</p>\r\n<p>It is also not responsible, either directly or indirectly, for the practices or the content of these privacy-related sites.</p>\r\n<p>In no event should any hyperlinks to these linked websites be construed as endorsement, approval (or representations) or a promotional offer by ChocoMod regarding content, representations, accuracy, or services on such linked websites. These linked websites are used at your own risk and responsibility is incurred. 2. Except as expressly provided otherwise, ChocoMod owns / controls or licenses all copyrights, trademarks, and all other proprietary rights included in the website, including but not limited to all text, images or links.</p>\r\n<p>They represent all product names, trade names, service names, or logos distinct from the surrounding text in terms of form, text, or other (such as large English letters),</p>\r\n<p>(All referred to as \"marks\") are trademarks owned or licensed by ChocoMod, unless otherwise indicated.</p>\r\n<p>The marks on the website are protected in various forms under the laws of the Kingdom of Saudi Arabia and other countries.</p>\r\n<p>None of these marks may be used without the prior written permission of ChocoMod, except for the purpose of identifying the products or services provided by ChocoMod only. ChocoMood expressly reserves all intellectual property rights in all texts, programs, products, processes, technologies and other materials displayed on this website.</p>\r\n<p>&nbsp;Access to this website does not grant any person any license under or under any of the intellectual property rights of ChocoMod or others.</p>\r\n<p>Access to this website does not imply permission to anyone to use any name, logo or mark in any way.</p>\r\n<p>3- You may not copy any of the materials of the website, republish, amend, distribute, separate, divide, reverse engineer, download, publish, broadcast, send, or use for commercial purposes or make the content of the website publicly available, or rather use it in any way. Except for your personal, non-commercial use.</p>\r\n<p>You also agree not to create, alter or create any work derived from the content of the website except for your personal, non-commercial use.</p>\r\n<p>Any other use of the website\'s content is strictly prohibited and such use requires advance written permission from ChocoMod.</p>\r\n<p>4- ChocoMod reserves the right to correct any errors on the website and improve the contents at any time without giving notice.</p>\r\n<p>If you depend on the website and any materials or services available through it, it is at your own risk.</p>\r\n<p>In addition, ChocoMod reserves the right to amend the provisions of any of the services included on this website, set limits on them, or cease operating them at any time without giving you prior notice. Accordingly, you must review the terms and conditions and agree before coming to use the site or purchase.</p>\r\n<p>5- ChocoMod can stop or suspend your access to the entire website or part of it, without giving you a notification, based on any behavior that ChocoMod sees, according to its own discretion, that it constitutes a violation of these conditions or any applicable law or harms the interests of ChocoMod or others .</p>\r\n<p>6- ChocoMood may use cookies or other technologies on this website. Cookies are small files or records that ChocoMode may place on a web browser to collect information about your activities on the website, prepare reports and evaluate trends, and rather monitor the way the website is used.</p>\r\n<p>The goal is to enhance the convenience and comfort of you and to help ChocoMod achieve efficiency in its business.</p>\r\n<p>&nbsp;</p>\r\n<p>And by accepting these terms, make sure that you agree to use ChocoMood for cookies and any other similar technologies intended for these purposes.</p>\r\n<p>7- It is prohibited to violate or attempt to security the website, including, but not limited to,</p>\r\n<p>&bull; Accessing non-user data or logging in to a server or account that the user is not authorized to access</p>\r\n<p>&bull; Trying to perform a check or test to reach a security vulnerability in a system or network or violate security measures or verification procedures without obtaining the necessary permission</p>\r\n<p>&bull; Trying to interfere with a service provided to any user or provided by a host or network, including, but not limited to, via means of sending a virus to the website, overloading, &ldquo;frequent registration&rdquo;, or &ldquo;sending spam In it, \"or\" causing crashes</p>\r\n<p>&bull; Sending unsolicited email messages, including promotions and / or advertising of products or services</p>\r\n<p>&bull; Falsify any IP address / IP address or any part of the information in the address in any email or posted to a newsgroup. System or network violations may lead to civil or criminal accountability.</p>\r\n<p>8- If any provision of these conditions becomes unenforceable for any reason, this provision is subject to amendment to the extent necessary only to become enforceable and the other conditions remain in effect and in effect. Failure of ChocoMod to take action on any breach of these terms on your part or by others does not constitute a waiver and does not set limits to ChocoMod\'s rights in relation to this breach or any other breaches committed at a later time.</p>\r\n<p>9- Your unauthorized use of this website may result in a claim for damages and / or it may be considered a crime.</p>\r\n<p>10- You acknowledge that there is no joint venture, partnership, business relationship or agency relationship between you and ChocoMod as a result of your use of this website.</p>\r\n<p>11. Reference to the website in these terms includes the general address of the website resource (URL) www.chocomood.com and any subsequent general URLs of the website resource (URLs).</p>\r\n<p>11. These conditions</p>\r\n<p>&bull; constitute the full agreement between you and ChocoMod regarding its subject matter and supersede any prior oral or written agreements or understandings related to it</p>\r\n<p>It is governed by the laws of the Kingdom of Saudi Arabia as applied by the courts of the Kingdom of Saudi Arabia.</p>\r\n<p>&bull; It may not be modified, canceled, or ceded verbally</p>\r\n<p>&bull; You may not assign it or resell it, whether in whole or in part, directly or indirectly, pursuant to the law or otherwise. The invalidity of any of these conditions will not affect the validity of the implementation of the remaining conditions in effect. And you agree with us to submit to the exclusive jurisdiction of the courts of the Kingdom of Saudi Arabia.</p>\r\n<p>12. If you do not agree to any of these terms (or you are unable to comply with them), you should not use this website.</p>\r\n<p>13. ChocoMod is not responsible for any delay in the implementation of any part of these conditions as a result of any reason beyond its control and without committing a mistake or negligence on its part, such as the judiciary and destiny, the actions taken by a civil or military authority, the current laws and regulations, amendments thereto, and cases Economic blockade or embargo, epidemics, wars, terrorist acts, riots, revolutions, fires, explosions, earthquakes, nuclear accidents, floods, strikes, power outages, volcanic eruptions, political turmoil, other major environmental disorders, and bad Unusually for weather conditions, electronic piracy, and other illegal activities of others, or their inability to secure products or services provided by other people or transport facilities, or behaviors or negligence on the part of transportation or communications used by public transportation companies , Actions, negligence, overloading or slowing down, either on the Internet or by any third-party Internet service provider.</p>\r\n<p>11- Important information</p>\r\n<p>1. ChocoMod has made every effort to display the colors of the products displayed on the website as accurately as possible. However, given that computer screens differ from each other, ChocoMod cannot guarantee that your screen will display any color accurately.</p>\r\n<p>2. ChocoMod investigates the accuracy of its product description, but ChocoMod does not guarantee that the specifications of its products or any other content on this website will be accurate, complete, reliable, up-to-date or error-free. Please read the information on the product itself.<br /><br /><strong>Delivery Orders :</strong></p>\r\n<p>Book your order before 12:00 PM, and you will receive your products within two to five days.<br />Your delivery details will be displayed on the checkout page while you shop.</p>\r\n<p>&nbsp;</p>\r\n<p>We thank you for your cooperation with us, and we hope that you find this website useful and appropriate to use.</p>', '', 1, '', '', 'This is billing agreement page', '2019-03-14 11:41:29', '2020-10-13 14:38:52', 1, 1);
INSERT INTO `pages_text` (`PageTextID`, `PageID`, `Title`, `Description`, `ShortDescription`, `SystemLanguageID`, `MetaTags`, `MetaKeywords`, `MetaDescription`, `CreatedAt`, `UpdatedAt`, `CreatedBy`, `UpdatedBy`) VALUES
(18, 9, 'الأحكام والشروط', '<blockquote>\r\n<h2 class=\"MsoNormal\" dir=\"RTL\" style=\"margin-bottom: 7.9pt; text-align: right; line-height: normal; background: white; direction: rtl; unicode-bidi: embed;\">تدير شركة شوكو مود، وهي شركة تأسست بموجب قوانين المملكة العربية السعودية (ويُشار إليها فيما يلي باسم \" شوكو مود\" أو \"نحن\")، موقع التجارة الإلكترونية عبر الإنترنت chocomood.com ومجالاته الفرعية المعنية ومواقعه وخدماته وأدواته <br />(\"الموقع الإلكتروني\"). مقدم كخدمة لك، ويهدف إلى تمكينك وتمكين غيرك من المستخدمين من تصفح المنتجات المعروضة للبيع على الموقع الإلكتروني والخدمات الأخرى وطلب شرائها. وتحتفظ شوكو مود بالحق في حذف أي محتوى بالموقع الإلكتروني أو تعديله أو الإضافة إليه في أي وقت ولأي سبب دون توجيه إخطار مسبق، وستبذل جهوداً بالقدر المعقول لتضمين الموقع معلومات دقيقة ومحدثة باستمرار.<br />بصرف النظر عن أي معلومات شفوية أو مكتوبة أو آراء أو تقييمات أو وصف أو استشارات أياً كان نوعها مقدمة من شوكو مود، فإنك توافق على الشروط الواردة أدناه.</h2>\r\n<h2 class=\"MsoNormal\" dir=\"RTL\" style=\"margin-bottom: 7.9pt; text-align: right; line-height: normal; background: white; direction: rtl; unicode-bidi: embed;\">1- &nbsp; &nbsp;الشروط والأحكام</h2>\r\n<h3 class=\"MsoNormal\" dir=\"RTL\" style=\"margin-bottom: 7.9pt; text-align: right; line-height: normal; background: white; direction: rtl; unicode-bidi: embed; padding-right: 30px;\">1. حُررت شروط الاستخدام هذه (\"الشروط\") فيما بينك، بصفتك المستخدم النهائي للموقع الإلكتروني، وبين شوكو مود. قد تستلزم التغييرات الطارئة على القانون أو أعمال شوكو مود إجراء تغييرات على الشروط من حين لآخر (\"الشروط المُعدلة\")، ولذلك فإن شوكو مود تحثك على مراجعة الشروط بصفة دورية للاطلاع على أي تغييرات من هذا القبيل، وتتحمل المسؤولية عن قراءة الشروط و<strong><a style=\"font-family: \'Times New Roman\', serif; font-size: 11px;\" href=\"../../../privacy-policy\">سياسة الخصوصية</a></strong></h3>\r\n<p class=\"MsoNormal\" dir=\"RTL\" style=\"margin-bottom: 7.9pt; line-height: normal; background-image: initial; background-position: initial; background-size: initial; background-repeat: initial; background-attachment: initial; background-origin: initial; background-clip: initial; direction: rtl; unicode-bidi: embed;\">&nbsp;</p>\r\n<h3 class=\"MsoNormal\" dir=\"RTL\" style=\"margin-bottom: 7.9pt; text-align: right; line-height: normal; background: white; direction: rtl; unicode-bidi: embed; padding-right: 30px;\">&nbsp;بالموقع قراءةً متأنية والموافقة عليها وقبولها في كل مرة تستخدم فيها الموقع الإلكتروني، واستخدامك المستمر للموقع الإلكتروني يعني قبولك للامتثال لأحدث نسخة من الشروط. في حالة عدم موافقتك على (أو عدم قدرتك على الامتثال) للشروط، لا تستخدم هذا الموقع الإلكتروني.</h3>\r\n<h3 class=\"MsoNormal\" dir=\"RTL\" style=\"margin-bottom: 7.9pt; text-align: right; line-height: normal; background: white; direction: rtl; unicode-bidi: embed; padding-right: 30px;\">2. إذا قررت التسجيل بالموقع الإلكتروني، سيكون عليك في وقت التسجيل بالموقع وبصفتك مستخدماً مسجلاً، قراءة هذه الشروط قراءةً متأنية وقبولها. سيتم تنبيهك في كل مرة يطرأ فيها تغيير على الشروط لقبول الشروط المعدلة قبل أن تتمكن من مواصلة إجراء شراء منتج من الموقع الإلكتروني.</h3>\r\n<h2 class=\"MsoNormal\" dir=\"RTL\" style=\"margin-bottom: 7.9pt; text-align: right; line-height: normal; background: white; direction: rtl; unicode-bidi: embed;\">2- &nbsp; &nbsp; سلوك ومحتوى المستخدم</h2>\r\n<h3 class=\"MsoNormal\" dir=\"RTL\" style=\"margin-bottom: 7.9pt; text-align: right; line-height: normal; background: white; direction: rtl; unicode-bidi: embed; padding-right: 30px;\">1. توافق على الامتثال لجميع القوانين السارية في المملكة العربية السعودية باستخدامك للموقع الإلكتروني، وتقر بأنك تتحمل المسؤولية كاملةً عن ضمان كونك قد اطلعت على هذه المتطلبات وامتثالك بها.</h3>\r\n<h3 class=\"MsoNormal\" dir=\"RTL\" style=\"margin-bottom: 7.9pt; text-align: right; line-height: normal; background: white; direction: rtl; unicode-bidi: embed; padding-right: 30px;\">2. قد يوفر الموقع الإلكتروني فرصاً للمستخدمين لنشر التعقيبات والتعليقات الأخرى والأسئلة والاقتراحات والمعلومات الأخرى على هذا الموقع الإلكتروني أو من خلاله عبر البريد الإلكتروني أو الهاتف، أو التي يتم الإفصاح عنها خلاف ذلك أو تقديمها أو عرضها فيما يتعلق باستخدامك للموقع الإلكتروني. وتضمن أنت صحة أي محتوى مستخدم من هذا القبيل أدرجته بالموقع الإلكتروني (وأنه لا يخل بحقوق الملكية الفكرية للغير)، وتمنح بموجبه شوكو مود حقاً دائماً وغير قابل للرجوع فيه وغير حصري وبدون أي رسوم وقابل للتحويل ورخصة لاستخدام محتوى المستخدم المذكور الخاص بك على النحو الذي ترغب به شوكو مود ، بما في ذلك على سبيل المثال لا الحصر، القيام بنسخ محتوى المستخدم المذكور و/أو تعديله و/أو حذفه برمته أو/و تهيئته و/أو نشره و/أو ترجمته و/أو نسخ أعمال مشتقة منه و/أو بيعه و/أو توزيع محتوى المستخدم هذا و/أو دمج محتوى المستخدم هذا مع أي نموذج أو وسائط أو تقنية على مستوى العالم، دون الرجوع إليك مجدداً، وتتنازل بموجبه عن أي حقوق أدبية في محتوى المستخدم هذا. توافق على أنك لن تنشر أي محتوى يخالف الأخلاق العامة أو ينطوي على تشهير أو إثارة للشغب أو يمثل خرقاً لحقوق الملكية الفكرية أو قد يخل خلاف ذلك بالأداب العامة أو يخالف القانون.</h3>\r\n<h3 class=\"MsoNormal\" dir=\"RTL\" style=\"margin-bottom: 7.9pt; text-align: right; line-height: normal; background: white; direction: rtl; unicode-bidi: embed; padding-right: 30px;\">3. يحق لشوكو مود استخدام أي محتوى مستخدم أدرجته لأي غرض كان أو إعادة إنتاجه أو الإفصاح عنه أو تعديله أو تهيئته أو نسخ أعمال مشتقة منه أو نشره أو عرضه أو توزيعه، دون قيد ودون أي تعويض لك بأي شكل من الأشكال. لا تلتزم شوكو مود بأي شكل من الأشكال بما يلي:&nbsp;</h3>\r\n<h3 class=\"MsoNormal\" dir=\"RTL\" style=\"margin-bottom: 7.9pt; text-align: right; line-height: normal; background: white; direction: rtl; unicode-bidi: embed; padding-right: 30px;\">&bull; الحفاظ على سرية أي محتوى مستخدم؛&nbsp;<br />&bull; صرف أي تعويضات إلى مستخدم عن أي محتوى مستخدم؛&nbsp;<br />&bull; الرد على أي محتوى مستخدم.</h3>\r\n<h3 class=\"MsoNormal\" dir=\"RTL\" style=\"margin-bottom: 7.9pt; text-align: right; line-height: normal; background: white; direction: rtl; unicode-bidi: embed; padding-right: 30px;\">4. توافق على ألا يكون أي محتوى مستخدم تدرجه بالموقع الإلكتروني مخالفاً للشروط أو أي حق للغير، بما يشمل على سبيل المثال لا الحصر، حقوق الطبع والنشر والعلامات التجارية والحقوق المتعلقة بالسرية وغيرها من الحقوق الشخصية أو حقوق الملكية الأخرى، وألا تتسبب في ضرر إلى أي شخص أو جهة.</h3>\r\n<h3 class=\"MsoNormal\" dir=\"RTL\" style=\"margin-bottom: 7.9pt; text-align: right; line-height: normal; background: white; direction: rtl; unicode-bidi: embed; padding-right: 30px;\">توافق كذلك على ألا يعتبر أو ينطوي أي محتوى مستخدم تدرجه بالموقع على قذف أو تشهير أو خلاف ذلك مواد مخالفة للقانون أو وعيد أو إساءة أو مواد مخلة بالآداب وألا تتضمن فيروسات برمجية أو حملات سياسية أو عروض تجارية أو رسائل تسلسلية أو رسائل البريد الإلكتروني الجماعية أو أي شكل من أشكال \"البريد العشوائي\".</h3>\r\n<h3 class=\"MsoNormal\" dir=\"RTL\" style=\"margin-bottom: 7.9pt; text-align: right; line-height: normal; background: white; direction: rtl; unicode-bidi: embed; padding-right: 30px;\">5. لا تراجع شوكو مود بصفة منتظمة محتوى المستخدم المنشور، ولكنها تحتفظ بالحق (دون إلزامها) بمراقبة أو تنقيح أو إزالة أي محتوى مستخدم مُدرج بالموقع الإلكتروني.</h3>\r\n<h3 class=\"MsoNormal\" dir=\"RTL\" style=\"margin-bottom: 7.9pt; text-align: right; line-height: normal; background: white; direction: rtl; unicode-bidi: embed; padding-right: 30px;\">تمنح شوكو مود الحق في استخدام الاسم الذي تدرجه فيما يتعلق بأي محتوى مستخدم، وتوافق على ألا تستخدم أي عنوان بريد إلكتروني مزيف أو انتحال صفة أي شخص أو جهة أو أي تضليل آخر فيما يتعلق بالمصدر الأصلي لأي محتوى مستخدم، وتوافق على تعويض شوكو مود عن أي دعاوى تنشئ عن أي محتوى مستخدم تقوم بإدراجه، ولا تتحمل شوكو مود أي مسؤولية أو التزام عن أي محتوى مستخدم تدرجه أنت أو أي من الغير.</h3>\r\n<h2 class=\"MsoNormal\" dir=\"RTL\" style=\"margin-bottom: 7.9pt; text-align: right; line-height: normal; background: white; direction: rtl; unicode-bidi: embed;\">3- &nbsp; &nbsp; الحساب والمستخدم المسجل:</h2>\r\n<h3 class=\"MsoNormal\" dir=\"RTL\" style=\"margin-bottom: 7.9pt; text-align: right; line-height: normal; background: white; direction: rtl; unicode-bidi: embed; padding-right: 30px;\">1. من أجل شراء أي منتجات من الموقع الإلكتروني، يمكنك إما أن تسجل في الموقع وتنشئ حساباً مؤمناً بكلمة المرور او قم بتسجيل الدخول في الموقع إذا كنت تمتلك حساب مسبقا.</h3>\r\n<h3 class=\"MsoNormal\" dir=\"RTL\" style=\"margin-bottom: 7.9pt; text-align: right; line-height: normal; background: white; direction: rtl; unicode-bidi: embed; padding-right: 30px;\">أي حساب تنشئه يعتبر حساباً شخصياً لك، ولا يجوز لك نقله إلى أي شخص آخر. تكتمل عملية تسجيلك للدخول وتقديم أمر الشراء بعد قبولك للشروط، وتُطبق الشروط في كل مرة تقدم فيها أمراً لشراء أي منتج من البريد الإلكتروني.</h3>\r\n<h3 class=\"MsoNormal\" dir=\"RTL\" style=\"margin-bottom: 7.9pt; text-align: right; line-height: normal; background: white; direction: rtl; unicode-bidi: embed; padding-right: 30px;\">2. تسجيل الدخول لمرة واحدة:&nbsp;<br />يوفر موقعنا خاصية تسجيل الدخول لمرة واحدة للموقع الإلكتروني لشوكو مود على مستوى المملكة العربية السعودية فقط والمنصات الإلكترونية عبر الإنترنت لشوكو مود.&nbsp;<br />يمكنك بذلك بعد التسجيل لمرة واحدة في موقعنا الإلكتروني المشاركة في أن تسجل الدخول في موقعنا الإلكتروني، دون أن تضطر إلى إجراء تسجيل آخر وتسجيل للدخول في كل مرة من الاستخدام.&nbsp;<br />توفر خاصية تسجيل الدخول لمرة واحدة ميزة التمتع بهوية واحدة، وهي أساس تعرف الموقع الإلكتروني عليك وتحققه من هويتك.&nbsp;</h3>\r\n<h3 class=\"MsoNormal\" dir=\"RTL\" style=\"margin-bottom: 7.9pt; text-align: right; line-height: normal; background: white; direction: rtl; unicode-bidi: embed; padding-right: 30px;\">3. في حالة تسجيل وإنشاء حساب، فإنك تصبح \"مستخدماً مسجلاً\"، ويُشترط لكي تصبح مستخدماً مسجلاً أو لكي تتقدم بأمر شراء لأي منتج من الموقع الإلكتروني أن يكون عمرك 18 عاماً أو أكثر، وأن تقدم معلومات عنك حقيقية ودقيقة وحالية وكاملة في كل تفاصيلها (بما في ذلك الاسم وتاريخ الميلاد وعنوان البريد الإلكتروني وبيانات البطاقة الائتمانية وغيرها من البيانات) على النحو المطلوب في أثناء عملية إنشاء الحساب أو في وقت تقديم أمر الشراء في الموقع الإلكتروني.<br />في حالة كنت أقل من 18 عاماً، لا يمكنك استخدام هذا الموقع الإلكتروني إلا تحت إشراف أحد والديك أو الولي الشرعي الذي&nbsp;يوافق على الالتزام بهذه الشروط.<br />إذا كنت أحد الوالدين أو ولياً شرعياً توافق على هذه الشروط بالنيابة عن شخص يقل عمره عن 18 عاماً، فإنك تتحمل المسؤولية كاملةً عن استخدامه لهذا الموقع الإلكتروني، بما في ذلك المصروفات المالية والمسؤولية القانونية التي يتحملهاهو.&nbsp;<br />تحتفظ شوكو مود بالحق في رفض تقديم الخدمة أو إلغاء الحسابات أو إلغاء أوامر الشراء وفق تقديرها المطلق اما للأسباب التي تم ذكرها أعلاه او لأي سبب اخر تراه شوكو مود مخالفا لسياستها</h3>\r\n<h3 class=\"MsoNormal\" dir=\"RTL\" style=\"margin-bottom: 7.9pt; text-align: right; line-height: normal; background: white; direction: rtl; unicode-bidi: embed; padding-right: 30px;\">4. من خلال تسجيلك في الموقع الإلكتروني واستخدامك له، فإنك تضمن أن المعلومات التي قدمتها في أثناء عملية التسجيل أو في أثناء تقديم أمر الشراء لأي منتج من الموقع الإلكتروني كضيف هي معلومات حقيقية ودقيقة وحالية وكاملة في كل جوانبها، وتتعهد بضمان تحديث هذه المعلومات وتوافق على التعامل فيما يتعلق بهذه المعلومات بمقتضى&nbsp;<a style=\"font-family: \'Times New Roman\', serif; font-size: 11px;\" href=\"../../../privacy-policy\">سياسة الخصوصية</a>.</h3>\r\n<h3 class=\"MsoNormal\" dir=\"RTL\" style=\"margin-bottom: 7.9pt; text-align: right; line-height: normal; background: white; direction: rtl; unicode-bidi: embed; padding-right: 30px;\">5. تتحمل المسؤولية عن الحفاظ على سرية حسابك وكلمة مرورك وتقييد استخدام حاسبك الآلي الشخصي أو جهازك الإلكتروني أو أي جهاز متحرك أو لاسلكي آخر، وتوافق على تحمل المسؤولية عن جميع الأنشطة التي تتم تحت حسابك وكلمة مرورك.<br />لا تتحمل شوكو مود أي مسؤولية تجاه أي شخص عن أي خسارة أو ضرر قد ينشأ عن أي إخفاق من جانبك في حماية كلمة مرورك أو حسابك. إذا تبين لشوكو مود لأي سبب أنه من المحتمل خرق الأمن أو إساءة استخدام الموقع الإلكتروني، يجوز لنا عندئذٍ أن نطالبك بتغيير كلمة مرورك أو تعليق حسابك دون تحمل أي مسؤولية عن ذلك.</h3>\r\n<h2 class=\"MsoNormal\" dir=\"RTL\" style=\"margin-bottom: 7.9pt; text-align: right; line-height: normal; background: white; direction: rtl; unicode-bidi: embed;\">4- &nbsp; &nbsp; الخدمات وأوامر الشراء وتحديد الأسعار والسداد:</h2>\r\n<h3 class=\"MsoNormal\" dir=\"RTL\" style=\"margin-bottom: 7.9pt; text-align: right; line-height: normal; background-image: initial; background-position: initial; background-size: initial; background-repeat: initial; background-attachment: initial; background-origin: initial; background-clip: initial; direction: rtl; unicode-bidi: embed; padding-right: 30px;\">1.تتضمن&nbsp;الخدمات:&nbsp;</h3>\r\n<h3 class=\"MsoNormal\" dir=\"RTL\" style=\"margin-bottom: 7.9pt; text-align: right; line-height: normal; background: white; direction: rtl; unicode-bidi: embed; padding-right: 30px;\">&bull; إتاحة الموقع الإلكتروني لك لشراء أي منتجات&nbsp;<br />&bull; تأمين شركة لوجستيات ذات خبرة في جمع ونقل المنتجات المشتراه وتسليمها لك (الخدمات اللوجستية)،<br />&bull; (دعم عملاء شوكو مود )، مما سيتيح لك (التواصل مع شوكو مود من خلال البريد الإلكتروني) لطرح أي استفسارات لديك فيما يتعلق بالمنتج (المنتجات) التي اشتريتها.</h3>\r\n<h3 class=\"MsoNormal\" dir=\"RTL\" style=\"margin-bottom: 7.9pt; text-align: right; line-height: normal; background: white; direction: rtl; unicode-bidi: embed; padding-right: 30px;\">2. توافق على سداد المبلغ كاملاً المستحق لقاء المنتج على النحو المُبين أثناء عملية تقديم أمر الشراء، بما في ذلك تكلفة ومصروفات النقل المتكبدة فيما يتعلق بأمر الشراء هذا.</h3>\r\n<h3 class=\"MsoNormal\" dir=\"RTL\" style=\"margin-bottom: 7.9pt; text-align: right; line-height: normal; background: white; direction: rtl; unicode-bidi: embed; padding-right: 30px;\"><strong>&nbsp;جميع الأسعار مُبينة بالريال السعودي وقد تختلف؟؟؟ .</strong></h3>\r\n<h3 class=\"MsoNormal\" dir=\"RTL\" style=\"margin-bottom: 7.9pt; text-align: right; line-height: normal; background: white; direction: rtl; unicode-bidi: embed; padding-right: 30px;\">3. لن تقبل شوكو مود أمر شرائك للمنتجات في حالة:</h3>\r\n<h3 class=\"MsoNormal\" dir=\"RTL\" style=\"margin-bottom: 7.9pt; text-align: right; line-height: normal; background: white; direction: rtl; unicode-bidi: embed; padding-right: 30px;\">&bull; نفاد المنتج (المنتجات) من المخزون.<br />&bull; لم يتسن لشوكو مود الحصول على إذن بالدفع من جانبك.<br />&bull; سريان قيود الشحن على منتج معين أو صعوبة الوصول للعنوان.<br />&bull; إذا تبين لشوكو مود وجود خطأ بمنتج أو بالسعر.<br />&bull; لأي سبب آخر وفقاً لما يتراءى لشوكو مود وحدها. وستخطرك شوكو مود، في أي حالة من الحالات التالية بعدم قبول أمر شرائك، ولن تقوم بمباشرة عملية السداد، ولن تتحمل المسؤولية تجاهك أو تجاه الغير نتيجة قرارنا برفض مباشرة أمر الشراء أو إلغاءه أو تعليق أي معاملة بعد بدء مباشرة الأمر.</h3>\r\n<h3 class=\"MsoNormal\" dir=\"RTL\" style=\"margin-bottom: 7.9pt; text-align: right; line-height: normal; background: white; direction: rtl; unicode-bidi: embed; padding-right: 30px;\">4. قد يقع خطأ في الإرسال تتعطل على إثره عملية الشراء (وذلك لجراء اهمال موظف ما),ويجب عليك التعاون مع شوكو مود لحل هذه المشكلات، وتوافق على أن شوكو مود تتمتع بكامل الصلاحية لاتخاذ القرار الملائم في مثل هذه الحالات.&nbsp;</h3>\r\n<h3 class=\"MsoNormal\" dir=\"RTL\" style=\"margin-bottom: 7.9pt; text-align: right; line-height: normal; background: white; direction: rtl; unicode-bidi: embed; padding-right: 30px;\">5. تخضع جميع المدفوعات التي تتم عن طريق البطائق الائتمانية/ بطاقات الخصم المباشر للتحقق من صحتها من خلال جهة الإصدار وعبر بوابة الدفع.&nbsp;<br />في حالة رفض جهة الإصدار إعطاء إذن بالسداد، ستلغي شوكو مود أمر شرائك وتتواصل معك لإيجاد وسيلة سداد بديلة.&nbsp;<br />لا تتحمل شوكو مود المسؤولية إذا أسفر ذلك عن تأخر إرسال منتجاتك.</h3>\r\n<h3 class=\"MsoNormal\" dir=\"RTL\" style=\"margin-bottom: 7.9pt; text-align: right; line-height: normal; background: white; direction: rtl; unicode-bidi: embed; padding-right: 30px;\">6. يجب أن تكون جميع المعلومات المتعلقة بإعداد الفواتير والتسجيل صحيحة ودقيقة، ويعتبر تقديم أي معلومات غير صحيحة أو غير دقيقة خرقاً لهذه الشروط.<br />عند تأكيد أمر شرائك في نهاية العملية، فإنك توافق على قبول المنتج (المنتجات) المطلوبة وسداد قيمتها.</h3>\r\n<h3 class=\"MsoNormal\" dir=\"RTL\" style=\"margin-bottom: 7.9pt; text-align: right; line-height: normal; background: white; direction: rtl; unicode-bidi: embed; padding-right: 30px;\">7. قد تشكل بعض أوامر الشراء بعينها استخداماً غير ملائم للموقع الإلكتروني وخدماته، وتحتفظ شوكو مود بالحق، وفق تقديرها المطلق، في رفض أو إلغاء أي أمر شراء لأي سبب.<br />يجوز لشوكو مود، وفق تقديرها المطلق، حظر حسابك أو إلغاءه لأي سبب والاشعار بذلك.</h3>\r\n<h3 class=\"MsoNormal\" dir=\"RTL\" style=\"margin-bottom: 7.9pt; text-align: right; line-height: normal; background: white; direction: rtl; unicode-bidi: embed; padding-right: 30px;\">8. في حالة إدراج سعر غير صحيح على أحد المنتجات نتيجة خطأ في التسعير او جراء خطاء بشري، يحق لشوكو مود، وفق تقديرها المطلق، رفض أو إلغاء أي أمر شراء مقدم لهذا المنتج.&nbsp;<br />في حالة وجود خطأ في تسعيرة المنتج، يحق لشوكو مود، وفق تقدير شوكو مود، إما أن تتصل بك للحصول على تعليماتك أو تلغي أمر شرائك وتخطرك بهذا الإلغاء.</h3>\r\n<h3 class=\"MsoNormal\" dir=\"RTL\" style=\"margin-bottom: 7.9pt; text-align: right; line-height: normal; background: white; direction: rtl; unicode-bidi: embed; padding-right: 30px;\">9. ستبذل شوكو مود جهوداً معقولةً لتقديم أسعار جذابة على الموقع الإلكتروني وفي المتاجر الخاصة بها، غير أن السعر المنتج الموجود على الإنترنت قد يختلف عن السعر المتاح في المتجر.</h3>\r\n<h3 class=\"MsoNormal\" dir=\"RTL\" style=\"margin-bottom: 7.9pt; text-align: right; line-height: normal; background: white; direction: rtl; unicode-bidi: embed; padding-right: 30px;\">10.&nbsp;تحتفظ شوكو مود، وفق تقديرها المطلق، في وضع حد لكم المنتجات المشتراة لكل شخص أو لكل أسرة أو لكل أمر شراء، وقد تسري هذه القيود على أمر الشراء المقدم من الحساب نفسه أو البطاقة الائتمانية ذاتها، وكذا على أوامر الشراء التي تستخدم الفاتورة نفسها أو عنوان الشحن مع الاخطار.</h3>\r\n<h2 class=\"MsoNormal\" dir=\"RTL\" style=\"margin-bottom: 7.9pt; text-align: right; line-height: normal; background: white; direction: rtl; unicode-bidi: embed;\">5- &nbsp; &nbsp;الشحن:</h2>\r\n<h3 class=\"MsoNormal\" dir=\"RTL\" style=\"margin-bottom: 7.9pt; text-align: right; line-height: normal; background: white; direction: rtl; unicode-bidi: embed; padding-right: 30px;\">1. حتى تتمكن شوكو مود من اتخاذ ما يلزم لتسليم أي منتجات قمت بشرائها إليك، فإنك تتحمل المسؤولية بمفردك عن تقديم البيانات البريدية الصحيحة والدقيقة.</h3>\r\n<h3 class=\"MsoNormal\" dir=\"RTL\" style=\"margin-bottom: 7.9pt; text-align: right; line-height: normal; background: white; direction: rtl; unicode-bidi: embed; padding-right: 30px;\">2. تنتقل مخاطر الخسارة للمنتجات التي تشتريها عبر الموقع الإلكتروني وملكيتها إليك فور استلامك للمنتجات التي اشتريتها من قبل مورد الخدمات اللوجستية</h3>\r\n<h3 class=\"MsoNormal\" dir=\"RTL\" style=\"margin-bottom: 7.9pt; text-align: right; line-height: normal; background: white; direction: rtl; unicode-bidi: embed; padding-right: 30px;\">3. لا تتحمل شوكو مود المسؤولية عن أي تأخيرات في شحن المنتج (المنتجات) التي طلبتها أو اشتريتها أو المنتج (المنتجات) المفقودة أو الضائعة أو المنتج (المنتجات) المُسلمة إليك بطريقة غير سليمة، نتيجة خطأ من قبلك أو جراء عدم دقة أو عدم صحة أو نقصان المعلومات التي قدمته نظرا لتقديم الخدمة عبر الغير.</h3>\r\n<h3 class=\"MsoNormal\" dir=\"RTL\" style=\"margin-bottom: 7.9pt; text-align: right; line-height: normal; background: white; direction: rtl; unicode-bidi: embed; padding-right: 30px;\">4. تخضع جميع المنتجات لمراقبة الجودة وفحصها للتأكد من خلوها من العيوب قبل إرسالها إليك. وفي حالة استلامك لمنتج حالته غير مثالية، يُرجى (<strong style=\"font-size: 11px;\"><span>&nbsp;</span></strong><strong style=\"font-size: 11px;\"><span><a href=\"Coco%20Mood.com\"><span>الكتابة لنا</span></a></span></strong>) على الفور والترتيب لإعادة المنتج المعيب إلينا.</h3>\r\n</blockquote>\r\n<div style=\"text-align: right;\">\r\n<blockquote>\r\n<h2 class=\"MsoListParagraph\" dir=\"RTL\" style=\"mso-add-space: auto; text-align: right; text-indent: -.25in; line-height: normal; mso-list: l1 level1 lfo1; background: white; direction: rtl; unicode-bidi: embed; margin: 0in .25in 7.9pt 0in;\">6- &nbsp; &nbsp;المرتجعات:</h2>\r\n<h3 class=\"MsoListParagraph\" dir=\"RTL\" style=\"margin: 0in 0.25in 7.9pt 0in; text-indent: -0.25in; line-height: normal; background-image: initial; background-position: initial; background-size: initial; background-repeat: initial; background-attachment: initial; background-origin: initial; background-clip: initial; direction: rtl; unicode-bidi: embed; padding-right: 30px;\">1. ترغب شوكو مود في أن تحظى بتجربة شراء سعيدة، فإذا لم تشعر بالرضا التام لأي سبب من الأسباب حيال مشترياتك، سترد شوكو مود إليك قيمة مشترياتك في غضون أربعة عشرة (14) يوماً من تسليم منتجاتك المشتراة.&nbsp;</h3>\r\n<h3 class=\"MsoListParagraph\" dir=\"RTL\" style=\"margin: 0in 0.25in 7.9pt 0in; text-indent: -0.25in; line-height: normal; background-image: initial; background-position: initial; background-size: initial; background-repeat: initial; background-attachment: initial; background-origin: initial; background-clip: initial; direction: rtl; unicode-bidi: embed; padding-right: 30px;\">2. يُرجى الاطلاع على سياسة الاستبدال الارجاع المتاحة على الموقع الإلكتروني والمعلومات المهمة.<br />&nbsp;المنتجات المشتراة عبر الموقع الإلكتروني والتي يتم إرجاعها يجب أن تكون على حالتها الجديدة لم يسبق استخدامها وفي عبوتها الأصلية مقترنةً بالفاتورة الأصلية، على أن تكون جميع بطاقات المنتج لازالت مثبتة في مكانها. قد لا تقبل شوكو مود استلام المرتجعات التالفة أو التي طرأ عليها تغيير من قبلكم وقد يتم إرسالها إليك ورفض الارجاع.</h3>\r\n<h3 class=\"MsoListParagraph\" dir=\"RTL\" style=\"margin: 0in 0.25in 7.9pt 0in; text-indent: -0.25in; line-height: normal; background-image: initial; background-position: initial; background-size: initial; background-repeat: initial; background-attachment: initial; background-origin: initial; background-clip: initial; direction: rtl; unicode-bidi: embed; padding-right: 30px;\">3. سترد قيمة جميع المنتجات المرتجعة بطريقة سليمة إلى المالك الأصلي وتقيد في حساب بطاقة الائتمان/ بطاقة الخصم المباشر المعنية أو الحساب المصرفي للمعاملة بعد خصم الرسوم المصرفية المُطبقة (إن وجدت). إذا تبين لك خطأ في قيمة المشتريات المردودة إليك، يُرجى (<strong style=\"text-indent: -0.25in; font-size: 11px;\"><span>&nbsp;</span></strong><strong style=\"text-indent: -0.25in; font-size: 11px;\"><span><a href=\"Coco%20Mood.com\"><span>الكتابة لنا</span></a></span></strong>).</h3>\r\n<h3 class=\"MsoListParagraph\" dir=\"RTL\" style=\"margin: 0in 0.25in 7.9pt 0in; text-indent: -0.25in; line-height: normal; background-image: initial; background-position: initial; background-size: initial; background-repeat: initial; background-attachment: initial; background-origin: initial; background-clip: initial; direction: rtl; unicode-bidi: embed; padding-right: 30px;\">4. يُرجى ملاحظة أن رد قيمة المشتريات على البطاقة قد يستغرق حتى ثلاثين (30) يوم عمل حتى يتسنى للبنك الخاص بك استكمال الإجراءات، استناداً إلى وقت مباشرة الإجراءات، وقد تختلف هذه المدة اختلافاً كبيراً فيما بين جهات إصدار البطاقات، ولذا فإن شوكو مود&nbsp; لن تتحمل أي مسؤولية عن أي تأخيرات في رد المدفوعات من جانب شركات إصدار البطاقات، ولا تقدم شوكو مود&nbsp; أي ضمانات من أي نوع عن صحة المبالغ المردودة أو توقيت وصولها إلى بطاقة / الحساب المصرفي للعملاء، وذلك نظراً لتعدد المؤسسات المعنية في مباشرة إجراءات المعاملات عبر الإنترنت ومشكلات البنية التحتية للإنترنت المتوافرة في الوقت الحالي وأيام عمل/ إجازات المؤسسات المالية.</h3>\r\n<h2 class=\"MsoListParagraph\" dir=\"RTL\" style=\"margin: 0in 0.25in 7.9pt 0in; text-indent: -0.25in; line-height: normal; background-image: initial; background-position: initial; background-size: initial; background-repeat: initial; background-attachment: initial; background-origin: initial; background-clip: initial; direction: rtl; unicode-bidi: embed;\">7- &nbsp; &nbsp;الشحن:</h2>\r\n<h3 class=\"MsoListParagraph\" dir=\"RTL\" style=\"margin: 0in 0.25in 7.9pt 0in; text-indent: -0.25in; line-height: normal; background-image: initial; background-position: initial; background-size: initial; background-repeat: initial; background-attachment: initial; background-origin: initial; background-clip: initial; direction: rtl; unicode-bidi: embed; padding-right: 30px;\">في أثناء استخدامك للموقع الإلكتروني، سنجمع منك بعض المعلومات التي سيجري التعامل معها وفقاً لسياسة الخصوصية. يُرجى الاطلاع على سياسة الخصوصية المتاحة عبر الموقع الإلكتروني.</h3>\r\n<h2 class=\"MsoListParagraph\" dir=\"RTL\" style=\"margin: 0in 0.25in 7.9pt 0in; text-indent: -0.25in; line-height: normal; background-image: initial; background-position: initial; background-size: initial; background-repeat: initial; background-attachment: initial; background-origin: initial; background-clip: initial; direction: rtl; unicode-bidi: embed;\">8- &nbsp; &nbsp;ابراء المسؤليةوالضمانات:</h2>\r\n<h3 class=\"MsoListParagraph\" dir=\"RTL\" style=\"margin: 0in 0.25in 7.9pt 0in; text-indent: -0.25in; line-height: normal; background-image: initial; background-position: initial; background-size: initial; background-repeat: initial; background-attachment: initial; background-origin: initial; background-clip: initial; direction: rtl; unicode-bidi: embed; padding-right: 30px;\">1. لا تضمن شوكو مود، وفقاً للحد الأقصى المسموح به قانوناً، استمرار عمل الموقع الإلكتروني أو أي من الخدمات أو المنتجات المتاحة من خلاله أو خلوها من الأخطاء، فقد يشوب بعض المواد أو الخدمات المتاحة عبر الموقع الإلكتروني حالات تأخير أو أخطاء أو أعطال أو قد تخلو من الدقة، كما لا تضمن شوكو مود استيفاء الخدمات لأي معايير محددة للأداء أو الجودة.</h3>\r\n<h3 class=\"MsoListParagraph\" dir=\"RTL\" style=\"margin: 0in 0.25in 7.9pt 0in; text-indent: -0.25in; line-height: normal; background-image: initial; background-position: initial; background-size: initial; background-repeat: initial; background-attachment: initial; background-origin: initial; background-clip: initial; direction: rtl; unicode-bidi: embed; padding-right: 30px;\">2. لا تقدم شوكو مود أي إقرار أو ضمان بشأن دقة أو اكتمال أو صحة توقيت أو موثوقية أو عدم انتهاك أي محتوى متاح على الموقع الإلكتروني أو خدمات متاحة من خلاله.</h3>\r\n<h3 class=\"MsoListParagraph\" dir=\"RTL\" style=\"margin: 0in 0.25in 7.9pt 0in; text-indent: -0.25in; line-height: normal; background-image: initial; background-position: initial; background-size: initial; background-repeat: initial; background-attachment: initial; background-origin: initial; background-clip: initial; direction: rtl; unicode-bidi: embed; padding-right: 30px;\">3. على الرغم من أن شوكو مود تعتزم اتخاذ خطوات معقوله للحيلولة دون وصول أي فيروسات أو فيروسات متنقلة أو كود ضار إلى الموقع، فإن شوكو مود لا تقر أو تضمن خلو الموقع الإلكتروني أو الخدمات أو الخصائص أو المواد التي قد تُتاح من خلال الموقع الإلكتروني من الخصائص الاتلافية، ولا تتحمل شوكو مود المسؤولية عن أي تلفيات أو أضرار يكون مردودها لهذه الخصائص.</h3>\r\n<h3 class=\"MsoListParagraph\" dir=\"RTL\" style=\"margin: 0in 0.25in 7.9pt 0in; text-indent: -0.25in; line-height: normal; background-image: initial; background-position: initial; background-size: initial; background-repeat: initial; background-attachment: initial; background-origin: initial; background-clip: initial; direction: rtl; unicode-bidi: embed; padding-right: 30px;\">4. وسائل إرسال البيانات الإلكترونية بما فيها الإنترنت هي وسائل تواصل عامة وأي استخدام لمثل هذه الوسائل يكون عاماً وليس خاصاً، والمعلومات التي تتعلق بهذا الاستخدام أو تنشأ عنه إما تكون عامةً أو ترجع ملكيتها للأطراف التي تجمعها وليست معلومات شخصية أو خاصة. وعليه، لا تضمن شوكو مود أمن أو سرية أي معلومات ترسلها إلى الموقع الإلكتروني ولا يمكنها التأكد من ذلك.&nbsp;<br />وبالتالي يكون إرسال أي معلومات إلى الموقع الإلكتروني على مسؤوليتك الخاصة.</h3>\r\n<h3 class=\"MsoListParagraph\" dir=\"RTL\" style=\"margin: 0in 0.25in 7.9pt 0in; text-indent: -0.25in; line-height: normal; background-image: initial; background-position: initial; background-size: initial; background-repeat: initial; background-attachment: initial; background-origin: initial; background-clip: initial; direction: rtl; unicode-bidi: embed; padding-right: 30px;\">5. تقدم شوكو مود هذا الموقع الإلكتروني وهذه الخدمات على أساسين هما \"حسب الوضع الحالي\" و\"حسبما تتاح\"، وذلك باستثناء ما ورد صراحةً في هذه الشروط والأحكام.<br />ولا تقدم شوكو مود أي إقرارات أو ضمانات من أي نوع، سواءً صريحة أو ضمنية، فيما يتعلق بإدارة الموقع الإلكتروني أو الخدمات أو المعلومات أو المحتوى أو المواد أو المنتجات المتضمنة في هذا الموقع الإلكتروني، بما في ذلك، على سبيل المثال لا الحصر، الضمانات الضمنية لصلاحية عرضها في السوق وملاءمتها لغرض معين أو مطابقتها للمواصفات أو أمنها أو دقتها أو عدم إخلالها بالمواصفات،&nbsp;</h3>\r\n<h2 class=\"MsoListParagraph\" dir=\"RTL\" style=\"margin: 0in 0.25in 7.9pt 0in; text-indent: -0.25in; line-height: normal; background-image: initial; background-position: initial; background-size: initial; background-repeat: initial; background-attachment: initial; background-origin: initial; background-clip: initial; direction: rtl; unicode-bidi: embed;\">9- حدود المسؤولية والتعويض :</h2>\r\n<h3 class=\"MsoListParagraph\" dir=\"RTL\" style=\"margin: 0in 0.25in 7.9pt 0in; text-indent: -0.25in; line-height: normal; background-image: initial; background-position: initial; background-size: initial; background-repeat: initial; background-attachment: initial; background-origin: initial; background-clip: initial; direction: rtl; unicode-bidi: embed; padding-right: 30px;\">1. ليس الهدف من أي من هذه الشروط التأثير على حقوقك بموجب القانون. ويكون استخدام الموقع الإلكتروني أو أي من الخدمات أو المنتجات على مسؤوليتك الخاصة. وما لم تنص هذه الشروط على خلاف ذلك ستتحمل المسؤولية كاملةً عن أي خسارة تنشأ عن استخدامك للموقع الإلكتروني أو أي من الخدمات أو المنتجات.</h3>\r\n<h3 class=\"MsoListParagraph\" dir=\"RTL\" style=\"margin: 0in 0.25in 7.9pt 0in; text-indent: -0.25in; line-height: normal; background-image: initial; background-position: initial; background-size: initial; background-repeat: initial; background-attachment: initial; background-origin: initial; background-clip: initial; direction: rtl; unicode-bidi: embed; padding-right: 30px;\">2. لن تتحمل شوكو مود&nbsp; أو موظفيها أو مديريها او أي طرف ثالث تحت أي ظرف من الظروف وبموجب أي مادة قانونية ، سواءً فيما يتعلق بالمسؤولية التقصيرية أو العقود أو المسؤولية المقيدة أو غير ذلك، من المسؤولية تجاهك أو تجاه أي شخص آخر عن أي خسائر غير مباشرة أو خاصة أو عرضية أو تبعية أو تعويضات أياً كانت طبيعتها، بما في ذلك، على سبيل المثال لا الحصر، التعويضات عن خسارة الأرباح أو ضياع السمعة أو فقدان البيانات أو توقف العمل أو تعطيل الأعمال أو دقة نتائج البحث ، حتى إذا أُحيط أحد ممثلي شوكو مود&nbsp; المفوضين علماً باحتمال المطالبة بمثل هذه التعويضات،&nbsp;</h3>\r\n<h3 class=\"MsoListParagraph\" dir=\"RTL\" style=\"margin: 0in 0.25in 7.9pt 0in; text-indent: -0.25in; line-height: normal; background-image: initial; background-position: initial; background-size: initial; background-repeat: initial; background-attachment: initial; background-origin: initial; background-clip: initial; direction: rtl; unicode-bidi: embed; padding-right: 60px;\">والتي تنشأ عما يلي أو تتعلق ب:<br />&bull; استخدام موقع شوكو مود الإلكتروني أو عدم القدرة على استخدامه؛<br />&bull; استخدامك الموقع الإلكتروني أو أي معلومات أو ارتباطات تشعبية أو محتويات متضمنة فيه أو الخدمات المتضمنة فيه أو بالأحرى التي تتُاح لك من خلاله أو اعتمادك عليها<br />&bull; المعلومات التي تقدمها لشوكو مود، سواءً كانت شخصية أو غير ذلك<br />&bull; الخدمات التي تقدمها شوكو مود<br />&bull; التصرفات أو الإهمال من جانب شوكو مود. ولن تكون شوكو مود في أي حال من الأحوال مسؤولةً عن أي تعويضات تتجاوز قيمتها المبلغ الذي دفعته مقابل سعر المنتج الذي نشأت المطالبة بشأنه. وتبرأ ذمتنا بموجب هذه الشروط والأحكام من جميع الالتزامات والمطالبات التي تتجاوز هذا الحد.&nbsp;</h3>\r\n<h2 class=\"MsoListParagraph\" dir=\"RTL\" style=\"margin: 0in 0.25in 7.9pt 0in; text-indent: -0.25in; line-height: normal; background-image: initial; background-position: initial; background-size: initial; background-repeat: initial; background-attachment: initial; background-origin: initial; background-clip: initial; direction: rtl; unicode-bidi: embed; padding-right: 30px;\">10- الأحكام والشروط العامة</h2>\r\n<h3 class=\"MsoListParagraph\" dir=\"RTL\" style=\"margin: 0in 0.25in 7.9pt 0in; text-indent: -0.25in; line-height: normal; background-image: initial; background-position: initial; background-size: initial; background-repeat: initial; background-attachment: initial; background-origin: initial; background-clip: initial; direction: rtl; unicode-bidi: embed; padding-right: 30px;\">1. تقدم شوكو مود أي روابط أو إشارات إلى مواقع إلكترونية أخرى (\"ارتباطات تشعبية\") متضمنة في الموقع الإلكتروني فقط من أجل توفير الراحة لك ولمستخدمي الموقع الإلكتروني الآخرين،&nbsp;<br />ولا تتحمل شوكو مود المسؤولية عن محتوى أو إدارة أي من هذه المواقع المرتبطة،<br />&nbsp;كما لا تتحمل المسؤولية، سواءً بصورة مباشرة أو غير مباشرة، عن ممارسات هذه المواقع المرتبطة والمتعلقة بالخصوصية أو محتواها.&nbsp;<br />وبأي حال من الأحوال يجب عدم تفسير أي ارتباطات تشعبية لهذه المواقع الإلكترونية المرتبطة على أنها مصادقة أو إقرار (أو إقرارات) أو عرض ترويجي من جانب شوكو مود فيما يتعلق بالمحتوى أو الإقرارات أو مدى الدقة أو الخدمات على مثل هذه المواقع الإلكترونية المرتبطة. ويجري استخدام هذه المواقع الإلكترونية المرتبطة على مسؤوليتك الخاصة وتتحمل عواقبه.</h3>\r\n<h3 class=\"MsoListParagraph\" dir=\"RTL\" style=\"margin: 0in 0.25in 7.9pt 0in; text-indent: -0.25in; line-height: normal; background-image: initial; background-position: initial; background-size: initial; background-repeat: initial; background-attachment: initial; background-origin: initial; background-clip: initial; direction: rtl; unicode-bidi: embed; padding-right: 30px;\">2. باستثناء ما يرد صراحةً خلاف ذلك، تمتلك/تتحكم شوكو مود في حقوق النشر والعلامة التجارية وجميع حقوق الملكية الأخرى المتضمنة في الموقع الإلكتروني أو حصلت على ترخيص لها، بما في ذلك على سبيل المثال لا الحصر، جميع النصوص أو الصور أو الروابط.<br />وتمثل جميع أسماء المنتجات أو الأسماء التجارية أو أسماء الخدمات أو الشعارات المميزة عن النص المحيط بها من حيث الشكل أو النص أو غير ذلك (مثل الحروف الإنجليزية الكبيرة)،&nbsp;<br />(ويُشار إليها جميعاً باسم \"العلامات\") علامات تجارية مملوكة أو مرخصة لشوكو مود&nbsp; ما لم يذكر خلاف ذلك.<br />وتخضع العلامات الموجودة على الموقع الإلكتروني للحماية بأشكال مختلفة بموجب قوانين المملكة العربية السعودية والدول الأخرى.<br />ولا يجوز استخدام أي من هذه العلامات بدون تصريح كتابي مسبق من شوكو مود، إلا لغرض تعريف المنتجات أو الخدمات التي تقدمها شوكو مود فقط. وتحتفظ شوكو مود صراحةً بجميع حقوق الملكية الفكرية في جميع النصوص والبرامج والمنتجات والعمليات والتقنيات والمواد الأخرى التي تُعرض على هذا الموقع الإلكتروني.<br />&nbsp;ولا يمنح الوصول إلى هذا الموقع الإلكتروني أي شخص أي رخصة بموجب أي من حقوق الملكية الفكرية لشوكو مود أو للغير أو يُعتبر كذلك.&nbsp;<br />ولا يعني الوصول إلى هذا الموقع الإلكتروني التصريح لأي شخص باستخدام أي اسم أو شعار أو علامة بأي طريقة.</h3>\r\n<h3 class=\"MsoListParagraph\" dir=\"RTL\" style=\"margin: 0in 0.25in 7.9pt 0in; text-indent: -0.25in; line-height: normal; background-image: initial; background-position: initial; background-size: initial; background-repeat: initial; background-attachment: initial; background-origin: initial; background-clip: initial; direction: rtl; unicode-bidi: embed; padding-right: 30px;\">3- لا يجوز لك نسخ أي من مواد الموقع الإلكتروني أو إعادة نشرها أو تعديلها أو توزيعها أو فصلها أو تقسيمها أو إجراء هندسة عكسية لها أو تنزيلها أو نشرها أو إذاعتها أو إرسالها أو استخدامها لأغراض تجارية أو إتاحة محتوى الموقع الإلكتروني للعامة أو بالأحرى استخدامه بأي طريقة إلا لاستخدامك الشخصي غير التجاري.&nbsp;<br />كما توافق على عدم تهيئة أو تغيير أو إنشاء أي عمل مستمد من محتوى الموقع الإلكتروني إلا لاستخدامك الشخصي غير التجاري.<br />ويُحظر حظراً تاماً أي استخدام آخر لمحتوى الموقع الإلكتروني ويتطلب ذلك الاستخدام إذن كتابي مسبق من شوكو مود.</h3>\r\n<h3 class=\"MsoListParagraph\" dir=\"RTL\" style=\"margin: 0in 0.25in 7.9pt 0in; text-indent: -0.25in; line-height: normal; background-image: initial; background-position: initial; background-size: initial; background-repeat: initial; background-attachment: initial; background-origin: initial; background-clip: initial; direction: rtl; unicode-bidi: embed; padding-right: 30px;\">4- تحتفظ شوكو مود بالحق في تصحيح أي أخطاء في الموقع الإلكتروني وتحسين المحتويات في أي وقت بدون تقديم إخطار.&nbsp;<br />وإذا كنت تعتمد على الموقع الإلكتروني وأي مواد أو خدمات متاحة من خلاله، فيكون ذلك على مسؤوليتك الخاصة.<br />وبالإضافة إلى ذلك، تحتفظ شوكو مود بالحق في تعديل أحكام أي من الخدمات المتضمنة في هذا الموقع الإلكتروني أو وضع حدوداً لها أو وقف العمل بها في أي وقت بدون تقديم إخطار مسبق لك.&nbsp; وعليها يجب عليك الاطلاع على الشروط والأحكام والموافقة قبل القدوم على استخدام الموقع او الشراء.</h3>\r\n<h3 class=\"MsoListParagraph\" dir=\"RTL\" style=\"margin: 0in 0.25in 7.9pt 0in; text-indent: -0.25in; line-height: normal; background-image: initial; background-position: initial; background-size: initial; background-repeat: initial; background-attachment: initial; background-origin: initial; background-clip: initial; direction: rtl; unicode-bidi: embed; padding-right: 30px;\">5- يمكن لشوكو مود وقف أو تعليق وصولك إلى الموقع الإلكتروني كله أو جزء منه، بدون تقديم إخطار لك، بناءً على أي تصرف تراه شوكو مود، وفقاً لتقديرها الخاص، أنه يمثل مخالفة لهذه الشروط أو أي قانون مطبق أو يضر بمصالح شوكو مود أو الغير.</h3>\r\n<h3 class=\"MsoListParagraph\" dir=\"RTL\" style=\"margin: 0in 0.25in 7.9pt 0in; text-indent: -0.25in; line-height: normal; background-image: initial; background-position: initial; background-size: initial; background-repeat: initial; background-attachment: initial; background-origin: initial; background-clip: initial; direction: rtl; unicode-bidi: embed; padding-right: 30px;\">6- قد تستخدم شوكو مود ملفات تعريف الارتباط أو تقنيات أخرى، على هذا الموقع الإلكتروني. وملفات تعريف الارتباط هي ملفات أو سجلات صغيرة قد تضعها شوكو مود على متصفح الويب لجمع معلومات عن أنشطتك على الموقع الإلكتروني وإعداد التقارير وتقييم التوجهات، وبالأحرى رصد الطريقة التي يُستخدم بها الموقع الإلكتروني.<br />ويتمثل الهدف من هذا في تعزيز الملاءمة والراحة لك ومساعدة شوكو مود على تحقيق الكفاءة في أعمالها.<br />وتأكد بقبول هذه الشروط على موافقتك على استخدام شوكو مود لملفات تعريف الارتباط وأي تقنيات أخرى مماثلة مخصصة لهذه الأغراض.</h3>\r\n<h3 class=\"MsoListParagraph\" dir=\"RTL\" style=\"margin: 0in 0.25in 7.9pt 0in; text-indent: -0.25in; line-height: normal; background-image: initial; background-position: initial; background-size: initial; background-repeat: initial; background-attachment: initial; background-origin: initial; background-clip: initial; direction: rtl; unicode-bidi: embed; padding-right: 30px;\">7- يُحظر انتهاك أمن الموقع الإلكتروني أو محاولة ذلك، بما في ذلك، على سبيل المثال لا الحصر،<br />&bull; الوصول إلى بيانات غير مخصصة للمستخدم أو تسجيل الدخول إلى خادم أو حساب غير مصرح للمستخدم الوصول إليه<br />&bull; محاولة إجراء فحص أو اختبار للوصول إلى ثغرة أمنية في نظام أو شبكة أو مخالفة التدابير الأمنية أو إجراءات التحقق بدون الحصول على التصريح اللازم<br />&bull; محاولة التداخل مع خدمة تُقدم لأي مستخدم أو يقدمها مضيف أو شبكة، بما في ذلك، على سبيل المثال لا الحصر، عبر وسائل إرسال فيروس إلى الموقع الإلكتروني، أو التحميل الزائد، أو \"التسجيل المتكرر\"، أو \"إرسال رسائل البريد العشوائي غير المرغوب فيها\"، أو \"التسبب في حدوث أعطال<br />&bull; إرسال رسائل بريد إليكتروني غير مطلوبة، بما في ذلك العروض الترويجية و/أو الإعلان عن المنتجات أو الخدمات<br />&bull; تزوير أي عنوان برتوكول التحكم في الإرسال/بروتوكول الإنترنت أو أي جزء من المعلومات الواردة في العنوان في أي بريد إليكتروني أو منشور على مجموعة أخبار. وقد تؤدي انتهاكات النظام أو الشبكة إلى المساءلة المدنية أو الجنائية.</h3>\r\n<h3 class=\"MsoListParagraph\" dir=\"RTL\" style=\"margin: 0in 0.25in 7.9pt 0in; text-indent: -0.25in; line-height: normal; background-image: initial; background-position: initial; background-size: initial; background-repeat: initial; background-attachment: initial; background-origin: initial; background-clip: initial; direction: rtl; unicode-bidi: embed; padding-right: 30px;\">8- إذا أصبح أي حكم من هذه الشروط غير قابل للتنفيذ لأي سبب، يخضع هذا الحكم للتعديل إلى الحد اللازم فقط ليصير قابلاً للتنفيذ وتظل الشروط الأخرى نافذة وسارية المفعول. ولا يشكل عدم اتخاذ شوكو مود لإجراء بشأن أي إخلال بهذه الشروط من جانبك أو من جانب آخرين تنازلاً ولا يضع حدوداً لحقوق شوكو مود فيما يتعلق بهذا الإخلال أو أي إخلالات أخرى تُرتكب في وقت لاحق.</h3>\r\n<h3 class=\"MsoListParagraph\" dir=\"RTL\" style=\"margin: 0in 0.25in 7.9pt 0in; text-indent: -0.25in; line-height: normal; background-image: initial; background-position: initial; background-size: initial; background-repeat: initial; background-attachment: initial; background-origin: initial; background-clip: initial; direction: rtl; unicode-bidi: embed; padding-right: 30px;\">9- قد يؤدي استخدامك غير المصرح به لهذا الموقع الإلكتروني إلى المطالبة بتعويضات و/أو قد يعتبر جريمة.</h3>\r\n<h3 class=\"MsoListParagraph\" dir=\"RTL\" style=\"margin: 0in 0.25in 7.9pt 0in; text-indent: -0.25in; line-height: normal; background-image: initial; background-position: initial; background-size: initial; background-repeat: initial; background-attachment: initial; background-origin: initial; background-clip: initial; direction: rtl; unicode-bidi: embed; padding-right: 30px;\">10- تقر بعدم وجود أي مشروع مشترك أو شراكة أو علاقة عمل أو علاقة وكالة بينك وبين شوكو مود&nbsp; نتيجةً لاستخدامك هذا الموقع الإلكتروني.</h3>\r\n<h3 class=\"MsoListParagraph\" dir=\"RTL\" style=\"margin: 0in 0.25in 7.9pt 0in; text-indent: -0.25in; line-height: normal; background-image: initial; background-position: initial; background-size: initial; background-repeat: initial; background-attachment: initial; background-origin: initial; background-clip: initial; direction: rtl; unicode-bidi: embed; padding-right: 30px;\">11. تتضمن الإشارة إلى الموقع الإلكتروني في هذه الشروط العنوان العام لمورد الموقع الإلكتروني (URL(&nbsp;www.chocomood.com وأي عناوين عامة لاحقة لمورد الموقع الإلكتروني (URLs).</h3>\r\n<h3 class=\"MsoListParagraph\" dir=\"RTL\" style=\"margin: 0in 0.25in 7.9pt 0in; text-indent: -0.25in; line-height: normal; background-image: initial; background-position: initial; background-size: initial; background-repeat: initial; background-attachment: initial; background-origin: initial; background-clip: initial; direction: rtl; unicode-bidi: embed; padding-right: 30px;\">11.<span> </span>هذه الشروط&nbsp;<br />&bull;<span> </span>تشكل الاتفاق الكامل بينك وبين شوكو مود فيما يتعلق بموضوعها وتحل محل أي اتفاقات أو تفاهمات سابقة شفهية أو مكتوبة تتعلق بها<br />&bull;<span> </span>تحكمها قوانين المملكة العربية السعودية على النحو الذي تطبقها به محاكم المملكة العربية السعودية.<br />&bull;<span> </span>لا يجوز تعديلها أو إلغائها أو التنازل عنها شفاهياً<br />&bull;<span> </span>لا يجوز لك التنازل عنها أو إعادة بيعها، سواءً كلياً أو جزئياً، أو بشكل مباشر أو غير مباشر، إعمالاً للقانون أو غير ذلك. ولن يؤثر بطلان أي شرط من هذه الشروط على صلاحية تنفيذ بقية الشروط سارية المفعول. وتتفق معنا على الخضوع للاختصاص القضائي الحصري لمحاكم المملكة العربية السعودية.</h3>\r\n<h3 class=\"MsoListParagraph\" dir=\"RTL\" style=\"margin: 0in 0.25in 7.9pt 0in; text-indent: -0.25in; line-height: normal; background-image: initial; background-position: initial; background-size: initial; background-repeat: initial; background-attachment: initial; background-origin: initial; background-clip: initial; direction: rtl; unicode-bidi: embed; padding-right: 30px;\">12.<span> </span>في حال عدم موافقتك على أي من هذه الشروط (أو عدم قدرتك على الالتزام بها)، يتعين عليك عدم استخدام هذا الموقع الإلكتروني.</h3>\r\n<h3 class=\"MsoListParagraph\" dir=\"RTL\" style=\"margin: 0in 0.25in 7.9pt 0in; text-indent: -0.25in; line-height: normal; background-image: initial; background-position: initial; background-size: initial; background-repeat: initial; background-attachment: initial; background-origin: initial; background-clip: initial; direction: rtl; unicode-bidi: embed; padding-right: 30px;\">13.<span> </span>لا تتحمل شوكو مود&nbsp; المسؤولية عن أي تأخير في تنفيذ أي جزء من هذه الشروط نتيجةً لأي سبب خارج عن سيطرتها وبدون ارتكاب خطأ أو إهمال من جانبها، مثل القضاء والقدر، والإجراءات التي تتخذها سلطة مدنية أو عسكرية، والقوانين واللوائح الحالية والتعديلات عليها، وحالات الحصار أو الحظر الاقتصادي، والأوبئة، والحروب، والأعمال الإرهابية، وأعمال الشغب، والثورات، والحرائق، والانفجارات، والزلازل، والحوادث النووية، والفيضانات، والإضرابات، وحوادث انقطاع التيار الكهربائي، والثورات البركانية، والاضطرابات السياسية، والاضطرابات البيئية الأخرى الكبيرة، وسوء الأحوال الجوية على نحو غير عادي، وأعمال القرصنة الإلكترونية، والأنشطة غير القانونية الأخرى التي يمارسها الغير، أو عدم قدرتها على تأمين المنتجات أو الخدمات التي يقدمها أشخاص آخرون أو مرافق النقل، أو التصرفات أو الإهمال من جانب وسائل النقل أو الاتصالات التي تستخدمها شركات النقل العامة، أو التصرفات أو الإهمال أو التحميل الزائد أو البطء سواءً على الإنترنت أو من جانب أي مقدمي خدمات إنترنت من الغير.</h3>\r\n<h2 class=\"MsoListParagraph\" dir=\"RTL\" style=\"margin: 0in 0.25in 7.9pt 0in; text-indent: -0.25in; line-height: normal; background-image: initial; background-position: initial; background-size: initial; background-repeat: initial; background-attachment: initial; background-origin: initial; background-clip: initial; direction: rtl; unicode-bidi: embed; padding-right: 30px;\">11-<span> </span>معلومات مهمة</h2>\r\n<h3 class=\"MsoListParagraph\" dir=\"RTL\" style=\"margin: 0in 0.25in 7.9pt 0in; text-indent: -0.25in; line-height: normal; background-image: initial; background-position: initial; background-size: initial; background-repeat: initial; background-attachment: initial; background-origin: initial; background-clip: initial; direction: rtl; unicode-bidi: embed; padding-right: 30px;\">1.<span> </span>بذلت شوكو مود أقصى جهدها لإظهار ألوان المنتجات المعروضة على الموقع الإلكتروني بأكبر قدر ممكن من الدقة. ولكن، نظراً لأن شاشات الحواسب الآلية تختلف عن بعضها البعض، فلا يمكن لشوكو مود أن تضمن أن شاشتك ستعرض أي لون بشكل دقيق.</h3>\r\n<h3 class=\"MsoListParagraph\" dir=\"RTL\" style=\"margin: 0in 0.25in 7.9pt 0in; text-indent: -0.25in; line-height: normal; background-image: initial; background-position: initial; background-size: initial; background-repeat: initial; background-attachment: initial; background-origin: initial; background-clip: initial; direction: rtl; unicode-bidi: embed; padding-right: 30px;\">2.<span> </span>تتحرى شوكو مود&nbsp; الدقة في وصف منتجاتها، ولكن لا تضمن شوكو مود&nbsp; أن مواصفات منتجاتها أو أي محتوى آخر على هذا الموقع الإلكتروني ستكون دقيقة أو كاملة أو موثوق منها أو مُحدَّثة أو خالية من الأخطاء. يرجى قرأة المعلومات على المنتج نفسه.</h3>\r\n<h2 class=\"MsoListParagraph\" dir=\"RTL\" style=\"margin: 0in 0.25in 7.9pt 0in; text-indent: -0.25in; line-height: normal; background-image: initial; background-position: initial; background-size: initial; background-repeat: initial; background-attachment: initial; background-origin: initial; background-clip: initial; direction: rtl; unicode-bidi: embed; padding-right: 30px;\">نشكرك على حسن تعاونك معنا، ونأمل أن تجد هذا الموقع الإلكتروني مفيداً ومناسباً للاستخدام.</h2>\r\n<div style=\"text-indent: -24px;\">&nbsp;</div>\r\n</blockquote>\r\n</div>', '', 2, '', '', '', '2019-03-14 11:41:58', '2020-05-16 01:53:41', 1, 1),
(19, 10, 'Choco Message', '<p>Personalize your <br />message</p>', '', 1, 'Choco Message', 'Choco Message', 'Choco Message', '2019-04-12 11:15:16', '2019-04-12 11:15:16', 1, 1),
(20, 10, 'Choco Message', '<p>Personalize your <br />message</p>', '', 2, 'Choco Message', 'Choco Message', 'Choco Message', '2019-04-12 11:15:16', '2019-04-12 11:15:16', 1, 1),
(21, 11, 'Choco Box', '<p>Personalize your <br />Chocolate Box</p>', '', 1, 'Choco Box', 'Choco Box', 'Choco Box', '2019-04-12 11:20:30', '2019-04-12 11:35:42', 1, 1),
(22, 11, 'Choco Box', '<p>Personalize your <br />Chocolate Box</p>', '', 2, 'Choco Box', 'Choco Box', 'Choco Box', '2019-04-12 11:20:30', '2019-04-12 11:20:30', 1, 1),
(23, 12, 'Choco Shape', '<p>Personalize your <br />Chocolate Mold</p>', '', 1, 'Choco Shape', 'Choco Shape', 'Choco Shape', '2019-04-12 11:22:36', '2019-04-12 11:26:56', 1, 1),
(24, 12, 'Choco Shape', '<p>Personalize your <br />Chocolate Mold</p>', '', 2, 'Choco Shape', 'Choco Shape', 'Choco Shape', '2019-04-12 11:22:36', '2019-04-12 11:22:36', 1, 1);
INSERT INTO `pages_text` (`PageTextID`, `PageID`, `Title`, `Description`, `ShortDescription`, `SystemLanguageID`, `MetaTags`, `MetaKeywords`, `MetaDescription`, `CreatedAt`, `UpdatedAt`, `CreatedBy`, `UpdatedBy`) VALUES
(25, 13, 'ChocoMod Replacement and Refund Policy', '<div>1- In the event that you want to return or replace your order, you can do so if the products are intact and without any damage, by contacting us or returning the product to the store.</div>\r\n<div>2- In promotional offers, the free product must be returned with all the products on demand in the event of a return or exchange.</div>\r\n<div>3- In the event that any defect in the received product is found to be in violation of the specifications here, the customer has the right to return or exchange without incurring any amount.</div>\r\n<div>4- If more than one product was purchased and you want to replace one of these products, you can replace the product, but the shipping fee will be deducted.</div>\r\n<div>5- As for if you have purchased more than one product and want to return one of these products and want to recover its value, the amount will be transferred to your bank account after deducting the shipping fee</div>\r\n<div>6- In case the delivery is late than the agreed period from the date of the request, the customer has the right to cancel the purchase process without incurring any financial sums.</div>\r\n<div>7- The exchange and return policy does not apply to food.</div>\r\n<div>&nbsp;</div>\r\n<div><strong>In case of requesting a return through the website:</strong></div>\r\n<div>1. Return or exchange is made within (24 hours) from the date of delivery.</div>\r\n<div>2- If your order was paid through an electronic means, mada or through the payment gateway or others, the amounts paid will only be returned by returning the amount to your bank account after deducting the amount of the delivery company services, and the period for receiving the funds varies from person to person according to the requirements of the bank you are dealing with.</div>\r\n<div>3- In the event that your order was paid through an electronic means, the credit card, the amount will be placed in your wallet for a future purchase for a period of one year after deducting the amount of the delivery company services.</div>\r\n<div>4- In the event that the value of the application was paid in cash upon receipt, you can choose to recover the amount paid only by returning the amount to your bank account after deducting the amount of the delivery company services, the period of receipt of the funds varies from person to person according to the requirements of the bank you are dealing with</div>\r\n<div>5- The value of the returned products will be transferred to your account immediately upon confirmation of receipt with us, while deducting the amount of the delivery company services (and we are not responsible for any delay in returning the products through the shipping company).</div>\r\n<div>6- In the event that there is any defect in the received product, the customer has the right to a full refund along with the shipping cost and no other fees will be deducted.</div>\r\n<div>&nbsp;</div>\r\n<div><strong>: Return service for orders through branches for purchases from the site</strong></div>\r\n<div>1- Returns and exchanges are made within (24) of the date of the purchase invoice.</div>\r\n<div>2- Return and exchange is done through branches.</div>\r\n<div>3- It is not possible to return or exchange without bringing the invoice attached to the application (not the electronic invoice).</div>\r\n<div>4- The goods to be replaced or retrieved must be in the same condition as the first purchase.</div>\r\n<div>5- In the event that your order was paid through an electronic means, the extent or through the payment gateway or others, the amounts paid will be returned only by returning the amount to your bank account after deducting the amount of the delivery company services and the period of receiving the funds varies from person to person according to the requirements of the bank you are dealing with.</div>\r\n<div>6- In the event that your order was paid through an electronic means, the credit card, the amount will be placed in your wallet for a future purchase for a year after deducting the amount of the delivery company services.</div>\r\n<div>7- In the event that the value of the application is paid in cash upon receipt, you can choose to recover the amount paid only by returning the amount to your bank account after deducting the amount of the delivery company services, the period of receipt of the funds varies from person to person according to the requirements of the bank you are dealing with</div>\r\n<div>&nbsp;</div>\r\n<div><strong>ChocoMode reserves the right to cancel any order on the website for any of the following reasons:</strong></div>\r\n<div>1- Rejection / non-acceptance of the electronic payment process on the website if the required quantities are not acceptable by ChocoMod.</div>\r\n<div>2- If the delivery address given by the customer is wrong, or the contact information is wrong, or the inability to reach the customer</div>\r\n<div>3- The product is not available at the present time or the quantity in stock has expired.</div>\r\n<div>&nbsp;</div>', '', 1, '', '', '', '2018-12-19 06:00:56', '2020-05-07 12:51:09', 1, 1),
(26, 13, 'سياسة الاستبدال والاسترجاع لشوكو مود', '<div style=\"text-align: right;\">1- في حالة رغبتكم في استرجاع أو استبدال طلبكم يمكنكم ذلك إذا كانت المنتجات سليمة وبدون أي تلف وذلك عن طريق التواصل معنا او أرجع المنتج إلى المتجر.</div>\r\n<div style=\"text-align: right;\">2- في العروض الترويجية يجب أن يعاد المنتج المجاني مع كل المنتجات الموجودة بالطلب في حال الرغبة بالاسترجاع أو الاستبدال.</div>\r\n<div style=\"text-align: right;\">3- في حال تبين وجود اي عيب بالمنتج المستلم او كانت مخالفة للمواصفات هنا للعميل الحق بالاسترجاع او الاستبدال دون تحمل اي مبلغ.</div>\r\n<div style=\"text-align: right;\">4- في حال تم شراء أكثر من منتج وتريد استبدال أحد هذه المنتجات يمكنك استبدال المنتج ولكن سوف يتم خصم رسوم الشحن.</div>\r\n<div style=\"text-align: right;\">5- اما إذا قمت بشراء أكثر من منتج وتريد ارجاع احد هذه المنتجات وتريد استرجاع قيمته فسيتم تحويل المبلغ لحسابك البنكي بعد خصم رسوم الشحن</div>\r\n<div style=\"text-align: right;\">6- في حال تأخر التسليم عن المدة المتفق عليها من تاريخ الطلب يحق للعميل الغاء عملية الشراء دون تحمل أي مبالغ مالية.</div>\r\n<div style=\"text-align: right;\">7- سياسة الاستبدال والاسترجاع لا تنطبق على المأكولات.<br /><br /></div>\r\n<div style=\"text-align: right;\"><strong><span>في حال طلب الترجيع من خلال الموقع الإلكتروني:</span></strong></div>\r\n<div style=\"text-align: right;\">1. يتم الإرجاع او الاستبدال خلال (24 ساعة) من تاريخ التوصيل.&nbsp;</div>\r\n<div style=\"text-align: right;\">2- في حال تم دفع طلبك عبر إحدى الوسائل الإلكترونية، مدى أو عبر بوابة الدفع أو غيرها فسيتم إرجاع المبالغ المدفوعة فقط عبر إعادة المبلغ لحسابك البنكي بعد خصم مبلغ خدمات شركة التوصيل وتختلف مدة استلام الأموال من شخص لأخر بحسب متطلبات البنك الذي تتعامل معه.</div>\r\n<div style=\"text-align: right;\">3- في حال تم دفع طلبك عبر إحدى الوسائل الإلكترونية البطاقة الائتمانية فيتم وضع المبلغ بمحفظة خاصة بكم لعملية شراء مستقبلية لمدة سنة بعد خصم مبلغ خدمات شركة التوصيل.</div>\r\n<div style=\"text-align: right;\">4- وفي حال تم دفع قيمة الطلب نقدا عند الاستلام يمكنك اختيار استرداد المبلغ المدفوع فقط عبر إعادة المبلغ لحسابك البنكي بعد خصم مبلغ خدمات شركة التوصيل، تختلف مدة استلام الأموال من شخص لأخر بحسب متطلبات البنك الذي تتعامل معه</div>\r\n<div style=\"text-align: right;\">5- سيتم تحويل قيمة المنتجات المرتجعة لحسابك مباشرة فور تأكيد استلامها لدينا مع خصم مبلغ خدمات شركة التوصيل (ونحن غير مسؤولين عن أي تأخير باسترجاع المنتجات من خلال شركة الشحن).</div>\r\n<div style=\"text-align: right;\">6- في حال تبين وجود أي عيب بالمنتج المستلم، للعميل الحق في استرداد كامل المبلغ مع تكلفة الشحن ولن يتم خصم أي رسوم أخرى.</div>\r\n<div style=\"text-align: right;\">&nbsp;</div>\r\n<div style=\"text-align: right;\"><span><strong>:خدمة الترجيع للطلبات من خلال الفروع لعمليات الشراء من الموقع</strong></span></div>\r\n<div style=\"text-align: right;\">1- يتم الإرجاع والاستبدال خلال (24) من تاريخ فاتورة الشراء.</div>\r\n<div style=\"text-align: right;\">2- يتم الارجاع والاستبدال عن طريق الفروع.</div>\r\n<div style=\"text-align: right;\">3- لا يمكن الاسترجاع او الاستبدال بدون احضار الفاتورة المرفقة مع الطلب (وليست الفاتورة الالكترونية).</div>\r\n<div style=\"text-align: right;\">4- يجب ان تكون البضاعة المراد استبدالها او استرجاعها بنفس حالة الشراء الأولى.</div>\r\n<div style=\"text-align: right;\">5- في حال تم دفع طلبك عبر إحدى الوسائل الإلكترونية، مدى أو عبربوابة الدفع أو غيرها فسيتم إرجاع المبالغ المدفوعة فقط عبر إعادة المبلغ لحسابك البنكي بعد خصم مبلغ خدمات شركة التوصيل وتختلف مدة استلام الأموال من شخص لأخر بحسب متطلبات البنك الذي تتعامل معه.</div>\r\n<div style=\"text-align: right;\">6- في حال تم دفع طلبك عبر إحدى الوسائل الإلكترونية البطاقة الائتمانية فيتم وضع المبلغ بمحفظة خاصة بكم لعملية شراء مستقبلية لمدة سنة بعد خصم مبلغ خدمات شركة التوصيل.</div>\r\n<div style=\"text-align: right;\">7- وفي حال تم دفع قيمة الطلب نقدا عند الاستلام يمكنك اختيار استرداد المبلغ المدفوع فقط عبر إعادة المبلغ لحسابك البنكي بعد خصم مبلغ خدمات شركة التوصيل، تختلف مدة استلام الأموال من شخص لأخر بحسب متطلبات البنك الذي تتعامل معه</div>\r\n<div style=\"text-align: right;\">&nbsp;</div>\r\n<div style=\"text-align: right;\"><span><strong>تحتفظ شوكو مود حق إلغاء أي طلب في الموقع الالكتروني لأي سبب من الأسباب التالية:</strong></span></div>\r\n<div style=\"text-align: right;\">1-رفض / عدم قبول عملية الدفع الالكترونية في الموقع الالكتروني إذا كانت الكميات المطلوبة غير مقبولة من شوكو مود.&nbsp;&nbsp;</div>\r\n<div style=\"text-align: right;\">2-&nbsp; إذا كان عنوان التوصيل المعطى من قبل العميل خاطئ أو كانت معلومات الاتصال خاطئة أو لعدم القدرة على الوصول إلى العميل</div>\r\n<div style=\"text-align: right;\">3-&nbsp; عدم توفر المنتج في الوقت الحالي أو انتهت الكمية من المخزون.</div>\r\n<div>&nbsp;</div>', '', 2, '', '', '', '2018-12-19 06:01:28', '2020-05-07 12:46:23', 1, 1),
(27, 14, 'FAQ', '', '', 1, '', '', '', '2018-12-19 06:00:56', '2020-10-12 10:44:30', 1, 1),
(28, 13, 'سياسة الاستبدال والاسترجاع لشوكو مود', '<div style=\"text-align: right;\">1- في حالة رغبتكم في استرجاع أو استبدال طلبكم يمكنكم ذلك إذا كانت المنتجات سليمة وبدون أي تلف وذلك عن طريق التواصل معنا او أرجع المنتج إلى المتجر.</div>\r\n<div style=\"text-align: right;\">2- في العروض الترويجية يجب أن يعاد المنتج المجاني مع كل المنتجات الموجودة بالطلب في حال الرغبة بالاسترجاع أو الاستبدال.</div>\r\n<div style=\"text-align: right;\">3- في حال تبين وجود اي عيب بالمنتج المستلم او كانت مخالفة للمواصفات هنا للعميل الحق بالاسترجاع او الاستبدال دون تحمل اي مبلغ.</div>\r\n<div style=\"text-align: right;\">4- في حال تم شراء أكثر من منتج وتريد استبدال أحد هذه المنتجات يمكنك استبدال المنتج ولكن سوف يتم خصم رسوم الشحن.</div>\r\n<div style=\"text-align: right;\">5- اما إذا قمت بشراء أكثر من منتج وتريد ارجاع احد هذه المنتجات وتريد استرجاع قيمته فسيتم تحويل المبلغ لحسابك البنكي بعد خصم رسوم الشحن</div>\r\n<div style=\"text-align: right;\">6- في حال تأخر التسليم عن المدة المتفق عليها من تاريخ الطلب يحق للعميل الغاء عملية الشراء دون تحمل أي مبالغ مالية.</div>\r\n<div style=\"text-align: right;\">7- سياسة الاستبدال والاسترجاع لا تنطبق على المأكولات.<br /><br /></div>\r\n<div style=\"text-align: right;\"><strong><span>في حال طلب الترجيع من خلال الموقع الإلكتروني:</span></strong></div>\r\n<div style=\"text-align: right;\">1. يتم الإرجاع او الاستبدال خلال (24 ساعة) من تاريخ التوصيل.&nbsp;</div>\r\n<div style=\"text-align: right;\">2- في حال تم دفع طلبك عبر إحدى الوسائل الإلكترونية، مدى أو عبر بوابة الدفع أو غيرها فسيتم إرجاع المبالغ المدفوعة فقط عبر إعادة المبلغ لحسابك البنكي بعد خصم مبلغ خدمات شركة التوصيل وتختلف مدة استلام الأموال من شخص لأخر بحسب متطلبات البنك الذي تتعامل معه.</div>\r\n<div style=\"text-align: right;\">3- في حال تم دفع طلبك عبر إحدى الوسائل الإلكترونية البطاقة الائتمانية فيتم وضع المبلغ بمحفظة خاصة بكم لعملية شراء مستقبلية لمدة سنة بعد خصم مبلغ خدمات شركة التوصيل.</div>\r\n<div style=\"text-align: right;\">4- وفي حال تم دفع قيمة الطلب نقدا عند الاستلام يمكنك اختيار استرداد المبلغ المدفوع فقط عبر إعادة المبلغ لحسابك البنكي بعد خصم مبلغ خدمات شركة التوصيل، تختلف مدة استلام الأموال من شخص لأخر بحسب متطلبات البنك الذي تتعامل معه</div>\r\n<div style=\"text-align: right;\">5- سيتم تحويل قيمة المنتجات المرتجعة لحسابك مباشرة فور تأكيد استلامها لدينا مع خصم مبلغ خدمات شركة التوصيل (ونحن غير مسؤولين عن أي تأخير باسترجاع المنتجات من خلال شركة الشحن).</div>\r\n<div style=\"text-align: right;\">6- في حال تبين وجود أي عيب بالمنتج المستلم، للعميل الحق في استرداد كامل المبلغ مع تكلفة الشحن ولن يتم خصم أي رسوم أخرى.</div>\r\n<div style=\"text-align: right;\">&nbsp;</div>\r\n<div style=\"text-align: right;\"><span><strong>:خدمة الترجيع للطلبات من خلال الفروع لعمليات الشراء من الموقع</strong></span></div>\r\n<div style=\"text-align: right;\">1- يتم الإرجاع والاستبدال خلال (24) من تاريخ فاتورة الشراء.</div>\r\n<div style=\"text-align: right;\">2- يتم الارجاع والاستبدال عن طريق الفروع.</div>\r\n<div style=\"text-align: right;\">3- لا يمكن الاسترجاع او الاستبدال بدون احضار الفاتورة المرفقة مع الطلب (وليست الفاتورة الالكترونية).</div>\r\n<div style=\"text-align: right;\">4- يجب ان تكون البضاعة المراد استبدالها او استرجاعها بنفس حالة الشراء الأولى.</div>\r\n<div style=\"text-align: right;\">5- في حال تم دفع طلبك عبر إحدى الوسائل الإلكترونية، مدى أو عبربوابة الدفع أو غيرها فسيتم إرجاع المبالغ المدفوعة فقط عبر إعادة المبلغ لحسابك البنكي بعد خصم مبلغ خدمات شركة التوصيل وتختلف مدة استلام الأموال من شخص لأخر بحسب متطلبات البنك الذي تتعامل معه.</div>\r\n<div style=\"text-align: right;\">6- في حال تم دفع طلبك عبر إحدى الوسائل الإلكترونية البطاقة الائتمانية فيتم وضع المبلغ بمحفظة خاصة بكم لعملية شراء مستقبلية لمدة سنة بعد خصم مبلغ خدمات شركة التوصيل.</div>\r\n<div style=\"text-align: right;\">7- وفي حال تم دفع قيمة الطلب نقدا عند الاستلام يمكنك اختيار استرداد المبلغ المدفوع فقط عبر إعادة المبلغ لحسابك البنكي بعد خصم مبلغ خدمات شركة التوصيل، تختلف مدة استلام الأموال من شخص لأخر بحسب متطلبات البنك الذي تتعامل معه</div>\r\n<div style=\"text-align: right;\">&nbsp;</div>\r\n<div style=\"text-align: right;\"><span><strong>تحتفظ شوكو مود حق إلغاء أي طلب في الموقع الالكتروني لأي سبب من الأسباب التالية:</strong></span></div>\r\n<div style=\"text-align: right;\">1-رفض / عدم قبول عملية الدفع الالكترونية في الموقع الالكتروني إذا كانت الكميات المطلوبة غير مقبولة من شوكو مود.&nbsp;&nbsp;</div>\r\n<div style=\"text-align: right;\">2-&nbsp; إذا كان عنوان التوصيل المعطى من قبل العميل خاطئ أو كانت معلومات الاتصال خاطئة أو لعدم القدرة على الوصول إلى العميل</div>\r\n<div style=\"text-align: right;\">3-&nbsp; عدم توفر المنتج في الوقت الحالي أو انتهت الكمية من المخزون.</div>\r\n<div>&nbsp;</div>', '', 2, '', '', '', '2018-12-19 06:01:28', '2020-05-07 12:46:23', 1, 1),
(29, 15, 'Privacy Policy', '<div>&nbsp;ChocoMod, a company incorporated under the laws of the Kingdom of Saudi Arabia (hereinafter referred to as \"choco mode\" or \"we\") is obligated to protect your privacy online.</div>\r\n<div>This privacy policy explains the privacy practices of the website.</div>\r\n<div>And related sub-domains, sites, services, tools, or any successor site (referred to collectively or individually as the \"Participating Website\", as the context requires). The number of participating websites may vary over time.&nbsp;</div>\r\n<div><br /><strong>This Privacy Policy outlines</strong></div>\r\n<div>&nbsp;(\"Privacy Policy\") Our methods for collecting, storing, using and protecting the information collected as a result of your use of the participating website,</div>\r\n<div>&nbsp;When providing your information to us, you expressly agree to us that we process your personal information in accordance with the terms of the following privacy policy.</div>\r\n<div><br /><strong>Please read this privacy policy carefully.</strong></div>\r\n<div>&nbsp;When entering or using our participating website, you acknowledge that you have read, understood and agreed to all the terms of this privacy policy and the terms of use of our participating website.</div>\r\n<div><br />&nbsp;<strong>If you do not agree to these terms, please leave this page and do not access or use the participating website.</strong></div>\r\n<div><span><strong>1. Changes to the Privacy Policy:</strong></span></div>\r\n<div style=\"padding-left: 30px;\">&nbsp;Changes to the law or choco mod actions may require changes to the terms of this privacy policy from time to time, so choco mod urges that you review this privacy policy periodically to see any such changes.</div>\r\n<div style=\"padding-left: 30px;\">&nbsp;You are responsible for carefully reading the privacy policy and understanding what it says each time you use the participating website, and your continued use of the participating website means your agreement to comply with the most&nbsp;</div>\r\n<div style=\"padding-left: 30px;\">recent version of the privacy policy.</div>\r\n<div><br /><span><strong>2. One-time login:</strong></span></div>\r\n<div style=\"padding-left: 30px;\">&nbsp;Our website provides a one-time login feature, meaning that after a one-time registration on ChocoMod site you can log in without having to perform another login and log in each time of use</div>\r\n<div style=\"padding-left: 30px;\">(\"One-time login\"). The one-time sign-in feature provides the advantage of having a single identity - the rules of the participating website you wish to use will be fulfilled and understood</div>\r\n<div style=\"padding-left: 30px;\">You can also update your account data at any time.</div>\r\n<div><br /><span><strong>3. The information we collect about you is generally shown in the following two categories:</strong></span></div>\r\n<div style=\"padding-left: 30px;\"><strong>1- Personal information:</strong></div>\r\n<div style=\"padding-left: 30px;\">&nbsp;Your name, address, phone number, email address, user name, password, information related to invoices, credit card, purchase order record, comments, Internet Protocol (IP) address, location, digital device name, type, setting, and data related to your downloading of publications through the service (including data regarding download time, any interruptions, and success Download or failure) and the URL that enabled you to access the&nbsp;</div>\r\n<div style=\"padding-left: 30px;\">participating website, demographic information, and other \"personal information\".</div>\r\n<div style=\"padding-left: 30px;\"><strong>2- General information:</strong>&nbsp;</div>\r\n<div style=\"padding-left: 30px;\">We also receive some general information from you as a result of you visiting the participating website and using it, and this information does not identify you personally, nor does it include information about the Internet Protocol (IP) address, the time it takes on the participating website, your browsing history, and other \"general information\" .</div>\r\n<div><br /><span><strong>4. Dealing with personal information</strong></span></div>\r\n<div style=\"padding-left: 30px;\">&middot;&nbsp; &nbsp; &nbsp; &nbsp; &nbsp; For the purpose of a one-time login, specific personal data is stored centrally in the database of the service providers involved in creating the website.</div>\r\n<div style=\"padding-left: 30px;\">&middot;&nbsp; &nbsp; &nbsp; &nbsp; &nbsp; ChocoMod collects your personal information so that we can, among other things, make the website and our services available to you. We take all reasonable steps to protect from unauthorized access, use, change, disclosure, or destruction of personal information. In the event that ChocoMod is sold to others, or otherwise exposed to a merger, unification or acquisition, it will be necessary for us to transfer your personal information to others, and in this case ChocoMod requires third parties to treat your personal information with the same level of care and precaution taken by us.</div>\r\n<div style=\"padding-left: 30px;\">&middot;&nbsp; The email address you provided will not be used to process the purchase order except to provide you with information and updates related to your purchase order, in addition to the ability to use it to answer your inquiries and requests. If you decide to join our mailing list, you will receive emails that may include company news and updates, information about relevant products or services, and more. You can unsubscribe from our mailing list at any time by following the instructions shown at the end of each email, or by contacting us via our participating website.</div>\r\n<div style=\"padding-left: 30px;\">&middot;&nbsp; Other than what may be required to operate the participating website, or as described in the terms and conditions of the participating website or these terms, we disclose your personal information to others as reasonably required to protect our rights and safety and the rights and safety of users of the participating website or as required by the authorities law enforcement. The operational purposes of ChocoMod include, but are not limited to:</div>\r\n<div style=\"padding-left: 60px;\">o&nbsp; &nbsp;Using Chocomod to companies and / or other individuals to perform tasks on their behalf (such as processing payments made by credit cards or local or global services to host / store data via cloud computing or others), and in these cases these companies or these individuals will be authorized to access the information Personal only required to perform their duties (and on the basis of agreement only that they will not use your personal information for any other purpose);</div>\r\n<div style=\"padding-left: 60px;\">o&nbsp; &nbsp;The purposes related to delivering posts to you, checking the authenticity of your account information, checking access to your posts, determining whether you meet the minimum system requirements for using the service, providing customized content and instructions to you, providing targeted offers, providing support to customers, and obtaining your inputs Related to ChocoMod and the Participating Website.</div>\r\n<div style=\"padding-left: 30px;\">&middot;&nbsp; To maintain the security of your personal information, we make sure that the exchange of data of a sensitive and private nature between you and the participating website takes place through a communication channel secured with a secure socket layer and that it is encrypted and protected with digital signatures, in the communication channels secured with the secure socket layer designed specifically to protect the information Of a personal and sensitive nature (payment details) that are sent online.</div>\r\n<div style=\"padding-left: 30px;\">&middot;&nbsp; In addition to the above, we may use third-party service providers to help us manage our business, the participating website, or manage activities on our behalf, such as sending newsletters.</div>\r\n<div style=\"padding-left: 30px;\">We will share your information with these other third parties for these limited purposes only if you agree to the terms and conditions.</div>\r\n<div style=\"padding-left: 30px;\">&middot;&nbsp; You may review or update your personal information with ChocoMod related to your account by communicating with Choco Mod and requesting the cancellation of the account. If you want, <span>click here to submit the request</span>.</div>\r\n<div><span><strong>5- Dealing with general information:</strong></span></div>\r\n<div style=\"padding-left: 30px;\">ChocoMod also collects your personal information so that we can, among other things, better understand users and improve the layout and function of the participating website.</div>\r\n<div style=\"padding-left: 30px;\">ChocoMod may use and disclose the anonymous information from your personal information, in order to inform publishers, advertisers, and other interested parties about usage habits, ChocoMod customer base features, or to serve any other business purposes.</div>\r\n<div><span><strong><br />6&nbsp; &nbsp; &nbsp; . Cookies:</strong></span></div>\r\n<div style=\"padding-left: 30px;\"><strong>1-&nbsp; &nbsp; ChocoMood may use cookies or other technologies to remember personal information or public information when you use the participating website.</strong></div>\r\n<div style=\"padding-left: 30px;\">&middot;&nbsp; &nbsp; &nbsp; &nbsp; &nbsp;Cookies are small files or logs that ChocoMode may place on a web browser to collect information about your activities on the participating website, prepare reports and evaluate trends, in order to identify relevant advertisements based on interests of customer service and rather monitor the way the participating website is used.</div>\r\n<div style=\"padding-left: 30px;\">&middot;&nbsp; &nbsp; &nbsp; &nbsp; &nbsp;ChocoMod may also use services hosted by other third parties, to help with these issues, which may collect data, such as your IP address, sent via the browser or via cookies.</div>\r\n<div style=\"padding-left: 30px;\">&middot;&nbsp; &nbsp; &nbsp; &nbsp; &nbsp;The goal is to enhance convenience and comfort and to help ChocoMod achieve efficiency in its business.</div>\r\n<div style=\"padding-left: 30px;\"><strong>2-&nbsp; &nbsp; The use of cookies is relatively standard, as most browsers are originally set to accept cookies.</strong></div>\r\n<div style=\"padding-left: 30px;\">&middot;&nbsp; &nbsp; &nbsp; &nbsp; &nbsp;However, if you choose not to store cookies, you can choose to:</div>\r\n<div style=\"padding-left: 30px;\">&middot;&nbsp; &nbsp; &nbsp; &nbsp; &nbsp;Not to use the participating website</div>\r\n<div style=\"padding-left: 30px;\">&middot;&nbsp; &nbsp; &nbsp; &nbsp; &nbsp;Set the browser to notify you when a cookie is received</div>\r\n<div style=\"padding-left: 30px;\">&middot;&nbsp; &nbsp; &nbsp; &nbsp; &nbsp;Set the browser to refuse or accept cookies</div>\r\n<div style=\"padding-left: 30px;\">&middot;&nbsp; &nbsp; &nbsp; &nbsp; &nbsp;Deleting cookies after visiting the website</div>\r\n<div style=\"padding-left: 30px;\">&middot;&nbsp; &nbsp; &nbsp; &nbsp; &nbsp;Browse the site using the anonymous usage setting</div>\r\n<div style=\"padding-left: 30px;\">Be sure to accept the terms of your acceptance of ChocoMood cookies and any other similar technologies intended for these purposes</div>\r\n<div><strong>7- Any information that we collect and store in person is subject to protection by appropriate means, and despite the fact that ChocoMod does so, it will not be held responsible for any unauthorized access by other parties illegally through intrusions and others.</strong></div>\r\n<div><strong>8- The participating website may include links to other websites, so please be aware that ChocoMod is not responsible for the privacy practices on third party websites (except for participating websites) that ChocoMod does not manage, and that it cannot guarantee the security of any of your personal information that is collected on her. Accordingly, ChocoMode urges you to read the privacy statements of every third-party website that collects your personal information.</strong></div>\r\n<div><strong>9- If you have any questions or comments regarding the privacy policy, <span><span>please write to us</span>.</span></strong></div>\r\n<div>&nbsp;</div>\r\n<div>&nbsp;</div>', '', 1, '', '', '', '2018-12-19 06:00:56', '2020-05-16 00:59:15', 1, 1),
(30, 15, 'سياسة الخصوصية', '<div style=\"text-align: right;\">&nbsp;تلتزم&nbsp; &nbsp;شركة شوكو مود، وهي شركة تأسست بموجب قوانين المملكة العربية السعودية (ويُشار إليها فيما يلي باسم \" شوكو مود \"أو \"نحن\" بحماية خصوصيتك عبر الإنترنت.</div>\r\n<div style=\"text-align: right;\">توضح سياسة الخصوصية هذه الممارسات المتعلقة بالخصوصية للموقع الإلكتروني.</div>\r\n<div style=\"text-align: right;\">والمجالات الفرعية المتعلقة والمواقع والخدمات والأدوات أو أي موقع يخلفها (يُشار إليهم مجتمعين أو منفردين باسم \"الموقع الإلكتروني المشارك\"، بحسب مقتضى السياق). قد تتنوع عدد المواقع الإلكترونية المشاركة بمرور الوقت.</div>\r\n<div style=\"text-align: right;\"><strong><br />تبين سياسة الخصوصية هذه</strong></div>\r\n<div style=\"text-align: right;\">الطرق المتبعة لدينا لجمع وتخزين واستخدام وحماية المعلومات، التي جرى جمعها نتيجة استخدامك للموقع الإلكتروني المشارك،</div>\r\n<div style=\"text-align: right;\">عند تقديم معلوماتك لنا، فإنك توافق بصراحة لنا بان نقوم بمعالجة معلوماتك الشخصية وفقاً لشروط سياسة الخصوصية التالية.</div>\r\n<div style=\"text-align: right;\"><strong><br />يرجا قراءة سياسة الخصوصية هذه بعناية.</strong></div>\r\n<div style=\"text-align: right;\">عند دخولك أو استخدامك لموقعنا الإلكتروني المشارك، فإنك تقر بأنك قد قرأت وفهمت ووافقت على جميع شروط سياسة الخصوصية هذه وشروط استخدام موقعنا الإلكتروني المشارك.</div>\r\n<div style=\"text-align: right;\"><strong>في حال عدم موافقتك على هذه الشروط، يُرجى مغادرة هذه الصفحة وعدم الدخول إلى الموقع الإلكتروني المشارك أو استخدامه.</strong></div>\r\n<div style=\"text-align: right; padding-left: 60px;\"><strong><br />1.&nbsp; &nbsp;التغيرات على سياسة الخصوصية:</strong></div>\r\n<div style=\"text-align: right;\">&middot;&nbsp; &nbsp; &nbsp; &nbsp; &nbsp;قد تستلزم التغييرات على القانون أو أعمال شوكو مود إجراء تغييرات على شروط سياسة الخصوصية هذه من حين لآخر، ولذلك فإن شوكو مود تحث على مراجعة سياسة الخصوصية هذه بصفة دورية للاطلاع على أي تغييرات من هذا القبيل.</div>\r\n<div style=\"text-align: right;\">&middot;&nbsp; &nbsp; &nbsp; &nbsp; &nbsp;تتحمل انت المسؤولية عن قراءة سياسة الخصوصية بعناية وفهم ما جاء بها في كل مرة تستخدم فيه الموقع الإلكتروني المشارك، واستخدامك المستمر للموقع الإلكتروني المشارك يعني موافقتك على الامتثال بأحدث نسخة من سياسة الخصوصية.</div>\r\n<div style=\"text-align: right;\"><strong><br />2.&nbsp; &nbsp;تسجيل الدخول لمرة واحدة:</strong></div>\r\n<div style=\"text-align: right;\">&nbsp;يوفر موقعنا الالكتروني خاصية تسجيل الدخول لمرة واحدة، أي أنك تستطيع بعد التسجيل لمرة واحدة في موقع شوكو مود أن تسجل الدخول دون أن تضطر إلى إجراء تسجيل دخول آخر وتسجيل للدخول في كل مرة من الاستخدام</div>\r\n<div style=\"text-align: right;\">(\"تسجيل دخول لمرة واحدة\"). توفر خاصية تسجيل الدخول لمرة واحدة ميزة التمتع بهوية واحدة &ndash; تتحقق وتتعرف قواعد الموقع الإلكتروني المشارك الذي ترغب في استخدامه عليك</div>\r\n<div style=\"text-align: right;\">كما يمكنك تحديث بياات حسابك في اي وقت من الاوقات.</div>\r\n<div style=\"text-align: right;\"><strong><br />3.&nbsp; &nbsp;المعلومات التي نجمعها بشأنك مبينة بشكل عام ضمن الفئتين التاليتين:</strong></div>\r\n<div style=\"text-align: right;\">&nbsp; &nbsp; &nbsp; &nbsp; &nbsp; &nbsp; &nbsp;<strong>1.&nbsp; &nbsp;معلومات شخصية:&nbsp;</strong></div>\r\n<div style=\"text-align: right;\">اسمك وعنوانك ورقم الهاتف وعنوان البريد الإلكتروني واسم المستخدم وكلمة المرور والمعلومات المتعلقة بالفواتير والبطاقة الائتمانية وسجل أمر الشراء والتعقيبات وعنوان بروتوكول الإنترنت (IP) والموقع واسم الجهاز الرقمي ونوعه وإعداده والبيانات المتعلقة بتنزيلك للمنشورات عن طريق الخدمة (بما في ذلك البيانات المتعلقة بوقت التنزيل وأي انقطاعات ونجاح التنزيل أو فشله) وعنوان URL الذي مكنك من الوصول للموقع الإلكتروني المشارك والمعلومات الديموغرافية و\"المعلومات الشخصية\" الأخرى.</div>\r\n<div style=\"text-align: right;\">&nbsp; &nbsp; &nbsp; &nbsp; &nbsp;<strong> &nbsp;2.&nbsp; &nbsp;معلومات عامة:&nbsp;</strong></div>\r\n<div style=\"text-align: right;\">نتلقى كذلك بعض المعلومات العامة منك نتيجة قيامك بزيارة الموقع الإلكتروني المشارك واستخدامك له، وهذه المعلومات لا تحدد هويتك بصفة شخصية، كما أنها لا تتضمن معلومات عن عنوان بروتوكول الإنترنت (IP) والوقت الذي تستغرقه على الموقع الإلكتروني المشارك وتاريخ تصفحك و\"المعلومات العامة \" الأخرى.</div>\r\n<div style=\"text-align: right;\">&nbsp;</div>\r\n<div style=\"text-align: right;\"><strong>4.&nbsp; &nbsp;التعامل مع المعلومات الشخصية</strong>&nbsp;</div>\r\n<div style=\"text-align: right;\">&middot;&nbsp; &nbsp; &nbsp; &nbsp; &nbsp;لغرض تسجيل الدخول لمرة واحدة، تُخزن بيانات شخصية محددة تخزيناً مركزياً في قاعدة البيانات لمقدمي الخدمات المعنيين عمل الموقع الإلكتروني.</div>\r\n<div style=\"text-align: right;\">&middot;&nbsp; &nbsp; &nbsp; &nbsp; &nbsp;تجمع شوكو مود معلوماتك الشخصية حتى يتسنى لنا، ضمن جملة أمور أخرى، إتاحة الموقع الإلكتروني وخدماتنا إليك. نتخذ جميع الخطوات اللازمة بشكل معقول للحماية من الوصول أو الاستخدام أو التغيير أو الإفصاح أو الإتلاف غير المرخص به للمعلومات الشخصية. في حالة بيع شوكو مود إلى الغير، أو تعرضها خلاف ذلك لعملية اندماج أو توحيد أو استحواذ، سيكون لزاماً علينا نقل معلوماتك الشخصية للغير، وستشترط شوكو مود في هذه الحالة على الغير التعامل مع معلوماتك الشخصية بنفس مستوى العناية والحيطة المتخذة من قبلنا.</div>\r\n<div style=\"text-align: right;\">&middot;&nbsp; &nbsp; &nbsp; &nbsp; &nbsp;لن يجري استخدام عنوان البريد الإلكتروني الذي قدمته من أجل معالجة أمر الشراء إلا لموافاتك بالمعلومات والتحديثات المتعلقة بأمر شرائك، بالإضافة إلى امكانية استخدامه للرد على استفساراتك وطلباتك. إذا قررت الانضمام إلى قائمتنا البريدية، ستتلقى رسائل بريد إلكتروني قد تتضمن أخبار الشركة وتحديثاتها والمعلومات المتعلقة بالمنتجات أو الخدمات المعنية وغيرها. يمكنك إلغاء الاشتراك من قائمتنا البريدية في أي وقت من خلال اتباع التعليمات المبينة في نهاية كل بريد إلكتروني أو من خلال الاتصال بنا عبر موقعنا الإلكتروني المشارك.</div>\r\n<div style=\"text-align: right;\">&middot;&nbsp; &nbsp; &nbsp; &nbsp; &nbsp;بخلاف ما قد يكون مطلوباً لتشغيل الموقع الإلكتروني المشارك، أو على النحو الموضح في شروط وأحكام الموقع الإلكتروني المشارك أو هذه الشروط، نفصح عن معلوماتك الشخصية للغير على النحو المطلوب بشكل معقول لحماية حقوقنا وسلامتنا وحقوق مستخدمي الموقع الإلكتروني المشارك وسلامتهم أو على النحو الذي تفتضيه سلطات تطبيق القانون. وتتضمن الأغراض التشغيلية لشوكو مود ما يلي على سبيل المثال لا الحصر:</div>\r\n<div style=\"text-align: right;\">o&nbsp; &nbsp; &nbsp; &nbsp; استخدام شوكو مود لشركات و/أو أفراد آخرين لأداء مهام نيابةً عنها (مثل معالجة المدفوعات المسددة بالبطاقات الائتمانية أو الخدمات المحلية أو العالمية لاستضافة/تخزين البيانات عن طريق الحوسبة السحابية أو غيرها)، وسيُصرح لهذه الشركات أو هؤلاء الأفراد في هذه الحالات بالوصول إلى المعلومات الشخصية المطلوبة فقط لأداء مهامهم (وعلى أساس الاتفاق فقط على أنهم لن يستخدموا معلوماتك الشخصية لأي أغراض أخرى)؛</div>\r\n<div style=\"text-align: right;\">o&nbsp; &nbsp; &nbsp; &nbsp; والأغراض المتعلقة بتسليم المنشورات لك، والتحقق من صحة المعلومات المتعلقة بحسابك، والتحقق من الوصول إلى منشوراتك، وتحديد ما إذا كنت تستوفي الحد الأدنى من متطلبات النظام لاستخدام الخدمة، وتقديم المحتوى المخصص والتعليمات لك، وتقديم العروض المستهدفة، وتقديم الدعم للعملاء، والحصول على مدخلاتك المتعلقة بشوكو مود والموقع الإلكتروني المشارك.</div>\r\n<div style=\"text-align: right;\">&middot;&nbsp; &nbsp; &nbsp; &nbsp; &nbsp;وللحفاظ على أمان معلوماتك الشخصية، نتأكد من أن تبادل البيانات ذات الطبيعة الحساسة والخاصة بينك وبين الموقع الإلكتروني المشارك يجري عبر قناة اتصال مؤمنة بطبقة مآخذ توصيل آمنة ومن أنها مشفرة ومحمية بتوقيعات رقمية، في قنوات الاتصال المؤمنة بطبقة مآخذ التوصيل الآمنة مصممة خصيصاً لحماية المعلومات ذات الطبيعة الشخصية والحساسة (تفاصيل المدفوعات) والتي تُرسل عبر الإنترنت.&nbsp;</div>\r\n<div style=\"text-align: right;\">&middot;&nbsp; &nbsp; &nbsp; &nbsp; &nbsp;وبالإضافة إلى ما سبق، قد نستخدم مقدمي خدمات من الغير لمساعدتنا في إدارة أعمالنا أو الموقع الإلكتروني المشارك أو إدارة أنشطة نيابةً عنا مثل إرسال الرسائل الإخبارية.</div>\r\n<div style=\"text-align: right;\">&nbsp;وسنشارك معلوماتك مع هذه الأطراف الأخرى من الغير لهذه الأغراض المحدودة فقط في حال موافقتك على الشروط والاحكام.&nbsp;</div>\r\n<div style=\"text-align: right;\">&middot;&nbsp; &nbsp; &nbsp; &nbsp; يجوز لك مراجعة أو تحديث معلوماتك الشخصية لدى شوكو مود المتعلقة بحسابك عن طريق التواصل مع شوكو مود وطلب الغاء الحساب ان اردت انقر هنا لتقديم الطلب</div>\r\n<div style=\"text-align: right;\"><br /><strong>5.&nbsp; &nbsp;التعامل مع المعلومات العامة:&nbsp;</strong></div>\r\n<div style=\"text-align: right;\">تجمع شركة شوكو مود أيضاً معلوماتك الشخصية حتى يتاح لنا، من بين أمور أخرى، فهم المستخدمين بشكل أفضل وتحسين نسق الموقع الإلكتروني المشارك ووظيفته.&nbsp;</div>\r\n<div style=\"text-align: right;\">وقد تستخدم شوكو مود المعلومات مجهولة المصدر المستمدة من معلوماتك الشخصية وتفصح عنها، وذلك من أجل إعلام الناشرين والمعلنين والأطراف الأخرى المعنية بعادات الاستخدام أو خصائص قاعدة عملاء شوكو مود، أو لخدمة أي أغراض أخرى تتعلق بالعمل.</div>\r\n<div style=\"text-align: right;\"><br /><strong>6.&nbsp; &nbsp;ملفات تعريف الارتباط:</strong></div>\r\n<div style=\"text-align: right;\">&nbsp;1-&nbsp; &nbsp; &nbsp; قد تستخدم شوكو مود ملفات تعريف الارتباط أو أي تقنيات أخرى لتذكر المعلومات الشخصية أو المعلومات العامة عند استخدامك الموقع الإلكتروني المشارك.</div>\r\n<div style=\"text-align: right;\">&middot;&nbsp; &nbsp; &nbsp; &nbsp; &nbsp;وملفات تعريف الارتباط هي ملفات صغيرة أو سجلات قد تضعها شوكو مود على متصفح الويب لجمع معلومات عن أنشطتك على الموقع الإلكتروني المشارك وإعداد التقارير وتقييم التوجهات، وذلك من أجل تحديد الإعلانات ذات الصلة القائمة على الاهتمامات لخدمة العملاء وبالأحرى رصد الطريقة التي يُستخدم بها الموقع الإلكتروني المشارك.&nbsp;</div>\r\n<div style=\"text-align: right;\">&middot;&nbsp; &nbsp; &nbsp; &nbsp; &nbsp;وقد تستخدم شوكو مود أيضاً خدمات يستضيفها أطراف أخرى من الغير، للمساعدة في هذه المسائل، والتي قد تجمع بيانات، مثل عنوان بروتوكول الإنترنت الخاص بك، تُرسل عن طريق المتصفح أو عبر ملفات تعريف الارتباط.&nbsp;</div>\r\n<div style=\"text-align: right;\">&middot;&nbsp; &nbsp; &nbsp; &nbsp; &nbsp;ويتمثل الهدف من هذا في تعزيز الملاءمة والراحة ومساعدة شوكو مود على تحقيق الكفاءة في أعمالها.</div>\r\n<div style=\"text-align: right;\">2-&nbsp; &nbsp; &nbsp; استخدام ملفات تعريف الارتباط قياسي نسبياً، فمعظم المتصفحات مُعدة أصلاً لقبول ملفات تعريف الارتباط.ولكن إذا آثرت عدم تخزين ملفات تعريف الارتباط، يمكنك اختيار ما يلي:</div>\r\n<div style=\"text-align: right;\">&middot;&nbsp; &nbsp; &nbsp; &nbsp; &nbsp;عدم استخدام الموقع الإلكتروني المشارك</div>\r\n<div style=\"text-align: right;\">&middot;&nbsp; &nbsp; &nbsp; &nbsp; &nbsp; &nbsp; &nbsp;ضبط المتصفح لإعلامك عند استلام ملف تعريف الارتباط</div>\r\n<div style=\"text-align: right;\">&middot;&nbsp; &nbsp; &nbsp; &nbsp; &nbsp; &nbsp;ضبط المتصفح لرفض أو قبول ملفات تعريف الارتباط</div>\r\n<div style=\"text-align: right;\">&middot;&nbsp; &nbsp; &nbsp; &nbsp; &nbsp; حذف ملفات تعريف الارتباط بعد زيارة الموقع الإلكتروني</div>\r\n<div style=\"text-align: right;\">&middot;&nbsp; &nbsp; &nbsp; &nbsp; &nbsp;تصفح الموقع باستخدام إعداد الاستخدام المجهول</div>\r\n<div style=\"text-align: right;\">وتأكد بقبول الشروط على موافقتك على استخدام شوكو مود لملفات تعريف الارتباط وأي تقنيات أخرى مماثلة مخصصة لهذه الأغراض.</div>\r\n<div style=\"text-align: right;\"><strong><br />7-&nbsp; &nbsp; &nbsp; تخضع أي معلومات نجمعها ونخزنها بصورة شخصية للحماية باستخدام الوسائل الملائمة، وعلى الرغم من قيام شوكو مود بذلك، الا انها لن تتحمل المسؤولية عن أي وصول غير مصرح به من جانب أطراف أخرى من الغير بشكل غير قانوني عن طريق الاختراقات وغيرها</strong>.</div>\r\n<div style=\"text-align: right;\"><br /><strong>8-&nbsp; &nbsp; &nbsp; قد يتضمن الموقع الإلكتروني المشارك روابط لمواقع إلكترونية أخرى، لذا يُرجى العلم بأن شوكو مود ليست مسؤولة عن ممارسات الخصوصية على المواقع الإلكترونية للغير (باستثناء المواقع الإلكترونية المشاركة) والتي لا تديرها شوكو مود، وأنه لا يمكنه ضمان أمن أي من معلوماتك الشخصية التي تُجمع عليها. وعليه تحثك شوكو مود على قراءة بيانات الخصوصية لكل موقع إلكتروني تابع للغير يجمع معلوماتك الشخصية</strong>.</div>\r\n<div style=\"text-align: right;\"><br /><strong>9-&nbsp; &nbsp; في حال ما اذا كان لديك أي أسئلة أو تعليقات بشأن سياسة الخصوصية، يُرجى&nbsp;</strong><strong><span>&nbsp;</span></strong><strong><span><a href=\"Coco%20Mood.com\"><span>الكتابة لنا</span></a></span></strong>\r\n<p class=\"MsoNormal\">&nbsp;</p>\r\n<strong>.</strong></div>\r\n<div style=\"text-align: right;\">&nbsp;&nbsp;</div>', '', 2, '', '', '', '2018-12-19 06:00:56', '2020-05-16 01:18:30', 1, 1),
(31, 14, '', '', '', 2, '', '', '', '2020-05-06 02:45:49', '2020-05-06 12:47:40', 1, 1);

-- --------------------------------------------------------

--
-- Table structure for table `payment_methods`
--

CREATE TABLE `payment_methods` (
  `PaymentMethodID` int(11) NOT NULL,
  `Title` varchar(255) DEFAULT NULL,
  `is_active` tinyint(1) NOT NULL
) ENGINE=InnoDB DEFAULT CHARSET=latin1;

--
-- Dumping data for table `payment_methods`
--

INSERT INTO `payment_methods` (`PaymentMethodID`, `Title`, `is_active`) VALUES
(1, 'COD', 1),
(2, 'PayTab', 1);

-- --------------------------------------------------------

--
-- Table structure for table `powder_colors`
--

CREATE TABLE `powder_colors` (
  `PowderColorId` int(11) NOT NULL,
  `SKU` text NOT NULL,
  `price` float NOT NULL,
  `image` text NOT NULL,
  `SortOrder` int(11) NOT NULL,
  `Hide` tinyint(1) NOT NULL,
  `IsActive` tinyint(1) NOT NULL,
  `CreatedAt` timestamp NOT NULL DEFAULT current_timestamp(),
  `UpdatedAt` timestamp NOT NULL DEFAULT current_timestamp() ON UPDATE current_timestamp(),
  `CreatedBy` int(11) NOT NULL,
  `UpdatedBy` int(11) NOT NULL
) ENGINE=InnoDB DEFAULT CHARSET=utf8;

--
-- Dumping data for table `powder_colors`
--

INSERT INTO `powder_colors` (`PowderColorId`, `SKU`, `price`, `image`, `SortOrder`, `Hide`, `IsActive`, `CreatedAt`, `UpdatedAt`, `CreatedBy`, `UpdatedBy`) VALUES
(1, 'S', 20, 'uploads/images/7611228110620210320065711WhatsApp_Image_2021-03-20_at_6.05.37_PM.jpeg', 0, 0, 1, '2021-02-11 11:29:01', '2021-03-21 01:11:57', 1, 1),
(2, 'G', 20, 'uploads/images/7714070490820210320061412WhatsApp_Image_2021-03-20_at_6.05.36_PM.jpeg', 1, 0, 1, '2021-03-16 19:43:53', '2021-03-21 01:12:14', 1, 1);

-- --------------------------------------------------------

--
-- Table structure for table `powder_colors_text`
--

CREATE TABLE `powder_colors_text` (
  `PowderColorTextId` int(11) NOT NULL,
  `PowderColorId` int(11) NOT NULL,
  `title` text NOT NULL,
  `SystemLanguageID` int(11) NOT NULL,
  `CreatedAt` timestamp NOT NULL DEFAULT current_timestamp(),
  `UpdatedAt` timestamp NOT NULL DEFAULT current_timestamp() ON UPDATE current_timestamp(),
  `CreatedBy` int(11) NOT NULL,
  `UpdatedBy` int(11) NOT NULL
) ENGINE=InnoDB DEFAULT CHARSET=utf8;

--
-- Dumping data for table `powder_colors_text`
--

INSERT INTO `powder_colors_text` (`PowderColorTextId`, `PowderColorId`, `title`, `SystemLanguageID`, `CreatedAt`, `UpdatedAt`, `CreatedBy`, `UpdatedBy`) VALUES
(1, 1, 'Silver', 1, '2021-02-11 11:29:01', '2021-03-21 01:11:57', 1, 1),
(2, 1, 'Test Powder', 2, '2021-02-11 11:29:01', '2021-03-02 13:21:16', 1, 1),
(3, 2, 'Gold', 1, '2021-03-16 19:43:53', '2021-03-21 01:12:14', 1, 1),
(4, 2, 'Gold', 2, '2021-03-16 19:43:53', '2021-03-16 19:43:53', 1, 1);

-- --------------------------------------------------------

--
-- Table structure for table `products`
--

CREATE TABLE `products` (
  `ProductID` int(11) NOT NULL,
  `CategoryID` varchar(255) NOT NULL,
  `SubCategoryID` varchar(255) NOT NULL,
  `Price` decimal(9,2) DEFAULT NULL,
  `PriceType` enum('item','kg') DEFAULT 'item',
  `Weight` double DEFAULT NULL,
  `ServingSize` varchar(100) NOT NULL,
  `MinimumOrderQuantity` varchar(255) NOT NULL COMMENT 'for per KG is in grams',
  `SKU` varchar(255) NOT NULL,
  `SortOrder` int(11) NOT NULL,
  `Hide` tinyint(4) NOT NULL,
  `brand_id` int(11) DEFAULT 0,
  `IsActive` tinyint(4) NOT NULL,
  `IsFeatured` tinyint(4) NOT NULL,
  `IsCustomizedProduct` tinyint(4) NOT NULL,
  `OutOfStock` tinyint(4) NOT NULL,
  `BoxIDs` text NOT NULL COMMENT 'This will have value if IsCustomizedProduct is 1',
  `TagIDs` varchar(255) NOT NULL,
  `IsCorporateProduct` int(11) NOT NULL,
  `CorporateMinQuantity` text NOT NULL,
  `CorporatePrice` decimal(10,2) NOT NULL,
  `PurchaseCount` int(11) NOT NULL COMMENT 'No of times this item is purchased',
  `CreatedAt` datetime NOT NULL,
  `UpdatedAt` datetime NOT NULL,
  `CreatedBy` int(11) NOT NULL,
  `UpdatedBy` int(11) NOT NULL
) ENGINE=InnoDB DEFAULT CHARSET=utf8;

--
-- Dumping data for table `products`
--

INSERT INTO `products` (`ProductID`, `CategoryID`, `SubCategoryID`, `Price`, `PriceType`, `Weight`, `ServingSize`, `MinimumOrderQuantity`, `SKU`, `SortOrder`, `Hide`, `brand_id`, `IsActive`, `IsFeatured`, `IsCustomizedProduct`, `OutOfStock`, `BoxIDs`, `TagIDs`, `IsCorporateProduct`, `CorporateMinQuantity`, `CorporatePrice`, `PurchaseCount`, `CreatedAt`, `UpdatedAt`, `CreatedBy`, `UpdatedBy`) VALUES
(797, '34', '41', '35.87', 'kg', 10, '', '250', 'CS01', 0, 0, 1, 1, 1, 1, 0, '9', '108,110', 0, '250', '0.00', 1, '2020-09-05 18:27:09', '2022-07-28 15:27:25', 1, 1),
(798, '34', '41', '143.48', 'item', 20, '', '250', 'CS03', 0, 0, 0, 1, 0, 1, 0, '9', '110,111', 0, '250', '0.00', 2, '2020-09-05 18:27:09', '2021-06-22 15:41:13', 1, 1),
(799, '34', '41', '35.87', 'kg', 15, '', '250', 'CS05', 0, 0, 0, 1, 0, 1, 0, '11', '112,113', 0, '250', '0.00', 0, '2020-09-05 18:27:09', '2021-07-28 22:31:54', 1, 1),
(800, '34', '41', '143.48', 'kg', 25, '', '250', 'CS06', 0, 0, 0, 1, 1, 1, 0, '9', '110,114', 0, '250', '0.00', 40, '2020-09-05 18:27:09', '2021-06-22 15:56:12', 1, 1),
(801, '34', '41', '35.87', 'kg', 0, '', '250', 'CS08', 0, 0, 0, 1, 0, 0, 0, '500,1000', '110,115', 0, '250', '0.00', 0, '2020-09-05 18:27:10', '2021-06-22 15:58:14', 1, 1),
(802, '34', '41', '35.87', 'kg', 0, '', '250', 'CS16', 0, 0, 0, 1, 0, 0, 0, '500,1000', '114,116', 0, '250', '0.00', 0, '2020-09-05 18:27:10', '2021-06-22 15:59:28', 1, 1),
(803, '34', '41', '35.87', 'kg', 20, '', '250', 'CS22', 0, 0, 0, 1, 0, 0, 0, '500,1000', '168', 0, '250', '0.00', 0, '2020-09-05 18:27:10', '2021-06-22 16:44:54', 1, 1),
(804, '34', '41', '35.87', 'kg', 20, '', '250', 'CS23', 0, 0, 0, 1, 0, 0, 0, '500,1000', '109,145', 0, '250', '0.00', 0, '2020-09-05 18:27:10', '2021-06-22 16:43:40', 1, 1),
(805, '34', '41', '35.87', 'kg', 20, '', '250', 'CS25', 0, 0, 0, 1, 0, 0, 0, '500,1000', '96', 0, '250', '0.00', 0, '2020-09-05 18:27:10', '2021-06-22 16:43:19', 1, 1),
(806, '34', '41', '35.87', 'kg', 12, '', '250', 'CS26', 0, 0, 0, 1, 1, 0, 0, '500,1000', '116,136', 0, '250', '0.00', 1, '2020-09-05 18:27:10', '2021-06-22 16:42:59', 1, 1),
(807, '34', '41', '143.48', 'kg', NULL, '', '250', 'CS33', 0, 0, 0, 1, 0, 0, 0, '500,1000', '109,142', 0, '250', '0.00', 0, '2020-09-05 18:27:10', '2020-09-06 01:54:51', 1, 1),
(808, '34', '41', '143.48', 'kg', NULL, '', '250', 'CS35', 0, 0, 0, 1, 0, 0, 0, '500,1000', '109,144', 0, '250', '0.00', 0, '2020-09-05 18:27:10', '2020-09-06 01:23:24', 1, 1),
(809, '34', '41', '143.48', 'kg', NULL, '', '250', 'CS38', 0, 0, 0, 1, 0, 0, 0, '500,1000', '151', 0, '250', '0.00', 0, '2020-09-05 18:27:10', '2020-09-06 01:22:21', 1, 1),
(810, '34', '41', '143.48', 'kg', NULL, '', '250', 'CS44', 0, 0, 0, 1, 0, 0, 0, '500,1000', '141', 0, '250', '0.00', 4, '2020-09-05 18:27:10', '2020-09-06 01:21:11', 1, 1),
(811, '34', '41', '143.48', 'kg', NULL, '', '250', 'CS45', 0, 0, 0, 1, 0, 0, 0, '500,1000', '109,162', 0, '250', '0.00', 0, '2020-09-05 18:27:10', '2020-09-06 01:19:47', 1, 1),
(812, '34', '41', '143.48', 'kg', NULL, '', '250', 'CS47', 0, 0, 0, 1, 0, 0, 0, '500,1000', '167', 0, '250', '0.00', 0, '2020-09-05 18:27:10', '2020-09-06 01:18:35', 1, 1),
(813, '34', '41', '143.48', 'kg', NULL, '', '250', 'CS48', 0, 0, 0, 1, 0, 0, 0, '500,1000', '109,146,166', 0, '250', '0.00', 0, '2020-09-05 18:27:10', '2020-09-06 01:17:16', 1, 1),
(814, '34', '41', '143.48', 'kg', NULL, '', '250', 'CS49', 0, 0, 0, 1, 0, 0, 0, '500,1000', '163', 0, '250', '0.00', 0, '2020-09-05 18:27:10', '2020-09-06 01:15:07', 1, 1),
(815, '34', '41', '143.48', 'kg', NULL, '', '250', 'CS50', 0, 0, 0, 1, 0, 0, 0, '500,1000', '145,163', 0, '250', '0.00', 0, '2020-09-05 18:27:10', '2020-09-06 01:14:06', 1, 1),
(816, '34', '41', '143.48', 'kg', NULL, '', '250', 'CS53', 0, 0, 0, 1, 0, 0, 0, '500,1000', '142,151', 0, '250', '0.00', 0, '2020-09-05 18:27:10', '2020-09-06 01:12:52', 1, 1),
(817, '34', '41', '143.48', 'kg', NULL, '', '250', 'CS56', 0, 0, 0, 1, 0, 0, 0, '500,1000', '146,151', 0, '250', '0.00', 0, '2020-09-05 18:27:10', '2020-09-06 01:10:55', 1, 1),
(818, '34', '41', '143.48', 'kg', NULL, '', '250', 'CS58', 0, 0, 0, 1, 0, 0, 0, '500,1000', '106', 0, '250', '0.00', 0, '2020-09-05 18:27:10', '2020-09-06 01:09:17', 1, 1),
(819, '34', '41', '143.48', 'kg', NULL, '', '250', 'CS59', 0, 0, 0, 1, 0, 0, 0, '500,1000', '107', 0, '250', '0.00', 0, '2020-09-05 18:27:10', '2020-09-06 01:08:05', 1, 1),
(820, '34', '41', '143.48', 'kg', NULL, '', '250', 'CS60', 0, 0, 0, 1, 0, 0, 0, '500,1000', '152', 0, '250', '0.00', 0, '2020-09-05 18:27:10', '2020-09-06 01:07:13', 1, 1),
(821, '34', '41', '143.48', 'kg', NULL, '', '250', 'CS62', 0, 0, 0, 1, 0, 0, 0, '500,1000', '142,164', 0, '250', '0.00', 0, '2020-09-05 18:27:10', '2020-09-06 01:00:39', 1, 1),
(822, '34', '41', '143.48', 'kg', NULL, '', '250', 'CS63', 0, 0, 0, 1, 0, 0, 0, '500,1000', '160', 0, '250', '0.00', 0, '2020-09-05 18:27:10', '2020-09-06 00:57:24', 1, 1),
(823, '34', '41', '143.48', 'kg', NULL, '', '250', 'CS64', 0, 0, 0, 1, 0, 0, 0, '500,1000', '165', 0, '250', '0.00', 0, '2020-09-05 18:27:10', '2020-09-06 00:56:49', 1, 1),
(824, '34', '54', '118.26', 'kg', NULL, '', '250', 'RB01', 0, 0, 0, 1, 0, 0, 0, '500,1000', '110,116', 0, '250', '0.00', 0, '2020-09-05 18:27:10', '2020-09-06 00:54:55', 1, 1),
(825, '34', '54', '118.26', 'kg', NULL, '', '250', 'RB05', 0, 0, 0, 1, 0, 0, 0, '500,1000', '96,106', 0, '250', '0.00', 8, '2020-09-05 18:27:10', '2020-09-06 00:53:31', 1, 1),
(826, '34', '54', '118.26', 'kg', NULL, '', '250', 'RB06', 0, 0, 0, 1, 0, 0, 0, '500,1000', '146', 0, '250', '0.00', 0, '2020-09-05 18:27:10', '2020-09-06 00:52:12', 1, 1),
(827, '34', '54', '118.26', 'kg', NULL, '', '250', 'RB07', 0, 0, 0, 1, 0, 0, 0, '500,1000', '164', 0, '250', '0.00', 0, '2020-09-05 18:27:10', '2020-09-06 00:50:38', 1, 1),
(828, '34', '54', '118.26', 'kg', NULL, '', '250', 'RB08', 0, 0, 0, 1, 0, 0, 0, '500,1000', '114', 0, '250', '0.00', 0, '2020-09-05 18:27:10', '2020-09-06 00:33:20', 1, 1),
(829, '34', '54', '118.26', 'kg', NULL, '', '250', 'RB09', 0, 0, 0, 1, 0, 0, 0, '500,1000', '108', 0, '250', '0.00', 0, '2020-09-05 18:27:10', '2020-09-06 00:32:22', 1, 1),
(830, '34', '54', '118.26', 'kg', NULL, '', '250', 'RB10', 0, 0, 0, 1, 0, 0, 0, '500,1000', '107', 0, '250', '0.00', 0, '2020-09-05 18:27:10', '2020-09-06 00:30:02', 1, 1),
(831, '34', '54', '118.26', 'kg', NULL, '', '250', 'RB12', 0, 0, 0, 1, 0, 0, 0, '500,1000', '109,146,163', 0, '250', '0.00', 0, '2020-09-05 18:27:10', '2020-09-06 00:29:04', 1, 1),
(832, '34', '54', '118.26', 'kg', NULL, '', '250', 'RB13', 0, 0, 0, 1, 0, 0, 0, '500,1000', '110,112,116', 0, '250', '0.00', 0, '2020-09-05 18:27:10', '2020-09-06 00:27:02', 1, 1),
(833, '34', '54', '118.26', 'kg', NULL, '', '250', 'RB14', 0, 0, 0, 1, 0, 0, 0, '500,1000', '100,113', 0, '250', '0.00', 0, '2020-09-05 18:27:10', '2020-09-06 00:25:49', 1, 1),
(834, '34', '40', '173.91', 'kg', NULL, '', '250', 'ELG02', 0, 0, 0, 1, 0, 0, 0, '500,1000', '110,114,116', 0, '250', '0.00', 0, '2020-09-05 18:27:10', '2020-09-06 00:24:44', 1, 1),
(835, '34', '40', '173.91', 'kg', NULL, '', '250', 'ELG04', 0, 0, 0, 1, 0, 0, 0, '500,1000', '96,106,113', 0, '250', '0.00', 0, '2020-09-05 18:27:10', '2020-09-06 00:23:39', 1, 1),
(836, '34', '40', '173.91', 'kg', NULL, '', '250', 'ELG05', 0, 0, 0, 1, 0, 0, 0, '500,1000', '96,106,114', 0, '250', '0.00', 0, '2020-09-05 18:27:10', '2020-09-06 00:22:26', 1, 1),
(837, '34', '40', '173.91', 'kg', NULL, '', '250', 'ELG06', 0, 0, 0, 1, 0, 0, 0, '500,1000', '113', 0, '250', '0.00', 0, '2020-09-05 18:27:10', '2020-09-06 00:21:20', 1, 1),
(838, '34', '40', '173.91', 'kg', NULL, '', '250', 'ELG07', 0, 0, 0, 1, 0, 0, 0, '500,1000', '142', 0, '250', '0.00', 0, '2020-09-05 18:27:10', '2020-09-06 00:20:19', 1, 1),
(839, '34', '40', '173.91', 'kg', NULL, '', '250', 'ELG12', 0, 0, 0, 1, 0, 0, 0, '500,1000', '106,109', 0, '250', '0.00', 0, '2020-09-05 18:27:10', '2020-09-06 00:16:46', 1, 1),
(840, '34', '40', '173.91', 'kg', NULL, '', '250', 'ELG15', 0, 0, 0, 1, 0, 0, 0, '500,1000', '96,106,114', 0, '250', '0.00', 0, '2020-09-05 18:27:10', '2020-09-06 00:15:53', 1, 1),
(841, '34', '40', '173.91', 'kg', NULL, '', '250', 'ELG19', 0, 0, 0, 1, 0, 0, 0, '500,1000', '109,113', 0, '250', '0.00', 0, '2020-09-05 18:27:10', '2020-09-06 00:08:26', 1, 1),
(842, '34', '40', '173.91', 'kg', NULL, '', '250', 'ELG20', 0, 0, 0, 1, 0, 0, 0, '500,1000', '96,114,146', 0, '250', '0.00', 0, '2020-09-05 18:27:10', '2020-09-06 00:06:53', 1, 1),
(843, '34', '40', '173.91', 'kg', NULL, '', '250', 'ELG23', 0, 0, 0, 1, 0, 0, 0, '500,1000', '106,162', 0, '250', '0.00', 0, '2020-09-05 18:27:10', '2020-09-06 00:05:43', 1, 1),
(844, '34', '40', '173.91', 'kg', NULL, '', '250', 'ELG24', 0, 0, 0, 1, 0, 0, 0, '500,1000', '107,162', 0, '250', '0.00', 0, '2020-09-05 18:27:10', '2020-09-06 00:04:21', 1, 1),
(845, '34', '40', '173.91', 'kg', NULL, '', '250', 'ELG25', 0, 0, 0, 1, 0, 0, 0, '500,1000', '160,161', 0, '250', '0.00', 0, '2020-09-05 18:27:10', '2020-09-05 23:58:59', 1, 1),
(846, '34', '40', '173.91', 'kg', NULL, '', '250', 'ELG37', 0, 0, 0, 1, 0, 0, 0, '500,1000', '159', 0, '250', '0.00', 1, '2020-09-05 18:27:10', '2020-09-05 23:56:56', 1, 1),
(847, '34', '40', '173.91', 'kg', NULL, '', '250', 'ELG41', 0, 0, 0, 1, 0, 0, 0, '500,1000', '109,158', 0, '250', '0.00', 0, '2020-09-05 18:27:10', '2020-09-05 23:53:22', 1, 1),
(848, '34', '40', '173.91', 'kg', NULL, '', '250', 'ELG42', 0, 0, 0, 1, 0, 0, 0, '500,1000', '107,158', 0, '250', '0.00', 0, '2020-09-05 18:27:10', '2020-09-05 23:51:44', 1, 1),
(849, '34', '40', '173.91', 'kg', NULL, '', '250', 'ELG43', 0, 0, 0, 1, 0, 0, 0, '500,1000', '111,158', 0, '250', '0.00', 0, '2020-09-05 18:27:10', '2020-09-05 23:44:43', 1, 1),
(850, '34', '40', '173.91', 'kg', NULL, '', '250', 'ELG44', 0, 0, 0, 1, 0, 0, 0, '500,1000', '111,158', 0, '250', '0.00', 0, '2020-09-05 18:27:10', '2020-09-05 23:48:44', 1, 1),
(851, '34', '40', '173.91', 'kg', NULL, '', '250', 'ELG45', 0, 0, 0, 1, 0, 0, 0, '500,1000', '157', 0, '250', '0.00', 0, '2020-09-05 18:27:10', '2020-09-05 23:43:40', 1, 1),
(852, '34', '44', '208.70', 'kg', NULL, '', '250', 'SFS01', 0, 0, 0, 1, 0, 0, 0, '500,1000', '98,141', 0, '500', '0.00', 0, '2020-09-05 18:27:10', '2020-09-05 23:41:49', 1, 1),
(853, '34', '44', '208.70', 'kg', NULL, '', '250', 'SFS02', 0, 0, 0, 1, 0, 0, 0, '500,1000', '98,156', 0, '500', '0.00', 0, '2020-09-05 18:27:10', '2020-09-05 23:39:52', 1, 1),
(854, '34', '44', '208.70', 'kg', NULL, '', '250', 'SFS03', 0, 0, 0, 1, 0, 0, 0, '500,1000', '98,156', 0, '500', '0.00', 0, '2020-09-05 18:27:10', '2020-09-05 23:38:31', 1, 1),
(855, '34', '44', '208.70', 'kg', NULL, '', '250', 'SFS04', 0, 0, 0, 1, 0, 0, 0, '500,1000', '98,140', 0, '500', '0.00', 0, '2020-09-05 18:27:10', '2020-09-05 23:37:19', 1, 1),
(856, '34', '44', '208.70', 'kg', NULL, '', '250', 'SFS05', 0, 0, 0, 1, 0, 0, 0, '500,1000', '98,156', 0, '500', '0.00', 0, '2020-09-05 18:27:10', '2020-09-05 23:32:30', 1, 1),
(857, '34', '44', '208.70', 'kg', NULL, '', '250', 'SFS06', 0, 0, 0, 1, 0, 0, 0, '500,1000', '98,156', 0, '500', '0.00', 0, '2020-09-05 18:27:10', '2020-09-05 23:31:13', 1, 1),
(858, '34', '44', '208.70', 'kg', NULL, '', '250', 'SFS07', 0, 0, 0, 1, 0, 0, 0, '500,1000', '98,156', 0, '500', '0.00', 0, '2020-09-05 18:27:10', '2020-09-05 23:30:08', 1, 1),
(859, '34', '44', '208.70', 'kg', NULL, '', '250', 'SFS08', 0, 0, 0, 1, 0, 0, 0, '500,1000', '98,156', 0, '500', '0.00', 0, '2020-09-05 18:27:10', '2020-09-05 23:28:58', 1, 1),
(860, '34', '44', '208.70', 'kg', NULL, '', '250', 'SFS09', 0, 0, 0, 1, 0, 0, 0, '500,1000', '98,140', 0, '500', '0.00', 0, '2020-09-05 18:27:10', '2020-09-05 23:27:04', 1, 1),
(861, '34', '44', '208.70', 'kg', NULL, '', '250', 'SFS10', 0, 0, 0, 1, 0, 0, 0, '500,1000', '98,140', 0, '500', '0.00', 0, '2020-09-05 18:27:10', '2020-09-05 23:25:57', 1, 1),
(862, '34', '44', '208.70', 'kg', NULL, '', '250', 'SFS11', 0, 0, 0, 1, 0, 0, 0, '500,1000', '98,140', 0, '500', '0.00', 0, '2020-09-05 18:27:10', '2020-09-05 23:23:46', 1, 1),
(863, '34', '44', '208.70', 'kg', NULL, '', '250', 'SFS12', 0, 0, 0, 1, 0, 0, 0, '500,1000', '98,140', 0, '500', '0.00', 0, '2020-09-05 18:27:10', '2020-09-05 23:22:28', 1, 1),
(864, '34', '42', '173.91', 'kg', NULL, '', '250', 'CRW01', 0, 0, 0, 1, 0, 0, 0, '500,1000', '109,128', 0, '500', '0.00', 0, '2020-09-05 18:27:10', '2020-09-05 23:21:12', 1, 1),
(865, '34', '42', '173.91', 'kg', NULL, '', '250', 'CRW04', 0, 0, 0, 1, 0, 0, 0, '500,1000', '109,128', 0, '500', '0.00', 0, '2020-09-05 18:27:10', '2020-09-05 23:19:53', 1, 1),
(866, '34', '42', '173.91', 'kg', NULL, '', '250', 'CRW13', 0, 0, 0, 1, 0, 0, 0, '500,1000', '109,128,155', 0, '500', '0.00', 0, '2020-09-05 18:27:10', '2020-09-05 23:17:24', 1, 1),
(867, '34', '42', '173.91', 'kg', NULL, '', '250', 'CRW18', 0, 0, 0, 1, 0, 0, 0, '500,1000', '109,128,144', 0, '500', '0.00', 0, '2020-09-05 18:27:10', '2020-09-05 23:15:50', 1, 1),
(868, '34', '42', '173.91', 'kg', NULL, '', '250', 'CRW26', 0, 0, 0, 1, 0, 0, 0, '500,1000', '128,151,154', 0, '500', '0.00', 0, '2020-09-05 18:27:10', '2020-09-05 23:14:21', 1, 1),
(869, '34', '42', '173.91', 'kg', NULL, '', '250', 'CRW27', 0, 0, 0, 1, 0, 0, 0, '500,1000', '106,128', 0, '500', '0.00', 0, '2020-09-05 18:27:10', '2020-09-05 23:12:00', 1, 1),
(870, '34', '42', '173.91', 'kg', NULL, '', '250', 'CRW29', 0, 0, 0, 1, 0, 0, 0, '500,1000', '128,145,151', 0, '500', '0.00', 0, '2020-09-05 18:27:10', '2020-09-05 23:10:53', 1, 1),
(871, '34', '42', '173.91', 'kg', NULL, '', '250', 'CRW30', 0, 0, 0, 1, 0, 0, 0, '500,1000', '107,128', 0, '500', '0.00', 0, '2020-09-05 18:27:10', '2020-09-05 23:09:26', 1, 1),
(872, '34', '42', '173.91', 'kg', NULL, '', '250', 'CRW32', 0, 0, 0, 1, 0, 0, 0, '500,1000', '115,128,151', 0, '500', '0.00', 0, '2020-09-05 18:27:10', '2020-09-05 23:08:13', 1, 1),
(873, '34', '42', '173.91', 'kg', NULL, '', '250', 'CRW33', 0, 0, 0, 1, 0, 0, 0, '500,1000', '109,111,128', 0, '500', '0.00', 0, '2020-09-05 18:27:10', '2020-09-05 23:05:36', 1, 1),
(874, '34', '42', '173.91', 'kg', NULL, '', '250', 'CRB02', 0, 0, 0, 1, 0, 0, 0, '500,1000', '109,128', 0, '500', '0.00', 0, '2020-09-05 18:27:10', '2020-09-05 23:03:53', 1, 1),
(875, '34', '42', '173.91', 'kg', NULL, '', '250', 'CRB03', 0, 0, 0, 1, 0, 0, 0, '500,1000', '109,128', 0, '500', '0.00', 0, '2020-09-05 18:27:10', '2020-09-05 23:02:34', 1, 1),
(876, '34', '42', '173.91', 'kg', NULL, '', '250', 'CRB05', 0, 0, 0, 1, 0, 0, 0, '500,1000', '96,128', 0, '500', '0.00', 0, '2020-09-05 18:27:10', '2020-09-05 22:33:33', 1, 1),
(877, '34', '42', '173.91', 'kg', NULL, '', '250', 'CRB06', 0, 0, 0, 1, 0, 0, 0, '500,1000', '109,128', 0, '500', '0.00', 0, '2020-09-05 18:27:10', '2020-09-05 22:30:45', 1, 1),
(878, '34', '42', '173.91', 'kg', NULL, '', '250', 'CRB07', 0, 0, 0, 1, 0, 0, 0, '500,1000', '107,128', 0, '500', '0.00', 0, '2020-09-05 18:27:10', '2020-09-05 22:29:11', 1, 1),
(879, '34', '42', '173.91', 'kg', NULL, '', '250', 'CRB10', 0, 0, 0, 1, 0, 0, 0, '500,1000', '109,128', 0, '500', '0.00', 0, '2020-09-05 18:27:10', '2020-09-05 22:26:23', 1, 1),
(880, '34', '42', '173.91', 'kg', NULL, '', '250', 'CRB11', 0, 0, 0, 1, 0, 0, 0, '500,1000', '96,128', 0, '500', '0.00', 0, '2020-09-05 18:27:10', '2020-09-05 22:24:09', 1, 1),
(881, '34', '42', '173.91', 'kg', NULL, '', '250', 'CRB24', 0, 0, 0, 1, 0, 0, 0, '500,1000', '128,145', 0, '500', '0.00', 0, '2020-09-05 18:27:10', '2020-09-05 22:22:12', 1, 1),
(882, '34', '42', '173.91', 'kg', NULL, '', '250', 'CRB26', 0, 0, 0, 1, 0, 0, 0, '500,1000', '128,153', 0, '500', '0.00', 0, '2020-09-05 18:27:10', '2020-09-05 22:20:30', 1, 1),
(883, '34', '42', '173.91', 'kg', NULL, '', '250', 'CRB27', 0, 0, 0, 1, 0, 0, 0, '500,1000', '128,142', 0, '500', '0.00', 0, '2020-09-05 18:27:10', '2020-09-05 22:10:29', 1, 1),
(884, '34', '89', '191.30', 'kg', NULL, '', '250', 'PC01A', 0, 0, 0, 1, 0, 0, 0, '500,1000', '90,128,142,150', 0, '500', '0.00', 0, '2020-09-05 18:27:10', '2020-09-05 22:08:28', 1, 1),
(885, '34', '89', '191.30', 'kg', NULL, '', '250', 'PC01B', 0, 0, 0, 1, 0, 0, 0, '500,1000', '123,128,142,150', 0, '500', '0.00', 0, '2020-09-05 18:27:10', '2020-09-05 22:06:13', 1, 1),
(886, '34', '89', '191.30', 'kg', NULL, '', '250', 'PC01C', 0, 0, 0, 1, 0, 0, 0, '500,1000', '91,128,142,150', 0, '500', '0.00', 0, '2020-09-05 18:27:10', '2020-09-05 22:02:56', 1, 1),
(887, '34', '89', '191.30', 'kg', NULL, '', '250', 'PC02A', 0, 0, 0, 1, 0, 0, 0, '500,1000', '90,128,149,150', 0, '500', '0.00', 0, '2020-09-05 18:27:10', '2020-09-05 21:50:51', 1, 1),
(888, '34', '89', '191.30', 'kg', NULL, '', '250', 'PC02B', 0, 0, 0, 1, 0, 0, 0, '500,1000', '123,128,149,150', 0, '500', '0.00', 0, '2020-09-05 18:27:10', '2020-09-05 21:49:47', 1, 1),
(889, '34', '89', '191.30', 'kg', NULL, '', '250', 'PC02C', 0, 0, 0, 1, 0, 0, 0, '500,1000', '91,128,149,150', 0, '500', '0.00', 0, '2020-09-05 18:27:10', '2020-09-05 21:48:10', 1, 1),
(890, '34', '89', '191.30', 'kg', NULL, '', '250', 'PC03A', 0, 0, 0, 1, 0, 0, 0, '500,1000', '109,128,146,150', 0, '500', '0.00', 0, '2020-09-05 18:27:11', '2020-09-05 21:46:43', 1, 1),
(891, '34', '89', '191.30', 'kg', NULL, '', '250', 'PC03B', 0, 0, 0, 1, 0, 0, 0, '500,1000', '109,123,128,146,150', 0, '500', '0.00', 0, '2020-09-05 18:27:11', '2020-09-05 21:45:27', 1, 1),
(892, '34', '89', '191.30', 'kg', NULL, '', '250', 'PC03C', 0, 0, 0, 1, 0, 0, 0, '500,1000', '91,109,128,146,150', 0, '500', '0.00', 0, '2020-09-05 18:27:11', '2020-09-05 21:43:59', 1, 1),
(893, '34', '89', '191.30', 'kg', NULL, '', '250', 'PC04A', 0, 0, 0, 1, 0, 0, 0, '500,1000', '90,109,111,128,150', 0, '500', '0.00', 0, '2020-09-05 18:27:11', '2020-09-05 21:42:19', 1, 1),
(894, '34', '89', '191.30', 'kg', NULL, '', '250', 'PC04B', 0, 0, 0, 1, 0, 0, 0, '500,1000', '109,111,123,128,150', 0, '500', '0.00', 0, '2020-09-05 18:27:11', '2020-09-05 21:40:32', 1, 1),
(895, '34', '89', '191.30', 'kg', NULL, '', '250', 'PC04C', 0, 0, 0, 1, 0, 0, 0, '500,1000', '91,109,111,128,150', 0, '500', '0.00', 0, '2020-09-05 18:27:11', '2020-09-05 21:38:16', 1, 1),
(896, '34', '89', '191.30', 'kg', NULL, '', '250', 'PC05A', 0, 0, 0, 1, 0, 0, 0, '500,1000', '90,128,150,152', 0, '500', '0.00', 0, '2020-09-05 18:27:11', '2020-09-05 21:36:48', 1, 1),
(897, '34', '89', '191.30', 'kg', NULL, '', '250', 'PC05B', 0, 0, 0, 1, 0, 0, 0, '500,1000', '123,128,150,152', 0, '500', '0.00', 0, '2020-09-05 18:27:11', '2020-09-05 21:34:35', 1, 1),
(898, '34', '89', '191.30', 'kg', NULL, '', '250', 'PC05C', 0, 0, 0, 1, 0, 0, 0, '500,1000', '91,128,150,152', 0, '500', '0.00', 0, '2020-09-05 18:27:11', '2020-09-05 21:32:44', 1, 1),
(899, '34', '89', '191.30', 'kg', NULL, '', '250', 'PC06A', 0, 0, 0, 1, 0, 0, 0, '500,1000', '90,95,128,150', 0, '500', '0.00', 0, '2020-09-05 18:27:11', '2020-09-05 21:27:12', 1, 1),
(900, '34', '89', '191.30', 'kg', NULL, '', '250', 'PC06B', 0, 0, 0, 1, 0, 0, 0, '500,1000', '95,123,128,150', 0, '500', '0.00', 0, '2020-09-05 18:27:11', '2020-09-05 21:25:15', 1, 1),
(901, '34', '89', '191.30', 'kg', NULL, '', '250', 'PC06C', 0, 0, 0, 1, 0, 0, 0, '500,1000', '91,95,128,150', 0, '500', '0.00', 0, '2020-09-05 18:27:11', '2020-09-05 21:22:49', 1, 1),
(902, '34', '89', '191.30', 'kg', NULL, '', '250', 'PC07A', 0, 0, 0, 1, 0, 0, 0, '500,1000', '90,108,128,150', 0, '500', '0.00', 0, '2020-09-05 18:27:11', '2020-09-05 21:18:49', 1, 1),
(903, '34', '89', '191.30', 'kg', NULL, '', '250', 'PC07B', 0, 0, 0, 1, 0, 0, 0, '500,1000', '108,123,128,150', 0, '500', '0.00', 0, '2020-09-05 18:27:11', '2020-09-05 21:15:51', 1, 1),
(904, '34', '89', '191.30', 'kg', NULL, '', '250', 'PC07C', 0, 0, 0, 1, 0, 0, 0, '500,1000', '91,108,128,150', 0, '500', '0.00', 0, '2020-09-05 18:27:11', '2020-09-05 21:13:34', 1, 1),
(905, '34', '89', '191.30', 'kg', NULL, '', '250', 'PC08A', 0, 0, 0, 1, 0, 0, 0, '500,1000', '90,128,146,150,151', 0, '500', '0.00', 0, '2020-09-05 18:27:11', '2020-09-05 21:10:48', 1, 1),
(906, '34', '89', '191.30', 'kg', NULL, '', '250', 'PC08B', 0, 0, 0, 1, 0, 0, 0, '500,1000', '123,128,146,150,151', 0, '500', '0.00', 0, '2020-09-05 18:27:11', '2020-09-05 20:56:03', 1, 1),
(907, '34', '89', '191.30', 'kg', NULL, '', '250', 'PC08C', 0, 0, 0, 1, 0, 0, 0, '500,1000', '91,128,146,150,151', 0, '500', '0.00', 0, '2020-09-05 18:27:11', '2020-09-05 20:51:26', 1, 1),
(908, '34', '55', '173.91', 'kg', NULL, '', '250', 'HR01', 0, 0, 0, 1, 0, 0, 0, '500,1000', '143,147', 0, '250', '0.00', 0, '2020-09-05 18:27:11', '2020-09-05 20:53:25', 1, 1),
(909, '34', '55', '173.91', 'kg', NULL, '', '250', 'HR02', 0, 0, 0, 1, 0, 0, 0, '500,1000', '143,146', 0, '250', '0.00', 0, '2020-09-05 18:27:11', '2020-09-05 20:29:39', 1, 1),
(910, '34', '55', '173.91', 'kg', NULL, '', '250', 'HR03', 0, 0, 0, 1, 0, 0, 0, '500,1000', '143,145', 0, '250', '0.00', 0, '2020-09-05 18:27:11', '2020-09-05 20:27:55', 1, 1),
(911, '34', '55', '173.91', 'kg', NULL, '', '250', 'HR04', 0, 0, 0, 1, 0, 0, 0, '500,1000', '143,144', 0, '250', '0.00', 0, '2020-09-05 18:27:11', '2020-09-05 20:25:58', 1, 1),
(912, '34', '55', '173.91', 'kg', NULL, '', '250', 'HR05', 0, 0, 0, 1, 0, 0, 0, '500,1000', '111,143', 0, '250', '0.00', 0, '2020-09-05 18:27:11', '2020-09-05 20:23:20', 1, 1),
(913, '34', '55', '173.91', 'kg', NULL, '', '250', 'HR06', 0, 0, 0, 1, 0, 0, 0, '500,1000', '142,143', 0, '250', '0.00', 0, '2020-09-05 18:27:11', '2020-09-05 20:22:03', 1, 1),
(914, '34', '55', '173.91', 'kg', NULL, '', '250', 'HR07', 0, 0, 0, 1, 0, 0, 0, '500,1000', '136,143', 0, '250', '0.00', 0, '2020-09-05 18:27:11', '2020-09-05 20:16:53', 1, 1),
(915, '34', '55', '173.91', 'kg', NULL, '', '250', 'HR08', 0, 0, 0, 1, 0, 0, 0, '500,1000', '108,143', 0, '250', '0.00', 0, '2020-09-05 18:27:11', '2020-09-05 20:15:37', 1, 1),
(916, '34', '55', '173.91', 'kg', NULL, '', '250', 'HR09', 0, 0, 0, 1, 0, 0, 0, '500,1000', '107,143', 0, '250', '0.00', 0, '2020-09-05 18:27:11', '2020-09-05 20:03:42', 1, 1),
(917, '34', '55', '173.91', 'kg', NULL, '', '250', 'HR10', 0, 0, 0, 1, 0, 0, 0, '500,1000', '113,143', 0, '250', '0.00', 0, '2020-09-05 18:27:11', '2020-09-05 20:02:20', 1, 1),
(918, '34', '56', '143.48', 'kg', NULL, '', '250', 'DC01', 0, 0, 0, 1, 0, 0, 0, '500,1000', '107,139', 0, '250', '0.00', 0, '2020-09-05 18:27:11', '2020-09-05 19:59:58', 1, 1),
(919, '34', '56', '143.48', 'kg', NULL, '', '250', 'DC02', 0, 0, 0, 1, 0, 0, 0, '500,1000', '108,109,139', 0, '250', '0.00', 0, '2020-09-05 18:27:11', '2020-09-05 19:58:40', 1, 1),
(920, '34', '56', '143.48', 'kg', NULL, '', '250', 'DC03', 0, 0, 0, 1, 0, 0, 0, '500,1000', '111,139', 0, '250', '0.00', 0, '2020-09-05 18:27:11', '2020-09-05 19:57:40', 1, 1),
(921, '34', '56', '143.48', 'kg', NULL, '', '250', 'DC04', 0, 0, 0, 1, 0, 0, 0, '500,1000', '139,142', 0, '250', '0.00', 0, '2020-09-05 18:27:11', '2020-09-05 19:54:29', 1, 1),
(922, '34', '56', '143.48', 'kg', NULL, '', '250', 'DC05', 0, 0, 0, 1, 0, 0, 0, '500,1000', '109,139', 0, '250', '0.00', 0, '2020-09-05 18:27:11', '2020-09-05 19:53:14', 1, 1),
(923, '34', '56', '143.48', 'kg', NULL, '', '250', 'DC06', 0, 0, 0, 1, 0, 0, 0, '500,1000', '108,109,139', 0, '250', '0.00', 0, '2020-09-05 18:27:11', '2020-09-05 19:49:22', 1, 1),
(924, '34', '56', '143.48', 'kg', NULL, '', '250', 'DC07', 0, 0, 0, 1, 0, 0, 0, '500,1000', '113,139', 0, '250', '0.00', 0, '2020-09-05 18:27:11', '2020-09-05 19:48:00', 1, 1),
(925, '34', '56', '143.48', 'kg', NULL, '', '250', 'DC08', 0, 0, 0, 1, 0, 0, 0, '500,1000', '139,141', 0, '250', '0.00', 0, '2020-09-05 18:27:11', '2020-09-05 19:46:13', 1, 1),
(926, '34', '56', '143.48', 'kg', NULL, '', '250', 'DC09', 0, 0, 0, 1, 0, 0, 0, '500,1000', '109,139,140', 0, '250', '0.00', 0, '2020-09-05 18:27:11', '2020-09-05 19:42:04', 1, 1),
(927, '34', '56', '143.48', 'kg', NULL, '', '250', 'DC10', 0, 0, 0, 1, 0, 0, 0, '500,1000', '106,114,139', 0, '250', '0.00', 0, '2020-09-05 18:27:11', '2020-09-05 19:44:37', 1, 1),
(928, '34', '56', '143.48', 'kg', NULL, '', '250', 'DC11', 0, 0, 0, 1, 0, 0, 0, '500,1000', '114,139', 0, '250', '0.00', 0, '2020-09-05 18:27:11', '2020-09-05 19:43:54', 1, 1),
(929, '34', '56', '143.48', 'kg', NULL, '', '250', 'DC12', 0, 0, 0, 1, 0, 0, 0, '500,1000', '106,139', 0, '250', '0.00', 0, '2020-09-05 18:27:11', '2020-10-06 17:15:27', 1, 1),
(930, '36', '50', '100.00', '', 0, '', '1', 'BX08', 0, 0, 0, 1, 0, 0, 0, '950', '137,138', 0, '1', '0.00', 0, '2020-09-05 18:27:11', '2021-08-04 10:24:38', 1, 1),
(931, '36', '50', '86.96', '', NULL, '', '1', 'BX62', 0, 0, 0, 1, 0, 0, 0, '330', '132,136', 0, '1', '0.00', 0, '2020-09-05 18:27:11', '2020-09-05 19:34:07', 1, 1),
(932, '36', '50', '69.57', '', NULL, '', '1', 'BX141', 0, 0, 0, 1, 0, 0, 0, '350', '128,132', 0, '1', '0.00', 0, '2020-09-05 18:27:11', '2020-09-05 19:32:04', 1, 1),
(933, '36', '50', '69.57', '', NULL, '', '1', 'BX141', 0, 0, 0, 1, 0, 0, 0, '350', '128,132', 0, '1', '0.00', 0, '2020-09-05 18:27:11', '2020-09-05 19:31:34', 1, 1),
(934, '36', '50', '69.57', '', NULL, '', '1', 'BX141', 0, 0, 0, 1, 0, 0, 0, '350', '128,132', 0, '1', '0.00', 0, '2020-09-05 18:27:11', '2020-09-05 19:31:16', 1, 1),
(935, '36', '50', '69.57', '', NULL, '', '1', 'BX141', 0, 0, 0, 1, 0, 0, 0, '350', '128,132', 0, '1', '0.00', 0, '2020-09-05 18:27:11', '2020-09-05 19:30:41', 1, 1),
(936, '36', '50', '69.57', '', NULL, '', '1', 'BX141', 0, 0, 0, 1, 0, 0, 0, '350', '128,132', 0, '1', '0.00', 0, '2020-09-05 18:27:11', '2020-09-05 19:30:20', 1, 1),
(937, '36', '49', '121.74', '', NULL, '', '1', 'BX65', 0, 0, 0, 1, 0, 0, 0, '500', '131,134', 0, '1', '0.00', 0, '2020-09-05 18:27:11', '2020-09-05 19:30:00', 1, 1),
(938, '36', '49', '82.61', '', NULL, '', '1', 'BX79', 0, 0, 0, 1, 0, 0, 0, '280', '133,135', 0, '1', '0.00', 0, '2020-09-05 18:27:11', '2020-09-05 19:29:32', 1, 1),
(939, '36', '49', '126.09', '', NULL, '', '1', 'BX99', 0, 0, 0, 1, 0, 0, 0, '550', '130', 0, '1', '0.00', 0, '2020-09-05 18:27:11', '2020-09-05 19:27:49', 1, 1),
(940, '36', '49', '117.39', '', NULL, '', '1', 'BX102', 0, 0, 0, 1, 0, 0, 0, '350', '132', 0, '1', '0.00', 0, '2020-09-05 18:27:11', '2020-09-05 19:26:36', 1, 1),
(941, '36', '49', '69.57', '', NULL, '', '1', 'BX126', 0, 0, 0, 1, 0, 0, 0, '250', '128,129', 0, '1', '0.00', 0, '2020-09-05 18:27:11', '2020-09-05 19:25:27', 1, 1),
(942, '36', '49', '86.96', '', NULL, '', '1', 'BX129', 0, 0, 0, 1, 0, 0, 0, '500', '128,131', 0, '1', '0.00', 0, '2020-09-05 18:27:11', '2020-09-05 19:24:54', 1, 1),
(943, '36', '49', '173.91', '', NULL, '', '1', 'BX130', 0, 0, 0, 1, 0, 0, 0, '1,000', '127,128', 0, '1', '0.00', 3, '2020-09-05 18:27:11', '2020-09-05 19:24:08', 1, 1),
(944, '37', '', '165.22', '', NULL, '', '1', 'BX82', 0, 0, 0, 1, 0, 0, 0, '900', '125,126', 0, '1', '0.00', 0, '2020-09-05 18:27:11', '2020-09-05 19:21:31', 1, 1),
(945, '35', '45', '73.91', '', NULL, '', '1', 'BX42', 0, 0, 0, 1, 0, 0, 0, '270', '121,124', 0, '1', '0.00', 0, '2020-09-05 18:27:11', '2020-09-05 19:19:48', 1, 1),
(946, '35', '45', '152.17', '', NULL, '', '1', 'BX47Pink', 0, 0, 0, 1, 0, 0, 0, '870', '121,123', 0, '1', '0.00', 0, '2020-09-05 18:27:11', '2020-09-05 19:18:02', 1, 1),
(947, '35', '45', '152.17', '', NULL, '', '1', 'BX47Blue', 0, 0, 0, 1, 0, 0, 0, '870', '121,122', 0, '1', '0.00', 0, '2020-09-05 18:27:11', '2020-09-05 19:17:18', 1, 1),
(948, '38', '59', '26.09', '', NULL, '', '1', 'BX76', 0, 0, 0, 1, 0, 0, 0, '300', '119,120', 0, '1', '0.00', 0, '2020-09-05 18:27:11', '2020-09-05 19:14:51', 1, 1),
(949, '38', '59', '60.87', '', NULL, '', '1', 'BX97', 0, 0, 0, 1, 0, 0, 0, '360', '119,120', 0, '1', '0.00', 0, '2020-09-05 18:27:11', '2020-09-05 19:13:44', 1, 1),
(950, '38', '59', '52.17', '', NULL, '', '1', 'BX118', 0, 0, 0, 1, 0, 0, 0, '400', '', 0, '1', '0.00', 0, '2020-09-05 18:27:11', '2020-09-05 19:09:03', 1, 1),
(951, '38', '60', '113.04', '', NULL, '', '1', 'BX15', 0, 0, 0, 1, 0, 0, 0, '700', '', 0, '1', '0.00', 0, '2020-09-05 18:27:11', '2020-09-05 19:08:49', 1, 1),
(952, '38', '60', '126.09', '', NULL, '', '1', 'BX30Praline', 0, 0, 0, 1, 0, 0, 0, '600', '', 0, '1', '0.00', 0, '2020-09-05 18:27:11', '2020-09-05 19:08:30', 1, 1),
(953, '38', '60', '126.09', '', NULL, '', '1', 'BX30Lotus', 0, 0, 0, 1, 0, 0, 0, '600', '', 0, '1', '0.00', 4, '2020-09-05 18:27:11', '2020-09-05 19:08:09', 1, 1),
(954, '38', '60', '126.09', '', NULL, '', '1', 'BX30Pistachio', 0, 0, 0, 1, 0, 0, 0, '600', '', 0, '1', '0.00', 0, '2020-09-05 18:27:11', '2020-09-05 19:07:50', 1, 1),
(955, '38', '60', '95.65', '', NULL, '', '1', 'BX131', 0, 0, 0, 1, 0, 0, 0, '600', '', 0, '1', '0.00', 0, '2020-09-05 18:27:11', '2020-09-05 19:06:30', 1, 1),
(956, '34', '44', '208.70', 'kg', NULL, '', '100', 'SFS13', 1, 0, 0, 1, 0, 0, 0, '', '98', 0, '', '0.00', 0, '2020-10-03 15:14:47', '2020-10-06 16:59:19', 1, 1),
(957, '34', '56', '143.48', 'kg', NULL, '', '100', 'DC13', 2, 0, 0, 1, 0, 0, 0, '', '106,139', 0, '', '0.00', 0, '2020-10-03 16:21:28', '2020-10-06 17:01:49', 1, 1),
(958, '34', '41', '143.48', 'kg', NULL, '', '100', 'CS68', 3, 0, 0, 1, 0, 0, 0, '', '61', 0, '', '0.00', 0, '2020-10-03 16:43:46', '2020-10-05 16:28:45', 1, 1),
(959, '34', '89', '191.30', 'kg', NULL, '', '100', 'PC09', 4, 0, 0, 1, 0, 0, 0, '', '90,91,128', 0, '', '0.00', 0, '2020-10-03 17:07:31', '2020-10-06 17:04:12', 1, 1),
(960, '34', '42', '173.91', 'kg', NULL, '', '100', 'CRW34', 5, 0, 0, 1, 0, 0, 0, '', '109,128', 0, '', '0.00', 0, '2020-10-04 15:44:22', '2020-10-06 17:04:36', 1, 1),
(961, '34', '42', '173.91', 'kg', NULL, '', '100', 'CRB29', 6, 0, 0, 1, 0, 0, 0, '', '109,128', 0, '', '0.00', 0, '2020-10-04 16:12:21', '2020-10-06 17:05:04', 1, 1),
(962, '34', '54', '118.26', 'kg', NULL, '', '100', 'RB16', 7, 0, 0, 1, 0, 0, 0, '', '106,109,147', 0, '', '0.00', 0, '2020-10-04 16:37:27', '2020-10-06 17:01:01', 1, 1),
(963, '34', '55', '173.91', 'kg', NULL, '', '100', 'HR11', 8, 0, 0, 1, 0, 0, 0, '', '92,143', 0, '', '0.00', 0, '2020-10-06 10:33:15', '2020-10-06 11:42:58', 1, 1),
(964, '34', '40', '43.48', 'kg', NULL, '', '100', 'ELG48', 9, 0, 0, 1, 0, 0, 0, '', '99,109', 0, '', '0.00', 0, '2020-10-08 11:57:48', '2020-10-08 12:11:48', 1, 1),
(965, '74', '', '10.00', 'item', 3, '', '1', '123', 10, 0, 0, 1, 0, 0, 0, '', '65', 0, '', '0.00', 0, '2020-10-26 13:56:14', '2020-10-26 14:03:41', 1, 1),
(966, '34', '41', '100.00', 'item', 250, '', '1', 'sty-mixx250g', 11, 0, 0, 1, 0, 0, 0, '', '61', 0, '', '0.00', 0, '2021-04-11 18:44:44', '2021-04-11 18:51:02', 1, 1);

-- --------------------------------------------------------

--
-- Table structure for table `products_inside`
--

CREATE TABLE `products_inside` (
  `ProductInsideID` int(11) NOT NULL,
  `ProductID` int(11) NOT NULL,
  `InsideTitle` varchar(255) NOT NULL,
  `InsideTitleAr` varchar(255) NOT NULL,
  `InsideImage` varchar(255) NOT NULL
) ENGINE=InnoDB DEFAULT CHARSET=utf8;

--
-- Dumping data for table `products_inside`
--

INSERT INTO `products_inside` (`ProductInsideID`, `ProductID`, `InsideTitle`, `InsideTitleAr`, `InsideImage`) VALUES
(1, 966, 'almond', 'لوز', 'uploads/images/6849166801620210411064444CS-A-05.jpg'),
(2, 966, 'hazelnut', 'بندق', 'uploads/images/1572596359420210411064444CS-A-01.jpg'),
(3, 966, 'lotus', 'لوتس', 'uploads/images/4408480901420210411064444CS-A-03.jpg'),
(4, 966, 'nut', 'حثحصج', 'uploads/images/8599348500520210411060251CS-A-08.jpg'),
(5, 966, 'fwfwيصيص', 'قصثصثببصب', 'uploads/images/1258901509620210411060251CS-A-62.jpg'),
(6, 966, 'dwqwqfwضضض', 'بثثصلصبقثث', 'uploads/images/7728666907620210411060251CS-A-60.jpg'),
(7, 966, 'fewgeققق', 'ربربرضضض', 'uploads/images/128712670820210411060251CS-A-63.jpg'),
(8, 966, 'rqwfq', 'لصلصل', 'uploads/images/317880917120210411060251CS-A-22.jpg'),
(9, 966, 'fwegg', 'لصلصلص', 'uploads/images/3816879166520210411060251CS-A-23.jpg'),
(10, 966, 'eweqe', 'قصثقص', 'uploads/images/4145186102720210411060251CS-A-26.jpg'),
(11, 966, 'dwfwf', 'لقااثق', 'uploads/images/682410680520210411060251CS-A-25.jpg');

-- --------------------------------------------------------

--
-- Table structure for table `products_text`
--

CREATE TABLE `products_text` (
  `ProducrTextID` int(11) NOT NULL,
  `ProductID` int(11) NOT NULL,
  `Title` varchar(255) NOT NULL,
  `Description` varchar(2000) NOT NULL,
  `Ingredients` varchar(1000) NOT NULL,
  `Specifications` text NOT NULL,
  `Keywords` varchar(500) NOT NULL,
  `SystemLanguageID` int(11) NOT NULL,
  `MetaTags` varchar(255) NOT NULL,
  `MetaKeywords` varchar(255) NOT NULL,
  `MetaDescription` varchar(255) NOT NULL,
  `CreatedAt` datetime NOT NULL,
  `UpdatedAt` datetime NOT NULL,
  `CreatedBy` int(11) NOT NULL,
  `UpdatedBy` int(11) NOT NULL
) ENGINE=InnoDB DEFAULT CHARSET=utf8;

--
-- Dumping data for table `products_text`
--

INSERT INTO `products_text` (`ProducrTextID`, `ProductID`, `Title`, `Description`, `Ingredients`, `Specifications`, `Keywords`, `SystemLanguageID`, `MetaTags`, `MetaKeywords`, `MetaDescription`, `CreatedAt`, `UpdatedAt`, `CreatedBy`, `UpdatedBy`) VALUES
(1593, 797, 'Praline Hazelnut', 'Brown Chocolate With Hazelnut Cream And Crushed Hazelnut', 'Sugar,Cocoa Butter,Cocoa Powder,Milk Powder,Lecithin Soya,Hazelnut Cream,Crushed Hazelnut,Vanilla', 'Keep In A Cool And Dry Place, Away From Heat And Sunlight  IN 18ْ C , Nuts And Milk May Cause Allergies To Some People', '', 1, '', '', '', '2020-09-05 18:27:09', '2022-07-28 15:27:25', 1, 1),
(1594, 797, 'كريمة البندق', 'طبقة من الشوكولاتة البنية بداخلها كريمة البندق اللذيذة مع حبيبات البندق', 'سكر,زبدة الكاكاو,كتل الكاكاو,بودرة الحليب,ليستين الصويا,كريمة البندق,بندق,فانيليا', 'تحفظ في مكان بارد وجاف بعيداً عن الحرارة واشعة الشمس على درجة حرارة  18 درجة مئوية , المكسرات والحليب قد تسبب الحساسية لبعض الاشخاص', '', 2, '', '', '', '2020-09-05 18:27:09', '2020-09-05 18:27:09', 1, 1),
(1595, 798, 'Oreo', 'Brown Chocolate With Oreo', 'Sugar,Cocoa Butter,Cocoa Powder,Milk Powder,Lecithin Soya,Oreo,Vanilla', 'Keep In A Cool And Dry Place, Away From Heat And Sunlight  IN 18ْ C , Milk May Cause Allergies To Some People.', '', 1, '', '', '', '2020-09-05 18:27:09', '2021-06-22 15:41:13', 1, 1),
(1596, 798, 'أوريو', 'طبقة من الشوكولاتة البنية بداخلها بسكويت أوريو', 'سكر,زبدة الكاكاو,كتل الكاكاو,بودرة الحليب,ليستين الصويا,عجينة اوريو,فانيليا', 'تحفظ في مكان بارد وجاف بعيداً عن الحرارة واشعة الشمس على درجة حرارة  18 درجة مئوية , الحليب قد يسبب الحساسية لبعض الاشخاص', '', 2, '', '', '', '2020-09-05 18:27:09', '2020-09-05 18:27:09', 1, 1),
(1597, 799, 'Croquant Almond', 'Brown Chocolate With Croquant', 'Sugar,Cocoa Butter,Cocoa Powder,Milk Powder,Lecithin Soya,Burnt Sugar,Almond,Vanilla', 'Keep In A Cool And Dry Place, Away From Heat And Sunlight  IN 18ْ C , Nuts And Milk May Cause Allergies To Some People', '', 1, '', '', '', '2020-09-05 18:27:09', '2021-07-28 22:31:54', 1, 1),
(1598, 799, 'كروكان اللوز', 'طبقة من الشوكولاتة البنية بداخلها السكر المحروق مع اللوز', 'سكر,زبدة الكاكاو,كتل الكاكاو,بودرة الحليب,ليستين الصويا,لوز,سكر محروق,فانيليا', 'تحفظ في مكان بارد وجاف بعيداً عن الحرارة واشعة الشمس على درجة حرارة  18 درجة مئوية , المكسرات والحليب قد تسبب الحساسية لبعض الاشخاص', '', 2, '', '', '', '2020-09-05 18:27:09', '2020-09-05 18:27:09', 1, 1),
(1599, 800, 'Wafer', 'Brown Chocolate With Wafer', 'Sugar,Cocoa Butter,Cocoa Powder,Milk Powder,Lecithin Soya,Wafer,Vanilla', 'Keep In A Cool And Dry Place, Away From Heat And Sunlight  IN 18ْ C , Milk May Cause Allergies To Some People', '', 1, '', '', '', '2020-09-05 18:27:09', '2021-06-22 15:56:12', 1, 1),
(1600, 800, 'بسكويت الويفر', 'طبقة من الشوكولاتة البنية بداخلها الويفر المقرمش', 'سكر,زبدة الكاكاو,كتل الكاكاو,بودرة الحليب,ليستين الصويا,بسكويت ويفر,فانيليا', 'تحفظ في مكان بارد وجاف بعيداً عن الحرارة واشعة الشمس على درجة حرارة  18 درجة مئوية , الحليب قد يسبب الحساسية لبعض الاشخاص', '', 2, '', '', '', '2020-09-05 18:27:09', '2020-09-05 18:27:09', 1, 1),
(1601, 801, 'Praline Corn Flakes', 'Brown Chocolate With Hazelnut Cream And Corn Flakes', 'Sugar,Cocoa Butter,Cocoa Powder,Milk Powder,Lecithin Soya,Hazelnut Cream,Corn Flakes,Vanilla', 'Keep In A Cool And Dry Place, Away From Heat And Sunlight  IN 18ْ C , Nuts And Milk May Cause Allergies To Some People', '', 1, '', '', '', '2020-09-05 18:27:10', '2021-06-22 15:58:14', 1, 1),
(1602, 801, 'كريمة البندق مع الكورن فليكس', 'طبقة من الشوكولاتة البنية بداخلها كريمة البندق اللذيذة مع الكورن فليكس', 'سكر,زبدة الكاكاو,كتل الكاكاو,بودرة الحليب,ليستين الصويا,كريمة البندق,كورن فليكس,فانيليا', 'تحفظ في مكان بارد وجاف بعيداً عن الحرارة واشعة الشمس على درجة حرارة  18 درجة مئوية , المكسرات والحليب قد تسبب الحساسية لبعض الاشخاص', '', 2, '', '', '', '2020-09-05 18:27:10', '2020-09-05 18:27:10', 1, 1),
(1603, 802, 'Praline Almond Wafer', 'Brown Chocolate With Hazelnut Cream And Almond And Wafer', 'Sugar,Cocoa Butter,Cocoa Powder,Milk Powder,Lecithin Soya,Hazelnut Cream,Wafer,Almond,Vanilla', 'Keep In A Cool And Dry Place, Away From Heat And Sunlight  IN 18ْ C , Nuts And Milk May Cause Allergies To Some People', '', 1, '', '', '', '2020-09-05 18:27:10', '2021-06-22 15:59:28', 1, 1),
(1604, 802, 'كريمة البندق مع الويفر واللوز', 'طبقة من الشوكولاتة البنية بداخلها كريمة البندق اللذيذة مع الويفر واللوز المكسر', 'سكر,زبدة الكاكاو,كتل الكاكاو,بودرة الحليب,ليستين الصويا,كريمة البندق,ويفر,لوز,فانيليا', 'تحفظ في مكان بارد وجاف بعيداً عن الحرارة واشعة الشمس على درجة حرارة  18 درجة مئوية , المكسرات والحليب قد تسبب الحساسية لبعض الاشخاص', '', 2, '', '', '', '2020-09-05 18:27:10', '2020-09-05 18:27:10', 1, 1),
(1605, 803, 'Chocolate Twix', 'Brown Chocolate With Twix', 'Sugar,Cocoa Butter,Cocoa Powder,Milk Powder,Lecithin Soya,Twix Biscuit,Vanilla', 'Keep In A Cool And Dry Place, Away From Heat And Sunlight  IN 18ْ C , Milk May Cause Allergies To Some People', '', 1, '', '', '', '2020-09-05 18:27:10', '2021-06-22 16:44:54', 1, 1),
(1606, 803, 'بسكويت التويكس', 'طبقة من الشوكولاتة البنية بداخلها بسكويت التويكس', 'سكر,زبدة الكاكاو,كتل الكاكاو,بودرة الحليب,ليستين الصويا,بسكويت تويكس,فانيليا', 'تحفظ في مكان بارد وجاف بعيداً عن الحرارة واشعة الشمس على درجة حرارة  18 درجة مئوية , الحليب قد يسبب الحساسية لبعض الاشخاص', '', 2, '', '', '', '2020-09-05 18:27:10', '2020-09-05 18:27:10', 1, 1),
(1607, 804, 'Praline Francy', 'Brown Chocolate With Hazelnut Cream And Francy Biscuit', 'Sugar,Cocoa Butter,Cocoa Powder,Milk Powder,Lecithin Soya,Hazelnut Cream,Francy Buscuit,Vanilla', 'Keep In A Cool And Dry Place, Away From Heat And Sunlight  IN 18ْ C , Nuts And Milk May Cause Allergies To Some People', '', 1, '', '', '', '2020-09-05 18:27:10', '2021-06-22 16:43:40', 1, 1),
(1608, 804, 'كريمة البندق مع البسكويت الفرنسي', 'طبقة من الشوكولاتة البنية بداخلها كريمة البندق اللذيذة مع البسكويت الفرنسي المقرمش', 'سكر,زبدة الكاكاو,كتل الكاكاو,بودرة الحليب,ليستين الصويا,كريمة البندق,بسكويت فرنسي,فانيليا', 'تحفظ في مكان بارد وجاف بعيداً عن الحرارة واشعة الشمس على درجة حرارة  18 درجة مئوية , المكسرات والحليب قد تسبب الحساسية لبعض الاشخاص', '', 2, '', '', '', '2020-09-05 18:27:10', '2020-09-05 18:27:10', 1, 1),
(1609, 805, 'Chocolate With Caramel', 'Brown Chocolate With Caramel ', 'Sugar,Cocoa Butter,Cocoa Powder,Milk Powder,Lecithin Soya,Caramel,Vanilla', 'Keep In A Cool And Dry Place, Away From Heat And Sunlight  IN 18ْ C , Milk May Cause Allergies To Some People', '', 1, '', '', '', '2020-09-05 18:27:10', '2021-06-22 16:43:19', 1, 1),
(1610, 805, 'الشوكولاتة والكراميل', 'طبقة من الشوكولاتة البنية بداخلها توفي كراميل الشهية', 'سكر,زبدة الكاكاو,كتل الكاكاو,بودرة الحليب,ليستين الصويا,عجينة كراميل,فانيليا', 'تحفظ في مكان بارد وجاف بعيداً عن الحرارة واشعة الشمس على درجة حرارة  18 درجة مئوية , الحليب قد يسبب الحساسية لبعض الاشخاص', '', 2, '', '', '', '2020-09-05 18:27:10', '2020-09-05 18:27:10', 1, 1),
(1611, 806, 'Praline Coffee', 'Brown Chocolate With Hazelnut Cream And Coffee', 'Sugar,Cocoa Butter,Cocoa Powder,Milk Powder,Lecithin Soya,Hazelnut Cream,Coffee,Vanilla', 'Keep In A Cool And Dry Place, Away From Heat And Sunlight  IN 18ْ C , Nuts And Milk May Cause Allergies To Some People', '', 1, '', '', '', '2020-09-05 18:27:10', '2021-06-22 16:42:59', 1, 1),
(1612, 806, 'كريمة البندق و القهوة', 'طبقة من الشوكولاتة البنية بداخلها كريمة البندق اللذيذة مع القهوة', 'سكر,زبدة الكاكاو,كتل الكاكاو,بودرة الحليب,ليستين الصويا,كريمة البندق,بن محمص,فانيليا', 'تحفظ في مكان بارد وجاف بعيداً عن الحرارة واشعة الشمس على درجة حرارة  18 درجة مئوية , المكسرات والحليب قد تسبب الحساسية لبعض الاشخاص', '', 2, '', '', '', '2020-09-05 18:27:10', '2020-09-05 18:27:10', 1, 1),
(1613, 807, 'Praline Lotus', 'Brown Chocolate With Hazelnut Cream And Lotus', 'Sugar,Cocoa Butter,Cocoa Powder,Milk Powder,Lecithin Soya,Hazelnut Cream,Lotus,Vanilla', 'Keep In A Cool And Dry Place, Away From Heat And Sunlight  IN 18ْ C , Nuts And Milk May Cause Allergies To Some People', '', 1, '', '', '', '2020-09-05 18:27:10', '2020-09-06 01:54:51', 1, 1),
(1614, 807, 'كريمة البندق واللوتس', 'طبقة من الشوكولاتة البنية بداخلها كريمة البندق اللذيذة مع حبيبات بسكويت اللوتس ', 'سكر,زبدة الكاكاو,كتل الكاكاو,بودرة الحليب,ليستين الصويا,كريمة البندق,بسكويت اللوتس,فانيليا', 'تحفظ في مكان بارد وجاف بعيداً عن الحرارة واشعة الشمس على درجة حرارة  18 درجة مئوية , المكسرات والحليب قد تسبب الحساسية لبعض الاشخاص', '', 2, '', '', '', '2020-09-05 18:27:10', '2020-09-05 18:27:10', 1, 1),
(1615, 808, 'Praline Nesquik', 'Brown Chocolate With Hazelnut Cream And Nesquik', 'Sugar,Cocoa Butter,Cocoa Powder,Milk Powder,Lecithin Soya,Hazelnut Cream,Nesquik,Vanilla', 'Keep In A Cool And Dry Place, Away From Heat And Sunlight  IN 18ْ C , Nuts And Milk May Cause Allergies To Some People', '', 1, '', '', '', '2020-09-05 18:27:10', '2020-09-06 01:23:24', 1, 1),
(1616, 808, 'كريمة البندق والنسكويك', 'طبقة من الشوكولاتة البنية بداخلها كريمة البندق اللذيذة مع النسكويك المقرمش', 'سكر,زبدة الكاكاو,كتل الكاكاو,بودرة الحليب,ليستين الصويا,كريمة البندق,نسكويك,فانيليا', 'تحفظ في مكان بارد وجاف بعيداً عن الحرارة واشعة الشمس على درجة حرارة  18 درجة مئوية , المكسرات والحليب قد تسبب الحساسية لبعض الاشخاص', '', 2, '', '', '', '2020-09-05 18:27:10', '2020-09-05 18:27:10', 1, 1),
(1617, 809, 'Gianduja Cream', 'Brown Chocolate With White Hazelnut Cream ', 'Sugar,Cocoa Butter,Cocoa Powder,Milk Powder,Lecithin Soya,White Hazelnut Cream,Vanilla', 'Keep In A Cool And Dry Place, Away From Heat And Sunlight  IN 18ْ C , Nuts And Milk May Cause Allergies To Some People', '', 1, '', '', '', '2020-09-05 18:27:10', '2020-09-06 01:22:21', 1, 1),
(1618, 809, 'كريمة البندق البيضاء ', 'طبقة من الشوكولاتة البنية بداخلها كريمة البندق البيضاء', 'سكر,زبدة الكاكاو,كتل الكاكاو,بودرة الحليب,ليستين الصويا,كريمة البندق البيضاء,فانيليا', 'تحفظ في مكان بارد وجاف بعيداً عن الحرارة واشعة الشمس على درجة حرارة  18 درجة مئوية , المكسرات والحليب قد تسبب الحساسية لبعض الاشخاص', '', 2, '', '', '', '2020-09-05 18:27:10', '2020-09-05 18:27:10', 1, 1),
(1619, 810, 'Plain Chocolate', 'Brown Chocolate', 'Sugar,Cocoa Butter,Cocoa Powder,Milk Powder,Lecithin Soya,Vanilla', 'Keep In A Cool And Dry Place, Away From Heat And Sunlight  IN 18ْ C , Milk May Cause Allergies To Some People', '', 1, '', '', '', '2020-09-05 18:27:10', '2020-09-06 01:21:11', 1, 1),
(1620, 810, 'الشوكولاتة السادة', 'الشوكولاتة البنية السادة', 'سكر,زبدة الكاكاو,كتل الكاكاو,بودرة الحليب,ليستين الصويا,فانيليا', 'تحفظ في مكان بارد وجاف بعيداً عن الحرارة واشعة الشمس على درجة حرارة  18 درجة مئوية , الحليب قد يسبب الحساسية لبعض الاشخاص', '', 2, '', '', '', '2020-09-05 18:27:10', '2020-09-05 18:27:10', 1, 1),
(1621, 811, 'Praline Almond Caramelized', 'Brown Chocolate With Hazelnut Cream And Almond Rocher', 'Sugar,Cocoa Butter,Cocoa Powder,Milk Powder,Lecithin Soya,Hazelnut Cream,Almond,Vanilla', 'Keep In A Cool And Dry Place, Away From Heat And Sunlight  IN 18ْ C , Nuts And Milk May Cause Allergies To Some People', '', 1, '', '', '', '2020-09-05 18:27:10', '2020-09-06 01:19:47', 1, 1),
(1622, 811, 'كريمة البندق وروشيه اللوز', 'طبقة من الشوكولاتة البنية بداخلها كريمة البندق اللذيذة مع حبيبات روشيه اللوز ', 'سكر,زبدة الكاكاو,كتل الكاكاو,بودرة الحليب,ليستين الصويا,كريمة الندق,سكر محروق,لوز,فانيليا', 'تحفظ في مكان بارد وجاف بعيداً عن الحرارة واشعة الشمس على درجة حرارة  18 درجة مئوية , المكسرات والحليب قد تسبب الحساسية لبعض الاشخاص', '', 2, '', '', '', '2020-09-05 18:27:10', '2020-09-05 18:27:10', 1, 1),
(1623, 812, 'Panda Chocolate', 'Brown Chocolate With Panda Biscuit', 'Sugar,Cocoa Butter,Cocoa Powder,Milk Powder,Lecithin Soya,Panda Buscuit,Vanilla', 'Keep In A Cool And Dry Place, Away From Heat And Sunlight  IN 18ْ C , Milk May Cause Allergies To Some People', '', 1, '', '', '', '2020-09-05 18:27:10', '2020-09-06 01:18:35', 1, 1),
(1624, 812, 'بسكويت باندا', 'طبقة من الشوكولاتة البنية بداخلها حبة بسكويت باندا', 'سكر,زبدة الكاكاو,كتل الكاكاو,بودرة الحليب,ليستين الصويا,بسكويت باندا,فانيليا', 'تحفظ في مكان بارد وجاف بعيداً عن الحرارة واشعة الشمس على درجة حرارة  18 درجة مئوية , الحليب قد يسبب الحساسية لبعض الاشخاص', '', 2, '', '', '', '2020-09-05 18:27:10', '2020-09-05 18:27:10', 1, 1),
(1625, 813, 'Praline Honey Rice Crispy', 'Brown Chocolate With Hazelnut Cream Honey And Rice Crispy', 'Sugar,Cocoa Butter,Cocoa Powder,Milk Powder,Lecithin Soya,Hazelnut Cream,Rice Crispy,Honey,Vanilla', 'Keep In A Cool And Dry Place, Away From Heat And Sunlight  IN 18ْ C , Nuts And Milk May Cause Allergies To Some People', '', 1, '', '', '', '2020-09-05 18:27:10', '2020-09-06 01:17:16', 1, 1),
(1626, 813, 'كريمة البندق والعسل والرايس كرسبي', 'طبقة من الشوكولاتة البنية بداخلها كريمة البندق اللذيذة مع العسل والرايس كرسبي', 'سكر,زبدة الكاكاو,كتل الكاكاو,بودرة الحليب,ليستين الصويا,كريمة البندق,عسل,رايس كرسبي,فانيليا', 'تحفظ في مكان بارد وجاف بعيداً عن الحرارة واشعة الشمس على درجة حرارة  18 درجة مئوية , المكسرات والحليب قد تسبب الحساسية لبعض الاشخاص', '', 2, '', '', '', '2020-09-05 18:27:10', '2020-09-05 18:27:10', 1, 1),
(1627, 814, 'Caramel Chocolate', 'Brown Chocolate With Caramel Chocolate', 'Sugar,Cocoa Butter,Cocoa Powder,Milk Powder,Lecithin Soya,Caramel Chocolate,Vanilla', 'Keep In A Cool And Dry Place, Away From Heat And Sunlight  IN 18ْ C , Milk May Cause Allergies To Some People', '', 1, '', '', '', '2020-09-05 18:27:10', '2020-09-06 01:15:07', 1, 1),
(1628, 814, 'شوكولاتة الكراميل', 'طبقة من الشوكولاتة البنية بداخلها شوكولاتة كراميل المميزة', 'سكر,زبدة الكاكاو,كتل الكاكاو,بودرة الحليب,ليستين الصويا,شوكولاتة كراميل,فانيليا', 'تحفظ في مكان بارد وجاف بعيداً عن الحرارة واشعة الشمس على درجة حرارة  18 درجة مئوية , الحليب قد يسبب الحساسية لبعض الاشخاص', '', 2, '', '', '', '2020-09-05 18:27:10', '2020-09-05 18:27:10', 1, 1),
(1629, 815, 'Caramel Chocolate Francy', 'Brown Chocolate With Caramel Chocolate And Francy', 'Sugar,Cocoa Butter,Cocoa Powder,Milk Powder,Lecithin Soya,Caramel Chocolate,Francy,Vanilla', 'Keep In A Cool And Dry Place, Away From Heat And Sunlight  IN 18ْ C , Milk May Cause Allergies To Some People', '', 1, '', '', '', '2020-09-05 18:27:10', '2020-09-06 01:14:06', 1, 1),
(1630, 815, 'شوكولاتة الكراميل والبسكويت الفرنسي', 'طبقة من الشوكولاتة البنية بداخلها شوكولاتة الكراميل المميزة مع البسكويت الفرنسي المقرمش', 'سكر,زبدة الكاكاو,كتل الكاكاو,بودرة الحليب,ليستين الصويا,شوكولاتة كراميل,فرنسي,فانيليا', 'تحفظ في مكان بارد وجاف بعيداً عن الحرارة واشعة الشمس على درجة حرارة  18 درجة مئوية , الحليب قد يسبب الحساسية لبعض الاشخاص', '', 2, '', '', '', '2020-09-05 18:27:10', '2020-09-05 18:27:10', 1, 1),
(1631, 816, 'Gianduja Caramel Lotus', 'Brown Chocolate With White Hazelnut Cream  And Caramel Lotus', 'Sugar,Cocoa Butter,Cocoa Powder,Milk Powder,Lecithin Soya,White Hazelnut Cream,Burnt Sugar,Lotus,Vanilla', 'Keep In A Cool And Dry Place, Away From Heat And Sunlight  IN 18ْ C , Nuts And Milk May Cause Allergies To Some People', '', 1, '', '', '', '2020-09-05 18:27:10', '2020-09-06 01:12:52', 1, 1),
(1632, 816, 'كريمة البندق البيضاء وكراميل اللوتس ', 'طبقة من الشوكولاتة البنية بداخلها كريمة البندق البيضاء وكراميل اللوتس', 'سكر,زبدة الكاكاو,كتل الكاكاو,بودرة الحليب,ليستين الصويا,كريمة بندق بيضاء,لوتس مع سكر محروق,فانيليا', 'تحفظ في مكان بارد وجاف بعيداً عن الحرارة واشعة الشمس على درجة حرارة  18 درجة مئوية , المكسرات والحليب قد تسبب الحساسية لبعض الاشخاص', '', 2, '', '', '', '2020-09-05 18:27:10', '2020-09-05 18:27:10', 1, 1),
(1633, 817, 'Gianduja Caramel Rice Crispy', 'Brown Chocolate With White Hazelnut Cream  And Caramel Rice Crispy', 'Sugar,Cocoa Butter,Cocoa Powder,Milk Powder,Lecithin Soya,White Hazelnut Cream,Burnt Sugar,Rice Crispy,Vanilla', 'Keep In A Cool And Dry Place, Away From Heat And Sunlight  IN 18ْ C , Nuts And Milk May Cause Allergies To Some People', '', 1, '', '', '', '2020-09-05 18:27:10', '2020-09-06 01:10:55', 1, 1),
(1634, 817, 'كريمة البندق البيضاء و الرايس كرسبي المكرمل', 'طبقة من الشوكولاتة البنية بداخلها كريمة البندق البيضاء مع الرايس كرسبي المكرمل', 'سكر,زبدة الكاكاو,كتل الكاكاو,بودرة الحليب,ليستين الصويا,كريمة بندق بيضاء,رايس  كرسبي مع سكر محروق,فانيليا', 'تحفظ في مكان بارد وجاف بعيداً عن الحرارة واشعة الشمس على درجة حرارة  18 درجة مئوية , المكسرات والحليب قد تسبب الحساسية لبعض الاشخاص', '', 2, '', '', '', '2020-09-05 18:27:10', '2020-09-05 18:27:10', 1, 1),
(1635, 818, 'Crushed Almond', 'Brown Chocolate With Crushed Almond', 'Sugar,Cocoa Butter,Cocoa Powder,Milk Powder,Lecithin Soya,Almond,Vanilla', 'Keep In A Cool And Dry Place, Away From Heat And Sunlight  IN 18ْ C , Nuts And Milk May Cause Allergies To Some People', '', 1, '', '', '', '2020-09-05 18:27:10', '2020-09-06 01:09:17', 1, 1),
(1636, 818, 'كسراللوز', ' الشوكولاتة البنية مع اللوز المكسر والشوكولاتة الحليب', 'سكر,زبدة الكاكاو,كتل الكاكاو,بودرة الحليب,ليستين الصويا,لوز,فانيليا', 'تحفظ في مكان بارد وجاف بعيداً عن الحرارة واشعة الشمس على درجة حرارة  18 درجة مئوية , المكسرات والحليب قد تسبب الحساسية لبعض الاشخاص', '', 2, '', '', '', '2020-09-05 18:27:10', '2020-10-06 10:35:34', 1, 1),
(1637, 819, 'Pistachio Cream', 'Brown Chocolate With Pistachio Cream', 'Sugar,Cocoa Butter,Cocoa Powder,Milk Powder,Lecithin Soya,Pistachio Cream,Vanilla', 'Keep In A Cool And Dry Place, Away From Heat And Sunlight  IN 18ْ C , Nuts And Milk May Cause Allergies To Some People', '', 1, '', '', '', '2020-09-05 18:27:10', '2020-09-06 01:08:05', 1, 1),
(1638, 819, 'كريمة الفستق', 'طبقة من الشوكولاتة البنية بداخلها كريمة الفستق', 'سكر,زبدة الكاكاو,كتل الكاكاو,بودرة الحليب,ليستين الصويا,كريمة بندق بيضاء,كريمة فستق,فانيليا', 'تحفظ في مكان بارد وجاف بعيداً عن الحرارة واشعة الشمس على درجة حرارة  18 درجة مئوية , المكسرات والحليب قد تسبب الحساسية لبعض الاشخاص', '', 2, '', '', '', '2020-09-05 18:27:10', '2020-09-05 18:27:10', 1, 1),
(1639, 820, 'Cappuccino', 'Brown Chocolate With Cappuccino', 'Sugar,Cocoa Butter,Cocoa Powder,Milk Powder,Lecithin Soya,Cappuccino,Vanilla', 'Keep In A Cool And Dry Place, Away From Heat And Sunlight  IN 18ْ C , Milk May Cause Allergies To Some People', '', 1, '', '', '', '2020-09-05 18:27:10', '2020-09-06 01:07:13', 1, 1),
(1640, 820, 'شوكولاتة الكابتشينو', 'الشوكولاتة البنية مع الكابتشينو', 'سكر,زبدة الكاكاو,كتل الكاكاو,بودرة الحليب,ليستين الصويا,كابتشينو,فانيليا', 'تحفظ في مكان بارد وجاف بعيداً عن الحرارة واشعة الشمس على درجة حرارة  18 درجة مئوية , الحليب قد يسبب الحساسية لبعض الاشخاص', '', 2, '', '', '', '2020-09-05 18:27:10', '2020-09-05 18:27:10', 1, 1),
(1641, 821, 'Ganache Lotus', 'Brown Chocolate With Ganache Lotus', 'Sugar,Cocoa Butter,Cocoa Powder,Milk Powder,Lecithin Soya,Ganache Lotus,Vanilla', 'Keep In A Cool And Dry Place, Away From Heat And Sunlight  IN 18ْ C , Nuts And Milk May Cause Allergies To Some People', '', 1, '', '', '', '2020-09-05 18:27:10', '2020-09-06 01:00:39', 1, 1),
(1642, 821, 'غاناش اللوتس', 'طبقة من الشوكولاتة البنية بداخلها غاناش اللوتس', 'سكر,زبدة الكاكاو,كتل الكاكاو,بودرة الحليب,ليستين الصويا,غاناش لوتس,فانيليا', 'تحفظ في مكان بارد وجاف بعيداً عن الحرارة واشعة الشمس على درجة حرارة  18 درجة مئوية , الحليب قد يسبب الحساسية لبعض الاشخاص', '', 2, '', '', '', '2020-09-05 18:27:10', '2020-09-05 18:27:10', 1, 1),
(1643, 822, 'Strawberry', 'Brown Chocolate With Dry Strawberry', 'Sugar,Cocoa Butter,Cocoa Powder,Milk Powder,Lecithin Soya,Dry Strawberry,Vanilla', 'Keep In A Cool And Dry Place, Away From Heat And Sunlight  IN 18ْ C , Milk May Cause Allergies To Some People', '', 1, '', '', '', '2020-09-05 18:27:10', '2020-09-06 00:57:24', 1, 1),
(1644, 822, 'الفراولة المجففة', 'طبقة من الشوكولاتة البنية بداخلها الفراولة المجففة', 'سكر,زبدة الكاكاو,كتل الكاكاو,بودرة الحليب,ليستين الصويا,فراولة مجففة,فانيليا', 'تحفظ في مكان بارد وجاف بعيداً عن الحرارة واشعة الشمس على درجة حرارة  18 درجة مئوية , الحليب قد يسبب الحساسية لبعض الاشخاص', '', 2, '', '', '', '2020-09-05 18:27:10', '2020-09-05 18:27:10', 1, 1),
(1645, 823, ' Peanut Cream', 'Brown Chocolate With Peanut Cream', 'Sugar,Cocoa Butter,Cocoa Powder,Milk Powder,Lecithin Soya,Peanut Cream,Vanilla', 'Keep In A Cool And Dry Place, Away From Heat And Sunlight  IN 18ْ C , Nuts And Milk May Cause Allergies To Some People', '', 1, '', '', '', '2020-09-05 18:27:10', '2020-09-06 00:56:49', 1, 1),
(1646, 823, 'كريمة الفول السوداني', 'طبقة منالشوكولاتة البنية بداخلها كريمة الفول السوداني', 'سكر,زبدة الكاكاو,كتل الكاكاو,بودرة الحليب,ليستين الصويا,كريمة فول سوداني,فانيليا', 'تحفظ في مكان بارد وجاف بعيداً عن الحرارة واشعة الشمس على درجة حرارة  18 درجة مئوية , المكسرات والحليب قد تسبب الحساسية لبعض الاشخاص', '', 2, '', '', '', '2020-09-05 18:27:10', '2020-09-05 18:27:10', 1, 1),
(1647, 824, 'Praline', 'Brown Chocolate With Hazelnut Cream', 'Sugar,Cocoa Butter,Cocoa Powder,Milk Powder,Lecithin Soya,Hazelnut Cream,Vanilla', 'Keep In A Cool And Dry Place, Away From Heat And Sunlight  IN 18ْ C , Nuts And Milk May Cause Allergies To Some People', '', 1, '', '', '', '2020-09-05 18:27:10', '2020-09-06 00:54:55', 1, 1),
(1648, 824, 'كريمة البندق', 'طبقة من الشوكولاتة البنية بداخلها كريمة البندق اللذيذة', 'سكر,زبدة الكاكاو,كتل الكاكاو,بودرة الحليب,ليستين الصويا,كريمة بندق,فانيليا', 'تحفظ في مكان بارد وجاف بعيداً عن الحرارة واشعة الشمس على درجة حرارة  18 درجة مئوية , المكسرات والحليب قد تسبب الحساسية لبعض الاشخاص', '', 2, '', '', '', '2020-09-05 18:27:10', '2020-09-05 18:27:10', 1, 1),
(1649, 825, 'Caramel Almond', 'Brown Chocolate With Caramel And Almond', 'Sugar,Cocoa Butter,Cocoa Powder,Milk Powder,Lecithin Soya,Caramel,Almond,Vanilla', 'Keep In A Cool And Dry Place, Away From Heat And Sunlight  IN 18ْ C , Nuts And Milk May Cause Allergies To Some People', '', 1, '', '', '', '2020-09-05 18:27:10', '2020-09-06 00:53:31', 1, 1),
(1650, 825, 'توفي كراميل واللوز', 'طبقة من الشوكولاتة البنية بداخلها عجينة التوفي كراميل مع حبيبات اللوز', 'سكر,زبدة الكاكاو,كتل الكاكاو,بودرة الحليب,ليستين الصويا,عجينة كراميل,لوز,فانيليا', 'تحفظ في مكان بارد وجاف بعيداً عن الحرارة واشعة الشمس على درجة حرارة  18 درجة مئوية , المكسرات والحليب قد تسبب الحساسية لبعض الاشخاص', '', 2, '', '', '', '2020-09-05 18:27:10', '2020-09-05 18:27:10', 1, 1),
(1651, 826, 'Chocolate Rice Crispy', 'Brown Chocolate With Rice Crispy', 'Sugar,Cocoa Butter,Cocoa Powder,Milk Powder,Lecithin Soya,Rice Crispy,Vanilla', 'Keep In A Cool And Dry Place, Away From Heat And Sunlight  IN 18ْ C , Milk May Cause Allergies To Some People', '', 1, '', '', '', '2020-09-05 18:27:10', '2020-09-06 00:52:12', 1, 1),
(1652, 826, 'الشوكولاتة والرايس كرسبي', 'الشوكولاتة البنية مع الرايس كرسبي المقرمش', 'سكر,زبدة الكاكاو,كتل الكاكاو,بودرة الحليب,ليستين الصويا,رايس كرسبي,فانيليا', 'تحفظ في مكان بارد وجاف بعيداً عن الحرارة واشعة الشمس على درجة حرارة  18 درجة مئوية , الحليب قد يسبب الحساسية لبعض الاشخاص', '', 2, '', '', '', '2020-09-05 18:27:10', '2020-09-05 18:27:10', 1, 1),
(1653, 827, 'Ganache', 'Brown Chocolate With Ganache', 'Sugar,Cocoa Butter,Cocoa Powder,Milk Powder,Lecithin Soya,Ganache,Vanilla', 'Keep In A Cool And Dry Place, Away From Heat And Sunlight  IN 18ْ C , Nuts And Milk May Cause Allergies To Some People', '', 1, '', '', '', '2020-09-05 18:27:10', '2020-09-06 00:50:38', 1, 1),
(1654, 827, 'غاناش', 'طبقة من الشوكولاتة البنية بداخلها غاناش الشوكولاتة', 'سكر,زبدة الكاكاو,كتل الكاكاو,بودرة الحليب,ليستين الصويا,غاناش,فانيليا', 'تحفظ في مكان بارد وجاف بعيداً عن الحرارة واشعة الشمس على درجة حرارة  18 درجة مئوية , الحليب قد يسبب الحساسية لبعض الاشخاص', '', 2, '', '', '', '2020-09-05 18:27:10', '2020-09-05 18:27:10', 1, 1),
(1655, 828, 'Wafer', 'Brown Chocolate With Long Wafer', 'Sugar,Cocoa Butter,Cocoa Powder,Milk Powder,Lecithin Soya,Wafer,Vanilla', 'Keep In A Cool And Dry Place, Away From Heat And Sunlight  IN 18ْ C , Milk May Cause Allergies To Some People', '', 1, '', '', '', '2020-09-05 18:27:10', '2020-09-06 00:33:20', 1, 1),
(1656, 828, 'الشوكلاتة والويفر', 'طبقة من الشوكولاتة البنية بداخلها الويفر المقرمش', 'سكر,زبدة الكاكاو,كتل الكاكاو,بودرة الحليب,ليستين الصويا,ويفر,فانيليا', 'تحفظ في مكان بارد وجاف بعيداً عن الحرارة واشعة الشمس على درجة حرارة  18 درجة مئوية , الحليب قد يسبب الحساسية لبعض الاشخاص', '', 2, '', '', '', '2020-09-05 18:27:10', '2020-09-05 18:27:10', 1, 1),
(1657, 829, 'Hazelnut', 'Brown Chocolate With Hazelnut Pcs', 'Sugar,Cocoa Butter,Cocoa Powder,Milk Powder,Lecithin Soya,Hazelnut,Vanilla', 'Keep In A Cool And Dry Place, Away From Heat And Sunlight  IN 18ْ C , Nuts And Milk May Cause Allergies To Some People', '', 1, '', '', '', '2020-09-05 18:27:10', '2020-09-06 00:32:22', 1, 1),
(1658, 829, 'البندق', 'طبقة من الشوكولاتة البنية بداخلها حبة البندق', 'سكر,زبدة الكاكاو,كتل الكاكاو,بودرة الحليب,ليستين الصويا,بندق,فانيليا', 'تحفظ في مكان بارد وجاف بعيداً عن الحرارة واشعة الشمس على درجة حرارة  18 درجة مئوية , المكسرات والحليب قد تسبب الحساسية لبعض الاشخاص', '', 2, '', '', '', '2020-09-05 18:27:10', '2020-09-05 18:27:10', 1, 1),
(1659, 830, 'Pistachio Paste', 'Brown Chocolate With  Pistachio Paste', 'Sugar,Cocoa Butter,Cocoa Powder,Milk Powder,Lecithin Soya,Pistachio Paste,Vanilla', 'Keep In A Cool And Dry Place, Away From Heat And Sunlight  IN 18ْ C , Nuts And Milk May Cause Allergies To Some People', '', 1, '', '', '', '2020-09-05 18:27:10', '2020-09-06 00:30:02', 1, 1),
(1660, 830, 'عجينة الفستق', 'طبقة من الشوكولاتة البنية بداخلها عجينة الفستق', 'سكر,زبدة الكاكاو,كتل الكاكاو,بودرة الحليب,ليستين الصويا,عجينة فستق,فانيليا', 'تحفظ في مكان بارد وجاف بعيداً عن الحرارة واشعة الشمس على درجة حرارة  18 درجة مئوية , المكسرات والحليب قد تسبب الحساسية لبعض الاشخاص', '', 2, '', '', '', '2020-09-05 18:27:10', '2020-09-05 18:27:10', 1, 1),
(1661, 831, 'Praline Caramel Rice', 'Brown Chocolate With Hazelnut Cream And  Caramel Rice', 'Sugar,Cocoa Butter,Cocoa Powder,Milk Powder,Lecithin Soya,Hazelnut Caram,Burnt Suger,Rice,Vanilla', 'Keep In A Cool And Dry Place, Away From Heat And Sunlight  IN 18ْ C , Nuts And Milk May Cause Allergies To Some People', '', 1, '', '', '', '2020-09-05 18:27:10', '2020-09-06 00:29:04', 1, 1),
(1662, 831, 'كريمة البندق والرايس كرسبي المكرمل', 'طبقة من الشوكولاتة البنية بداخلها كريمة البندق اللذيذة مع الرايس كرسبي المكرمل', 'سكر,زبدة الكاكاو,كتل الكاكاو,بودرة الحليب,ليستين الصويا,كريمة بندق,رايس مع سكر محروق,فانيليا', 'تحفظ في مكان بارد وجاف بعيداً عن الحرارة واشعة الشمس على درجة حرارة  18 درجة مئوية , المكسرات والحليب قد تسبب الحساسية لبعض الاشخاص', '', 2, '', '', '', '2020-09-05 18:27:10', '2020-09-05 18:27:10', 1, 1),
(1663, 832, 'Praline Croquant', 'Brown Chocolate With Hazelnut Cream And Burnt Sugar', 'Sugar,Cocoa Butter,Cocoa Powder,Milk Powder,Lecithin Soya,Hazelnut Cream,Burnt Sugar,Vanilla', 'Keep In A Cool And Dry Place, Away From Heat And Sunlight  IN 18ْ C , Nuts And Milk May Cause Allergies To Some People', '', 1, '', '', '', '2020-09-05 18:27:10', '2020-09-06 00:27:02', 1, 1),
(1664, 832, 'كريمة البندق والكروكان', 'طبقة من الشوكولاتة البنية بداخلها كريمة البندق اللذيذة والسكر المحروق', 'سكر,زبدة الكاكاو,كتل الكاكاو,بودرة الحليب,ليستين الصويا,كريمة بندق,سكر محروق,فانيليا', 'تحفظ في مكان بارد وجاف بعيداً عن الحرارة واشعة الشمس على درجة حرارة  18 درجة مئوية , المكسرات والحليب قد تسبب الحساسية لبعض الاشخاص', '', 2, '', '', '', '2020-09-05 18:27:10', '2020-09-05 18:27:10', 1, 1),
(1665, 833, 'White Chocolate Cream Croquant', 'Brown Chocolate With White Chocolate Cream And Burnt Sugar', 'Sugar,Cocoa Butter,Cocoa Powder,Milk Powder,Lecithin Soya,White Chocolate,Burnt Sugar,Vanilla', 'Keep In A Cool And Dry Place, Away From Heat And Sunlight  IN 18ْ C , Nuts And Milk May Cause Allergies To Some People', '', 1, '', '', '', '2020-09-05 18:27:10', '2020-09-06 00:25:49', 1, 1),
(1666, 833, 'كريمة شوكولاتة بيضاء والكروكان', 'طبقة من الشوكولاتة البنية بداخلها كريمة الشوكولاتة البيضاء مع السكر المحروق', 'سكر,زبدة الكاكاو,كتل الكاكاو,بودرة الحليب,ليستين الصويا,كريمة شوكولاتة بيضاء,سكر محروق,فانيليا', 'تحفظ في مكان بارد وجاف بعيداً عن الحرارة واشعة الشمس على درجة حرارة  18 درجة مئوية , المكسرات والحليب قد تسبب الحساسية لبعض الاشخاص', '', 2, '', '', '', '2020-09-05 18:27:10', '2020-09-05 18:27:10', 1, 1),
(1667, 834, 'Wafer Praline Hazelnut', 'Brown Chocolate With Hazelnut Cream And Wafer And Hazelnut', 'Sugar,Cocoa Butter,Cocoa Powder,Milk Powder,Lecithin Soya,Hazelnut Cream,Wafer,Hazelnut,Vanilla', 'Keep In A Cool And Dry Place, Away From Heat And Sunlight  IN 18ْ C , Nuts And Milk May Cause Allergies To Some People', '', 1, '', '', '', '2020-09-05 18:27:10', '2020-09-06 00:24:44', 1, 1),
(1668, 834, 'كريمة البندق والويفر والبندق', 'طبقة من الشوكولاتة البنية بداخلها كريمة البندق اللذيذة والويفر المقرمش مع حبة بندق', 'سكر,زبدة الكاكاو,كتل الكاكاو,بودرة الحليب,ليستين الصويا,كريمة البندق,ويفر,بندق,فانيليا', 'تحفظ في مكان بارد وجاف بعيداً عن الحرارة واشعة الشمس على درجة حرارة  18 درجة مئوية , المكسرات والحليب قد تسبب الحساسية لبعض الاشخاص', '', 2, '', '', '', '2020-09-05 18:27:10', '2020-09-05 18:27:10', 1, 1),
(1669, 835, 'Croquant Caramel Almond', 'Brown Chocolate With Burnt Sugar And Caramel And Almond', 'Sugar,Cocoa Butter,Cocoa Powder,Milk Powder,Lecithin Soya,Burnt Sugar,Caramel,Almond,Vanilla', 'Keep In A Cool And Dry Place, Away From Heat And Sunlight  IN 18ْ C , Nuts And Milk May Cause Allergies To Some People', '', 1, '', '', '', '2020-09-05 18:27:10', '2020-09-06 00:23:39', 1, 1),
(1670, 835, 'الكروكان والتوفي كراميل واللوز', 'طبقة من الشوكولاتة البنية بداخلها عجينة التوفي كراميل مع اللوز و السكر المحروق', 'سكر,زبدة الكاكاو,كتل الكاكاو,بودرة الحليب,ليستين الصويا,سكر محروق,عجينة كراميل,لوز,فانيليا', 'تحفظ في مكان بارد وجاف بعيداً عن الحرارة واشعة الشمس على درجة حرارة  18 درجة مئوية , المكسرات والحليب قد تسبب الحساسية لبعض الاشخاص', '', 2, '', '', '', '2020-09-05 18:27:10', '2020-09-05 18:27:10', 1, 1),
(1671, 836, 'Wafer Caremal Crushed Almond', 'Brown Chocolate With Wafer Caramel And Crushed Almond', 'Sugar,Cocoa Butter,Cocoa Powder,Milk Powder,Lecithin Soya,Wafer,Caramel,Almond,Vanilla', 'Keep In A Cool And Dry Place, Away From Heat And Sunlight  IN 18ْ C , Nuts And Milk May Cause Allergies To Some People', '', 1, '', '', '', '2020-09-05 18:27:10', '2020-09-06 00:22:26', 1, 1),
(1672, 836, 'الويفر والتوفي كراميل واللوز', 'طبقة من الشوكولاتة البنية بداخلها عجينة التوفي كراميل مع حبيبات اللوز وبسكويت الويفر', 'سكر,زبدة الكاكاو,كتل الكاكاو,بودرة الحليب,ليستين الصويا,ويفر,عجينة كراميل,لوز,فانيليا', 'تحفظ في مكان بارد وجاف بعيداً عن الحرارة واشعة الشمس على درجة حرارة  18 درجة مئوية , المكسرات والحليب قد تسبب الحساسية لبعض الاشخاص', '', 2, '', '', '', '2020-09-05 18:27:10', '2020-09-05 18:27:10', 1, 1),
(1673, 837, 'Gianduja Croquant', 'Brown Chocolate With Burnt Sugar And Hazelnut Cream', 'Sugar,Cocoa Butter,Cocoa Powder,Milk Powder,Lecithin Soya,Burnt Sugar,Hazelnut Cream,Vanilla', 'Keep In A Cool And Dry Place, Away From Heat And Sunlight  IN 18ْ C , Nuts And Milk May Cause Allergies To Some People', '', 1, '', '', '', '2020-09-05 18:27:10', '2020-09-06 00:21:20', 1, 1),
(1674, 837, 'كريمة البندق البيضاء و الكروكان', 'طبقة من الشوكولاتة البنية بداخلها كريمة البندق البيضاء مع السكر المحروق', 'سكر,زبدة الكاكاو,كتل الكاكاو,بودرة الحليب,ليستين الصويا,كريمة بندق بيضاء,سكر محروق,فانيليا', 'تحفظ في مكان بارد وجاف بعيداً عن الحرارة واشعة الشمس على درجة حرارة  18 درجة مئوية , المكسرات والحليب قد تسبب الحساسية لبعض الاشخاص', '', 2, '', '', '', '2020-09-05 18:27:10', '2020-09-05 18:27:10', 1, 1),
(1675, 838, 'Lotus Biscuit', 'Brown Chocolate With Lotus Biscuit', 'Sugar,Cocoa Butter,Cocoa Powder,Milk Powder,Lecithin Soya,Lotus Biscuit,Vanilla', 'Keep In A Cool And Dry Place, Away From Heat And Sunlight  IN 18ْ C , Milk May Cause Allergies To Some People', '', 1, '', '', '', '2020-09-05 18:27:10', '2020-09-06 00:20:19', 1, 1),
(1676, 838, 'بسكويت اللوتس', 'طبقة من الشوكولاتة البنية بداخلها بسكويت اللوتس المقرمش', 'سكر,زبدة الكاكاو,كتل الكاكاو,بودرة الحليب,ليستين الصويا,بسكويت لوتس,فانيليا', 'تحفظ في مكان بارد وجاف بعيداً عن الحرارة واشعة الشمس على درجة حرارة  18 درجة مئوية , الحليب قد يسبب الحساسية لبعض الاشخاص', '', 2, '', '', '', '2020-09-05 18:27:10', '2020-09-05 18:27:10', 1, 1),
(1677, 839, 'Praline Crushed Almond', 'Brown Chocolate With Hazelnut Cream And Almond', 'Sugar,Cocoa Butter,Cocoa Powder,Milk Powder,Lecithin Soya,Hazelnut Cream,Almond,Vanilla', 'Keep In A Cool And Dry Place, Away From Heat And Sunlight  IN 18ْ C , Nuts And Milk May Cause Allergies To Some People', '', 1, '', '', '', '2020-09-05 18:27:10', '2020-09-06 00:16:46', 1, 1),
(1678, 839, 'كريمة البندق و حبيبات اللوز', 'طبقة من الشوكولاتة البنية بداخلها كريمة البندق اللذيذة مع حبيبات اللوز', 'سكر,زبدة الكاكاو,كتل الكاكاو,بودرة الحليب,ليستين الصويا,كريمة بندق,لوز,فانيليا', 'تحفظ في مكان بارد وجاف بعيداً عن الحرارة واشعة الشمس على درجة حرارة  18 درجة مئوية , المكسرات والحليب قد تسبب الحساسية لبعض الاشخاص', '', 2, '', '', '', '2020-09-05 18:27:10', '2020-09-05 18:27:10', 1, 1),
(1679, 840, 'Wafer Caramel Almond', 'Brown Chocolate With Long Wafer And Caramel And Almond Pcs', 'Sugar,Cocoa Butter,Cocoa Powder,Milk Powder,Lecithin Soya,Wafer,Caramel,Almond,Vanilla', 'Keep In A Cool And Dry Place, Away From Heat And Sunlight  IN 18ْ C , Nuts And Milk May Cause Allergies To Some People', '', 1, '', '', '', '2020-09-05 18:27:10', '2020-09-06 00:15:53', 1, 1),
(1680, 840, 'ويفر وتوفي كراميل واللوز', 'طبقة من الشوكولاتة البنية بداخلها توفي كراميل مع اللوز والويفر المقرمش', 'سكر,زبدة الكاكاو,كتل الكاكاو,بودرة الحليب,ليستين الصويا,عجينة الكراميل,ويفر,لوز,فانيليا', 'تحفظ في مكان بارد وجاف بعيداً عن الحرارة واشعة الشمس على درجة حرارة  18 درجة مئوية , المكسرات والحليب قد تسبب الحساسية لبعض الاشخاص', '', 2, '', '', '', '2020-09-05 18:27:10', '2020-09-05 18:27:10', 1, 1),
(1681, 841, 'Cream Praline Croquant', 'Brown Chocolate With Hazelnut Cream And Burnt Sugar', 'Sugar,Cocoa Butter,Cocoa Powder,Milk Powder,Lecithin Soya,Hazelnut Cream,Burnt Sugar,Vanilla', 'Keep In A Cool And Dry Place, Away From Heat And Sunlight  IN 18ْ C , Nuts And Milk May Cause Allergies To Some People', '', 1, '', '', '', '2020-09-05 18:27:10', '2020-09-06 00:08:26', 1, 1),
(1682, 841, 'كريمة البندق والكروكان', 'طبقة من الشوكولاتة البنية بداخلها كريمة البندق اللذيذة مع السكر المحروق', 'سكر,زبدة الكاكاو,كتل الكاكاو,بودرة الحليب,ليستين الصويا,كريمة البندق,سكر محروق,فانيليا', 'تحفظ في مكان بارد وجاف بعيداً عن الحرارة واشعة الشمس على درجة حرارة  18 درجة مئوية , المكسرات والحليب قد تسبب الحساسية لبعض الاشخاص', '', 2, '', '', '', '2020-09-05 18:27:10', '2020-09-05 18:27:10', 1, 1),
(1683, 842, 'Wafer Caramel Rice', 'Brown Chocolate With Wafer And Rice And Caramel', 'Sugar,Cocoa Butter,Cocoa Powder,Milk Powder,Lecithin Soya,Wafer,Caramel,Rice,Vanilla', 'Keep In A Cool And Dry Place, Away From Heat And Sunlight  IN 18ْ C , Milk May Cause Allergies To Some People', '', 1, '', '', '', '2020-09-05 18:27:10', '2020-09-06 00:06:53', 1, 1),
(1684, 842, 'ويفر وكراميل ورايس كرسبي', 'طبقة من الشوكولاتة البنية بداخلها توفي كراميل مع الرايس كرسبي والويفر المقرمش', 'سكر,زبدة الكاكاو,كتل الكاكاو,بودرة الحليب,ليستين الصويا,عجينة كراميل,رايس,ويفر,فانيليا', 'تحفظ في مكان بارد وجاف بعيداً عن الحرارة واشعة الشمس على درجة حرارة  18 درجة مئوية , الحليب قد يسبب الحساسية لبعض الاشخاص', '', 2, '', '', '', '2020-09-05 18:27:10', '2020-09-05 18:27:10', 1, 1),
(1685, 843, 'Almond Caramelized', 'Brown Chocolate With Rocher Almond', 'Sugar,Cocoa Butter,Cocoa Powder,Milk Powder,Lecithin Soya,Rocher Almond,Vanilla', 'Keep In A Cool And Dry Place, Away From Heat And Sunlight  IN 18ْ C , Nuts And Milk May Cause Allergies To Some People', '', 1, '', '', '', '2020-09-05 18:27:10', '2020-09-06 00:05:43', 1, 1),
(1686, 843, 'روشية اللوز', 'طبقة من الشوكولاتة البنية بداخلها حبيبات اللوز مع السكر المحروق', 'سكر,زبدة الكاكاو,كتل الكاكاو,بودرة الحليب,ليستين الصويا,لوز,سكر محروق,فانيليا', 'تحفظ في مكان بارد وجاف بعيداً عن الحرارة واشعة الشمس على درجة حرارة  18 درجة مئوية , المكسرات والحليب قد تسبب الحساسية لبعض الاشخاص', '', 2, '', '', '', '2020-09-05 18:27:10', '2020-09-05 18:27:10', 1, 1),
(1687, 844, 'Pistachio Caramelized', 'Brown Chocolate With Rocher Pistachio', 'Sugar,Cocoa Butter,Cocoa Powder,Milk Powder,Lecithin Soya,Rocher Pistachio,Vanilla', 'Keep In A Cool And Dry Place, Away From Heat And Sunlight  IN 18ْ C , Nuts And Milk May Cause Allergies To Some People', '', 1, '', '', '', '2020-09-05 18:27:10', '2020-09-06 00:04:21', 1, 1),
(1688, 844, 'روشية الفستق', 'طبقة من الشوكولاتة البنية بداخلها حبيبات الفستق مع السكر المحروق', 'سكر,زبدة الكاكاو,كتل الكاكاو,بودرة الحليب,ليستين الصويا,فستق,سكر محروق,فانيليا', 'تحفظ في مكان بارد وجاف بعيداً عن الحرارة واشعة الشمس على درجة حرارة  18 درجة مئوية , المكسرات والحليب قد تسبب الحساسية لبعض الاشخاص', '', 2, '', '', '', '2020-09-05 18:27:10', '2020-09-05 18:27:10', 1, 1),
(1689, 845, 'Strawberry Cheese Cake', 'Brown Chocolate With Dray Strawberry And  Cheese Cake', 'Sugar,Cocoa Butter,Cocoa Powder,Milk Powder,Lecithin Soya,Dray Strawberry,Cheese Cake,Vanilla', 'Keep In A Cool And Dry Place, Away From Heat And Sunlight  IN 18ْ C , Milk May Cause Allergies To Some People', '', 1, '', '', '', '2020-09-05 18:27:10', '2020-09-05 23:58:59', 1, 1),
(1690, 845, 'تشيز كيك فراولة', 'طبقة من الشوكلاتة البنية بداخلها مربى الفراولة والتشيز كيك', 'سكر,زبدة الكاكاو,كتل الكاكاو,بودرة الحليب,ليستين الصويا,مربى فراولة,تشيزكيك,فانيليا', 'تحفظ في مكان بارد وجاف بعيداً عن الحرارة واشعة الشمس على درجة حرارة  18 درجة مئوية , الحليب قد يسبب الحساسية لبعض الاشخاص', '', 2, '', '', '', '2020-09-05 18:27:10', '2020-09-05 18:27:10', 1, 1),
(1691, 846, 'Brownie Chocolate', 'Brown Chocolate With Brownie Cake', 'Sugar,Cocoa Butter,Cocoa Powder,Milk Powder,Lecithin Soya,Brownie Cake,Vanilla', 'Keep In A Cool And Dry Place, Away From Heat And Sunlight  IN 18ْ C , Milk May Cause Allergies To Some People', '', 1, '', '', '', '2020-09-05 18:27:10', '2020-09-05 23:56:56', 1, 1),
(1692, 846, 'كيك براوني', 'طبقة من الشوكولاتة البنية بداخلها قطعة من كيك براوني', 'سكر,زبدة الكاكاو,كتل الكاكاو,بودرة الحليب,ليستين الصويا,براوني,فانيليا', 'تحفظ في مكان بارد وجاف بعيداً عن الحرارة واشعة الشمس على درجة حرارة  18 درجة مئوية , الحليب قد يسبب الحساسية لبعض الاشخاص', '', 2, '', '', '', '2020-09-05 18:27:10', '2020-09-05 18:27:10', 1, 1),
(1693, 847, 'Wafer Roll Praline Cream', 'Brown Chocolate With Wafer Roll And Hazelnut Cream', 'Sugar,Cocoa Butter,Cocoa Powder,Milk Powder,Lecithin Soya,Wafer Roll,Hazelnut Cream,Vanilla', 'Keep In A Cool And Dry Place, Away From Heat And Sunlight  IN 18ْ C , Nuts And Milk May Cause Allergies To Some People', '', 1, '', '', '', '2020-09-05 18:27:10', '2020-09-05 23:53:22', 1, 1),
(1694, 847, 'رول الويفر وكريمة البندق', 'طبقة من الشوكولاتة البنية بداخلها حبة رول الويفر محشوة بكريمة البندق اللذيذة', 'سكر,زبدة الكاكاو,كتل الكاكاو,بودرة الحليب,ليستين الصويا,ويفر,كريمة بندق,فانيليا', 'تحفظ في مكان بارد وجاف بعيداً عن الحرارة واشعة الشمس على درجة حرارة  18 درجة مئوية , المكسرات والحليب قد تسبب الحساسية لبعض الاشخاص', '', 2, '', '', '', '2020-09-05 18:27:10', '2020-09-05 18:27:10', 1, 1),
(1695, 848, 'Wafer Roll Pistachio Cream', 'Brown Chocolate With Wafer Roll And Pistachio Cream', 'Sugar,Cocoa Butter,Cocoa Powder,Milk Powder,Lecithin Soya,Wafer Roll,Pistachio Cream,Vanilla', 'Keep In A Cool And Dry Place, Away From Heat And Sunlight  IN 18ْ C , Nuts And Milk May Cause Allergies To Some People', '', 1, '', '', '', '2020-09-05 18:27:10', '2020-09-05 23:51:44', 1, 1),
(1696, 848, 'رول الويفر وكريمة الفستق', 'طبقة من الشوكولاتة البنية بداخلها قطعة رول الويفر محشوة بكريمة الفستق', 'سكر,زبدة الكاكاو,كتل الكاكاو,بودرة الحليب,ليستين الصويا,ويفر,كريمة فستق,فانيليا', 'تحفظ في مكان بارد وجاف بعيداً عن الحرارة واشعة الشمس على درجة حرارة  18 درجة مئوية , المكسرات والحليب قد تسبب الحساسية لبعض الاشخاص', '', 2, '', '', '', '2020-09-05 18:27:10', '2020-09-05 18:27:10', 1, 1),
(1697, 849, 'Wafer Roll Lotus Cream', 'Brown Chocolate With Wafer Roll And Lotus Cream', 'Sugar,Cocoa Butter,Cocoa Powder,Milk Powder,Lecithin Soya,Wafer Roll,Lotus Cream,Vanilla', 'Keep In A Cool And Dry Place, Away From Heat And Sunlight  IN 18ْ C , Milk May Cause Allergies To Some People', '', 1, '', '', '', '2020-09-05 18:27:10', '2020-09-05 23:44:43', 1, 1),
(1698, 849, 'رول الويفر وكريمة اللوتس', 'طبقة من الشوكولاتة البنية بداخلها قطعة رول الويفر محشوة بكريمة اللوتس', 'سكر,زبدة الكاكاو,كتل الكاكاو,بودرة الحليب,ليستين الصويا,ويفر,كريمة لوتس,فانيليا', 'تحفظ في مكان بارد وجاف بعيداً عن الحرارة واشعة الشمس على درجة حرارة  18 درجة مئوية , الحليب قد يسبب الحساسية لبعض الاشخاص', '', 2, '', '', '', '2020-09-05 18:27:10', '2020-09-05 18:27:10', 1, 1),
(1699, 850, 'Wafer Roll Oreo Cream', 'Brown Chocolate With Wafer Roll And Oreo Cream', 'Sugar,Cocoa Butter,Cocoa Powder,Milk Powder,Lecithin Soya,Wafer Roll,Oreo Cream,Vanilla', 'Keep In A Cool And Dry Place, Away From Heat And Sunlight  IN 18ْ C , Milk May Cause Allergies To Some People', '', 1, '', '', '', '2020-09-05 18:27:10', '2020-09-05 23:48:44', 1, 1),
(1700, 850, 'رول الويفر وكريمة الاوريو', 'طبقة من الشوكولاتة البنية بداخلها قطعة رول الويفر محشوة بكريمة الاوريو', 'سكر,زبدة الكاكاو,كتل الكاكاو,بودرة الحليب,ليستين الصويا,ويفر,كريمة اوريو,فانيليا', 'تحفظ في مكان بارد وجاف بعيداً عن الحرارة واشعة الشمس على درجة حرارة  18 درجة مئوية , الحليب قد يسبب الحساسية لبعض الاشخاص', '', 2, '', '', '', '2020-09-05 18:27:10', '2020-09-05 18:27:10', 1, 1),
(1701, 851, 'Crepe Dantelle', 'Brown Chocolate With Crepe Dantelle', 'Sugar,Cocoa Butter,Cocoa Powder,Milk Powder,Lecithin Soya,Crepe,Vanilla', 'Keep In A Cool And Dry Place, Away From Heat And Sunlight  IN 18ْ C , Milk May Cause Allergies To Some People', '', 1, '', '', '', '2020-09-05 18:27:10', '2020-09-05 23:43:40', 1, 1),
(1702, 851, 'كريب دانتيل', 'طبقة من الشوكولاتة البنية بداخلها حبة من الكريب المقرمش', 'سكر,زبدة الكاكاو,كتل الكاكاو,بودرة الحليب,ليستين الصويا,كريب,فانيليا', 'تحفظ في مكان بارد وجاف بعيداً عن الحرارة واشعة الشمس على درجة حرارة  18 درجة مئوية , الحليب قد يسبب الحساسية لبعض الاشخاص', '', 2, '', '', '', '2020-09-05 18:27:10', '2020-09-05 18:27:10', 1, 1),
(1703, 852, 'Dark Sugar Free Plain', 'Dark Chocolate Sugar Free Plain', 'Maltitol,Cocoa Butter,Cocoa Powder,Lecithin Soya,Vanilla', 'Keep In A Cool And Dry Place, Away From Heat And Sunlight  IN 18ْ C , Excess Consumption Of Mannitol Over 20 grams Per Day May Cause Diarrhea', '', 1, '', '', '', '2020-09-05 18:27:10', '2020-09-05 23:41:49', 1, 1),
(1704, 852, 'الشوكولاتة الغامقة خالية من السكر', 'شوكولاتة غامقة سادة خالية من السكر', 'محلى المانيتول,زبدة الكاكاو,كتل الكاكاو,ليستين الصويا,فانيليا', 'تحفظ في مكان بارد وجاف بعيداً عن الحرارة واشعة الشمس على درجة حرارة  18 درجة مئوية , زيادة الكميه المستهلكه من المانيتول عن 20جرام في اليوم قد تسبب الإسهال', '', 2, '', '', '', '2020-09-05 18:27:10', '2020-09-05 18:27:10', 1, 1),
(1705, 853, 'Milk Sugar Free Praline Hazelnut', 'Milk Chocolate Sugar Free With Hazelnut Cream And Hazelnut', 'Maltitol,Cocoa Butter,Cocoa Powder,Milk Powder,Lecithin Soya,Hazelnut,Hazelnut Cream,Vanilla', 'Keep In A Cool And Dry Place, Away From Heat And Sunlight  IN 18ْ C , Nuts And Milk May Cause Allergies To Some People , Excess Consumption Of Mannitol Over 20 grams Per Day May Cause Diarrhea', '', 1, '', '', '', '2020-09-05 18:27:10', '2020-09-05 23:39:52', 1, 1),
(1706, 853, 'شوكولاتة الحليب خالية من السكر وكريمة البندق والبندق', 'شوكولاتة حليب خالية من السكر مع كريمة البندق والبندق المكسر', 'محلى المانيتول,زبدة الكاكاو,كتل الكاكاو,بودرة الحليب,ليستين الصويا,كريمة بندق,بندق,فانيليا', 'تحفظ في مكان بارد وجاف بعيداً عن الحرارة واشعة الشمس على درجة حرارة  18 درجة مئوية ,  المكسرات والحليب قد تسبب الحساسية لبعض الاشخاص زيادة الكميه المستهلكه من المانيتول عن 20جرام في اليوم قد تسبب الإسهال', '', 2, '', '', '', '2020-09-05 18:27:10', '2020-09-05 18:27:10', 1, 1),
(1707, 854, 'Milk Sugar Free Almond', 'Milk Chocolate Sugar Free With Almond', 'Maltitol,Cocoa Butter,Cocoa Powder,Milk Powder,Lecithin Soya,Almond,Vanilla', 'Keep In A Cool And Dry Place, Away From Heat And Sunlight  IN 18ْ C , Nuts And Milk May Cause Allergies To Some People , Excess Consumption Of Mannitol Over 20 grams Per Day May Cause Diarrhea', '', 1, '', '', '', '2020-09-05 18:27:10', '2020-09-05 23:38:31', 1, 1),
(1708, 854, 'شوكولاتة الحليب خالية من السكر واللوز', 'شوكولاتة حليب خالية من السكر مع اللوز المكسر', 'محلى المانيتول,زبدة الكاكاو,كتل الكاكاو,بودرة الحليب,ليستين الصويا,لوز,فانيليا', 'تحفظ في مكان بارد وجاف بعيداً عن الحرارة واشعة الشمس على درجة حرارة  18 درجة مئوية ,  المكسرات والحليب قد تسبب الحساسية لبعض الاشخاص زيادة الكميه المستهلكه من المانيتول عن 20جرام في اليوم قد تسبب الإسهال', '', 2, '', '', '', '2020-09-05 18:27:10', '2020-09-05 18:27:10', 1, 1),
(1709, 855, 'Dark Sugar Free Praline Hazelnut', 'Dark Sugar Free With Hazelnut Cream And Hazelnut', 'Maltitol,Cocoa Butter,Cocoa Powder,Milk Powder,Lecithin Soya,Hazelnut Cream,Hazelnut,Vanilla', 'Keep In A Cool And Dry Place, Away From Heat And Sunlight  IN 18ْ C , Nuts And Milk May Cause Allergies To Some People , Excess Consumption Of Mannitol Over 20 grams Per Day May Cause Diarrhea', '', 1, '', '', '', '2020-09-05 18:27:10', '2020-09-05 23:37:19', 1, 1),
(1710, 855, 'الشوكولاتة الغامقة خالية من السكروكريمة البندق والبندق', 'شوكولاتة غامقة خالية من السكر مع كريمة البندق والبندق المكسر', 'محلى المانيتول,زبدة الكاكاو,كتل الكاكاو,ليستين الصويا,كريمة بندق,بندق,فانيليا', 'تحفظ في مكان بارد وجاف بعيداً عن الحرارة واشعة الشمس على درجة حرارة  18 درجة مئوية , المكسرات قد تسبب الحساسية لبعض الاشخاص , زيادة الكميه المستهلكه من المانيتول عن 20جرام في اليوم قد تسبب الإسهال', '', 2, '', '', '', '2020-09-05 18:27:10', '2020-09-05 18:27:10', 1, 1),
(1711, 856, 'Milk Sugar Free Praline Almond', 'Milk Sugar Free With Hazelnut Cream And Almond', 'Maltitol,Cocoa Butter,Cocoa Powder,Milk Powder,Lecithin Soya,Hazelnut Cream,Almond,Vanilla', 'Keep In A Cool And Dry Place, Away From Heat And Sunlight  IN 18ْ C , Nuts And Milk May Cause Allergies To Some People , Excess Consumption Of Mannitol Over 20 grams Per Day May Cause Diarrhea', '', 1, '', '', '', '2020-09-05 18:27:10', '2020-09-05 23:32:30', 1, 1),
(1712, 856, 'شوكولاتة الحليب خالية من السكر وكريمة البندق واللوز', 'شوكولاتة حليب خالية من السكر مع كريمة البندق واللوز المكسر', 'محلى المانيتول,زبدة الكاكاو,كتل الكاكاو,بودرة الحليب,ليستين الصويا,كريمة بندق,لوز,فانيليا', 'تحفظ في مكان بارد وجاف بعيداً عن الحرارة واشعة الشمس على درجة حرارة  18 درجة مئوية ,  المكسرات والحليب قد تسبب الحساسية لبعض الاشخاص زيادة الكميه المستهلكه من المانيتول عن 20جرام في اليوم قد تسبب الإسهال', '', 2, '', '', '', '2020-09-05 18:27:10', '2020-09-05 18:27:10', 1, 1),
(1713, 857, 'Milk Sugar Free Pistachio', 'Milk Sugar Free With Pistachio', 'Maltitol,Cocoa Butter,Cocoa Powder,Milk Powder,Lecithin Soya,Pistachio,Vanilla', 'Keep In A Cool And Dry Place, Away From Heat And Sunlight  IN 18ْ C , Nuts And Milk May Cause Allergies To Some People , Excess Consumption Of Mannitol Over 20 grams Per Day May Cause Diarrhea', '', 1, '', '', '', '2020-09-05 18:27:10', '2020-09-05 23:31:13', 1, 1),
(1714, 857, 'شوكولاتة الحليب خالية من السكر والفستق', 'شوكولاتة حليب خالية من السكر مع الفستق المكسر', 'محلى المانيتول,زبدة الكاكاو,كتل الكاكاو,بودرة الحليب,ليستين الصويا,فستق,فانيليا', 'تحفظ في مكان بارد وجاف بعيداً عن الحرارة واشعة الشمس على درجة حرارة  18 درجة مئوية ,  المكسرات والحليب قد تسبب الحساسية لبعض الاشخاص زيادة الكميه المستهلكه من المانيتول عن 20جرام في اليوم قد تسبب الإسهال', '', 2, '', '', '', '2020-09-05 18:27:10', '2020-09-05 18:27:10', 1, 1),
(1715, 858, 'Milk Sugar Free Plain', 'Milk Sugar Free Plain', 'Maltitol,Cocoa Butter,Cocoa Powder,Milk Powder,Lecithin Soya,Vanilla', 'Keep In A Cool And Dry Place, Away From Heat And Sunlight  IN 18ْ C , Milk May Cause Allergies To Some People , Excess Consumption Of Mannitol Over 20 grams Per Day May Cause Diarrhea', '', 1, '', '', '', '2020-09-05 18:27:10', '2020-09-05 23:30:08', 1, 1),
(1716, 858, 'شوكولاتة الحليب خالية من السكر', 'شوكولاتة حليب سادة خالية من السكر', 'محلى المانيتول,زبدة الكاكاو,كتل الكاكاو,بودرة الحليب,ليستين الصويا,فانيليا', 'تحفظ في مكان بارد وجاف بعيداً عن الحرارة واشعة الشمس على درجة حرارة  18 درجة مئوية ,  المكسرات والحليب قد تسبب الحساسية لبعض الاشخاص زيادة الكميه المستهلكه من المانيتول عن 20جرام في اليوم قد تسبب الإسهال', '', 2, '', '', '', '2020-09-05 18:27:10', '2020-09-05 18:27:10', 1, 1),
(1717, 859, 'Milk Sugar Free Hazelnut', 'Milk Sugar Free With Hazelnut', 'Maltitol,Cocoa Butter,Cocoa Powder,Milk Powder,Lecithin Soya,Hazelnut,Vanilla', 'Keep In A Cool And Dry Place, Away From Heat And Sunlight  IN 18ْ C , Nuts And Milk May Cause Allergies To Some People , Excess Consumption Of Mannitol Over 20 grams Per Day May Cause Diarrhea', '', 1, '', '', '', '2020-09-05 18:27:10', '2020-09-05 23:28:58', 1, 1),
(1718, 859, 'شوكولاتة الحليب خالية من السكر والبندق', 'شوكولاتة حليب خالية من السكر مع البندق المكسر', 'محلى المانيتول,زبدة الكاكاو,كتل الكاكاو,بودرة الحليب,ليستين الصويا,بندق,فانيليا', 'تحفظ في مكان بارد وجاف بعيداً عن الحرارة واشعة الشمس على درجة حرارة  18 درجة مئوية ,  المكسرات والحليب قد تسبب الحساسية لبعض الاشخاص زيادة الكميه المستهلكه من المانيتول عن 20جرام في اليوم قد تسبب الإسهال', '', 2, '', '', '', '2020-09-05 18:27:10', '2020-09-05 18:27:10', 1, 1),
(1719, 860, 'Dark Sugar Free Pistachio', 'Dark Sugar Free With Pistachio', 'Maltitol,Cocoa Butter,Cocoa Powder,Lecithin Soya,Pistachio,Vanilla', 'Keep In A Cool And Dry Place, Away From Heat And Sunlight  IN 18ْ C , Nuts May Cause Allergies To Some People , Excess Consumption Of Mannitol Over 20 grams Per Day May Cause Diarrhea', '', 1, '', '', '', '2020-09-05 18:27:10', '2020-09-05 23:27:04', 1, 1),
(1720, 860, 'الشوكولاتة الغامقة خالية من السكر والفستق', 'شوكولاتة غامقة خالية من السكر مع الفستق المكسر', 'محلى المانيتول,زبدة الكاكاو,كتل الكاكاو,ليستين الصويا,فستق,فانيليا', 'تحفظ في مكان بارد وجاف بعيداً عن الحرارة واشعة الشمس على درجة حرارة  18 درجة مئوية , المكسرات قد تسبب الحساسية لبعض الاشخاص , زيادة الكميه المستهلكه من المانيتول عن 20جرام في اليوم قد تسبب الإسهال', '', 2, '', '', '', '2020-09-05 18:27:10', '2020-09-05 18:27:10', 1, 1),
(1721, 861, 'Dark Sugar Free Hazelnut', 'Dark Sugar Free With Hazelnut', 'Maltitol,Cocoa Butter,Cocoa Powder,Lecithin Soya,Hazelnut,Vanilla', 'Keep In A Cool And Dry Place, Away From Heat And Sunlight  IN 18ْ C , Nuts May Cause Allergies To Some People , Excess Consumption Of Mannitol Over 20 grams Per Day May Cause Diarrhea', '', 1, '', '', '', '2020-09-05 18:27:10', '2020-09-05 23:25:57', 1, 1);
INSERT INTO `products_text` (`ProducrTextID`, `ProductID`, `Title`, `Description`, `Ingredients`, `Specifications`, `Keywords`, `SystemLanguageID`, `MetaTags`, `MetaKeywords`, `MetaDescription`, `CreatedAt`, `UpdatedAt`, `CreatedBy`, `UpdatedBy`) VALUES
(1722, 861, 'الشوكولاتة الغامقة خالية من السكر والبندق', 'شوكولاتة غامقة خالية من السكر مع البندق المكسر', 'محلى المانيتول,زبدة الكاكاو,كتل الكاكاو,ليستين الصويا,بندق,فانيليا', 'تحفظ في مكان بارد وجاف بعيداً عن الحرارة واشعة الشمس على درجة حرارة  18 درجة مئوية , المكسرات قد تسبب الحساسية لبعض الاشخاص , زيادة الكميه المستهلكه من المانيتول عن 20جرام في اليوم قد تسبب الإسهال', '', 2, '', '', '', '2020-09-05 18:27:10', '2020-09-05 18:27:10', 1, 1),
(1723, 862, 'Dark Sugar Free Praline Almond', 'Dark Sugar Free With Hazelnut Cream And Almond', 'Maltitol,Cocoa Butter,Cocoa Powder,Lecithin Soya,Hazelnut Cream,Almond,Vanilla', 'Keep In A Cool And Dry Place, Away From Heat And Sunlight  IN 18ْ C , Nuts And Milk May Cause Allergies To Some People , Excess Consumption Of Mannitol Over 20 grams Per Day May Cause Diarrhea', '', 1, '', '', '', '2020-09-05 18:27:10', '2020-09-05 23:23:46', 1, 1),
(1724, 862, 'الشوكولاتة الغامقة خالية من السكر وكريمة البندق واللوز', 'شوكولاتة غامقة خالية من السكر مع كريمة البندق واللوز المكسر', 'محلى المانيتول,زبدة الكاكاو,كتل الكاكاو,ليستين الصويا,كريمة بندق,لوز,فانيليا', 'تحفظ في مكان بارد وجاف بعيداً عن الحرارة واشعة الشمس على درجة حرارة  18 درجة مئوية , المكسرات قد تسبب الحساسية لبعض الاشخاص , زيادة الكميه المستهلكه من المانيتول عن 20جرام في اليوم قد تسبب الإسهال', '', 2, '', '', '', '2020-09-05 18:27:10', '2020-09-05 18:27:10', 1, 1),
(1725, 863, 'Dark Sugar Free Almond', 'Dark Sugar Free With  Almond', 'Maltitol,Cocoa Butter,Cocoa Powder,Lecithin Soya,Almond,Vanilla', 'Keep In A Cool And Dry Place, Away From Heat And Sunlight  IN 18ْ C , Nuts May Cause Allergies To Some People , Excess Consumption Of Mannitol Over 20 grams Per Day May Cause Diarrhea', '', 1, '', '', '', '2020-09-05 18:27:10', '2020-09-05 23:22:28', 1, 1),
(1726, 863, 'الشوكولاتة الغامقة خالية من السكر واللوز', 'شوكولاتة غامقة خالية من السكر مع اللوز المكسر', 'محلى المانيتول,زبدة الكاكاو,كتل الكاكاو,ليستين الصويا,لوز,فانيليا', 'تحفظ في مكان بارد وجاف بعيداً عن الحرارة واشعة الشمس على درجة حرارة  18 درجة مئوية , المكسرات قد تسبب الحساسية لبعض الاشخاص , زيادة الكميه المستهلكه من المانيتول عن 20جرام في اليوم قد تسبب الإسهال', '', 2, '', '', '', '2020-09-05 18:27:10', '2020-09-05 18:27:10', 1, 1),
(1727, 864, 'Praline Almond', 'Brown And White Chocolate With Hazelnut Cream And Almond Pcs', 'Sugar,Cocoa Butter,Cocoa Powder,Milk Powder,Lecithin Soya,Hazelnut Cream,Almond,Vanilla', 'Keep In A Cool And Dry Place, Away From Heat And Sunlight  IN 18ْ C , Nuts And Milk May Cause Allergies To Some People', '', 1, '', '', '', '2020-09-05 18:27:10', '2020-09-05 23:21:12', 1, 1),
(1728, 864, 'كريمة البندق واللوز', 'طبقة من الشوكولاتة بنية ممزوجة مع البيضاء بداخلها كريمة البندق اللذيذة مع حبة لوز', 'سكر,زبدة الكاكاو,كتل الكاكاو,بودرة الحليب,ليستين الصويا,كريمة البندق,لوز,فانيليا', 'تحفظ في مكان بارد وجاف بعيداً عن الحرارة واشعة الشمس على درجة حرارة  18 درجة مئوية , المكسرات والحليب قد تسبب الحساسية لبعض الاشخاص', '', 2, '', '', '', '2020-09-05 18:27:10', '2020-09-05 18:27:10', 1, 1),
(1729, 865, 'Praline Cream', 'Brown And White Chocolate With Hazelnut Cream', 'Sugar,Cocoa Butter,Cocoa Powder,Milk Powder,Lecithin Soya,Hazelnut Cream,Vanilla', 'Keep In A Cool And Dry Place, Away From Heat And Sunlight  IN 18ْ C , Nuts And Milk May Cause Allergies To Some People', '', 1, '', '', '', '2020-09-05 18:27:10', '2020-09-05 23:19:53', 1, 1),
(1730, 865, 'كريمة بندق', 'طبقة من الشوكولاتة البنية ممزوجة مع البيضاء بداخلها كريمة البندق اللذيذة', 'سكر,زبدة الكاكاو,كتل الكاكاو,بودرة الحليب,ليستين الصويا,كريمة البندق,فانيليا', 'تحفظ في مكان بارد وجاف بعيداً عن الحرارة واشعة الشمس على درجة حرارة  18 درجة مئوية , المكسرات والحليب قد تسبب الحساسية لبعض الاشخاص', '', 2, '', '', '', '2020-09-05 18:27:10', '2020-09-05 18:27:10', 1, 1),
(1731, 866, 'Praline Nescafe', 'Brown And White Chocolate With Hazelnut Cream And Nescafe', 'Sugar,Cocoa Butter,Cocoa Powder,Milk Powder,Lecithin Soya,Hazelnut Cream,Nescafe,Vanilla', 'Keep In A Cool And Dry Place, Away From Heat And Sunlight  IN 18ْ C , Nuts And Milk May Cause Allergies To Some People', '', 1, '', '', '', '2020-09-05 18:27:10', '2020-09-05 23:17:24', 1, 1),
(1732, 866, 'كريمة البندق والنسكافي', 'طبقة من الشوكولاتة البنية ممزوجة مع البيضاء بداخلها كريمة البندق اللذيذة مع النسكافي', 'سكر,زبدة الكاكاو,كتل الكاكاو,بودرة الحليب,ليستين الصويا,كريمة البندق,نسكافي,فانيليا', 'تحفظ في مكان بارد وجاف بعيداً عن الحرارة واشعة الشمس على درجة حرارة  18 درجة مئوية , المكسرات والحليب قد تسبب الحساسية لبعض الاشخاص', '', 2, '', '', '', '2020-09-05 18:27:10', '2020-09-05 18:27:10', 1, 1),
(1733, 867, 'Praline Nesquik', 'Brown And White Chocolate With Hazelnut Cream And Nesquik', 'Sugar,Cocoa Butter,Cocoa Powder,Milk Powder,Lecithin Soya,Hazelnut Cream,Nesquik,Vanilla', 'Keep In A Cool And Dry Place, Away From Heat And Sunlight  IN 18ْ C , Nuts And Milk May Cause Allergies To Some People', '', 1, '', '', '', '2020-09-05 18:27:10', '2020-09-05 23:15:50', 1, 1),
(1734, 867, 'كريمة البندق والنسكويك', 'طبقة من الشوكولاتة البنية ممزوجة مع البيضاء بداخلها كريمة البندق اللذيذة مع النسكويك', 'سكر,زبدة الكاكاو,كتل الكاكاو,بودرة الحليب,ليستين الصويا,كريمة البندق,نسكويك,فانيليا', 'تحفظ في مكان بارد وجاف بعيداً عن الحرارة واشعة الشمس على درجة حرارة  18 درجة مئوية , المكسرات والحليب قد تسبب الحساسية لبعض الاشخاص', '', 2, '', '', '', '2020-09-05 18:27:10', '2020-09-05 18:27:10', 1, 1),
(1735, 868, 'White Gianduja Biscuit', 'Brown And White Chocolate With White Hazelnut Cream And Biscuit', 'Sugar,Cocoa Butter,Cocoa Powder,Milk Powder,Lecithin Soya,White Hazelnut Cream,Biscuit,Vanilla', 'Keep In A Cool And Dry Place, Away From Heat And Sunlight  IN 18ْ C , Nuts And Milk May Cause Allergies To Some People', '', 1, '', '', '', '2020-09-05 18:27:10', '2020-09-05 23:14:21', 1, 1),
(1736, 868, 'كريمة البندق البيضاء والبسكويت', 'طبقة من الشوكولاتة البنية ممزوجة مع البيضاء بداخلها كريمة البندق البيضاء مع البسكويت', 'سكر,زبدة الكاكاو,كتل الكاكاو,بودرة الحليب,ليستين الصويا,كريمة البندق,بسكويت,فانيليا', 'تحفظ في مكان بارد وجاف بعيداً عن الحرارة واشعة الشمس على درجة حرارة  18 درجة مئوية , المكسرات والحليب قد تسبب الحساسية لبعض الاشخاص', '', 2, '', '', '', '2020-09-05 18:27:10', '2020-09-05 18:27:10', 1, 1),
(1737, 869, 'Crushed Almond', 'Brown And White Chocolate With Crushed Almond', 'Sugar,Cocoa Butter,Cocoa Powder,Milk Powder,Lecithin Soya,Almond,Vanilla', 'Keep In A Cool And Dry Place, Away From Heat And Sunlight  IN 18ْ C , Nuts And Milk May Cause Allergies To Some People', '', 1, '', '', '', '2020-09-05 18:27:10', '2020-09-05 23:12:00', 1, 1),
(1738, 869, 'حبيبات اللوز', 'طبقة من الشوكولاتة البنية ممزوجة مع البيضاء بداخلها حبيبات اللوز ', 'سكر,زبدة الكاكاو,كتل الكاكاو,بودرة الحليب,ليستين الصويا,لوز,فانيليا', 'تحفظ في مكان بارد وجاف بعيداً عن الحرارة واشعة الشمس على درجة حرارة  18 درجة مئوية , المكسرات والحليب قد تسبب الحساسية لبعض الاشخاص', '', 2, '', '', '', '2020-09-05 18:27:10', '2020-09-05 18:27:10', 1, 1),
(1739, 870, 'White Gianduja Francy', 'Brown And White Chocolate With White Hazelnut Cream And Francy', 'Sugar,Cocoa Butter,Cocoa Powder,Milk Powder,Lecithin Soya,White Hazelnut Cream,Francy,Vanilla', 'Keep In A Cool And Dry Place, Away From Heat And Sunlight  IN 18ْ C , Nuts And Milk May Cause Allergies To Some People', '', 1, '', '', '', '2020-09-05 18:27:10', '2020-09-05 23:10:53', 1, 1),
(1740, 870, 'كريمة البندق البيضاء والفرنس', 'شوكولاتة بنية ممزوجة مع البيضاء وكريمة البندق البيضاء مع الفرنسي المقرمش', 'سكر,زبدة الكاكاو,كتل الكاكاو,بودرة الحليب,ليستين الصويا,كريمة البندق,فرنسي,فانيليا', 'تحفظ في مكان بارد وجاف بعيداً عن الحرارة واشعة الشمس على درجة حرارة  18 درجة مئوية , المكسرات والحليب قد تسبب الحساسية لبعض الاشخاص', '', 2, '', '', '', '2020-09-05 18:27:10', '2020-09-05 18:27:10', 1, 1),
(1741, 871, 'Pistachio Cream', 'Brown And White Chocolate With Pistachio Cream', 'Sugar,Cocoa Butter,Cocoa Powder,Milk Powder,Lecithin Soya,Pistachio Cream,Vanilla', 'Keep In A Cool And Dry Place, Away From Heat And Sunlight  IN 18ْ C , Nuts And Milk May Cause Allergies To Some People', '', 1, '', '', '', '2020-09-05 18:27:10', '2020-09-05 23:09:26', 1, 1),
(1742, 871, 'كريمة الفستق', 'طبقة من الشوكولاتة البنية ممزوجة مع البيضاء بداخلها كريمة الفستق', 'سكر,زبدة الكاكاو,كتل الكاكاو,بودرة الحليب,ليستين الصويا,كريمة فستق,فانيليا', 'تحفظ في مكان بارد وجاف بعيداً عن الحرارة واشعة الشمس على درجة حرارة  18 درجة مئوية , المكسرات والحليب قد تسبب الحساسية لبعض الاشخاص', '', 2, '', '', '', '2020-09-05 18:27:10', '2020-09-05 18:27:10', 1, 1),
(1743, 872, 'White Gianduja Cornflakes', 'Brown And White Chocolate With White Hazelnut Cream And Cornflakes', 'Sugar,Cocoa Butter,Cocoa Powder,Milk Powder,Lecithin Soya,White Hazelnut Cream,Cornflakes,Vanilla', 'Keep In A Cool And Dry Place, Away From Heat And Sunlight  IN 18ْ C , Nuts And Milk May Cause Allergies To Some People', '', 1, '', '', '', '2020-09-05 18:27:10', '2020-09-05 23:08:13', 1, 1),
(1744, 872, 'كريمة البندق البيضاء والكورن فليكس', 'طبقة من الشوكولاتة البنية ممزوجة مع البيضاء بداخلها كريمة البندق البيضاء مع الكورن فليكس', 'سكر,زبدة الكاكاو,كتل الكاكاو,بودرة الحليب,ليستين الصويا,كريمة البندق,كورن فليكس,فانيليا', 'تحفظ في مكان بارد وجاف بعيداً عن الحرارة واشعة الشمس على درجة حرارة  18 درجة مئوية , المكسرات والحليب قد تسبب الحساسية لبعض الاشخاص', '', 2, '', '', '', '2020-09-05 18:27:10', '2020-09-05 18:27:10', 1, 1),
(1745, 873, 'Praline Oreo', 'Brown And White Chocolate With Hazelnut Cream And Crushed Oreo', 'Sugar,Cocoa Butter,Cocoa Powder,Milk Powder,Lecithin Soya,Hazelnut Cream,Oreo,Vanilla', 'Keep In A Cool And Dry Place, Away From Heat And Sunlight  IN 18ْ C , Nuts And Milk May Cause Allergies To Some People', '', 1, '', '', '', '2020-09-05 18:27:10', '2020-09-05 23:05:36', 1, 1),
(1746, 873, 'كريمة البندق والاوريو', 'طبقة من الشوكولاتة البنية ممزوجة مع البيضاء بداخلها كريمة البندق اللذيذة مع حبيبان الاوريو', 'سكر,زبدة الكاكاو,كتل الكاكاو,بودرة الحليب,ليستين الصويا,كريمة البندق,اوريو,فانيليا', 'تحفظ في مكان بارد وجاف بعيداً عن الحرارة واشعة الشمس على درجة حرارة  18 درجة مئوية , المكسرات والحليب قد تسبب الحساسية لبعض الاشخاص', '', 2, '', '', '', '2020-09-05 18:27:10', '2020-09-05 18:27:10', 1, 1),
(1747, 874, 'Praline Croquant', 'Brown Chocolate With Hazelnut Cream And Burnt Sugar', 'Sugar,Cocoa Butter,Cocoa Powder,Milk Powder,Lecithin Soya,Hazelnut Cream,Burnt Sugar,Vanilla', 'Keep In A Cool And Dry Place, Away From Heat And Sunlight  IN 18ْ C , Nuts And Milk May Cause Allergies To Some People', '', 1, '', '', '', '2020-09-05 18:27:10', '2020-09-05 23:03:53', 1, 1),
(1748, 874, 'كريمة البندق والكروكان', 'طبقة من الشوكولاتة البنية بداخلها كريمة البندق اللذيذة والسكر المحروق', 'سكر,زبدة الكاكاو,كتل الكاكاو,بودرة الحليب,ليستين الصويا,كريمة البندق,سكر محروق,فانيليا', 'تحفظ في مكان بارد وجاف بعيداً عن الحرارة واشعة الشمس على درجة حرارة  18 درجة مئوية , المكسرات والحليب قد تسبب الحساسية لبعض الاشخاص', '', 2, '', '', '', '2020-09-05 18:27:10', '2020-09-05 18:27:10', 1, 1),
(1749, 875, 'Praline Rice Crispy', 'Brown Chocolate With Hazelnut Cream And Rice Crispy', 'Sugar,Cocoa Butter,Cocoa Powder,Milk Powder,Lecithin Soya,Hazelnut Cream,Rice Crispy,Vanilla', 'Keep In A Cool And Dry Place, Away From Heat And Sunlight  IN 18ْ C , Nuts And Milk May Cause Allergies To Some People', '', 1, '', '', '', '2020-09-05 18:27:10', '2020-09-05 23:02:34', 1, 1),
(1750, 875, 'كريمة البندق والرايس كرسبي', 'طبقة من الشوكولاتة البنية بداخلها كريمة البندق اللذيذة وحبيبات الرايس كرسبي', 'سكر,زبدة الكاكاو,كتل الكاكاو,بودرة الحليب,ليستين الصويا,كريمة البندق,رايس كرسبي,فانيليا', 'تحفظ في مكان بارد وجاف بعيداً عن الحرارة واشعة الشمس على درجة حرارة  18 درجة مئوية , المكسرات والحليب قد تسبب الحساسية لبعض الاشخاص', '', 2, '', '', '', '2020-09-05 18:27:10', '2020-09-05 18:27:10', 1, 1),
(1751, 876, 'Caramel Almond', 'Brown Chocolate With Caramel And Almond', 'Sugar,Cocoa Butter,Cocoa Powder,Milk Powder,Lecithin Soya,Caramel,Almond,Vanilla', 'Keep In A Cool And Dry Place, Away From Heat And Sunlight  IN 18ْ C , Nuts And Milk May Cause Allergies To Some People', '', 1, '', '', '', '2020-09-05 18:27:10', '2020-09-05 22:33:33', 1, 1),
(1752, 876, 'كراميل واللوز', 'طبقة من الشوكولاتة البنية بداخلها توفي كراميل مع اللوز', 'سكر,زبدة الكاكاو,كتل الكاكاو,بودرة الحليب,ليستين الصويا,عجينة كراميل,لوز,فانيليا', 'تحفظ في مكان بارد وجاف بعيداً عن الحرارة واشعة الشمس على درجة حرارة  18 درجة مئوية , المكسرات والحليب قد تسبب الحساسية لبعض الاشخاص', '', 2, '', '', '', '2020-09-05 18:27:10', '2020-09-05 18:27:10', 1, 1),
(1753, 877, 'Praline Crushed Hazelnut', 'Brown Chocolate With Hazelnut Cream And Crushed Hazelnut', 'Sugar,Cocoa Butter,Cocoa Powder,Milk Powder,Lecithin Soya,Hazelnut Cream,Hazelnut,Vanilla', 'Keep In A Cool And Dry Place, Away From Heat And Sunlight  IN 18ْ C , Nuts And Milk May Cause Allergies To Some People', '', 1, '', '', '', '2020-09-05 18:27:10', '2020-09-05 22:30:45', 1, 1),
(1754, 877, 'كريمة البندق وحبيبات اللوز', 'طبقة من الشوكولاتة البنية بداخلها كريمة البندق اللذيذة وحبيبات اللوز', 'سكر,زبدة الكاكاو,كتل الكاكاو,بودرة الحليب,ليستين الصويا,كريمة بندق,لوز,فانيليا', 'تحفظ في مكان بارد وجاف بعيداً عن الحرارة واشعة الشمس على درجة حرارة  18 درجة مئوية , المكسرات والحليب قد تسبب الحساسية لبعض الاشخاص', '', 2, '', '', '', '2020-09-05 18:27:10', '2020-09-05 18:27:10', 1, 1),
(1755, 878, 'Pistachio Paste', 'Brown Chocolate With Pistachio Paste', 'Sugar,Cocoa Butter,Cocoa Powder,Milk Powder,Lecithin Soya,Pistachio Paste,Vanilla', 'Keep In A Cool And Dry Place, Away From Heat And Sunlight  IN 18ْ C , Nuts And Milk May Cause Allergies To Some People', '', 1, '', '', '', '2020-09-05 18:27:10', '2020-09-05 22:29:11', 1, 1),
(1756, 878, 'عجينة الفستق', 'طبقة من الشوكولاتة البنية بداخلها عجينة الفستق', 'سكر,زبدة الكاكاو,كتل الكاكاو,بودرة الحليب,ليستين الصويا,عجينة فستق,فانيليا', 'تحفظ في مكان بارد وجاف بعيداً عن الحرارة واشعة الشمس على درجة حرارة  18 درجة مئوية , المكسرات والحليب قد تسبب الحساسية لبعض الاشخاص', '', 2, '', '', '', '2020-09-05 18:27:10', '2020-09-05 18:27:10', 1, 1),
(1757, 879, 'Praline White Cream', 'Brown Chocolate With White Hazelnut Cream', 'Sugar,Cocoa Butter,Cocoa Powder,Milk Powder,Lecithin Soya,Hazelnut Cream,Vanilla', 'Keep In A Cool And Dry Place, Away From Heat And Sunlight  IN 18ْ C , Nuts And Milk May Cause Allergies To Some People', '', 1, '', '', '', '2020-09-05 18:27:10', '2020-09-05 22:26:23', 1, 1),
(1758, 879, 'كريمة البندق البيضاء', 'طبقة من الشوكولاتة البنية بداخلها كريمة البندق البيضاء', 'سكر,زبدة الكاكاو,كتل الكاكاو,بودرة الحليب,ليستين الصويا,كريمة بندق بيضاء,فانيليا', 'تحفظ في مكان بارد وجاف بعيداً عن الحرارة واشعة الشمس على درجة حرارة  18 درجة مئوية , المكسرات والحليب قد تسبب الحساسية لبعض الاشخاص', '', 2, '', '', '', '2020-09-05 18:27:10', '2020-09-05 18:27:10', 1, 1),
(1759, 880, 'Caramel Cream Pistachio', 'Brown Chocolate With Caramel Cream And Pistachio', 'Sugar,Cocoa Butter,Cocoa Powder,Milk Powder,Lecithin Soya,Caramel,Pistachio,Vanilla', 'Keep In A Cool And Dry Place, Away From Heat And Sunlight  IN 18ْ C , Nuts And Milk May Cause Allergies To Some People', '', 1, '', '', '', '2020-09-05 18:27:10', '2020-09-05 22:24:09', 1, 1),
(1760, 880, 'كريمة الكراميل والفستق', 'طبقة من الشوكولاتة البنية بداخلها توفي كراميل وحبيبات الفستق', 'سكر,زبدة الكاكاو,كتل الكاكاو,بودرة الحليب,ليستين الصويا,كريمة كراميل,فستق,فانيليا', 'تحفظ في مكان بارد وجاف بعيداً عن الحرارة واشعة الشمس على درجة حرارة  18 درجة مئوية , المكسرات والحليب قد تسبب الحساسية لبعض الاشخاص', '', 2, '', '', '', '2020-09-05 18:27:10', '2020-09-05 18:27:10', 1, 1),
(1761, 881, 'Francy', 'Brown Chocolate With Francy', 'Sugar,Cocoa Butter,Cocoa Powder,Milk Powder,Lecithin Soya,Francy,Vanilla', 'Keep In A Cool And Dry Place, Away From Heat And Sunlight  IN 18ْ C , Milk May Cause Allergies To Some People', '', 1, '', '', '', '2020-09-05 18:27:10', '2020-09-05 22:22:12', 1, 1),
(1762, 881, 'بسكويت فرنسي', 'طبقة من الشوكولاتة البنية مع البسكويت الفرنسي المقرمش', 'سكر,زبدة الكاكاو,كتل الكاكاو,بودرة الحليب,ليستين الصويا,فرنسي,فانيليا', 'تحفظ في مكان بارد وجاف بعيداً عن الحرارة واشعة الشمس على درجة حرارة  18 درجة مئوية , الحليب قد يسبب الحساسية لبعض الاشخاص', '', 2, '', '', '', '2020-09-05 18:27:10', '2020-09-05 18:27:10', 1, 1),
(1763, 882, 'Ringo Almond', 'Brown Chocolate With Crushed Ringo And Almond', 'Sugar,Cocoa Butter,Cocoa Powder,Milk Powder,Lecithin Soya,Ringo Biscuit,Almond,Vanilla', 'Keep In A Cool And Dry Place, Away From Heat And Sunlight  IN 18ْ C , Nuts And Milk May Cause Allergies To Some People', '', 1, '', '', '', '2020-09-05 18:27:10', '2020-09-05 22:20:30', 1, 1),
(1764, 882, 'الرينجو واللوز', 'طبقة من الشوكولاتة البنية بداخلها حبيبات ويفر الرينجو وحبيبات اللوز', 'سكر,زبدة الكاكاو,كتل الكاكاو,بودرة الحليب,ليستين الصويا,بسكويت رينجو,لوز,فانيليا', 'تحفظ في مكان بارد وجاف بعيداً عن الحرارة واشعة الشمس على درجة حرارة  18 درجة مئوية , المكسرات والحليب قد تسبب الحساسية لبعض الاشخاص', '', 2, '', '', '', '2020-09-05 18:27:10', '2020-09-05 18:27:10', 1, 1),
(1765, 883, 'Lotus Caramelized Gianduja', 'Brown Chocolate With White Hazelnut Cream And Burnt Sugar With Lotus', 'Sugar,Cocoa Butter,Cocoa Powder,Milk Powder,Lecithin Soya,White Hazelnut Cream,Lotus,Burnt Sugar,Vanilla', 'Keep In A Cool And Dry Place, Away From Heat And Sunlight  IN 18ْ C , Nuts And Milk May Cause Allergies To Some People', '', 1, '', '', '', '2020-09-05 18:27:10', '2020-09-05 22:10:29', 1, 1),
(1766, 883, 'كريمة البندق البيضاء وروشيه اللوتس', 'طبقة من الشوكولاتة البنية بداخلها كريمة البندق البيضاء واللوتس مع السكر المحروق', 'سكر,زبدة الكاكاو,كتل الكاكاو,بودرة الحليب,ليستين الصويا,كريمة بندق,لوتس,سكر محروق,فانيليا', 'تحفظ في مكان بارد وجاف بعيداً عن الحرارة واشعة الشمس على درجة حرارة  18 درجة مئوية , المكسرات والحليب قد تسبب الحساسية لبعض الاشخاص', '', 2, '', '', '', '2020-09-05 18:27:10', '2020-09-05 18:27:10', 1, 1),
(1767, 884, 'Caramel Chocolate Lotus With Gold Powder', 'Cremola Chocolate Gold Powder With Caramel Chocolate And Lotus', 'Sugar,Cocoa Butter,Cocoa Powder,Milk Powder,Lecithin Soya,Foot Colors(E102),Caramel Chocolate,Lotus,Vanilla', 'Keep In A Cool And Dry Place, Away From Heat And Sunlight  IN 18ْ C , Milk May Cause Allergies To Some People , Colors May Have A Negative Effect On Activity And Concentration In Children', '', 1, '', '', '', '2020-09-05 18:27:10', '2020-09-05 22:08:28', 1, 1),
(1768, 884, 'شوكولاتة الكراميل و بسكويت اللوتس مع لون ذهبي', 'طبقة من الشوكولاتة البنية بداخلها شوكولاتة الكراميل  وبسكويت اللوتس مع ملمع الاغذية الذهبي', 'سكر,زبدة الكاكاو,كتل الكاكاو,بودرة الحليب,ليستين الصويا,شوكولاتة كراميل,لوتس,ألوان غذائية(E102),فانيليا', 'تحفظ في مكان بارد وجاف بعيداً عن الحرارة واشعة الشمس على درجة حرارة  18 درجة مئوية , الحليب قد يسبب الحساسية لبعض الاشخاص , الألوان قد يكون لها تأثير سلبي علي النشاط والتركيز لدى الاطفال', '', 2, '', '', '', '2020-09-05 18:27:10', '2020-09-05 18:27:10', 1, 1),
(1769, 885, 'Caramel Chocolate Lotus With Pink Powder', 'Cremola Chocolate Pink Powder With Caramel Chocolate And Lotus', 'Sugar,Cocoa Butter,Cocoa Powder,Milk Powder,Lecithin Soya,Foot Colors(E129),Caramel Chocolate,Lotus,Vanilla', 'Keep In A Cool And Dry Place, Away From Heat And Sunlight  IN 18ْ C , Milk May Cause Allergies To Some People , Colors May Have A Negative Effect On Activity And Concentration In Children', '', 1, '', '', '', '2020-09-05 18:27:10', '2020-09-05 22:06:13', 1, 1),
(1770, 885, 'شوكولاتة الكراميل و بسكويت اللوتس مع لون وردي', 'طبقة من الشوكولاتة البنية بداخلها شوكولاتة الكراميل  وبسكويت اللوتس مع ملمع الاغذية الوردي', 'سكر,زبدة الكاكاو,كتل الكاكاو,بودرة الحليب,ليستين الصويا,شوكولاتة كراميل,لوتس,ألوان غذائية(E129),فانيليا', 'تحفظ في مكان بارد وجاف بعيداً عن الحرارة واشعة الشمس على درجة حرارة  18 درجة مئوية , الحليب قد يسبب الحساسية لبعض الاشخاص , الألوان قد يكون لها تأثير سلبي علي النشاط والتركيز لدى الاطفال', '', 2, '', '', '', '2020-09-05 18:27:10', '2020-09-05 18:27:10', 1, 1),
(1771, 886, 'Caramel Chocolate Lotus With Silver Powder', 'Cremola Chocolate Silver Powder With Caramel Chocolate And Lotus', 'Sugar,Cocoa Butter,Cocoa Powder,Milk Powder,Lecithin Soya,Foot Colors(E132),Caramel Chocolate,Lotus,Vanilla', 'Keep In A Cool And Dry Place, Away From Heat And Sunlight  IN 18ْ C , Milk May Cause Allergies To Some People , Colors May Have A Negative Effect On Activity And Concentration In Children', '', 1, '', '', '', '2020-09-05 18:27:10', '2020-09-05 22:02:56', 1, 1),
(1772, 886, 'شوكولاتة الكراميل و بسكويت اللوتس مع لون فضي', 'طبقة من الشوكولاتة البنية بداخلها شوكولاتة الكراميل  وبسكويت اللوتس مع ملمع الاغذية الفضي', 'سكر,زبدة الكاكاو,كتل الكاكاو,بودرة الحليب,ليستين الصويا,شوكولاتة كراميل,لوتس,ألوان غذائية(E132),فانيليا', 'تحفظ في مكان بارد وجاف بعيداً عن الحرارة واشعة الشمس على درجة حرارة  18 درجة مئوية , الحليب قد يسبب الحساسية لبعض الاشخاص , الألوان قد يكون لها تأثير سلبي علي النشاط والتركيز لدى الاطفال', '', 2, '', '', '', '2020-09-05 18:27:10', '2020-09-05 18:27:10', 1, 1),
(1773, 887, 'White Cream Digestive Biscuit With Gold Powder', 'Cremola Chocolate Gold Powder With White Cream And Digestive Biscuit', 'Sugar,Cocoa Butter,Cocoa Powder,Milk Powder,Lecithin Soya,Foot Colors(E102),White Cream,Digestive,Vanilla', 'Keep In A Cool And Dry Place, Away From Heat And Sunlight  IN 18ْ C , Milk May Cause Allergies To Some People , Colors May Have A Negative Effect On Activity And Concentration In Children', '', 1, '', '', '', '2020-09-05 18:27:10', '2020-09-05 21:50:51', 1, 1),
(1774, 887, 'كريمة البندق البيضاء و بسكويت الدايجستيف مع لون ذهبي', 'طبقة من الشوكولاتة البنية بداخلها كريمة البندق البيضاء وبسكويت الدايجستيف مع ملمع الاغذية الذهبي', 'سكر,زبدة الكاكاو,كتل الكاكاو,بودرة الحليب,ليستين الصويا,كريمة البندق,الدايجستيف,ألوان غذائية(E102),فانيليا', 'تحفظ في مكان بارد وجاف بعيداً عن الحرارة واشعة الشمس على درجة حرارة  18 درجة مئوية , الحليب قد يسبب الحساسية لبعض الاشخاص , الألوان قد يكون لها تأثير سلبي علي النشاط والتركيز لدى الاطفال', '', 2, '', '', '', '2020-09-05 18:27:10', '2020-09-05 18:27:10', 1, 1),
(1775, 888, 'White Cream Digestive Biscuit With Pink Powder', 'Cremola Chocolate Pink Powder With White Cream And Digestive Biscuit', 'Sugar,Cocoa Butter,Cocoa Powder,Milk Powder,Lecithin Soya,Foot Colors(E129),White Cream,Digestive,Vanilla', 'Keep In A Cool And Dry Place, Away From Heat And Sunlight  IN 18ْ C , Milk May Cause Allergies To Some People , Colors May Have A Negative Effect On Activity And Concentration In Children', '', 1, '', '', '', '2020-09-05 18:27:10', '2020-09-05 21:49:47', 1, 1),
(1776, 888, 'كريمة البندق البيضاء و بسكويت الدايجستيف مع لون وردي', 'طبقة من الشوكولاتة البنية بداخلها كريمة البندق البيضاء وبسكويت الدايجستيف مع ملمع الاغذية الوردي', 'سكر,زبدة الكاكاو,كتل الكاكاو,بودرة الحليب,ليستين الصويا,كريمة البندق,الدايجستيف,ألوان غذائية(E129),فانيليا', 'تحفظ في مكان بارد وجاف بعيداً عن الحرارة واشعة الشمس على درجة حرارة  18 درجة مئوية , الحليب قد يسبب الحساسية لبعض الاشخاص , الألوان قد يكون لها تأثير سلبي علي النشاط والتركيز لدى الاطفال', '', 2, '', '', '', '2020-09-05 18:27:10', '2020-09-05 18:27:10', 1, 1),
(1777, 889, 'White Cream Digestive Biscuit With Silver Powder', 'Cremola Chocolate Silver Powder With White Cream And Digestive Biscuit', 'Sugar,Cocoa Butter,Cocoa Powder,Milk Powder,Lecithin Soya,Foot Colors(E132),White Cream,Digestive,Vanilla', 'Keep In A Cool And Dry Place, Away From Heat And Sunlight  IN 18ْ C , Milk May Cause Allergies To Some People , Colors May Have A Negative Effect On Activity And Concentration In Children', '', 1, '', '', '', '2020-09-05 18:27:10', '2020-09-05 21:48:10', 1, 1),
(1778, 889, 'كريمة البندق البيضاء و بسكويت الدايجستيف مع لون فضي', 'طبقة من الشوكولاتة البنية بداخلها كريمة البندق البيضاء وبسكويت الدايجستيف مع ملمع الاغذية الفضي', 'سكر,زبدة الكاكاو,كتل الكاكاو,بودرة الحليب,ليستين الصويا,كريمة البندق,الدايجستيف,ألوان غذائية(E132),فانيليا', 'تحفظ في مكان بارد وجاف بعيداً عن الحرارة واشعة الشمس على درجة حرارة  18 درجة مئوية , الحليب قد يسبب الحساسية لبعض الاشخاص , الألوان قد يكون لها تأثير سلبي علي النشاط والتركيز لدى الاطفال', '', 2, '', '', '', '2020-09-05 18:27:10', '2020-09-05 18:27:10', 1, 1),
(1779, 890, 'Praline Rice Crispy With Gold Powder', 'Cremola Chocolate Gold Powder With Praline Rice Crispy', 'Sugar,Cocoa Butter,Cocoa Powder,Milk Powder,Lecithin Soya,Foot Colors(E102),Praline,Rice Crispy,Vanilla', 'Keep In A Cool And Dry Place, Away From Heat And Sunlight  IN 18ْ C ,Nuts And Milk May Cause Allergies To Some People , Colors May Have A Negative Effect On Activity And Concentration In Children', '', 1, '', '', '', '2020-09-05 18:27:11', '2020-09-05 21:46:43', 1, 1),
(1780, 890, 'كريمة البندق والرايس كرسبي مع لون ذهبي', 'طبقة من الشوكولاتة البنية بداخلها كريمة البندق والرايس كرسبي مع ملمع الاغذية الذهبي', 'سكر,زبدة الكاكاو,كتل الكاكاو,بودرة الحليب,ليستين الصويا,كريمة البندق,رايس كرسبي,ألوان غذائية(E102),فانيليا', 'تحفظ في مكان بارد وجاف بعيداً عن الحرارة واشعة الشمس على درجة حرارة  18 درجة مئوية ,المكسرات والحليب قد يسبب الحساسية لبعض الاشخاص , الألوان قد يكون لها تأثير سلبي علي النشاط والتركيز لدى الاطفال', '', 2, '', '', '', '2020-09-05 18:27:11', '2020-09-05 18:27:11', 1, 1),
(1781, 891, 'Praline Rice Crispy With Pink Powder', 'Cremola Chocolate Pink Powder With Praline Rice Crispy', 'Sugar,Cocoa Butter,Cocoa Powder,Milk Powder,Lecithin Soya,Foot Colors(E129),Praline,Rice Crispy,Vanilla', 'Keep In A Cool And Dry Place, Away From Heat And Sunlight  IN 18ْ C ,Nuts And Milk May Cause Allergies To Some People , Colors May Have A Negative Effect On Activity And Concentration In Children', '', 1, '', '', '', '2020-09-05 18:27:11', '2020-09-05 21:45:27', 1, 1),
(1782, 891, 'كريمة البندق والرايس كرسبي مع لون وردي', 'طبقة من الشوكولاتة البنية بداخلها كريمة البندق والرايس كرسبي مع ملمع الاغذية الوردي', 'سكر,زبدة الكاكاو,كتل الكاكاو,بودرة الحليب,ليستين الصويا,كريمة البندق,رايس كرسبي,ألوان غذائية(E129),فانيليا', 'تحفظ في مكان بارد وجاف بعيداً عن الحرارة واشعة الشمس على درجة حرارة  18 درجة مئوية ,المكسرات والحليب قد يسبب الحساسية لبعض الاشخاص , الألوان قد يكون لها تأثير سلبي علي النشاط والتركيز لدى الاطفال', '', 2, '', '', '', '2020-09-05 18:27:11', '2020-09-05 18:27:11', 1, 1),
(1783, 892, 'Praline Rice Crispy With Silver Powder', 'Cremola Chocolate Silver Powder With Praline Rice Crispy', 'Sugar,Cocoa Butter,Cocoa Powder,Milk Powder,Lecithin Soya,Foot Colors(E132),Praline,Rice Crispy,Vanilla', 'Keep In A Cool And Dry Place, Away From Heat And Sunlight  IN 18ْ C ,Nuts And Milk May Cause Allergies To Some People , Colors May Have A Negative Effect On Activity And Concentration In Children', '', 1, '', '', '', '2020-09-05 18:27:11', '2020-09-05 21:43:59', 1, 1),
(1784, 892, 'كريمة البندق والرايس كرسبي مع لون فضي', 'طبقة من الشوكولاتة البنية بداخلها كريمة البندق والرايس كرسبي مع ملمع الاغذية الفضي', 'سكر,زبدة الكاكاو,كتل الكاكاو,بودرة الحليب,ليستين الصويا,كريمة البندق,رايس كرسبي,ألوان غذائية(E132),فانيليا', 'تحفظ في مكان بارد وجاف بعيداً عن الحرارة واشعة الشمس على درجة حرارة  18 درجة مئوية ,المكسرات والحليب قد يسبب الحساسية لبعض الاشخاص , الألوان قد يكون لها تأثير سلبي علي النشاط والتركيز لدى الاطفال', '', 2, '', '', '', '2020-09-05 18:27:11', '2020-09-05 18:27:11', 1, 1),
(1785, 893, 'Praline Oreo With Gold Powder', 'Cremola Chocolate Gold Powder With Praline Oreo', 'Sugar,Cocoa Butter,Cocoa Powder,Milk Powder,Lecithin Soya,Foot Colors(E102),Praline,Oreo,Vanilla', 'Keep In A Cool And Dry Place, Away From Heat And Sunlight  IN 18ْ C ,Nuts And Milk May Cause Allergies To Some People , Colors May Have A Negative Effect On Activity And Concentration In Children', '', 1, '', '', '', '2020-09-05 18:27:11', '2020-09-05 21:42:19', 1, 1),
(1786, 893, 'كريمة البندق والأوريو مع لون ذهبي', 'طبقة من الشوكولاتة البنية بداخلها كريمة البندق والاوريو مع ملمع الاغذية الذهبي', 'سكر,زبدة الكاكاو,كتل الكاكاو,بودرة الحليب,ليستين الصويا,كريمة البندق,أوريو,ألوان غذائية(E102),فانيليا', 'تحفظ في مكان بارد وجاف بعيداً عن الحرارة واشعة الشمس على درجة حرارة  18 درجة مئوية ,المكسرات والحليب قد يسبب الحساسية لبعض الاشخاص , الألوان قد يكون لها تأثير سلبي علي النشاط والتركيز لدى الاطفال', '', 2, '', '', '', '2020-09-05 18:27:11', '2020-09-05 18:27:11', 1, 1),
(1787, 894, 'Praline Oreo With Pink Powder', 'Cremola Chocolate Pink Powder With Praline Oreo', 'Sugar,Cocoa Butter,Cocoa Powder,Milk Powder,Lecithin Soya,Foot Colors(E129),Praline,Oreo,Vanilla', 'Keep In A Cool And Dry Place, Away From Heat And Sunlight  IN 18ْ C ,Nuts And Milk May Cause Allergies To Some People , Colors May Have A Negative Effect On Activity And Concentration In Children', '', 1, '', '', '', '2020-09-05 18:27:11', '2020-09-05 21:40:32', 1, 1),
(1788, 894, 'كريمة البندق والأوريو مع لون وردي', 'طبقة من الشوكولاتة البنية بداخلها كريمة البندق والاوريو مع ملمع الاغذية الوردي', 'سكر,زبدة الكاكاو,كتل الكاكاو,بودرة الحليب,ليستين الصويا,كريمة البندق,أوريو,ألوان غذائية(E129),فانيليا', 'تحفظ في مكان بارد وجاف بعيداً عن الحرارة واشعة الشمس على درجة حرارة  18 درجة مئوية ,المكسرات والحليب قد يسبب الحساسية لبعض الاشخاص , الألوان قد يكون لها تأثير سلبي علي النشاط والتركيز لدى الاطفال', '', 2, '', '', '', '2020-09-05 18:27:11', '2020-09-05 18:27:11', 1, 1),
(1789, 895, 'Praline Oreo With Silver Powder', 'Cremola Chocolate Silver Powder With Praline Oreo', 'Sugar,Cocoa Butter,Cocoa Powder,Milk Powder,Lecithin Soya,Foot Colors(E132),Praline,Oreo,Vanilla', 'Keep In A Cool And Dry Place, Away From Heat And Sunlight  IN 18ْ C ,Nuts And Milk May Cause Allergies To Some People , Colors May Have A Negative Effect On Activity And Concentration In Children', '', 1, '', '', '', '2020-09-05 18:27:11', '2020-09-05 21:38:16', 1, 1),
(1790, 895, 'كريمة البندق والأوريو مع لون فضي', 'طبقة من الشوكولاتة البنية بداخلها كريمة البندق والاوريو مع ملمع الاغذية الفضي', 'سكر,زبدة الكاكاو,كتل الكاكاو,بودرة الحليب,ليستين الصويا,كريمة البندق,أوريو,ألوان غذائية(E132),فانيليا', 'تحفظ في مكان بارد وجاف بعيداً عن الحرارة واشعة الشمس على درجة حرارة  18 درجة مئوية ,المكسرات والحليب قد يسبب الحساسية لبعض الاشخاص , الألوان قد يكون لها تأثير سلبي علي النشاط والتركيز لدى الاطفال', '', 2, '', '', '', '2020-09-05 18:27:11', '2020-09-05 18:27:11', 1, 1),
(1791, 896, 'White Cream Cappucino With Gold Powder', 'Cremola Chocolate Gold Powder With White Cream Cappucino ', 'Sugar,Cocoa Butter,Cocoa Powder,Milk Powder,Lecithin Soya,Foot Colors(E102),White Cream,Cappucino,Vanilla', 'Keep In A Cool And Dry Place, Away From Heat And Sunlight  IN 18ْ C , Milk May Cause Allergies To Some People , Colors May Have A Negative Effect On Activity And Concentration In Children', '', 1, '', '', '', '2020-09-05 18:27:11', '2020-09-05 21:36:48', 1, 1),
(1792, 896, 'كريمة البندق البيضاء والكابتشينو مع لون ذهبي', 'طبقة من الشوكولاتة البنية بداخلها كريمة البندق البيضاء والكابتشينو مع ملمع الاغذية الذهبي', 'سكر,زبدة الكاكاو,كتل الكاكاو,بودرة الحليب,ليستين الصويا,كريمة البندق,كابتشينو,ألوان غذائية(E102),فانيليا', 'تحفظ في مكان بارد وجاف بعيداً عن الحرارة واشعة الشمس على درجة حرارة  18 درجة مئوية , الحليب قد يسبب الحساسية لبعض الاشخاص , الألوان قد يكون لها تأثير سلبي علي النشاط والتركيز لدى الاطفال', '', 2, '', '', '', '2020-09-05 18:27:11', '2020-09-05 18:27:11', 1, 1),
(1793, 897, 'White Cream Cappucino With Pink Powder', 'Cremola Chocolate Pink Powder With White Cream Cappucino ', 'Sugar,Cocoa Butter,Cocoa Powder,Milk Powder,Lecithin Soya,Foot Colors(E129),White Cream,Cappucino,Vanilla', 'Keep In A Cool And Dry Place, Away From Heat And Sunlight  IN 18ْ C , Milk May Cause Allergies To Some People , Colors May Have A Negative Effect On Activity And Concentration In Children', '', 1, '', '', '', '2020-09-05 18:27:11', '2020-09-05 21:34:35', 1, 1),
(1794, 897, 'كريمة البندق البيضاء والكابتشينو مع لون وردي', 'طبقة من الشوكولاتة البنية بداخلها كريمة البندق البيضاء والكابتشينو مع ملمع الاغذية الوردي', 'سكر,زبدة الكاكاو,كتل الكاكاو,بودرة الحليب,ليستين الصويا,كريمة البندق,كابتشينو,ألوان غذائية(E129),فانيليا', 'تحفظ في مكان بارد وجاف بعيداً عن الحرارة واشعة الشمس على درجة حرارة  18 درجة مئوية , الحليب قد يسبب الحساسية لبعض الاشخاص , الألوان قد يكون لها تأثير سلبي علي النشاط والتركيز لدى الاطفال', '', 2, '', '', '', '2020-09-05 18:27:11', '2020-09-05 18:27:11', 1, 1),
(1795, 898, 'White Cream Cappucino With Silver Powder', 'Cremola Chocolate Silver Powder With White Cream Cappucino ', 'Sugar,Cocoa Butter,Cocoa Powder,Milk Powder,Lecithin Soya,Foot Colors(E132),White Cream,Cappucino,Vanilla', 'Keep In A Cool And Dry Place, Away From Heat And Sunlight  IN 18ْ C , Milk May Cause Allergies To Some People , Colors May Have A Negative Effect On Activity And Concentration In Children', '', 1, '', '', '', '2020-09-05 18:27:11', '2020-09-05 21:32:44', 1, 1),
(1796, 898, 'كريمة البندق البيضاء والكابتشينو مع لون فضي', 'طبقة من الشوكولاتة البنية بداخلها كريمة البندق البيضاء والكابتشينو مع ملمع الاغذية الفضي', 'سكر,زبدة الكاكاو,كتل الكاكاو,بودرة الحليب,ليستين الصويا,كريمة البندق,كابتشينو,ألوان غذائية(E132),فانيليا', 'تحفظ في مكان بارد وجاف بعيداً عن الحرارة واشعة الشمس على درجة حرارة  18 درجة مئوية , الحليب قد يسبب الحساسية لبعض الاشخاص , الألوان قد يكون لها تأثير سلبي علي النشاط والتركيز لدى الاطفال', '', 2, '', '', '', '2020-09-05 18:27:11', '2020-09-05 18:27:11', 1, 1),
(1797, 899, 'Praline Cardamom With Gold Powder', 'Cremola Chocolate Gold Powder With Praline Cardamom', 'Sugar,Cocoa Butter,Cocoa Powder,Milk Powder,Lecithin Soya,Foot Colors(E102),Praline,Cardamom,Vanilla', 'Keep In A Cool And Dry Place, Away From Heat And Sunlight  IN 18ْ C ,Nuts And Milk May Cause Allergies To Some People , Colors May Have A Negative Effect On Activity And Concentration In Children', '', 1, '', '', '', '2020-09-05 18:27:11', '2020-09-05 21:27:12', 1, 1),
(1798, 899, 'كريمة البندق والهيل مع لون ذهبي', 'طبقة من الشوكولاتة البنية بداخلها كريمة البندق والهيل مع ملمع الاغذية الذهبي', 'سكر,زبدة الكاكاو,كتل الكاكاو,بودرة الحليب,ليستين الصويا,كريمة البندق,هيل,ألوان غذائية(E102),فانيليا', 'تحفظ في مكان بارد وجاف بعيداً عن الحرارة واشعة الشمس على درجة حرارة  18 درجة مئوية ,المكسرات والحليب قد يسبب الحساسية لبعض الاشخاص , الألوان قد يكون لها تأثير سلبي علي النشاط والتركيز لدى الاطفال', '', 2, '', '', '', '2020-09-05 18:27:11', '2020-09-05 18:27:11', 1, 1),
(1799, 900, 'Praline Cardamom With Pink Powder', 'Cremola Chocolate Pink Powder With Praline Cardamom', 'Sugar,Cocoa Butter,Cocoa Powder,Milk Powder,Lecithin Soya,Foot Colors(E129),Praline,Cardamom,Vanilla', 'Keep In A Cool And Dry Place, Away From Heat And Sunlight  IN 18ْ C ,Nuts And Milk May Cause Allergies To Some People , Colors May Have A Negative Effect On Activity And Concentration In Children', '', 1, '', '', '', '2020-09-05 18:27:11', '2020-09-05 21:25:15', 1, 1),
(1800, 900, 'كريمة البندق والهيل مع لون وردي', 'طبقة من الشوكولاتة البنية بداخلها كريمة البندق والهيل مع ملمع الاغذية الوردي', 'سكر,زبدة الكاكاو,كتل الكاكاو,بودرة الحليب,ليستين الصويا,كريمة البندق,هيل,ألوان غذائية(E129),فانيليا', 'تحفظ في مكان بارد وجاف بعيداً عن الحرارة واشعة الشمس على درجة حرارة  18 درجة مئوية ,المكسرات والحليب قد يسبب الحساسية لبعض الاشخاص , الألوان قد يكون لها تأثير سلبي علي النشاط والتركيز لدى الاطفال', '', 2, '', '', '', '2020-09-05 18:27:11', '2020-09-05 18:27:11', 1, 1),
(1801, 901, 'Praline Cardamom With Silver Powder', 'Cremola Chocolate Silver Powder With Praline Cardamom', 'Sugar,Cocoa Butter,Cocoa Powder,Milk Powder,Lecithin Soya,Foot Colors(E132),Praline,Cardamom,Vanilla', 'Keep In A Cool And Dry Place, Away From Heat And Sunlight  IN 18ْ C ,Nuts And Milk May Cause Allergies To Some People , Colors May Have A Negative Effect On Activity And Concentration In Children', '', 1, '', '', '', '2020-09-05 18:27:11', '2020-09-05 21:22:49', 1, 1),
(1802, 901, 'كريمة البندق والهيل مع لون فضي', 'طبقة من الشوكولاتة البنية بداخلها كريمة البندق والهيل مع ملمع الاغذية الفضي', 'سكر,زبدة الكاكاو,كتل الكاكاو,بودرة الحليب,ليستين الصويا,كريمة البندق,هيل,ألوان غذائية(E132),فانيليا', 'تحفظ في مكان بارد وجاف بعيداً عن الحرارة واشعة الشمس على درجة حرارة  18 درجة مئوية ,المكسرات والحليب قد يسبب الحساسية لبعض الاشخاص , الألوان قد يكون لها تأثير سلبي علي النشاط والتركيز لدى الاطفال', '', 2, '', '', '', '2020-09-05 18:27:11', '2020-09-05 18:27:11', 1, 1),
(1803, 902, 'Praline Hazelnut With Gold Powder', 'Cremola Chocolate Gold Powder With Praline Hazelnut', 'Sugar,Cocoa Butter,Cocoa Powder,Milk Powder,Lecithin Soya,Foot Colors(E102),Praline,Hazelnut,Vanilla', 'Keep In A Cool And Dry Place, Away From Heat And Sunlight  IN 18ْ C ,Nuts And Milk May Cause Allergies To Some People , Colors May Have A Negative Effect On Activity And Concentration In Children', '', 1, '', '', '', '2020-09-05 18:27:11', '2020-09-05 21:18:49', 1, 1),
(1804, 902, 'كريمة البندق والبندق مع لون ذهبي', 'طبقة من الشوكولاتة البنية بداخلها كريمة البندق وحبيبات البندق مع ملمع الاغذية الذهبي', 'سكر,زبدة الكاكاو,كتل الكاكاو,بودرة الحليب,ليستين الصويا,كريمة البندق,بندق,ألوان غذائية(E102),فانيليا', 'تحفظ في مكان بارد وجاف بعيداً عن الحرارة واشعة الشمس على درجة حرارة  18 درجة مئوية ,المكسرات والحليب قد يسبب الحساسية لبعض الاشخاص , الألوان قد يكون لها تأثير سلبي علي النشاط والتركيز لدى الاطفال', '', 2, '', '', '', '2020-09-05 18:27:11', '2020-09-05 18:27:11', 1, 1),
(1805, 903, 'Praline Hazelnut With Pink Powder', 'Cremola Chocolate Pink Powder With Praline Hazelnut', 'Sugar,Cocoa Butter,Cocoa Powder,Milk Powder,Lecithin Soya,Foot Colors(E129),Praline,Hazelnut,Vanilla', 'Keep In A Cool And Dry Place, Away From Heat And Sunlight  IN 18ْ C ,Nuts And Milk May Cause Allergies To Some People , Colors May Have A Negative Effect On Activity And Concentration In Children', '', 1, '', '', '', '2020-09-05 18:27:11', '2020-09-05 21:15:51', 1, 1),
(1806, 903, 'كريمة البندق والبندق مع لون وردي', 'طبقة من الشوكولاتة البنية بداخلها كريمة البندق وحبيبات البندق مع ملمع الاغذية الوردي', 'سكر,زبدة الكاكاو,كتل الكاكاو,بودرة الحليب,ليستين الصويا,كريمة البندق,بندق,ألوان غذائية(E129),فانيليا', 'تحفظ في مكان بارد وجاف بعيداً عن الحرارة واشعة الشمس على درجة حرارة  18 درجة مئوية ,المكسرات والحليب قد يسبب الحساسية لبعض الاشخاص , الألوان قد يكون لها تأثير سلبي علي النشاط والتركيز لدى الاطفال', '', 2, '', '', '', '2020-09-05 18:27:11', '2020-09-05 18:27:11', 1, 1),
(1807, 904, 'Praline Hazelnut With Silver Powder', 'Cremola Chocolate Silver Powder With Praline Hazelnut', 'Sugar,Cocoa Butter,Cocoa Powder,Milk Powder,Lecithin Soya,Foot Colors(E132),Praline,Hazelnut,Vanilla', 'Keep In A Cool And Dry Place, Away From Heat And Sunlight  IN 18ْ C ,Nuts And Milk May Cause Allergies To Some People , Colors May Have A Negative Effect On Activity And Concentration In Children', '', 1, '', '', '', '2020-09-05 18:27:11', '2020-09-05 21:13:34', 1, 1),
(1808, 904, 'كريمة البندق والبندق مع لون فضي', 'طبقة من الشوكولاتة البنية بداخلها كريمة البندق وحبيبات البندق مع ملمع الاغذية الفضي', 'سكر,زبدة الكاكاو,كتل الكاكاو,بودرة الحليب,ليستين الصويا,كريمة البندق,بندق,ألوان غذائية(E132),فانيليا', 'تحفظ في مكان بارد وجاف بعيداً عن الحرارة واشعة الشمس على درجة حرارة  18 درجة مئوية ,المكسرات والحليب قد يسبب الحساسية لبعض الاشخاص , الألوان قد يكون لها تأثير سلبي علي النشاط والتركيز لدى الاطفال', '', 2, '', '', '', '2020-09-05 18:27:11', '2020-09-05 18:27:11', 1, 1),
(1809, 905, 'White Gianduja Rice Crispy With Gold Powder', 'Cremola Chocolate Gold Powder With White Gianduja Rice Crispy', 'Sugar,Cocoa Butter,Cocoa Powder,Milk Powder,Lecithin Soya,Foot Colors(E102),Gianduja,Hazelnut,Rice Crispy,Vanilla', 'Keep In A Cool And Dry Place, Away From Heat And Sunlight  IN 18ْ C ,Nuts And Milk May Cause Allergies To Some People , Colors May Have A Negative Effect On Activity And Concentration In Children', '', 1, '', '', '', '2020-09-05 18:27:11', '2020-09-05 21:10:48', 1, 1),
(1810, 905, 'كريمة البندق البيضاء والرايس كرسبي مع لون ذهبي', 'طبقة من الشوكولاتة البنية بداخلها كريمة البندق البيضاء والرايس الكرسبي مع ملمع الاغذية الذهبي', 'سكر,زبدة الكاكاو,كتل الكاكاو,بودرة الحليب,ليستين الصويا,كريمة البندق,رايس كرسبي,ألوان غذائية(E102),فانيليا', 'تحفظ في مكان بارد وجاف بعيداً عن الحرارة واشعة الشمس على درجة حرارة  18 درجة مئوية ,المكسرات والحليب قد يسبب الحساسية لبعض الاشخاص , الألوان قد يكون لها تأثير سلبي علي النشاط والتركيز لدى الاطفال', '', 2, '', '', '', '2020-09-05 18:27:11', '2020-09-05 18:27:11', 1, 1),
(1811, 906, 'White Gianduja Rice Crispy With Pink Powder', 'Cremola Chocolate Pink Powder With White Gianduja Rice Crispy', 'Sugar,Cocoa Butter,Cocoa Powder,Milk Powder,Lecithin Soya,Foot Colors(E129),Gianduja,Hazelnut,Rice Crispy,Vanilla', 'Keep In A Cool And Dry Place, Away From Heat And Sunlight  IN 18ْ C ,Nuts And Milk May Cause Allergies To Some People , Colors May Have A Negative Effect On Activity And Concentration In Children', '', 1, '', '', '', '2020-09-05 18:27:11', '2020-09-05 20:56:03', 1, 1),
(1812, 906, 'كريمة البندق البيضاء والرايس كرسبي مع لون وردي', 'طبقة من الشوكولاتة البنية بداخلها كريمة البندق البيضاء والرايس الكرسبي مع ملمع الاغذية الوردي', 'سكر,زبدة الكاكاو,كتل الكاكاو,بودرة الحليب,ليستين الصويا,كريمة البندق,رايس كرسبي,ألوان غذائية(E129),فانيليا', 'تحفظ في مكان بارد وجاف بعيداً عن الحرارة واشعة الشمس على درجة حرارة  18 درجة مئوية ,المكسرات والحليب قد يسبب الحساسية لبعض الاشخاص , الألوان قد يكون لها تأثير سلبي علي النشاط والتركيز لدى الاطفال', '', 2, '', '', '', '2020-09-05 18:27:11', '2020-09-05 18:27:11', 1, 1),
(1813, 907, 'White Gianduja Rice Crispy With Silver Powder', 'Cremola Chocolate Silver Powder With White Gianduja Rice Crispy', 'Sugar,Cocoa Butter,Cocoa Powder,Milk Powder,Lecithin Soya,Foot Colors(E132),Gianduja,Hazelnut,Rice Crispy,Vanilla', 'Keep In A Cool And Dry Place, Away From Heat And Sunlight  IN 18ْ C ,Nuts And Milk May Cause Allergies To Some People , Colors May Have A Negative Effect On Activity And Concentration In Children', '', 1, '', '', '', '2020-09-05 18:27:11', '2020-09-05 20:51:26', 1, 1),
(1814, 907, 'كريمة البندق البيضاء والرايس كرسبي مع لون فضي', 'طبقة من الشوكولاتة البنية بداخلها كريمة البندق البيضاء والرايس الكرسبي مع ملمع الاغذية الفضي', 'سكر,زبدة الكاكاو,كتل الكاكاو,بودرة الحليب,ليستين الصويا,كريمة البندق,رايس كرسبي,ألوان غذائية(E132),فانيليا', 'تحفظ في مكان بارد وجاف بعيداً عن الحرارة واشعة الشمس على درجة حرارة  18 درجة مئوية ,المكسرات والحليب قد يسبب الحساسية لبعض الاشخاص , الألوان قد يكون لها تأثير سلبي علي النشاط والتركيز لدى الاطفال', '', 2, '', '', '', '2020-09-05 18:27:11', '2020-09-05 18:27:11', 1, 1),
(1815, 908, 'Ruby Chocolate', 'Brown Chocolate With Ruby Chocolate', 'Sugar,Cocoa Butter,Cocoa Powder,Milk Powder,Lecithin Soya,Ruby Chocolate,Vanilla', 'Keep In A Cool And Dry Place, Away From Heat And Sunlight  IN 18ْ C , Milk May Cause Allergies To Some People', '', 1, '', '', '', '2020-09-05 18:27:11', '2020-09-05 20:53:25', 1, 1),
(1816, 908, 'شوكولاتة روبي', 'شوكولاتة بنية مع شوكولاتة روبي ', 'سكر,زبدة الكاكاو,كتل الكاكاو,بودرة الحليب,ليستين الصويا,شوكولاتة روبي,فانيليا', 'تحفظ في مكان بارد وجاف بعيداً عن الحرارة واشعة الشمس على درجة حرارة  18 درجة مئوية , الحليب قد يسبب الحساسية لبعض الاشخاص', '', 2, '', '', '', '2020-09-05 18:27:11', '2020-09-05 18:27:11', 1, 1),
(1817, 909, 'Rice Crispy', 'Brown Chocolate With White Chocolate And Rice Crispy', 'Sugar,Cocoa Butter,Cocoa Powder,Milk Powder,Lecithin Soya,White Chocolate Cream,Rice Crispy,Vanilla', 'Keep In A Cool And Dry Place, Away From Heat And Sunlight  IN 18ْ C , Milk May Cause Allergies To Some People', '', 1, '', '', '', '2020-09-05 18:27:11', '2020-09-05 20:29:39', 1, 1),
(1818, 909, 'رايس كرسبي', 'شوكولاتة بنية مع حبيبات الرايس وكريمة الشكولاتة البيضاء', 'سكر,زبدة الكاكاو,كتل الكاكاو,بودرة الحليب,ليستين الصويا,رايس,كريمة شوكولاتة بيضاء,فانيليا', 'تحفظ في مكان بارد وجاف بعيداً عن الحرارة واشعة الشمس على درجة حرارة  18 درجة مئوية , الحليب قد يسبب الحساسية لبعض الاشخاص', '', 2, '', '', '', '2020-09-05 18:27:11', '2020-09-05 18:27:11', 1, 1),
(1819, 910, 'Francy', 'Brown Chocolate With White Hazelnut Cream And Francy', 'Sugar,Cocoa Butter,Cocoa Powder,Milk Powder,Lecithin Soya,White Hazelnut Cream,Francy,Vanilla', 'Keep In A Cool And Dry Place, Away From Heat And Sunlight  IN 18ْ C , Nuts And Milk May Cause Allergies To Some People', '', 1, '', '', '', '2020-09-05 18:27:11', '2020-09-05 20:27:55', 1, 1),
(1820, 910, 'البسكويت الفرنسي', 'الشوكولاتة البنية مع البسكويت الفرنسي المقرمش وشوكولاتة كراميل', 'سكر,زبدة الكاكاو,كتل الكاكاو,بودرة الحليب,ليستين الصويا,فرنسي,شوكولاتة كراميل,فانيليا', 'تحفظ في مكان بارد وجاف بعيداً عن الحرارة واشعة الشمس على درجة حرارة  18 درجة مئوية , الحليب قد يسبب الحساسية لبعض الاشخاص', '', 2, '', '', '', '2020-09-05 18:27:11', '2020-09-05 18:27:11', 1, 1),
(1821, 911, 'Nesquik', 'Brown Chocolate With Hazelnut Cream And Nesquik', 'Sugar,Cocoa Butter,Cocoa Powder,Milk Powder,Lecithin Soya,Hazelnut Cream,Nesquik,Vanilla', 'Keep In A Cool And Dry Place, Away From Heat And Sunlight  IN 18ْ C , Nuts And Milk May Cause Allergies To Some People', '', 1, '', '', '', '2020-09-05 18:27:11', '2020-09-05 20:25:58', 1, 1),
(1822, 911, 'نسكويك', 'شوكولاتة بنية مع كريمة البندق اللذيذة والنسكويك', 'سكر,زبدة الكاكاو,كتل الكاكاو,بودرة الحليب,ليستين الصويا,كريمة بندق,نسكويك,فانيليا', 'تحفظ في مكان بارد وجاف بعيداً عن الحرارة واشعة الشمس على درجة حرارة  18 درجة مئوية , المكسرات والحليب قد تسبب الحساسية لبعض الاشخاص', '', 2, '', '', '', '2020-09-05 18:27:11', '2020-09-05 18:27:11', 1, 1),
(1823, 912, 'Oreo', 'Brown Chocolate With White Chocolate And Oreo Paste', 'Sugar,Cocoa Butter,Cocoa Powder,Milk Powder,Lecithin Soya,White Chocolate,Oreo,Vanilla', 'Keep In A Cool And Dry Place, Away From Heat And Sunlight  IN 18ْ C , Milk May Cause Allergies To Some People', '', 1, '', '', '', '2020-09-05 18:27:11', '2020-09-05 20:23:20', 1, 1),
(1824, 912, 'أوريو', 'شوكولاتة بنية مع عجينة الأوريو وحبيبات الأوريو والشوكلاتة البيضاء', 'سكر,زبدة الكاكاو,كتل الكاكاو,بودرة الحليب,ليستين الصويا,اوريو,فانيليا', 'تحفظ في مكان بارد وجاف بعيداً عن الحرارة واشعة الشمس على درجة حرارة  18 درجة مئوية , الحليب قد يسبب الحساسية لبعض الاشخاص', '', 2, '', '', '', '2020-09-05 18:27:11', '2020-09-05 18:27:11', 1, 1),
(1825, 913, 'Lotus', 'Brown Chocolate With   Lotus Paste', 'Sugar,Cocoa Butter,Cocoa Powder,Milk Powder,Lecithin Soya,Foot Colors(E102),Lotus,Vanilla', 'Keep In A Cool And Dry Place, Away From Heat And Sunlight  IN 18ْ C , Milk May Cause Allergies To Some People , Colors May Have A Negative Effect On Activity And Concentration In Children', '', 1, '', '', '', '2020-09-05 18:27:11', '2020-09-05 20:22:03', 1, 1),
(1826, 913, 'لوتس', 'شوكولاتة بنية مع عجينة اللوتس وحبيبات اللوتس', 'سكر,زبدة الكاكاو,كتل الكاكاو,بودرة الحليب,ليستين الصويا,لوتس,ألوان غذائية(E102),فانيليا', 'تحفظ في مكان بارد وجاف بعيداً عن الحرارة واشعة الشمس على درجة حرارة  18 درجة مئوية , الحليب قد يسبب الحساسية لبعض الاشخاص , الألوان قد يكون لها تأثير سلبي علي النشاط والتركيز لدى الاطفال', '', 2, '', '', '', '2020-09-05 18:27:11', '2020-09-05 18:27:11', 1, 1),
(1827, 914, 'Coffee', 'Brown Chocolate With Hazelnut Cream And Coffee', 'Sugar,Cocoa Butter,Cocoa Powder,Milk Powder,Lecithin Soya,Hazelnut Cream,Coffee,Vanilla', 'Keep In A Cool And Dry Place, Away From Heat And Sunlight  IN 18ْ C , Nuts And Milk May Cause Allergies To Some People', '', 1, '', '', '', '2020-09-05 18:27:11', '2020-09-05 20:16:53', 1, 1),
(1828, 914, 'قهوة', 'شوكولاتة بنية مع كريمة البندق اللذيذة وحبيبات البن المحمص', 'سكر,زبدة الكاكاو,كتل الكاكاو,بودرة الحليب,ليستين الصويا,كريمة بندق,بن محمص,فانيليا', 'تحفظ في مكان بارد وجاف بعيداً عن الحرارة واشعة الشمس على درجة حرارة  18 درجة مئوية , المكسرات والحليب قد تسبب الحساسية لبعض الاشخاص', '', 2, '', '', '', '2020-09-05 18:27:11', '2020-09-05 18:27:11', 1, 1),
(1829, 915, 'Hazelnut ', 'Brown Chocolate With Hazelnut Cream And Hazelnut', 'Sugar,Cocoa Butter,Cocoa Powder,Milk Powder,Lecithin Soya,Hazelnut Cream,Foot Colors(E132),Hazelnut,Vanilla', 'Keep In A Cool And Dry Place, Away From Heat And Sunlight  IN 18ْ C , Nuts And Milk May Cause Allergies To Some People , Colors May Have A Negative Effect On Activity And Concentration In Children', '', 1, '', '', '', '2020-09-05 18:27:11', '2020-09-05 20:15:37', 1, 1),
(1830, 915, 'بندق', 'شوكولاتة بنية مع كريمة البندق اللذيذة وحبيبات البندق', 'سكر,زبدة الكاكاو,كتل الكاكاو,بودرة الحليب,ليستين الصويا,كريمة بندق,بندق,الوان غذائية(E132),فانيليا', 'تحفظ في مكان بارد وجاف بعيداً عن الحرارة واشعة الشمس على درجة حرارة  18 درجة مئوية , المكسرات والحليب قد تسبب الحساسية لبعض الاشخاص , الألوان قد يكون لها تأثير سلبي علي النشاط والتركيز لدى الاطفال', '', 2, '', '', '', '2020-09-05 18:27:11', '2020-09-05 18:27:11', 1, 1),
(1831, 916, 'Pistachio', 'Brown Chocolate With Pistachio Cream And Pistachio', 'Sugar,Cocoa Butter,Cocoa Powder,Milk Powder,Lecithin Soya,Pistachio Cream,Foot Colors(E132.E102),Hazelnut,Vanilla', 'Keep In A Cool And Dry Place, Away From Heat And Sunlight  IN 18ْ C , Nuts And Milk May Cause Allergies To Some People , Colors May Have A Negative Effect On Activity And Concentration In Children', '', 1, '', '', '', '2020-09-05 18:27:11', '2020-09-05 20:03:42', 1, 1),
(1832, 916, 'فستق', 'شوكولاتة بنية مع كريمة الفستق وحبيبات الفستق', 'سكر,زبدة الكاكاو,كتل الكاكاو,بودرة الحليب,ليستين الصويا,كريمة بندق,بندق,الوان غذائية(E132.E102),فانيليا', 'تحفظ في مكان بارد وجاف بعيداً عن الحرارة واشعة الشمس على درجة حرارة  18 درجة مئوية , المكسرات والحليب قد تسبب الحساسية لبعض الاشخاص , الألوان قد يكون لها تأثير سلبي علي النشاط والتركيز لدى الاطفال', '', 2, '', '', '', '2020-09-05 18:27:11', '2020-09-05 18:27:11', 1, 1),
(1833, 917, 'Croquant', 'Brown Chocolate With Caramel Chocolate And Burnt Sugar', 'Sugar,Cocoa Butter,Cocoa Powder,Milk Powder,Lecithin Soya,Burnt Sugar,Almond,Caramel Chocolate,Vanilla', 'Keep In A Cool And Dry Place, Away From Heat And Sunlight  IN 18ْ C , Nuts And Milk May Cause Allergies To Some People', '', 1, '', '', '', '2020-09-05 18:27:11', '2020-09-05 20:02:20', 1, 1),
(1834, 917, 'كروكان', 'شوكولاتة بنية مع شوكولاتة الكراميل والسكر المحروق', 'سكر,زبدة الكاكاو,كتل الكاكاو,بودرة الحليب,ليستين الصويا,سكر محروق,شوكولاتة كراميل,فانيليا', 'تحفظ في مكان بارد وجاف بعيداً عن الحرارة واشعة الشمس على درجة حرارة  18 درجة مئوية , المكسرات والحليب قد تسبب الحساسية لبعض الاشخاص', '', 2, '', '', '', '2020-09-05 18:27:11', '2020-09-05 18:27:11', 1, 1);
INSERT INTO `products_text` (`ProducrTextID`, `ProductID`, `Title`, `Description`, `Ingredients`, `Specifications`, `Keywords`, `SystemLanguageID`, `MetaTags`, `MetaKeywords`, `MetaDescription`, `CreatedAt`, `UpdatedAt`, `CreatedBy`, `UpdatedBy`) VALUES
(1835, 918, 'Pistachio Cream', 'Dark Chocolate With Pistachio Cream', 'Sugar,Cocoa Butter,Cocoa Powder,Lecithin Soya,Pistachio Cream,Vanilla', 'Keep In A Cool And Dry Place, Away From Heat And Sunlight  IN 18ْ C , Nuts May Cause Allergies To Some People', '', 1, '', '', '', '2020-09-05 18:27:11', '2020-09-05 19:59:58', 1, 1),
(1836, 918, 'كريمة الفستق', 'طبقة من الشوكولاتة الداكنة بداخلها كريمة الفستق', 'سكر,زبدة الكاكاو,كتل الكاكاو,ليستين الصويا,كريمة فستق,فانيليا', 'تحفظ في مكان بارد وجاف بعيداً عن الحرارة واشعة الشمس على درجة حرارة  18 درجة مئوية , المكسرات قد تسبب الحساسية لبعض الاشخاص', '', 2, '', '', '', '2020-09-05 18:27:11', '2020-09-05 18:27:11', 1, 1),
(1837, 919, 'Praline Hazelnut', 'Dark Chocolate With Hazelnut Cream And Crushed Hazelnut', 'Sugar,Cocoa Butter,Cocoa Powder,Lecithin Soya,Hazelnut Cream,Hazelnut,Vanilla', 'Keep In A Cool And Dry Place, Away From Heat And Sunlight  IN 18ْ C , Nuts May Cause Allergies To Some People', '', 1, '', '', '', '2020-09-05 18:27:11', '2020-09-05 19:58:40', 1, 1),
(1838, 919, 'كريمة البندق والبندق', 'طبقة من الشوكولاتة الداكنة بداخلها كريمة البندق اللذيذة وحبيبات البندق', 'سكر,زبدة الكاكاو,كتل الكاكاو,ليستين الصويا,كريمة بندق,بندق,فانيليا', 'تحفظ في مكان بارد وجاف بعيداً عن الحرارة واشعة الشمس على درجة حرارة  18 درجة مئوية , المكسرات قد تسبب الحساسية لبعض الاشخاص', '', 2, '', '', '', '2020-09-05 18:27:11', '2020-09-05 18:27:11', 1, 1),
(1839, 920, 'Oreo', 'Dark Chocolate With Oreo', 'Sugar,Cocoa Butter,Cocoa Powder,Lecithin Soya,Oreo Paste,Vanilla', 'Keep In A Cool And Dry Place, Away From Heat And Sunlight  IN 18ْ C', '', 1, '', '', '', '2020-09-05 18:27:11', '2020-09-05 19:57:40', 1, 1),
(1840, 920, 'أوريو', 'طبقة من الشوكولاتة الداكنة بداخلها بسكويت الأوريو', 'سكر,زبدة الكاكاو,كتل الكاكاو,ليستين الصويا,عجينة اوريو,فانيليا', 'تحفظ في مكان بارد وجاف بعيداً عن الحرارة واشعة الشمس على درجة حرارة  18 درجة مئوية', '', 2, '', '', '', '2020-09-05 18:27:11', '2020-09-05 18:27:11', 1, 1),
(1841, 921, 'Lotus', 'Dark Chocolate With Lotus', 'Sugar,Cocoa Butter,Cocoa Powder,Lecithin Soya,Lotus Paste,Vanilla', 'Keep In A Cool And Dry Place, Away From Heat And Sunlight  IN 18ْ C', '', 1, '', '', '', '2020-09-05 18:27:11', '2020-09-05 19:54:29', 1, 1),
(1842, 921, 'لوتس', 'طبقة من الشوكولاتة الداكنة بداخلها بسكويت اللوتس', 'سكر,زبدة الكاكاو,كتل الكاكاو,ليستين الصويا,عجينة لوتس,فانيليا', 'تحفظ في مكان بارد وجاف بعيداً عن الحرارة واشعة الشمس على درجة حرارة  18 درجة مئوية', '', 2, '', '', '', '2020-09-05 18:27:11', '2020-09-05 18:27:11', 1, 1),
(1843, 922, 'White Praline', 'Dark Chocolate With White Hazelnut Cream', 'Sugar,Cocoa Butter,Cocoa Powder,Lecithin Soya,White Hazelnut Cream,Vanilla', 'Keep In A Cool And Dry Place, Away From Heat And Sunlight  IN 18ْ C , Nuts May Cause Allergies To Some People', '', 1, '', '', '', '2020-09-05 18:27:11', '2020-09-05 19:53:14', 1, 1),
(1844, 922, 'كريمة البندق البيضاء', 'طبقة من الشوكولاتة الداكنة بداخلها كريمة البندق البيضاء', 'سكر,زبدة الكاكاو,كتل الكاكاو,ليستين الصويا,كريمة بندق بيضاء,فانيليا', 'تحفظ في مكان بارد وجاف بعيداً عن الحرارة واشعة الشمس على درجة حرارة  18 درجة مئوية', '', 2, '', '', '', '2020-09-05 18:27:11', '2020-09-05 18:27:11', 1, 1),
(1845, 923, 'Praline Hazelnut', 'Dark Chocolate With Hazelnut Cream And Hazelnut', 'Sugar,Cocoa Butter,Cocoa Powder,Lecithin Soya,Hazelnut Cream,Hazelnut,Vanilla', 'Keep In A Cool And Dry Place, Away From Heat And Sunlight  IN 18ْ C , Nuts May Cause Allergies To Some People', '', 1, '', '', '', '2020-09-05 18:27:11', '2020-09-05 19:49:22', 1, 1),
(1846, 923, 'كريمة البندق والبندق', 'طبقة من الشوكولاتة الداكنة بداخلها كريمة البندق اللذيذة وحبيبات البندق', 'سكر,زبدة الكاكاو,كتل الكاكاو,ليستين الصويا,كريمة بندق,بندق,فانيليا', 'تحفظ في مكان بارد وجاف بعيداً عن الحرارة واشعة الشمس على درجة حرارة  18 درجة مئوية , المكسرات قد تسبب الحساسية لبعض الاشخاص', '', 2, '', '', '', '2020-09-05 18:27:11', '2020-09-05 18:27:11', 1, 1),
(1847, 924, 'Croquant Almond', 'Dark Chocolate With Burnt Sugar Almond', 'Sugar,Cocoa Butter,Cocoa Powder,Lecithin Soya,Burnt Sugar,Almond,Vanilla', 'Keep In A Cool And Dry Place, Away From Heat And Sunlight  IN 18ْ C , Nuts May Cause Allergies To Some People', '', 1, '', '', '', '2020-09-05 18:27:11', '2020-09-05 19:48:00', 1, 1),
(1848, 924, 'كروكان اللوز', 'طبقة من الشوكولاتة الداكنة بداخلها السكر المحروق واللوز', 'سكر,زبدة الكاكاو,كتل الكاكاو,ليستين الصويا,سكر محروق,لوز,فانيليا', 'تحفظ في مكان بارد وجاف بعيداً عن الحرارة واشعة الشمس على درجة حرارة  18 درجة مئوية , المكسرات قد تسبب الحساسية لبعض الاشخاص', '', 2, '', '', '', '2020-09-05 18:27:11', '2020-09-05 18:27:11', 1, 1),
(1849, 925, 'Dark Chocolate Plain', 'Dark Chocolate', 'Sugar,Cocoa Butter,Cocoa Powder,Lecithin Soya,Vanilla', 'Keep In A Cool And Dry Place, Away From Heat And Sunlight  IN 18ْ C', '', 1, '', '', '', '2020-09-05 18:27:11', '2020-09-05 19:46:13', 1, 1),
(1850, 925, 'شوكلاتة داكنة سادة', 'شوكولاتة داكنة سادة', 'سكر,زبدة الكاكاو,كتل الكاكاو,ليستين الصويا,فانيليا', 'تحفظ في مكان بارد وجاف بعيداً عن الحرارة واشعة الشمس على درجة حرارة  18 درجة مئوية', '', 2, '', '', '', '2020-09-05 18:27:11', '2020-09-05 18:27:11', 1, 1),
(1851, 926, 'Dark Praline', 'Dark Chocolate With Dark Hazelnut Cream', 'Sugar,Cocoa Butter,Cocoa Powder,Lecithin Soya,Hazelnut Cream,Vanilla', 'Keep In A Cool And Dry Place, Away From Heat And Sunlight  IN 18ْ C , Nuts May Cause Allergies To Some People', '', 1, '', '', '', '2020-09-05 18:27:11', '2020-09-05 19:42:05', 1, 1),
(1852, 926, 'كريمة البندق الداكنة', 'طبقة من الشوكولاتة الداكنة بداخلها كريمة البندق الداكنة', 'سكر,زبدة الكاكاو,كتل الكاكاو,ليستين الصويا,كريمة بندق,فانيليا', 'تحفظ في مكان بارد وجاف بعيداً عن الحرارة واشعة الشمس على درجة حرارة  18 درجة مئوية , المكسرات قد تسبب الحساسية لبعض الاشخاص', '', 2, '', '', '', '2020-09-05 18:27:11', '2020-09-05 18:27:11', 1, 1),
(1853, 927, 'Wafer Almond', 'Dark Chocolate With Wafer And Almond', 'Sugar,Cocoa Butter,Cocoa Powder,Lecithin Soya,Wafer,Almond,Vanilla', 'Keep In A Cool And Dry Place, Away From Heat And Sunlight  IN 18ْ C , Nuts May Cause Allergies To Some People', '', 1, '', '', '', '2020-09-05 18:27:11', '2020-09-05 19:44:37', 1, 1),
(1854, 927, 'بسكويت ويفر واللوز', 'طبقة من الشوكولاتة الداكنة بداخلها بسكويت الويفر المقرمش واللوز', 'سكر,زبدة الكاكاو,كتل الكاكاو,ليستين الصويا,بسكويت ويفر,لوز,فانيليا', 'تحفظ في مكان بارد وجاف بعيداً عن الحرارة واشعة الشمس على درجة حرارة  18 درجة مئوية , المكسرات قد تسبب الحساسية لبعض الاشخاص', '', 2, '', '', '', '2020-09-05 18:27:11', '2020-09-05 18:27:11', 1, 1),
(1855, 928, 'Wafer', 'Dark Chocolate With Wafer', 'Sugar,Cocoa Butter,Cocoa Powder,Lecithin Soya,Wafer,Vanilla', 'Keep In A Cool And Dry Place, Away From Heat And Sunlight  IN 18ْ C', '', 1, '', '', '', '2020-09-05 18:27:11', '2020-09-05 19:43:54', 1, 1),
(1856, 928, 'بسكويت ويفر', 'طبقة من الشوكولاتة الداكنة بداخلها بسكويت الويفر المقرمش', 'سكر,زبدة الكاكاو,كتل الكاكاو,ليستين الصويا,بسكويت ويفر,فانيليا', 'تحفظ في مكان بارد وجاف بعيداً عن الحرارة واشعة الشمس على درجة حرارة  18 درجة مئوية', '', 2, '', '', '', '2020-09-05 18:27:11', '2020-09-05 18:27:11', 1, 1),
(1857, 929, 'Crushed Almond Dark', 'Dark Chocolate With Crushed Almond', 'Sugar,Cocoa Butter,Cocoa Powder,Lecithin Soya,Almond,Vanilla', 'Keep In A Cool And Dry Place, Away From Heat And Sunlight  IN 18ْ C , Nuts May Cause Allergies To Some People', '', 1, '', '', '', '2020-09-05 18:27:11', '2020-10-06 17:15:27', 1, 1),
(1858, 929, 'حبيبات لوز', 'طبقة من الشوكولاتة الداكنة بداخلها حبيبات اللوز', 'سكر,زبدة الكاكاو,كتل الكاكاو,ليستين الصويا,لوز,فانيليا', 'تحفظ في مكان بارد وجاف بعيداً عن الحرارة واشعة الشمس على درجة حرارة  18 درجة مئوية , المكسرات قد تسبب الحساسية لبعض الاشخاص', '', 2, '', '', '', '2020-09-05 18:27:11', '2020-09-05 18:27:11', 1, 1),
(1859, 930, 'Chocomood Box 950g', 'One of the best boxes for chocomood, distinctive by premium Belgian chocolate with different fillings, such as roasted nuts, biscuits and praline, containing three layers, each layer is distinguished by different flavors from the other', 'Sugar,Cocoa Butter,Cocoa Powder,Milk Powder,Lecithin Soya,Hazelnut Cream,Nuts,Caramel,Francy,Rice Crispy,Wafer,Vanilla', 'Keep In A Cool And Dry Place, Away From Heat And Sunlight  IN 18ْ C , Nuts And Milk May Cause Allergies To Some People', '', 1, '', '', '', '2020-09-05 18:27:11', '2021-08-04 10:24:38', 1, 1),
(1860, 930, 'علبة شوكومود 950 جرام', 'واحده من افضل العلب لدا شوكومود المميزة بالشوكولاتة البلجيكية الفاخرة وبحشوات مختلفة كالمكسرات المحمصة والبسكويت والبرالينية تحتوي على ثلاثة طبقات كل طبقة تتميز بنكهات مختلف عن الأخرى', 'سكر,زبدة الكاكاو,كتل الكاكاو,بودرة الحليب,ليستين الصويا,كريمة بندق,مكسرات,فرنسي,رايس,كراميل,ويفر,فانيليا', 'تحفظ في مكان بارد وجاف بعيداً عن الحرارة واشعة الشمس على درجة حرارة  18 درجة مئوية , المكسرات والحليب قد تسبب الحساسية لبعض الاشخاص', '', 2, '', '', '', '2020-09-05 18:27:11', '2020-09-05 18:27:11', 1, 1),
(1861, 931, 'Coffee Box 330g', 'A box for coffee and chocolate lovers . that contains 27 pieces filled with chocolate cream, flavored with coffee and cardamom', 'Sugar,Cocoa Butter,Cocoa Powder,Milk Powder,Lecithin Soya,Hazelnut Cream,Cardamom,Roasted Coffee,Vanilla', 'Keep In A Cool And Dry Place, Away From Heat And Sunlight  IN 18ْ C , Nuts And Milk May Cause Allergies To Some People', '', 1, '', '', '', '2020-09-05 18:27:11', '2020-09-05 19:34:07', 1, 1),
(1862, 931, 'علبة قهوه وهيل 330 جرام', 'علبة لعشاق القهوة والشوكولاتة تحتوي علي 27 قطعة محشية بكريمة الشوكولاتة بنكهة القهوة والهيل', 'سكر,زبدة الكاكاو,كتل الكاكاو,بودرة الحليب,ليستين الصويا,كريمة بندق,هيل,بن محمص,فانيليا', 'تحفظ في مكان بارد وجاف بعيداً عن الحرارة واشعة الشمس على درجة حرارة  18 درجة مئوية , المكسرات والحليب قد تسبب الحساسية لبعض الاشخاص', '', 2, '', '', '', '2020-09-05 18:27:11', '2020-09-05 18:27:11', 1, 1),
(1863, 932, 'Cremola Pastel Paper Blue Box 350g', 'A special open chocolate box contains approximately 50 pieces. With fillings of chocolate cream and nuts with a distinctive taste', 'Sugar,Cocoa Butter,Cocoa Powder,Milk Powder,Lecithin Soya,Hazelnut Cream,Nuts,Caramel,Francy,Rice,Vanilla', 'Keep In A Cool And Dry Place, Away From Heat And Sunlight  IN 18ْ C , Nuts And Milk May Cause Allergies To Some People', '', 1, '', '', '', '2020-09-05 18:27:11', '2020-09-05 19:32:04', 1, 1),
(1864, 932, 'علبة كريمولا ورقية باللون الأزرق 350 جرام', 'علبة شوكولاتة مكشوفة خاصة تحتوي علي 50 قطعة تقريبا . بحشوات مميزة من كريمة الشوكولاتة والمكسرات ذات الطعم المميز ', 'سكر,زبدة الكاكاو,كتل الكاكاو,بودرة الحليب,ليستين الصويا,كريمة بندق,مكسرات,فرنسي,رايس,كراميل,فانيليا', 'تحفظ في مكان بارد وجاف بعيداً عن الحرارة واشعة الشمس على درجة حرارة  18 درجة مئوية , المكسرات والحليب قد تسبب الحساسية لبعض الاشخاص', '', 2, '', '', '', '2020-09-05 18:27:11', '2020-09-05 18:27:11', 1, 1),
(1865, 933, 'Cremola Pastel Paper Green Box 350g', 'A special open chocolate box contains approximately 50 pieces. With fillings of chocolate cream and nuts with a distinctive taste', 'Sugar,Cocoa Butter,Cocoa Powder,Milk Powder,Lecithin Soya,Hazelnut Cream,Nuts,Caramel,Francy,Rice,Vanilla', 'Keep In A Cool And Dry Place, Away From Heat And Sunlight  IN 18ْ C , Nuts And Milk May Cause Allergies To Some People', '', 1, '', '', '', '2020-09-05 18:27:11', '2020-09-05 19:31:34', 1, 1),
(1866, 933, 'علبة كريمولا ورقية باللون الأخضر 350 جرام', 'علبة شوكولاتة مكشوفة خاصة تحتوي علي 50 قطعة تقريبا . بحشوات مميزة من كريمة الشوكولاتة والمكسرات ذات الطعم المميز ', 'سكر,زبدة الكاكاو,كتل الكاكاو,بودرة الحليب,ليستين الصويا,كريمة بندق,مكسرات,فرنسي,رايس,كراميل,فانيليا', 'تحفظ في مكان بارد وجاف بعيداً عن الحرارة واشعة الشمس على درجة حرارة  18 درجة مئوية , المكسرات والحليب قد تسبب الحساسية لبعض الاشخاص', '', 2, '', '', '', '2020-09-05 18:27:11', '2020-09-05 18:27:11', 1, 1),
(1867, 934, 'Cremola Pastel Paper Orange Box 350g', 'A special open chocolate box contains approximately 50 pieces. With fillings of chocolate cream and nuts with a distinctive taste', 'Sugar,Cocoa Butter,Cocoa Powder,Milk Powder,Lecithin Soya,Hazelnut Cream,Nuts,Caramel,Francy,Rice,Vanilla', 'Keep In A Cool And Dry Place, Away From Heat And Sunlight  IN 18ْ C , Nuts And Milk May Cause Allergies To Some People', '', 1, '', '', '', '2020-09-05 18:27:11', '2020-09-05 19:31:16', 1, 1),
(1868, 934, 'علبة كريمولا ورقية باللون البرتقالي350 جرام', 'علبة شوكولاتة مكشوفة خاصة تحتوي علي 50 قطعة تقريبا . بحشوات مميزة من كريمة الشوكولاتة والمكسرات ذات الطعم المميز ', 'سكر,زبدة الكاكاو,كتل الكاكاو,بودرة الحليب,ليستين الصويا,كريمة بندق,مكسرات,فرنسي,رايس,كراميل,فانيليا', 'تحفظ في مكان بارد وجاف بعيداً عن الحرارة واشعة الشمس على درجة حرارة  18 درجة مئوية , المكسرات والحليب قد تسبب الحساسية لبعض الاشخاص', '', 2, '', '', '', '2020-09-05 18:27:11', '2020-09-05 18:27:11', 1, 1),
(1869, 935, 'Cremola Pastel Paper Pink Box 350g', 'A special open chocolate box contains approximately 50 pieces. With fillings of chocolate cream and nuts with a distinctive taste', 'Sugar,Cocoa Butter,Cocoa Powder,Milk Powder,Lecithin Soya,Hazelnut Cream,Nuts,Caramel,Francy,Rice,Vanilla', 'Keep In A Cool And Dry Place, Away From Heat And Sunlight  IN 18ْ C , Nuts And Milk May Cause Allergies To Some People', '', 1, '', '', '', '2020-09-05 18:27:11', '2020-09-05 19:30:41', 1, 1),
(1870, 935, 'علبة كريمولا ورقية باللون الوردي350 جرام', 'علبة شوكولاتة مكشوفة خاصة تحتوي علي 50 قطعة تقريبا . بحشوات مميزة من كريمة الشوكولاتة والمكسرات ذات الطعم المميز ', 'سكر,زبدة الكاكاو,كتل الكاكاو,بودرة الحليب,ليستين الصويا,كريمة بندق,مكسرات,فرنسي,رايس,كراميل,فانيليا', 'تحفظ في مكان بارد وجاف بعيداً عن الحرارة واشعة الشمس على درجة حرارة  18 درجة مئوية , المكسرات والحليب قد تسبب الحساسية لبعض الاشخاص', '', 2, '', '', '', '2020-09-05 18:27:11', '2020-09-05 18:27:11', 1, 1),
(1871, 936, 'Cremola Pastel Paper Yellow Box 350g', 'A special open chocolate box contains approximately 50 pieces. With fillings of chocolate cream and nuts with a distinctive taste', 'Sugar,Cocoa Butter,Cocoa Powder,Milk Powder,Lecithin Soya,Hazelnut Cream,Nuts,Caramel,Francy,Rice,Vanilla', 'Keep In A Cool And Dry Place, Away From Heat And Sunlight  IN 18ْ C , Nuts And Milk May Cause Allergies To Some People', '', 1, '', '', '', '2020-09-05 18:27:11', '2020-09-05 19:30:20', 1, 1),
(1872, 936, 'علبة كريمولا ورقية باللون الأصفر350 جرام', 'علبة شوكولاتة مكشوفة خاصة تحتوي علي 50 قطعة تقريبا . بحشوات مميزة من كريمة الشوكولاتة والمكسرات ذات الطعم المميز ', 'سكر,زبدة الكاكاو,كتل الكاكاو,بودرة الحليب,ليستين الصويا,كريمة بندق,مكسرات,فرنسي,رايس,كراميل,فانيليا', 'تحفظ في مكان بارد وجاف بعيداً عن الحرارة واشعة الشمس على درجة حرارة  18 درجة مئوية , المكسرات والحليب قد تسبب الحساسية لبعض الاشخاص', '', 2, '', '', '', '2020-09-05 18:27:11', '2020-09-05 18:27:11', 1, 1),
(1873, 937, 'Rectangle Double Door Box 500g', 'Different fillings of distinctive lotus cream, oreo and praline with crushed almonds and praline with francy biscuits all combined with a variety of roses in a two-layers box with 48 pieces of chocolate', 'Sugar,Cocoa Butter,Cocoa Powder,Milk Powder,Lecithin Soya,Hazelnut Cream,Nuts,Francy,Rice,Vanilla', 'Keep In A Cool And Dry Place, Away From Heat And Sunlight  IN 18ْ C , Nuts And Milk May Cause Allergies To Some People', '', 1, '', '', '', '2020-09-05 18:27:11', '2020-09-05 19:30:00', 1, 1),
(1874, 937, 'علبة شوكولاتة مستطيلة طبقتين 500 جرام', 'حشوات مميزة من كريمة اللوتس والاوريو والبرالينية مع حبيبات اللوز والبرالينية مع البسكويت الفرنسي كلها تجتمع مع تشكيلة من الورد في علبة ذات طبقتين بعدد 48 قطعة', 'سكر,زبدة الكاكاو,كتل الكاكاو,بودرة الحليب,ليستين الصويا,كريمة بندق,مكسرات,فرنسي,رايس,فانيليا', 'تحفظ في مكان بارد وجاف بعيداً عن الحرارة واشعة الشمس على درجة حرارة  18 درجة مئوية , المكسرات والحليب قد تسبب الحساسية لبعض الاشخاص', '', 2, '', '', '', '2020-09-05 18:27:11', '2020-09-05 18:27:11', 1, 1),
(1875, 938, 'Prestige Box  280g', 'Prestige Box contains distinctive shapes and luxurious fillings of Gianduja, Praline, Caramel, Francy Biscuit, Almond, Pistachio and Cheesecake', 'Sugar,Cocoa Butter,Cocoa Powder,Milk Powder,Lecithin Soya,Hazelnut Cream,Nuts,Francy,Rice,Caramel,Rose,Lotus,Oreo,Cheese Cake,Vanilla', 'Keep In A Cool And Dry Place, Away From Heat And Sunlight  IN 18ْ C , Nuts And Milk May Cause Allergies To Some People', '', 1, '', '', '', '2020-09-05 18:27:11', '2020-09-05 19:29:32', 1, 1),
(1876, 938, 'علبة شوكولاتة برستيج 280 جرام', 'علبة البرستيج تحتوي علي اشكال مميزة وحشوات فاخرة من الجندوجا والبرالينية والكراميل والبسكويت الفرنسي واللوز والفستق والتشيزكيك ', 'سكر,زبدة الكاكاو,كتل الكاكاو,بودرة الحليب,ليستين الصويا,كريمة بندق,مكسرات,فرنسي,رايس,كراميل,اويو,لوتس,ورد,تشيزكيك,مربى الفراولة,فانيليا', 'تحفظ في مكان بارد وجاف بعيداً عن الحرارة واشعة الشمس على درجة حرارة  18 درجة مئوية , المكسرات والحليب قد تسبب الحساسية لبعض الاشخاص', '', 2, '', '', '', '2020-09-05 18:27:11', '2020-09-05 18:27:11', 1, 1),
(1877, 939, 'Roof Shape Box 550g', 'Box containing 54 chocolate wrappers and exposed with different fillings of Praline, Rice Crispy , Francy biscuit and lotus cream', 'Sugar,Cocoa Butter,Cocoa Powder,Milk Powder,Lecithin Soya,Hazelnut Cream,Nuts,Francy,Rice,Lotus,Oreo,Vanilla', 'Keep In A Cool And Dry Place, Away From Heat And Sunlight  IN 18ْ C , Nuts And Milk May Cause Allergies To Some People', '', 1, '', '', '', '2020-09-05 18:27:11', '2020-09-05 19:27:49', 1, 1),
(1878, 939, 'علبة شوكولاتة شكل سقف 550 جرام', 'علبة تحتوي 54 حبة شوكولاتة مغلفة ومكشوفة بحشوات مختلفة من البرالينية والرايس كرسبي والبسكويت الفرنسي وكريمة اللوتس ', 'سكر,زبدة الكاكاو,كتل الكاكاو,بودرة الحليب,ليستين الصويا,كريمة بندق,مكسرات,فرنسي,رايس,اويو,لوتس,فانيليا', 'تحفظ في مكان بارد وجاف بعيداً عن الحرارة واشعة الشمس على درجة حرارة  18 درجة مئوية , المكسرات والحليب قد تسبب الحساسية لبعض الاشخاص', '', 2, '', '', '', '2020-09-05 18:27:11', '2020-09-05 18:27:11', 1, 1),
(1879, 940, 'Wave Shape Box 350g', 'The finest shapes with the sweetest fillings in this box of 38 pieces of chocolate with praline fillings, nuts and caramel', 'Sugar,Cocoa Butter,Cocoa Powder,Milk Powder,Lecithin Soya,Hazelnut Cream,Nuts,Francy,Rice,Lotus,Oreo,Vanilla', 'Keep In A Cool And Dry Place, Away From Heat And Sunlight  IN 18ْ C , Nuts And Milk May Cause Allergies To Some People', '', 1, '', '', '', '2020-09-05 18:27:11', '2020-09-05 19:26:36', 1, 1),
(1880, 940, 'علبة شكل موجة 350 جرام', 'اروع الاشكال مع احلى الحشوات في هذه العلبة المكونة من 38 قطعة شوكولاتة بحشوات البرالينية والمكسرات والكراميل', 'سكر,زبدة الكاكاو,كتل الكاكاو,بودرة الحليب,ليستين الصويا,كريمة بندق,مكسرات,فرنسي,رايس,اويو,لوتس,فانيليا', 'تحفظ في مكان بارد وجاف بعيداً عن الحرارة واشعة الشمس على درجة حرارة  18 درجة مئوية , المكسرات والحليب قد تسبب الحساسية لبعض الاشخاص', '', 2, '', '', '', '2020-09-05 18:27:11', '2020-09-05 18:27:11', 1, 1),
(1881, 941, 'Luxury Box 250g', 'Box contains 250 g of chocolate with different filling of chocolate cream and nuts', 'Sugar,Cocoa Butter,Cocoa Powder,Milk Powder,Lecithin Soya,Hazelnut Cream,Nuts,Francy,Rice,Lotus,Oreo,Caramel,Vanilla', 'Keep In A Cool And Dry Place, Away From Heat And Sunlight  IN 18ْ C , Nuts And Milk May Cause Allergies To Some People', '', 1, '', '', '', '2020-09-05 18:27:11', '2020-09-05 19:25:27', 1, 1),
(1882, 941, 'علبة فاخرة 250 جرام', 'علبة تحتوي على250 جرام شوكولاتة بحشوات متنوعة من كريمة الشوكولاتة والمكسرات ', 'سكر,زبدة الكاكاو,كتل الكاكاو,بودرة الحليب,ليستين الصويا,كريمة بندق,مكسرات,فرنسي,رايس,اويو,لوتس,كراميل,فانيليا', 'تحفظ في مكان بارد وجاف بعيداً عن الحرارة واشعة الشمس على درجة حرارة  18 درجة مئوية , المكسرات والحليب قد تسبب الحساسية لبعض الاشخاص', '', 2, '', '', '', '2020-09-05 18:27:11', '2020-09-05 18:27:11', 1, 1),
(1883, 942, 'Cremola Mix Box 500g', 'Mix of color with the pleasure of exposed chocolate with different fillings of Praline and nuts in a small two-layers tiffany box containing half kg of chocolate', 'Sugar,Cocoa Butter,Cocoa Powder,Milk Powder,Lecithin Soya,Hazelnut Cream,Nuts,Francy,Rice,Lotus,Oreo,Caramel,Vanilla', 'Keep In A Cool And Dry Place, Away From Heat And Sunlight  IN 18ْ C , Nuts And Milk May Cause Allergies To Some People', '', 1, '', '', '', '2020-09-05 18:27:11', '2020-09-05 19:24:54', 1, 1),
(1884, 942, 'علبة كريمولا مشكلة 500 جرام', 'مزيج اللون مع لذة الشوكولاتة المكشوفة ذات الحشوات المختلفة من البرالينية والمكسرات في علبة صغيرة ذات لون تيفاني مكونة من طبقتين وتحتوي نص كيلو شوكولاتة ', 'سكر,زبدة الكاكاو,كتل الكاكاو,بودرة الحليب,ليستين الصويا,كريمة بندق,مكسرات,فرنسي,رايس,اويو,لوتس,كراميل,فانيليا', 'تحفظ في مكان بارد وجاف بعيداً عن الحرارة واشعة الشمس على درجة حرارة  18 درجة مئوية , المكسرات والحليب قد تسبب الحساسية لبعض الاشخاص', '', 2, '', '', '', '2020-09-05 18:27:11', '2020-09-05 18:27:11', 1, 1),
(1885, 943, 'Cremola Mix Box 1000g', 'Mix of color with the pleasure of exposed chocolate with different fillings of Praline and nuts in a small two-layers tiffany box containing 1 kg of chocolate', 'Sugar,Cocoa Butter,Cocoa Powder,Milk Powder,Lecithin Soya,Hazelnut Cream,Nuts,Francy,Rice,Lotus,Oreo,Caramel,Vanilla', 'Keep In A Cool And Dry Place, Away From Heat And Sunlight  IN 18ْ C , Nuts And Milk May Cause Allergies To Some People', '', 1, '', '', '', '2020-09-05 18:27:11', '2020-09-05 19:24:08', 1, 1),
(1886, 943, 'علبة كريمولا مشكلة 1000 جرام', 'مزيج اللون مع لذة الشوكولاتة المكشوفة ذات الحشوات المختلفة من البرالينية والمكسرات في علبة كبيرة ذات لون تيفاني مكونة من طبقتين وتحتوي واحد كيلو شوكولاتة ', 'سكر,زبدة الكاكاو,كتل الكاكاو,بودرة الحليب,ليستين الصويا,كريمة بندق,مكسرات,فرنسي,رايس,اويو,لوتس,كراميل,فانيليا', 'تحفظ في مكان بارد وجاف بعيداً عن الحرارة واشعة الشمس على درجة حرارة  18 درجة مئوية , المكسرات والحليب قد تسبب الحساسية لبعض الاشخاص', '', 2, '', '', '', '2020-09-05 18:27:11', '2020-09-05 18:27:11', 1, 1),
(1887, 944, 'Date Moon Box 900g', 'Luxurious dates mixed with Belgian chocolate with roasted nuts stuffed with praline', 'Sugar,Cocoa Butter,Cocoa Powder,Milk Powder,Lecithin Soya,Date,Hazelnut Cream,Nuts,Francy,Rice,Lotus,Oreo,Vanilla', 'Keep In A Cool And Dry Place, Away From Heat And Sunlight  IN 18ْ C , Nuts And Milk May Cause Allergies To Some People', '', 1, '', '', '', '2020-09-05 18:27:11', '2020-09-05 19:21:31', 1, 1),
(1888, 944, 'علبة تمور نصف القمر 900 جرام', 'التمور الفاخرة امتزجت مع الشوكولاتة البلجيكية مع المكسرات المحمصة المحشية بكريمة البندق', 'سكر,زبدة الكاكاو,كتل الكاكاو,بودرة الحليب,ليستين الصويا,تمر,كريمة بندق,مكسرات,فرنسي,رايس,اويو,لوتس,فانيليا', 'تحفظ في مكان بارد وجاف بعيداً عن الحرارة واشعة الشمس على درجة حرارة  18 درجة مئوية , المكسرات والحليب قد تسبب الحساسية لبعض الاشخاص', '', 2, '', '', '', '2020-09-05 18:27:11', '2020-09-05 18:27:11', 1, 1),
(1889, 945, 'Wooden Box 270g', 'Beautiful baby gifts and chocolate featuring creative graphics printed in different colors', 'Sugar,Cocoa Butter,Cocoa Powder,Milk Powder,Lecithin Soya,Hazelnut Cream,Francy,Nuts,Food Color(E132.E102.E129),Vanilla', 'Keep In A Cool And Dry Place, Away From Heat And Sunlight  IN 18ْ C , Nuts And Milk May Cause Allergies To Some People , Colors May Have A Negative Effect On Activity And Concentration In Children', '', 1, '', '', '', '2020-09-05 18:27:11', '2020-09-05 19:19:48', 1, 1),
(1890, 945, 'علبة شوكلاتة مطبوعة خشبية 270 جرام', 'هدايا المواليد الجميلة والشوكولاتة المميزة بالرسومات الابداعية المطبوعة بألوان مختلفة ', 'سكر,زبدة الكاكاو,كتل الكاكاو,بودرة الحليب,ليستين الصويا,كريمة بندق,مكسرات,فرنسي,الوان غذائية(E129.E132.E102),فانيليا', 'تحفظ في مكان بارد وجاف بعيداً عن الحرارة واشعة الشمس على درجة حرارة  18 درجة مئوية , المكسرات والحليب قد تسبب الحساسية لبعض الاشخاص , الألوان قد يكون لها تأثير سلبي علي النشاط والتركيز لدى الاطفال', '', 2, '', '', '', '2020-09-05 18:27:11', '2020-09-05 18:27:11', 1, 1),
(1891, 946, 'Chocomood Baby Box 870g Pink', 'Beautiful baby gifts and chocolates featuring creative graphics and mixed fillings in one box', 'Sugar,Cocoa Butter,Cocoa Powder,Milk Powder,Lecithin Soya,Hazelnut Cream,Francy,Nuts,Vanilla', 'Keep In A Cool And Dry Place, Away From Heat And Sunlight  IN 18ْ C , Nuts And Milk May Cause Allergies To Some People', '', 1, '', '', '', '2020-09-05 18:27:11', '2020-09-05 19:18:02', 1, 1),
(1892, 946, 'علبة شوكومود للمواليد 870 جرام (بمبة)', 'هدايا المواليد الجميلة والشوكولاتة المميزة بالرسومات الابداعية والحشوات المشكلة داخل علبة واحدة', 'سكر,زبدة الكاكاو,كتل الكاكاو,بودرة الحليب,ليستين الصويا,كريمة بندق,مكسرات,فرنسي,فانيليا', 'تحفظ في مكان بارد وجاف بعيداً عن الحرارة واشعة الشمس على درجة حرارة  18 درجة مئوية , المكسرات والحليب قد تسبب الحساسية لبعض الاشخاص', '', 2, '', '', '', '2020-09-05 18:27:11', '2020-09-05 18:27:11', 1, 1),
(1893, 947, 'Chocomood Baby Box 870g Blue', 'Beautiful baby gifts and chocolates featuring creative graphics and mixed fillings in one box', 'Sugar,Cocoa Butter,Cocoa Powder,Milk Powder,Lecithin Soya,Hazelnut Cream,Francy,Nuts,Vanilla', 'Keep In A Cool And Dry Place, Away From Heat And Sunlight  IN 18ْ C , Nuts And Milk May Cause Allergies To Some People', '', 1, '', '', '', '2020-09-05 18:27:11', '2020-09-05 19:17:18', 1, 1),
(1894, 947, 'علبة شوكومود للمواليد 870 جرام(ازرق)', 'هدايا المواليد الجميلة والشوكولاتة المميزة بالرسومات الابداعية والحشوات المشكلة داخل علبة واحدة', 'سكر,زبدة الكاكاو,كتل الكاكاو,بودرة الحليب,ليستين الصويا,كريمة بندق,مكسرات,فرنسي,فانيليا', 'تحفظ في مكان بارد وجاف بعيداً عن الحرارة واشعة الشمس على درجة حرارة  18 درجة مئوية , المكسرات والحليب قد تسبب الحساسية لبعض الاشخاص', '', 2, '', '', '', '2020-09-05 18:27:11', '2020-09-05 18:27:11', 1, 1),
(1895, 948, 'Salted Pettifor Box 300g', 'A delicious salty pettifor box, prepared with different flavors of sesame, black seed, cumin and thyme', 'Flour,Butter,Eggs,Salt,Baking powder,Semsem,Latency,Thyme,Black Seed,Sugar Powder,Vanilla', 'Keep In A Cool And Dry Place, Away From Heat And Sunlight', '', 1, '', '', '', '2020-09-05 18:27:11', '2020-09-05 19:14:51', 1, 1),
(1896, 948, 'علبة بيتيفور مالح 300 جرام', 'علبة البيتيفور المالح الشهي معد بنكهات مختلفة من السمسم وحبة البركة والكمون والزعتر', ' دقيق,زبدة,بيض,ملح,باكنج بودر,سمسم,حبة البركة,كمون,زعتر,فانيليا', 'تحفظ في مكان بارد وجاف بعيداً عن الحرارة واشعة الشمس على درجة حرارة ', '', 2, '', '', '', '2020-09-05 18:27:11', '2020-09-05 18:27:11', 1, 1),
(1897, 949, 'Sweet and Salted Pettifor Box 360g', 'The sweet and salted pettifor range is crafted with high precision with different flavors to suit all tastes', 'Flour,Butter,Eggs,Salt,Baking powder,Semsem,Latency,Thyme,Black Seed,Sugar Powder,Chocolate,Nuts,Vanilla', 'Keep In A Cool And Dry Place, Away From Heat And Sunlight  IN 18ْ C , Nuts May Cause Allergies To Some People', '', 1, '', '', '', '2020-09-05 18:27:11', '2020-09-05 19:13:44', 1, 1),
(1898, 949, 'علبة بيتفور مالح وحلو 360 جرام', 'مجموعة البيتيفور المالح والحلو معد بدقة عالية بنكهات مختلفة تناسب جميع الأذواق', ' دقيق,زبدة,بيض,ملح,باكنج بودر,سمسم,حبة البركة,كمون,زعتر,بودرة سكر,شوكولاتة,مكسرات,فانيليا', 'تحفظ في مكان بارد وجاف بعيداً عن الحرارة واشعة الشمس على درجة حرارة  18 درجة مئوية , المكسرات قد تسبب الحساسية لبعض الاشخاص', '', 2, '', '', '', '2020-09-05 18:27:11', '2020-09-05 18:27:11', 1, 1),
(1899, 950, 'Sweet Pettifor Large Box 400g', 'A box of sweet pettifor, rich in delicious flavors, prepared with creative shapes and different colors with white chocolate and dark chocolate with nuts', 'Flour,Butter,Eggs,Salt,Baking powder,Sugar Powder,Chocolate,Nuts,Vanilla', 'Keep In A Cool And Dry Place, Away From Heat And Sunlight  IN 18ْ C , Nuts May Cause Allergies To Some People', '', 1, '', '', '', '2020-09-05 18:27:11', '2020-09-05 19:09:03', 1, 1),
(1900, 950, 'علبة بيتيفور حلو كبير 400 جرام', 'علبة البيتيفور الحلو الغني بالنكهات الشهية المعد بأشكال مبتكرة وبألوان مختلفة مع الشوكولاتة البيضاء والشوكولاتة الداكنة مع المكسرات ', ' دقيق,زبدة,بيض,ملح,باكنج بودر,بودرة سكر,شوكولاتة,مكسرات,فانيليا', 'تحفظ في مكان بارد وجاف بعيداً عن الحرارة واشعة الشمس على درجة حرارة  18 درجة مئوية , المكسرات قد تسبب الحساسية لبعض الاشخاص', '', 2, '', '', '', '2020-09-05 18:27:11', '2020-09-05 18:27:11', 1, 1),
(1901, 951, 'Cookies Round Box 700g', 'Distinguish your hospitality with a delicious selection of tart cookies with a variety of flavors of nuts, cornflakes, dried roses, lotus biscuits, oreo and francy, The box contains 50 pieces', 'Flour,Butter,Suger,Eggs,Glucose,Hazelnut Cream,Caramel,Oreo,Lotus,Nesquick,Francy,Cornflaks,Rose,Nuts,Vanilla,Chocolate', 'Keep In A Cool And Dry Place, Away From Heat And Sunlight  IN 18ْ C , Nuts And Milk May Cause Allergies To Some People', '', 1, '', '', '', '2020-09-05 18:27:11', '2020-09-05 19:08:49', 1, 1),
(1902, 951, 'علبة تارت كوكيز 700 جرام', 'تميز بضيافتك بتشكيلة التارت كوكيز الشهية بنكهات متنوعة من المكسرات والكورن فليكس  والورد المجفف وبسكويت اللوتس والاوريو والفرنسي, تحتوي العبوة على 50 حبة', ' دقيق,زبدة,بيض,بودرة سكر,جلوكوز,كريمة بندق,كراميل,اوريو,لوتس,نسكويك,فرنسي,كورن فليكس,ورد,مكسرات,شوكولاتة,فانيليا', 'تحفظ في مكان بارد وجاف بعيداً عن الحرارة واشعة الشمس على درجة حرارة  18 درجة مئوية , المكسرات والحليب قد تسبب الحساسية لبعض الاشخاص', '', 2, '', '', '', '2020-09-05 18:27:11', '2020-09-05 18:27:11', 1, 1),
(1903, 952, 'Cookies Mushroom Praline 600g', 'Delight and crunchy come together in a mushroom cookies. Available in many flavors: Praline, lotus and pistachios. The package contains 24 pieces', 'Flour,Butter,Suger,Eggs,Hazelnut Cream,Hazelnut,Vanilla,Chocolate', 'Keep In A Cool And Dry Place, Away From Heat And Sunlight  IN 18ْ C , Nuts And Milk May Cause Allergies To Some People', '', 1, '', '', '', '2020-09-05 18:27:11', '2020-09-05 19:08:30', 1, 1),
(1904, 952, 'علبة كوكيز مشروم برالينية 600 جرام', 'اللذة والقرمشة اجتمعو في ماشروم كوكيز متوفر بعدت نكهات كريمة البندق واللوتس والفستق تحتوي العبوة على 24 حبة', ' دقيق,زبدة,بيض,بودرة سكر,بندق,كريمة بندق,شوكولاتة,فانيليا', 'تحفظ في مكان بارد وجاف بعيداً عن الحرارة واشعة الشمس على درجة حرارة  18 درجة مئوية , المكسرات والحليب قد تسبب الحساسية لبعض الاشخاص', '', 2, '', '', '', '2020-09-05 18:27:11', '2020-09-05 18:27:11', 1, 1),
(1905, 953, 'Cookies Mushroom Lotus 600g', 'Delight and crunchy come together in a mushroom cookies. Available in many flavors: Praline, lotus and pistachios. The package contains 24 pieces', 'Flour,Butter,Suger,Eggs,Lotus Cream,Vanilla,Chocolate', 'Keep In A Cool And Dry Place, Away From Heat And Sunlight  IN 18ْ C , Nuts And Milk May Cause Allergies To Some People', '', 1, '', '', '', '2020-09-05 18:27:11', '2020-09-05 19:08:09', 1, 1),
(1906, 953, 'علبة كوكيز مشروم لوتس 600 جرام', 'اللذة والقرمشة اجتمعو في ماشروم كوكيز متوفر بعدت نكهات كريمة البندق واللوتس والفستق تحتوي العبوة على 24 حبة', ' دقيق,زبدة,بيض,بودرة سكر,كريمة لوتس,شوكولاتة,فانيليا', 'تحفظ في مكان بارد وجاف بعيداً عن الحرارة واشعة الشمس على درجة حرارة  18 درجة مئوية , المكسرات والحليب قد تسبب الحساسية لبعض الاشخاص', '', 2, '', '', '', '2020-09-05 18:27:11', '2020-09-05 18:27:11', 1, 1),
(1907, 954, 'Cookies Mushroom Pistachio 600g', 'Delight and crunchy come together in a mushroom cookies. Available in many flavors: Praline, lotus and pistachios. The package contains 24 pieces', 'Flour,Butter,Suger,Eggs,Pistachio Cream,Pistachio,Vanilla,Chocolate', 'Keep In A Cool And Dry Place, Away From Heat And Sunlight  IN 18ْ C , Nuts And Milk May Cause Allergies To Some People', '', 1, '', '', '', '2020-09-05 18:27:11', '2020-09-05 19:07:50', 1, 1),
(1908, 954, 'علبة كوكيز مشروم فستق 600 جرام', 'اللذة والقرمشة اجتمعو في ماشروم كوكيز متوفر بعدت نكهات كريمة البندق واللوتس والفستق تحتوي العبوة على 24 حبة', ' دقيق,زبدة,بيض,بودرة سكر,كريمة فستق,شوكولاتة,فانيليا', 'تحفظ في مكان بارد وجاف بعيداً عن الحرارة واشعة الشمس على درجة حرارة  18 درجة مئوية , المكسرات والحليب قد تسبب الحساسية لبعض الاشخاص', '', 2, '', '', '', '2020-09-05 18:27:11', '2020-09-05 18:27:11', 1, 1),
(1909, 955, 'Floral Mini Mushroom Box 350g', 'Delight in crunching rich mushroom cookies with delicious hazelnut flavor covered in fancy Belgian chocolate', 'Flour,Butter,Suger,Eggs,Hazelnut Cream,Vanilla,Chocolate', 'Keep In A Cool And Dry Place, Away From Heat And Sunlight  IN 18ْ C , Nuts And Milk May Cause Allergies To Some People', '', 1, '', '', '', '2020-09-05 18:27:11', '2020-09-05 19:06:30', 1, 1),
(1910, 955, 'كوكيز ميني مشروم 350 جرام', 'تلذذ بقرمشة الكوكيز ماشروم الغنية بنكهة البندق اللذيذة المغطاة بالشوكولاتة البلجيكية الفاخرة', ' دقيق,زبدة,بيض,بودرة سكر,كريمة بندق,شوكولاتة,فانيليا', 'تحفظ في مكان بارد وجاف بعيداً عن الحرارة واشعة الشمس على درجة حرارة  18 درجة مئوية , المكسرات والحليب قد تسبب الحساسية لبعض الاشخاص', '', 2, '', '', '', '2020-09-05 18:27:11', '2020-09-05 18:27:11', 1, 1),
(1911, 956, 'Mixed Sugar Free Chocolate', 'Mixed Sugar Free Chocolate', 'Maltitol,Cocoa Butter,Cocoa Powder,Lecithin Soya,Nuts,Vanilla', '<p>Keep In A Cool And Dry Place, Away From Heat And Sunlight IN 18ْ C , Excess Consumption Of Mannitol Over 20 grams Per Day May Cause Diarrhea<br></p>', '', 1, '', '', '', '2020-10-03 15:14:47', '2020-10-06 16:59:19', 1, 1),
(1912, 956, 'شوكولاتة خالية من السكر مشكلة', 'تشكيلة من الشوكولاتة خالية من السكر ', 'محلى المانيتول,زبدة الكاكاو,كتل الكاكاو,ليستين الصويا,مكسرات,فانيليا', '<p><span style=\"font-family: Cairo, sans-serif;\">تحفظ في مكان بارد وجاف بعيداً عن الحرارة واشعة الشمس على درجة حرارة 18 درجة مئوية , المكسرات قد تسبب الحساسية لبعض الاشخاص , زيادة الكميه المستهلكه من المانيتول عن 20جرام في اليوم قد تسبب الإسهال</span><br></p>', '', 2, '', '', '', '2020-10-03 15:14:47', '2020-10-06 10:54:53', 1, 1),
(1913, 957, 'Mixed Dark Chocolates', 'Mixed Dark Chocolates', 'Sugar,Cocoa Butter,Cocoa Powder,Lecithin Soya,Nuts,Vanilla', '<p>Keep In A Cool And Dry Place, Away From Heat And Sunlight IN 18ْ C , Nuts May Cause Allergies To Some People<br></p>', '', 1, '', '', '', '2020-10-03 16:21:28', '2020-10-06 17:01:49', 1, 1),
(1914, 957, 'شوكولاتة داكنة مشكلة', 'تشكيلة من الشوكولاتة الداكنة بحشوات مختلفة', 'سكر,زبدة الكاكاو,كتل الكاكاو,ليستين الصويا,مكسرات,ويفر,فانيليا', '<p><span style=\"font-family: Cairo, sans-serif;\">تحفظ في مكان بارد وجاف بعيداً عن الحرارة واشعة الشمس على درجة حرارة 18 درجة مئوية , المكسرات والحليب قد تسبب الحساسية لبعض الاشخاص</span><br></p><div><span style=\"font-family: Cairo, sans-serif;\"><br></span></div>', '', 2, '', '', '', '2020-10-03 16:21:28', '2020-10-06 10:31:38', 1, 1),
(1915, 958, 'Mixed Style Chocolates', 'Mixed Style Chocolate', 'Sugar,Cocoa Butter,Cocoa Powder,Milk Powder,Lecithin Soya,Peanut Cream,Vanilla', '<p>Keep In A Cool And Dry Place, Away From Heat And Sunlight IN 18ْ C , Nuts And Milk May Cause Allergies To Some People<br></p>', '', 1, '', '', '', '2020-10-03 16:43:46', '2020-10-05 16:28:45', 1, 1),
(1916, 958, 'شوكولاتة ستايل مشكلة', 'تشكيلة من الحشوات المختلفة ذات المزاق المميز والشهي', 'سكر,زبدة الكاكاو,كتل الكاكاو,بودرة الحليب,ليستين الصويا,كريمة البندق,مكسرات,كراميل,فرنسي,فانيليا', '<p>تحفظ في مكان بارد وجاف بعيداً عن الحرارة واشعة الشمس على درجة حرارة 18 درجة مئوية , المكسرات والحليب قد تسبب الحساسية لبعض الاشخاص<br></p>', '', 2, '', '', '', '2020-10-03 16:43:46', '2020-10-06 10:12:58', 1, 1),
(1917, 959, 'Mixed Glitter Cremola', 'Mixed Cremola Powder', 'Sugar,Cocoa Butter,Cocoa Powder,Milk Powder,Lecithin Soya,Foot Colors(E132),Gianduja,Hazelnut,Rice Crispy,Vanilla', '<p>Keep In A Cool And Dry Place, Away From Heat And Sunlight IN 18ْ C ,Nuts And Milk May Cause Allergies To Some People , Colors May Have A Negative Effect On Activity And Concentration In Children<br></p>', '', 1, '', '', '', '2020-10-03 17:07:31', '2020-10-06 17:04:12', 1, 1),
(1918, 959, 'كرمولا لامعة مشكلة', 'تشكيلة من الشوكولاتة البنية مع ملمع الاغذية بحشوات مختلفة ومتميزة', 'سكر,زبدة الكاكاو,كتل الكاكاو,بودرة الحليب,ليستين الصويا,شوكولاتة كراميل,لوتس,مكسرات,فرنسي,ألوان غذائية(E102),فانيليا', '<p><span style=\"font-family: Cairo, sans-serif;\">تحفظ في مكان بارد وجاف بعيداً عن الحرارة واشعة الشمس على درجة حرارة 18 درجة مئوية , الحليب قد يسبب الحساسية لبعض الاشخاص , الألوان قد يكون لها تأثير سلبي علي النشاط والتركيز لدى الاطفال</span><br></p>', '', 2, '', '', '', '2020-10-03 17:07:31', '2020-10-06 11:22:38', 1, 1),
(1919, 960, 'Mixed Cremola White', 'Mixed Cremola White ', 'Sugar,Cocoa Butter,Cocoa Powder,Milk Powder,Lecithin Soya,Hazelnut Cream,Oreo,Vanilla', '<p>Keep In A Cool And Dry Place, Away From Heat And Sunlight IN 18ْ C , Nuts And Milk May Cause Allergies To Some People<br></p>', '', 1, '', '', '', '2020-10-04 15:44:22', '2020-10-06 17:04:36', 1, 1),
(1920, 960, 'كرمولا بيضاء مشكلة', 'تشكيلة من الكرمولا البيضاء بحشوات متعددة ', 'سكر,زبدة الكاكاو,كتل الكاكاو,بودرة الحليب,ليستين الصويا,كريمة البندق,مكسرات,كراميل,فرنسي,رايس,فانيليا', '<p>تحفظ في مكان بارد وجاف بعيداً عن الحرارة واشعة الشمس على درجة حرارة 18 درجة مئوية , المكسرات والحليب قد تسبب الحساسية لبعض الاشخاص<br></p>', '', 2, '', '', '', '2020-10-04 15:44:22', '2020-10-06 10:23:20', 1, 1),
(1921, 961, 'Mixed Cremola Brown', 'Mixed Cremola Brown', 'Sugar,Cocoa Butter,Cocoa Powder,Milk Powder,Lecithin Soya,White Hazelnut Cream,Lotus,Burnt Sugar,Vanilla', '<p>Keep In A Cool And Dry Place, Away From Heat And Sunlight IN 18ْ C , Nuts And Milk May Cause Allergies To Some People<br></p>', '', 1, '', '', '', '2020-10-04 16:12:21', '2020-10-06 17:05:04', 1, 1),
(1922, 961, 'كرمولا بنية مشكلة', 'تشكيلة من الكرمولا البنية  بحشوات متعددة', 'سكر,زبدة الكاكاو,كتل الكاكاو,بودرة الحليب,ليستين الصويا,كريمة البندق,مكسرات,كراميل,فرنسي,رايس,فانيليا', '<p><span style=\"font-family: Cairo, sans-serif; font-size: 16px;\">تحفظ في مكان بارد وجاف بعيداً عن الحرارة واشعة الشمس على درجة حرارة 18 درجة مئوية , المكسرات والحليب قد تسبب الحساسية لبعض الاشخاص</span><br></p>', '', 2, '', '', '', '2020-10-04 16:12:21', '2020-10-06 10:25:55', 1, 1),
(1923, 962, 'Mixed Ruby Chocolates', 'Mixed Ruby Chocolates', 'Sugar,Cocoa Butter,Cocoa Powder,Milk Powder,Lecithin Soya,Hazelnut Cream,Vanilla', '<p>Keep In A Cool And Dry Place, Away From Heat And Sunlight IN 18ْ C , Nuts And Milk May Cause Allergies To Some People<br></p>', '', 1, '', '', '', '2020-10-04 16:37:27', '2020-10-06 17:01:01', 1, 1),
(1924, 962, 'شوكولاتة روبي مشكلة', 'تشكيلة من الحشوات المختلفة ذات المزاق المميز', 'سكر,زبدة الكاكاو,كتل الكاكاو,بودرة الحليب,ليستين الصويا,كريمة البندق,مكسرات,فرنسي,فانيليا', '<p>تحفظ في مكان بارد وجاف بعيداً عن الحرارة واشعة الشمس على درجة حرارة 18 درجة مئوية , المكسرات والحليب قد تسبب الحساسية لبعض الاشخاص<br></p>', '', 2, '', '', '', '2020-10-04 16:37:27', '2020-10-06 10:17:35', 1, 1),
(1925, 963, 'Mixed Harmony', 'Mixed Harmony Chooclate', 'Sugar,Cocoa Butter,Cocoa Powder,Milk Powder,Lecithin Soya,Burnt Sugar,Almond,Caramel Chocolate,Vanilla', '<p>Keep In A Cool And Dry Place, Away From Heat And Sunlight IN 18ْ C , Nuts And Milk May Cause Allergies To Some People<br></p>', '', 1, '', '', '', '2020-10-06 10:33:15', '2020-10-06 11:42:58', 1, 1),
(1926, 963, 'شوكولاتة هارموني مشكلة', 'شوكولاتة هارموني مشكلة', 'سكر,زبدة الكاكاو,كتل الكاكاو,بودرة الحليب,ليستين الصويا,لوتس,مكسرات,رايس,اوريو,ألوان غذائية(E102),فانيليا', '<p><span style=\"font-family: Cairo, sans-serif;\">تحفظ في مكان بارد وجاف بعيداً عن الحرارة واشعة الشمس على درجة حرارة 18 درجة مئوية , الحليب قد يسبب الحساسية لبعض الاشخاص , الألوان قد يكون لها تأثير سلبي علي النشاط والتركيز لدى الاطفال</span><br></p>', '', 2, '', '', '', '2020-10-06 10:33:15', '2020-10-06 11:45:56', 1, 1),
(1927, 964, 'Mixed Elegant Chocolate', 'Mixed Elegant Chocolate', 'Sugar,Cocoa Butter,Cocoa Powder,Milk Powder,Lecithin Soya,Hazelnut Cream,Wafer,Hazelnut,Vanilla', '<p>Keep In A Cool And Dry Place, Away From Heat And Sunlight IN 18ْ C , Nuts And Milk May Cause Allergies To Some People<br></p>', '', 1, '', '', '', '2020-10-08 11:57:48', '2020-10-08 12:11:48', 1, 1),
(1928, 964, 'Mixed Elegant Chocolate', 'Mixed Elegant Chocolate', 'Sugar,Cocoa Butter,Cocoa Powder,Milk Powder,Lecithin Soya,Hazelnut Cream,Wafer,Hazelnut,Vanilla', '<p>Keep In A Cool And Dry Place, Away From Heat And Sunlight IN 18ْ C , Nuts And Milk May Cause Allergies To Some People<br></p>', '', 2, '', '', '', '2020-10-08 11:57:48', '2020-10-08 11:57:48', 1, 1),
(1929, 965, 'test', 'dfsfdsf', 'sdfds', '<p>dsfsdf</p>', 'gg', 1, 'gg', 'gg', 'dfsdsdsf', '2020-10-26 13:56:14', '2020-10-26 14:03:41', 1, 1),
(1930, 965, 'test', 'dfsfdsf', 'sdfds', '<p>dsfsdf</p>', 'gg', 2, 'gg', 'gg', 'dfsdsdsf', '2020-10-26 13:56:14', '2020-10-26 13:56:14', 1, 1),
(1931, 966, 'style test', 'eewe', 'rwrwe', '<p>gge</p>', '', 1, '', '', '', '2021-04-11 18:44:44', '2021-04-11 18:51:02', 1, 1),
(1932, 966, 'ستايل', 'eewe', 'rwrwe', '<p>gge</p>', '', 2, '', '', '', '2021-04-11 18:44:44', '2021-04-11 18:44:44', 1, 1);

-- --------------------------------------------------------

--
-- Table structure for table `product_nutritions`
--

CREATE TABLE `product_nutritions` (
  `NutritionProductID` int(11) NOT NULL,
  `ProductID` int(11) NOT NULL,
  `NutritionID` int(11) NOT NULL,
  `Quantity` varchar(100) NOT NULL
) ENGINE=InnoDB DEFAULT CHARSET=latin1;

--
-- Dumping data for table `product_nutritions`
--

INSERT INTO `product_nutritions` (`NutritionProductID`, `ProductID`, `NutritionID`, `Quantity`) VALUES
(1401, 955, 5, '1855/Cal'),
(1402, 954, 5, '3159/Cal'),
(1403, 953, 5, '3159/Cal'),
(1404, 952, 5, '3159/Cal'),
(1405, 951, 5, '3339/Cal'),
(1406, 950, 5, '2236/Cal'),
(1410, 949, 5, '1622/Cal'),
(1411, 948, 5, '1579/Cal'),
(1412, 947, 5, '4593/Cal'),
(1413, 946, 5, '4593/Cal'),
(1414, 945, 5, '1431/Cal'),
(1415, 944, 5, '3960/Cal'),
(1417, 943, 5, '5300/Cal'),
(1418, 942, 5, '2650/Cal'),
(1419, 941, 5, '1325/Cal'),
(1420, 940, 5, '1855/Cal'),
(1421, 939, 5, '2896/Cal'),
(1422, 938, 5, '1474/Cal'),
(1423, 937, 5, '2632/Cal'),
(1424, 936, 5, '1855/Cal'),
(1426, 935, 5, '1855/Cal'),
(1427, 934, 5, '1855/Cal'),
(1428, 933, 5, '1855/Cal'),
(1429, 932, 5, '1855/Cal'),
(1431, 931, 5, '1737/Cal'),
(1437, 926, 5, '546/100g'),
(1438, 928, 5, '526/100g'),
(1439, 927, 5, '543/100g'),
(1440, 925, 5, '546/100g'),
(1441, 924, 5, '520/100g'),
(1442, 923, 5, '549/100g'),
(1443, 922, 5, '538/100g'),
(1444, 921, 5, '515/100g'),
(1445, 920, 5, '513/100g'),
(1446, 919, 5, '554/100g'),
(1447, 918, 5, '543/100g'),
(1449, 917, 5, '533/100g'),
(1450, 916, 5, '543/100g'),
(1452, 915, 5, '542/100g'),
(1453, 914, 5, '506/100g'),
(1454, 913, 5, '508/100g'),
(1455, 912, 5, '506/100g'),
(1456, 911, 5, '503/100g'),
(1457, 910, 5, '536/100g'),
(1458, 909, 5, '557/100g'),
(1462, 907, 5, '533/100g'),
(1463, 908, 5, '512/100g'),
(1464, 906, 5, '533/100g'),
(1465, 905, 5, '533/100g'),
(1466, 904, 5, '539/100g'),
(1467, 903, 5, '539/100g'),
(1468, 902, 5, '539/100g'),
(1469, 901, 5, '533/100g'),
(1470, 900, 5, '533/100g'),
(1471, 899, 5, '533/100g'),
(1475, 898, 5, '533/100g'),
(1477, 897, 5, '533/100g'),
(1478, 896, 5, '515/100g'),
(1479, 895, 5, '515/100g'),
(1480, 894, 5, '515/100g'),
(1481, 893, 5, '533/100g'),
(1482, 892, 5, '533/100g'),
(1483, 891, 5, '533/100g'),
(1484, 890, 5, '533/100g'),
(1485, 889, 5, '518/100g'),
(1486, 888, 5, '518/100g'),
(1487, 887, 5, '518/100g'),
(1488, 886, 5, '515/100g'),
(1489, 885, 5, '515/100g'),
(1490, 884, 5, '515/100g'),
(1491, 883, 5, '524/100g'),
(1493, 882, 5, '524/100g'),
(1494, 881, 5, '548/100g'),
(1495, 880, 5, '507/100g'),
(1496, 879, 5, '530/100g'),
(1497, 878, 5, '530/100g'),
(1498, 877, 5, '555/100g'),
(1499, 876, 5, '522/100g'),
(1500, 875, 5, '533/100g'),
(1501, 874, 5, '553/100g'),
(1502, 873, 5, '518/100g'),
(1503, 872, 5, '483/100g'),
(1504, 871, 5, '530/100g'),
(1505, 870, 5, '533/100g'),
(1506, 869, 5, '520/100g'),
(1508, 868, 5, '535/100g'),
(1509, 867, 5, '500/100g'),
(1510, 866, 5, '520/100g'),
(1511, 865, 5, '530/100g'),
(1512, 864, 5, '530/100g'),
(1513, 863, 5, '508/100g'),
(1514, 862, 5, '513/100g'),
(1515, 861, 5, '522/100g'),
(1516, 860, 5, '525/100g'),
(1518, 859, 5, '536/100g'),
(1519, 858, 5, '497/100g'),
(1520, 857, 5, '529/100g'),
(1521, 856, 5, '524/100g'),
(1522, 855, 5, '515/100g'),
(1523, 854, 5, '522/100g'),
(1524, 853, 5, '526/100g'),
(1525, 852, 5, '477/100g'),
(1526, 851, 5, '539/100g'),
(1527, 849, 5, '518/100g'),
(1528, 850, 5, '517/100g'),
(1529, 848, 5, '538/100g'),
(1530, 847, 5, '535/100g'),
(1532, 846, 5, '494/100g'),
(1533, 845, 5, '483/100g'),
(1534, 844, 5, '530/100g'),
(1536, 843, 5, '553/100g'),
(1537, 842, 5, '509/100g'),
(1538, 841, 5, '540/100g'),
(1539, 840, 5, '486/100g'),
(1540, 839, 5, '510/100g'),
(1542, 838, 5, '510/100g'),
(1543, 837, 5, '553/100g'),
(1544, 836, 5, '540/100g'),
(1545, 835, 5, '540/100g'),
(1546, 834, 5, '547/100g'),
(1547, 833, 5, '551/100g'),
(1548, 832, 5, '540/100g'),
(1550, 831, 5, '509/100g'),
(1551, 830, 5, '530/100g'),
(1552, 829, 5, '560/100g'),
(1553, 828, 5, '549/100g'),
(1554, 827, 5, '530/100g'),
(1555, 826, 5, '534/100g'),
(1556, 825, 5, '520/100g'),
(1557, 824, 5, '533/100g'),
(1559, 823, 5, '555/100g'),
(1560, 822, 5, '418/100g'),
(1561, 821, 5, '530/100g'),
(1562, 820, 5, '533/100g'),
(1563, 819, 5, '530/100g'),
(1564, 818, 5, '552/100g'),
(1565, 817, 5, '533/100g'),
(1566, 816, 5, '518/100g'),
(1567, 815, 5, '509/100g'),
(1568, 814, 5, '533/100g'),
(1570, 813, 5, '539/100g'),
(1571, 812, 5, '530/100g'),
(1572, 811, 5, '540/100g'),
(1573, 810, 5, '533/100g'),
(1574, 809, 5, '529/100g'),
(1575, 808, 5, '500/100g'),
(1576, 807, 5, '530/100g'),
(1632, 958, 5, '555/100gms'),
(1640, 963, 5, '533/100gms'),
(1641, 956, 5, '477/100g'),
(1642, 962, 5, '533/100gms'),
(1643, 957, 5, '559/100gms'),
(1644, 959, 5, '533/100gms'),
(1645, 960, 5, '518/100gms'),
(1646, 961, 5, '524/100gms'),
(1647, 929, 5, '559/100g'),
(1656, 964, 5, '547/100gms'),
(1670, 966, 5, '344'),
(1677, 798, 5, '500/100g'),
(1678, 800, 5, '549/100g'),
(1680, 801, 5, '510/100g'),
(1681, 802, 5, '510/100g'),
(1690, 806, 5, '535/100g'),
(1691, 805, 5, '174/100g'),
(1692, 804, 5, '510/100g'),
(1693, 803, 5, '510/100g'),
(1694, 799, 5, '559/100g'),
(1695, 930, 5, '5002/Cal'),
(1696, 797, 5, '530/100g');

-- --------------------------------------------------------

--
-- Table structure for table `product_packages`
--

CREATE TABLE `product_packages` (
  `PackagesProductID` int(11) NOT NULL,
  `PackagesID` int(11) NOT NULL,
  `DefaultPackagesID` int(11) DEFAULT NULL,
  `ProductID` int(11) NOT NULL,
  `MinimumPackage` int(11) NOT NULL DEFAULT 0,
  `MaximumPackage` int(11) NOT NULL DEFAULT 0,
  `PerPiecePrice` double NOT NULL DEFAULT 0,
  `PerGramPrice` double NOT NULL DEFAULT 0
) ENGINE=InnoDB DEFAULT CHARSET=latin1;

--
-- Dumping data for table `product_packages`
--

INSERT INTO `product_packages` (`PackagesProductID`, `PackagesID`, `DefaultPackagesID`, `ProductID`, `MinimumPackage`, `MaximumPackage`, `PerPiecePrice`, `PerGramPrice`) VALUES
(46, 7, 7, 926, 250, 5000, 1000, 143.48),
(47, 8, 7, 926, 250, 5000, 1000, 143.48),
(48, 9, 7, 926, 250, 5000, 1000, 143.48),
(49, 7, 7, 928, 250, 5000, 1000, 143.48),
(50, 8, 7, 928, 250, 5000, 1000, 143.48),
(51, 9, 7, 928, 250, 5000, 1000, 143.48),
(52, 7, 7, 927, 250, 5000, 1000, 143.48),
(53, 8, 7, 927, 250, 5000, 1000, 143.48),
(54, 9, 7, 927, 250, 5000, 1000, 143.48),
(55, 7, 7, 925, 250, 5000, 1000, 143.48),
(56, 8, 7, 925, 250, 5000, 1000, 143.48),
(57, 9, 7, 925, 250, 5000, 1000, 143.48),
(58, 7, 7, 924, 250, 5000, 1000, 143.48),
(59, 8, 7, 924, 250, 5000, 1000, 143.48),
(60, 9, 7, 924, 250, 5000, 1000, 143.48),
(61, 7, 7, 923, 250, 5000, 1000, 143.48),
(62, 8, 7, 923, 250, 5000, 1000, 143.48),
(63, 9, 7, 923, 250, 5000, 1000, 143.48),
(64, 7, 7, 922, 250, 5000, 1000, 143.48),
(65, 8, 7, 922, 250, 5000, 1000, 143.48),
(66, 9, 7, 922, 250, 5000, 1000, 143.48),
(67, 7, 7, 921, 250, 5000, 1000, 143.48),
(68, 8, 7, 921, 250, 5000, 1000, 143.48),
(69, 9, 7, 921, 250, 5000, 1000, 143.48),
(70, 7, 7, 920, 250, 5000, 1000, 143.48),
(71, 8, 7, 920, 250, 5000, 1000, 143.48),
(72, 9, 7, 920, 250, 5000, 1000, 143.48),
(73, 7, 7, 918, 250, 5000, 1000, 143.48),
(74, 8, 7, 918, 250, 5000, 1000, 143.48),
(75, 9, 7, 918, 250, 5000, 1000, 143.48),
(79, 7, 7, 917, 250, 5000, 1000, 173.91),
(80, 8, 7, 917, 250, 5000, 1000, 173.91),
(81, 9, 7, 917, 250, 5000, 1000, 173.91),
(82, 7, 7, 916, 250, 5000, 1000, 173.91),
(83, 8, 7, 916, 250, 5000, 1000, 173.91),
(84, 9, 7, 916, 250, 5000, 1000, 173.91),
(88, 7, 7, 915, 250, 5000, 1000, 173.91),
(89, 8, 7, 915, 250, 5000, 1000, 173.91),
(90, 9, 7, 915, 250, 5000, 1000, 173.91),
(91, 7, 7, 914, 250, 5000, 1000, 173.91),
(92, 8, 7, 914, 250, 5000, 1000, 173.91),
(93, 9, 7, 914, 250, 5000, 1000, 173.91),
(94, 7, 7, 913, 250, 5000, 1000, 173.91),
(95, 8, 7, 913, 250, 5000, 1000, 173.91),
(96, 9, 7, 913, 250, 5000, 1000, 173.91),
(97, 7, 7, 912, 250, 5000, 1000, 173.91),
(98, 8, 7, 912, 250, 5000, 1000, 173.91),
(99, 9, 7, 912, 250, 5000, 1000, 173.91),
(100, 7, 7, 911, 250, 5000, 1000, 173.91),
(101, 8, 7, 911, 250, 5000, 1000, 173.91),
(102, 9, 7, 911, 250, 5000, 1000, 173.91),
(103, 7, 7, 910, 250, 5000, 1000, 173.91),
(104, 8, 7, 910, 250, 5000, 1000, 173.91),
(105, 9, 7, 910, 250, 5000, 1000, 173.91),
(106, 7, 7, 909, 250, 5000, 1000, 173.91),
(107, 8, 7, 909, 250, 5000, 1000, 173.91),
(108, 9, 7, 909, 250, 5000, 1000, 173.91),
(118, 7, 7, 907, 250, 5000, 1000, 191.3),
(119, 8, 7, 907, 250, 5000, 1000, 191.3),
(120, 9, 7, 907, 250, 5000, 1000, 191.3),
(121, 7, 7, 908, 250, 5000, 1000, 173.91),
(122, 8, 7, 908, 250, 5000, 1000, 173.91),
(123, 9, 7, 908, 250, 5000, 1000, 173.91),
(124, 7, 7, 906, 250, 5000, 1000, 191.3),
(125, 8, 7, 906, 250, 5000, 1000, 191.3),
(126, 9, 7, 906, 250, 5000, 1000, 191.3),
(127, 7, 7, 905, 250, 5000, 1000, 191.3),
(128, 8, 7, 905, 250, 5000, 1000, 191.3),
(129, 9, 7, 905, 250, 5000, 1000, 191.3),
(130, 7, 7, 904, 250, 5000, 1000, 191.3),
(131, 8, 7, 904, 250, 5000, 1000, 191.3),
(132, 9, 7, 904, 250, 5000, 1000, 191.3),
(133, 7, 7, 903, 250, 5000, 1000, 191.3),
(134, 8, 7, 903, 250, 5000, 1000, 191.3),
(135, 9, 7, 903, 250, 5000, 1000, 191.3),
(136, 7, 7, 902, 250, 5000, 1000, 191.3),
(137, 8, 7, 902, 250, 5000, 1000, 191.3),
(138, 9, 7, 902, 250, 5000, 1000, 191.3),
(139, 7, 7, 901, 250, 5000, 1000, 191.3),
(140, 8, 7, 901, 250, 5000, 1000, 191.3),
(141, 9, 7, 901, 250, 5000, 1000, 191.3),
(142, 7, 7, 900, 250, 5000, 1000, 191.3),
(143, 8, 7, 900, 250, 5000, 1000, 191.3),
(144, 9, 7, 900, 250, 5000, 1000, 191.3),
(145, 7, 7, 899, 250, 5000, 1000, 191.3),
(146, 8, 7, 899, 250, 5000, 1000, 191.3),
(147, 9, 7, 899, 250, 5000, 1000, 191.3),
(157, 7, 7, 898, 250, 5000, 1000, 191.3),
(158, 8, 7, 898, 250, 5000, 1000, 191.3),
(159, 9, 7, 898, 250, 5000, 1000, 191.3),
(163, 7, 7, 897, 250, 5000, 1000, 191.3),
(164, 8, 7, 897, 250, 5000, 1000, 191.3),
(165, 9, 7, 897, 250, 5000, 1000, 191.3),
(166, 7, 7, 896, 250, 5000, 1000, 191.3),
(167, 8, 7, 896, 250, 5000, 1000, 191.3),
(168, 9, 7, 896, 250, 5000, 1000, 191.3),
(169, 7, 7, 895, 250, 5000, 1000, 191.3),
(170, 8, 7, 895, 250, 5000, 1000, 191.3),
(171, 9, 7, 895, 250, 5000, 1000, 191.3),
(172, 7, 7, 894, 250, 5000, 1000, 191.3),
(173, 8, 7, 894, 250, 5000, 1000, 191.3),
(174, 9, 7, 894, 250, 5000, 1000, 191.3),
(175, 7, 7, 893, 250, 5000, 1000, 191.3),
(176, 8, 7, 893, 250, 5000, 1000, 191.3),
(177, 9, 7, 893, 250, 5000, 1000, 191.3),
(178, 7, 7, 892, 250, 5000, 1000, 191.3),
(179, 8, 7, 892, 250, 5000, 1000, 191.3),
(180, 9, 7, 892, 250, 5000, 1000, 191.3),
(181, 7, 7, 891, 250, 5000, 1000, 191.3),
(182, 8, 7, 891, 250, 5000, 1000, 191.3),
(183, 9, 7, 891, 250, 5000, 1000, 191.3),
(184, 7, 7, 890, 250, 5000, 1000, 191.3),
(185, 8, 7, 890, 250, 5000, 1000, 191.3),
(186, 9, 7, 890, 250, 5000, 1000, 191.3),
(187, 7, 7, 889, 250, 5000, 1000, 191.3),
(188, 8, 7, 889, 250, 5000, 1000, 191.3),
(189, 9, 7, 889, 250, 5000, 1000, 191.3),
(190, 7, 7, 888, 250, 5000, 1000, 191.3),
(191, 8, 7, 888, 250, 5000, 1000, 191.3),
(192, 9, 7, 888, 250, 5000, 1000, 191.3),
(193, 7, 7, 887, 250, 5000, 1000, 191.3),
(194, 8, 7, 887, 250, 5000, 1000, 191.3),
(195, 9, 7, 887, 250, 5000, 1000, 191.3),
(196, 7, 7, 886, 250, 5000, 1000, 191.3),
(197, 8, 7, 886, 250, 5000, 1000, 191.3),
(198, 9, 7, 886, 250, 5000, 1000, 191.3),
(199, 7, 7, 885, 250, 5000, 1000, 191.3),
(200, 8, 7, 885, 250, 5000, 1000, 191.3),
(201, 9, 7, 885, 250, 5000, 1000, 191.3),
(202, 7, 7, 884, 250, 5000, 1000, 191.3),
(203, 8, 7, 884, 250, 5000, 1000, 191.3),
(204, 9, 7, 884, 250, 5000, 1000, 191.3),
(205, 7, 7, 883, 250, 5000, 1000, 173.91),
(206, 8, 7, 883, 250, 5000, 1000, 173.91),
(207, 9, 7, 883, 250, 5000, 1000, 173.91),
(211, 7, 7, 882, 250, 5000, 1000, 173.91),
(212, 8, 7, 882, 250, 5000, 1000, 173.91),
(213, 9, 7, 882, 250, 5000, 1000, 173.91),
(214, 7, 7, 881, 250, 5000, 1000, 173.91),
(215, 8, 7, 881, 250, 5000, 1000, 173.91),
(216, 9, 7, 881, 250, 5000, 1000, 173.91),
(217, 7, 7, 880, 250, 5000, 1000, 173.91),
(218, 8, 7, 880, 250, 5000, 1000, 173.91),
(219, 9, 7, 880, 250, 5000, 1000, 173.91),
(220, 7, 7, 879, 250, 5000, 1000, 173.91),
(221, 8, 7, 879, 250, 5000, 1000, 173.91),
(222, 9, 7, 879, 250, 5000, 1000, 173.91),
(223, 7, 7, 878, 250, 5000, 1000, 173.91),
(224, 8, 7, 878, 250, 5000, 1000, 173.91),
(225, 9, 7, 878, 250, 5000, 1000, 173.91),
(226, 7, 7, 877, 250, 5000, 1000, 173.91),
(227, 8, 7, 877, 250, 5000, 1000, 173.91),
(228, 9, 7, 877, 250, 5000, 1000, 173.91),
(229, 7, 7, 876, 250, 5000, 1000, 173.91),
(230, 8, 7, 876, 250, 5000, 1000, 173.91),
(231, 9, 7, 876, 250, 5000, 1000, 173.91),
(232, 7, 7, 875, 250, 5000, 1000, 173.91),
(233, 8, 7, 875, 250, 5000, 1000, 173.91),
(234, 9, 7, 875, 250, 5000, 1000, 173.91),
(235, 7, 7, 874, 250, 5000, 1000, 173.91),
(236, 8, 7, 874, 250, 5000, 1000, 173.91),
(237, 9, 7, 874, 250, 5000, 1000, 173.91),
(238, 7, 7, 873, 250, 5000, 1000, 173.91),
(239, 8, 7, 873, 250, 5000, 1000, 173.91),
(240, 9, 7, 873, 250, 5000, 1000, 173.91),
(241, 7, 7, 872, 250, 5000, 1000, 173.91),
(242, 8, 7, 872, 250, 5000, 1000, 173.91),
(243, 9, 7, 872, 250, 5000, 1000, 173.91),
(244, 7, 7, 871, 250, 5000, 1000, 173.91),
(245, 8, 7, 871, 250, 5000, 1000, 173.91),
(246, 9, 7, 871, 250, 5000, 1000, 173.91),
(247, 7, 7, 870, 250, 5000, 1000, 173.91),
(248, 8, 7, 870, 250, 5000, 1000, 173.91),
(249, 9, 7, 870, 250, 5000, 1000, 173.91),
(250, 7, 7, 869, 250, 5000, 1000, 173.91),
(251, 8, 7, 869, 250, 5000, 1000, 173.91),
(252, 9, 7, 869, 250, 5000, 1000, 173.91),
(256, 7, 7, 868, 250, 5000, 1000, 173.91),
(257, 8, 7, 868, 250, 5000, 1000, 173.91),
(258, 9, 7, 868, 250, 5000, 1000, 173.91),
(259, 7, 7, 867, 250, 5000, 1000, 173.91),
(260, 8, 7, 867, 250, 5000, 1000, 173.91),
(261, 9, 7, 867, 250, 5000, 1000, 173.91),
(262, 7, 7, 866, 250, 5000, 1000, 173.91),
(263, 8, 7, 866, 250, 5000, 1000, 173.91),
(264, 9, 7, 866, 250, 5000, 1000, 173.91),
(265, 7, 7, 865, 250, 5000, 1000, 173.91),
(266, 8, 7, 865, 250, 5000, 1000, 173.91),
(267, 9, 7, 865, 250, 5000, 1000, 173.91),
(268, 7, 7, 864, 250, 5000, 1000, 173.91),
(269, 8, 7, 864, 250, 5000, 1000, 173.91),
(270, 9, 7, 864, 250, 5000, 1000, 173.91),
(271, 7, 7, 863, 250, 5000, 1000, 208.7),
(272, 8, 7, 863, 250, 5000, 1000, 208.7),
(273, 9, 7, 863, 250, 5000, 1000, 208.7),
(274, 7, 7, 862, 250, 5000, 1000, 208.7),
(275, 8, 7, 862, 250, 5000, 1000, 208.7),
(276, 9, 7, 862, 250, 5000, 1000, 208.7),
(277, 7, 7, 861, 250, 5000, 1000, 208.7),
(278, 8, 7, 861, 250, 5000, 1000, 208.7),
(279, 9, 7, 861, 250, 5000, 1000, 208.7),
(280, 7, 7, 860, 250, 5000, 1000, 208.7),
(281, 8, 7, 860, 250, 5000, 1000, 208.7),
(282, 9, 7, 860, 250, 5000, 1000, 208.7),
(286, 7, 7, 859, 250, 5000, 1000, 208.7),
(287, 8, 7, 859, 250, 5000, 1000, 208.7),
(288, 9, 7, 859, 250, 5000, 1000, 208.7),
(289, 7, 7, 858, 250, 5000, 1000, 208.7),
(290, 8, 7, 858, 250, 5000, 1000, 208.7),
(291, 9, 7, 858, 250, 5000, 1000, 208.7),
(292, 7, 7, 857, 250, 5000, 1000, 208.7),
(293, 8, 7, 857, 250, 5000, 1000, 208.7),
(294, 9, 7, 857, 250, 5000, 1000, 208.7),
(295, 7, 7, 856, 250, 5000, 1000, 208.7),
(296, 8, 7, 856, 250, 5000, 1000, 208.7),
(297, 9, 7, 856, 250, 5000, 1000, 208.7),
(298, 7, 7, 855, 250, 5000, 1000, 208.7),
(299, 8, 7, 855, 250, 5000, 1000, 208.7),
(300, 9, 7, 855, 250, 5000, 1000, 208.7),
(301, 7, 7, 854, 250, 5000, 1000, 208.7),
(302, 8, 7, 854, 250, 5000, 1000, 208.7),
(303, 9, 7, 854, 250, 5000, 1000, 208.7),
(304, 7, 7, 853, 250, 5000, 1000, 208.7),
(305, 8, 7, 853, 250, 5000, 1000, 208.7),
(306, 9, 7, 853, 250, 5000, 1000, 208.7),
(307, 7, 7, 852, 250, 5000, 1000, 208.7),
(308, 8, 7, 852, 250, 5000, 1000, 208.7),
(309, 9, 7, 852, 250, 5000, 1000, 208.7),
(310, 7, 7, 851, 250, 5000, 1000, 173.91),
(311, 8, 7, 851, 250, 5000, 1000, 173.91),
(312, 9, 7, 851, 250, 5000, 1000, 173.91),
(313, 7, 7, 849, 250, 5000, 1000, 173.91),
(314, 8, 7, 849, 250, 5000, 1000, 173.91),
(315, 9, 7, 849, 250, 5000, 1000, 173.91),
(316, 7, 7, 850, 250, 5000, 1000, 173.91),
(317, 8, 7, 850, 250, 5000, 1000, 173.91),
(318, 9, 7, 850, 250, 5000, 1000, 173.91),
(319, 7, 7, 848, 250, 5000, 1000, 173.91),
(320, 8, 7, 848, 250, 5000, 1000, 173.91),
(321, 9, 7, 848, 250, 5000, 1000, 173.91),
(322, 7, 7, 847, 250, 5000, 1000, 173.91),
(323, 8, 7, 847, 250, 5000, 1000, 173.91),
(324, 9, 7, 847, 250, 5000, 1000, 173.91),
(325, 7, 7, 846, 250, 5000, 1000, 173.91),
(326, 8, 7, 846, 250, 5000, 1000, 173.91),
(327, 9, 7, 846, 250, 5000, 1000, 173.91),
(328, 7, 7, 845, 250, 5000, 1000, 173.91),
(329, 8, 7, 845, 250, 5000, 1000, 173.91),
(330, 9, 7, 845, 250, 5000, 1000, 173.91),
(331, 7, 7, 844, 250, 5000, 1000, 173.91),
(332, 8, 7, 844, 250, 5000, 1000, 173.91),
(333, 9, 7, 844, 250, 5000, 1000, 173.91),
(337, 7, 7, 843, 250, 5000, 1000, 173.91),
(338, 8, 7, 843, 250, 5000, 1000, 173.91),
(339, 9, 7, 843, 250, 5000, 1000, 173.91),
(340, 7, 7, 841, 250, 5000, 1000, 173.91),
(341, 8, 7, 841, 250, 5000, 1000, 173.91),
(342, 9, 7, 841, 250, 5000, 1000, 173.91),
(343, 7, 7, 840, 250, 5000, 1000, 173.91),
(344, 8, 7, 840, 250, 5000, 1000, 173.91),
(345, 9, 7, 840, 250, 5000, 1000, 173.91),
(346, 7, 7, 839, 250, 5000, 1000, 173.91),
(347, 8, 7, 839, 250, 5000, 1000, 173.91),
(348, 9, 7, 839, 250, 5000, 1000, 173.91),
(352, 7, 7, 838, 250, 5000, 1000, 173.91),
(353, 8, 7, 838, 250, 5000, 1000, 173.91),
(354, 9, 7, 838, 250, 5000, 1000, 173.91),
(355, 7, 7, 837, 250, 5000, 1000, 173.91),
(356, 8, 7, 837, 250, 5000, 1000, 173.91),
(357, 9, 7, 837, 250, 5000, 1000, 173.91),
(358, 7, 7, 836, 250, 5000, 1000, 173.91),
(359, 8, 7, 836, 250, 5000, 1000, 173.91),
(360, 9, 7, 836, 250, 5000, 1000, 173.91),
(361, 7, 7, 835, 250, 5000, 1000, 173.91),
(362, 8, 7, 835, 250, 5000, 1000, 173.91),
(363, 9, 7, 835, 250, 5000, 1000, 173.91),
(364, 7, 7, 834, 250, 5000, 1000, 173.91),
(365, 8, 7, 834, 250, 5000, 1000, 173.91),
(366, 9, 7, 834, 250, 5000, 1000, 173.91),
(367, 7, 7, 833, 250, 5000, 1000, 118.26),
(368, 8, 7, 833, 250, 5000, 1000, 118.26),
(369, 9, 7, 833, 250, 5000, 1000, 118.26),
(370, 7, 7, 832, 250, 5000, 1000, 118.26),
(371, 8, 7, 832, 250, 5000, 1000, 118.26),
(372, 9, 7, 832, 250, 5000, 1000, 118.26),
(376, 7, 7, 831, 250, 5000, 1000, 118.26),
(377, 8, 7, 831, 250, 5000, 1000, 118.26),
(378, 9, 7, 831, 250, 5000, 1000, 118.26),
(379, 7, 7, 830, 250, 5000, 1000, 118.26),
(380, 8, 7, 830, 250, 5000, 1000, 118.26),
(381, 9, 7, 830, 250, 5000, 1000, 118.26),
(382, 7, 7, 829, 250, 5000, 1000, 118.26),
(383, 8, 7, 829, 250, 5000, 1000, 118.26),
(384, 9, 7, 829, 250, 5000, 1000, 118.26),
(385, 7, 7, 828, 250, 5000, 1000, 118.26),
(386, 8, 7, 828, 250, 5000, 1000, 118.26),
(387, 9, 7, 828, 250, 5000, 1000, 118.26),
(388, 7, 7, 827, 250, 5000, 1000, 118.26),
(389, 8, 7, 827, 250, 5000, 1000, 118.26),
(390, 9, 7, 827, 250, 5000, 1000, 118.26),
(391, 7, 7, 826, 250, 5000, 1000, 118.26),
(392, 8, 7, 826, 250, 5000, 1000, 118.26),
(393, 9, 7, 826, 250, 5000, 1000, 118.26),
(394, 7, 7, 825, 250, 5000, 1000, 118.26),
(395, 8, 7, 825, 250, 5000, 1000, 118.26),
(396, 9, 7, 825, 250, 5000, 1000, 118.26),
(397, 7, 7, 824, 250, 5000, 1000, 118.26),
(398, 8, 7, 824, 250, 5000, 1000, 118.26),
(399, 9, 7, 824, 250, 5000, 1000, 118.26),
(403, 7, 7, 823, 250, 5000, 1000, 143.48),
(404, 8, 7, 823, 250, 5000, 1000, 143.48),
(405, 9, 7, 823, 250, 5000, 1000, 143.48),
(406, 7, 7, 822, 250, 5000, 1000, 143.48),
(407, 8, 7, 822, 250, 5000, 1000, 143.48),
(408, 9, 7, 822, 250, 5000, 1000, 143.48),
(409, 7, 7, 821, 250, 5000, 1000, 143.48),
(410, 8, 7, 821, 250, 5000, 1000, 143.48),
(411, 9, 7, 821, 250, 5000, 1000, 143.48),
(412, 7, 7, 820, 250, 5000, 1000, 143.48),
(413, 8, 7, 820, 250, 5000, 1000, 143.48),
(414, 9, 7, 820, 250, 5000, 1000, 143.48),
(415, 7, 7, 819, 250, 5000, 1000, 143.48),
(416, 8, 7, 819, 250, 5000, 1000, 143.48),
(417, 9, 7, 819, 250, 5000, 1000, 143.48),
(418, 7, 7, 818, 250, 5000, 1000, 143.48),
(419, 8, 7, 818, 250, 5000, 1000, 143.48),
(420, 9, 7, 818, 250, 5000, 1000, 143.48),
(421, 7, 7, 817, 250, 5000, 1000, 143.48),
(422, 8, 7, 817, 250, 5000, 1000, 143.48),
(423, 9, 7, 817, 250, 5000, 1000, 143.48),
(424, 7, 7, 816, 250, 5000, 1000, 143.48),
(425, 8, 7, 816, 250, 5000, 1000, 143.48),
(426, 9, 7, 816, 250, 5000, 1000, 143.48),
(427, 7, 7, 815, 250, 5000, 1000, 143.48),
(428, 8, 7, 815, 250, 5000, 1000, 143.48),
(429, 9, 7, 815, 250, 5000, 1000, 143.48),
(430, 7, 7, 814, 250, 5000, 1000, 143.48),
(431, 8, 7, 814, 250, 5000, 1000, 143.48),
(432, 9, 7, 814, 250, 5000, 1000, 143.48),
(436, 7, 7, 813, 250, 5000, 1000, 143.48),
(437, 8, 7, 813, 250, 5000, 1000, 143.48),
(438, 9, 7, 813, 250, 5000, 1000, 143.48),
(439, 7, 7, 812, 250, 5000, 1000, 143.48),
(440, 8, 7, 812, 250, 5000, 1000, 143.48),
(441, 9, 7, 812, 250, 5000, 1000, 143.48),
(442, 7, 7, 811, 250, 5000, 1000, 143.48),
(443, 8, 7, 811, 250, 5000, 1000, 143.48),
(444, 9, 7, 811, 250, 5000, 1000, 143.48),
(445, 7, 7, 810, 250, 5000, 1000, 143.48),
(446, 8, 7, 810, 250, 5000, 1000, 143.48),
(447, 9, 7, 810, 250, 5000, 1000, 143.48),
(448, 7, 7, 809, 250, 5000, 1000, 143.48),
(449, 8, 7, 809, 250, 5000, 1000, 143.48),
(450, 9, 7, 809, 250, 5000, 1000, 143.48),
(451, 7, 7, 808, 250, 5000, 1000, 143.48),
(452, 8, 7, 808, 250, 5000, 1000, 143.48),
(453, 9, 7, 808, 250, 5000, 1000, 143.48),
(454, 7, 7, 807, 250, 500, 1000, 143.48),
(455, 8, 7, 807, 250, 500, 1000, 143.48),
(456, 9, 7, 807, 250, 500, 1000, 143.48),
(622, 7, 9, 958, 250, 5000, 1000, 143.48),
(623, 8, 9, 958, 250, 5000, 1000, 143.48),
(624, 9, 9, 958, 250, 5000, 1000, 143.48),
(646, 7, 9, 963, 250, 5000, 1000, 173.91),
(647, 8, 9, 963, 250, 5000, 1000, 173.91),
(648, 9, 9, 963, 250, 5000, 1000, 173.91),
(649, 7, 9, 956, 250, 5000, 1000, 208.7),
(650, 8, 9, 956, 250, 5000, 1000, 208.7),
(651, 9, 9, 956, 250, 5000, 1000, 208.7),
(652, 7, 9, 962, 250, 5000, 1000, 118.26),
(653, 8, 9, 962, 250, 5000, 1000, 118.26),
(654, 9, 9, 962, 250, 5000, 1000, 118.26),
(655, 7, 9, 957, 250, 5000, 1000, 143.48),
(656, 8, 9, 957, 250, 5000, 1000, 143.48),
(657, 9, 9, 957, 250, 5000, 1000, 143.48),
(658, 7, 9, 959, 250, 5000, 1000, 191.3),
(659, 8, 9, 959, 250, 5000, 1000, 191.3),
(660, 9, 9, 959, 250, 5000, 1000, 191.3),
(661, 7, 9, 960, 250, 5000, 1000, 173.91),
(662, 8, 9, 960, 250, 5000, 1000, 173.91),
(663, 9, 9, 960, 250, 5000, 1000, 173.91),
(664, 7, 9, 961, 250, 5000, 1000, 173.91),
(665, 8, 9, 961, 250, 5000, 1000, 173.91),
(666, 9, 9, 961, 250, 5000, 1000, 173.91),
(667, 7, 9, 929, 250, 5000, 1000, 143.48),
(668, 8, 9, 929, 250, 5000, 1000, 143.48),
(669, 9, 9, 929, 250, 5000, 1000, 143.48),
(694, 7, 7, 964, 250, 5000, 1000, 173.91),
(695, 8, 7, 964, 250, 5000, 1000, 173.91),
(696, 9, 7, 964, 250, 5000, 1000, 173.91),
(745, 7, 7, 798, 250, 5000, 1000, 143.48),
(746, 8, 7, 798, 250, 5000, 1000, 143.48),
(747, 9, 7, 798, 250, 5000, 1000, 143.48),
(748, 7, 9, 800, 500, 18000, 1000, 143.48),
(749, 8, 9, 800, 500, 18000, 1000, 143.48),
(750, 9, 9, 800, 500, 18000, 1000, 143.48),
(754, 7, 7, 801, 250, 5000, 1000, 143.48),
(755, 8, 7, 801, 250, 5000, 1000, 143.48),
(756, 9, 7, 801, 250, 5000, 1000, 143.48),
(757, 7, 7, 802, 250, 5000, 1000, 143.48),
(758, 8, 7, 802, 250, 5000, 1000, 143.48),
(759, 9, 7, 802, 250, 5000, 1000, 143.48),
(784, 7, 7, 806, 250, 5000, 1000, 143.48),
(785, 8, 7, 806, 250, 5000, 1000, 143.48),
(786, 9, 7, 806, 250, 5000, 1000, 143.48),
(787, 7, 7, 805, 250, 5000, 1000, 143.48),
(788, 8, 7, 805, 250, 5000, 1000, 143.48),
(789, 9, 7, 805, 250, 5000, 1000, 143.48),
(790, 7, 7, 804, 250, 5000, 1000, 143.48),
(791, 8, 7, 804, 250, 5000, 1000, 143.48),
(792, 9, 7, 804, 250, 5000, 1000, 143.48),
(793, 7, 7, 803, 250, 5000, 1000, 143.48),
(794, 8, 7, 803, 250, 5000, 1000, 143.48),
(795, 9, 7, 803, 250, 5000, 1000, 143.48),
(796, 7, 7, 799, 250, 5000, 1000, 143.48),
(797, 8, 7, 799, 250, 5000, 1000, 143.48),
(798, 9, 7, 799, 250, 5000, 1000, 143.48),
(799, 7, 7, 797, 250, 5000, 1000, 143.48),
(800, 8, 7, 797, 250, 5000, 1000, 143.48),
(801, 9, 7, 797, 250, 5000, 1000, 143.48);

-- --------------------------------------------------------

--
-- Table structure for table `product_ratings`
--

CREATE TABLE `product_ratings` (
  `ProductRatingID` int(11) NOT NULL,
  `ProductID` int(11) NOT NULL,
  `UserID` int(11) NOT NULL,
  `Rating` int(11) NOT NULL
) ENGINE=MyISAM DEFAULT CHARSET=latin1;

--
-- Dumping data for table `product_ratings`
--

INSERT INTO `product_ratings` (`ProductRatingID`, `ProductID`, `UserID`, `Rating`) VALUES
(1, 800, 71, 2),
(2, 806, 71, 5),
(3, 943, 71, 5);

-- --------------------------------------------------------

--
-- Table structure for table `product_reviews`
--

CREATE TABLE `product_reviews` (
  `ProductReviewID` int(11) NOT NULL,
  `ProductID` int(11) NOT NULL,
  `UserID` int(11) NOT NULL,
  `Title` varchar(255) CHARACTER SET utf8 NOT NULL,
  `Comment` text CHARACTER SET utf8 NOT NULL,
  `CreatedAt` datetime NOT NULL
) ENGINE=MyISAM DEFAULT CHARSET=latin1;

--
-- Dumping data for table `product_reviews`
--

INSERT INTO `product_reviews` (`ProductReviewID`, `ProductID`, `UserID`, `Title`, `Comment`, `CreatedAt`) VALUES
(1, 800, 71, 'test', 'hjnjhg', '2020-11-05 13:57:19'),
(2, 806, 71, 'test', 'xcz', '2020-12-08 14:00:40'),
(3, 943, 71, 'good', 'hhhh', '2021-04-12 09:59:04');

-- --------------------------------------------------------

--
-- Table structure for table `product_store_availability`
--

CREATE TABLE `product_store_availability` (
  `ProductStoreAvailability` int(11) NOT NULL,
  `ProductID` int(11) NOT NULL,
  `StoreID` int(11) NOT NULL,
  `Quantity` int(11) NOT NULL,
  `GramQuantity` int(11) NOT NULL DEFAULT 0
) ENGINE=InnoDB DEFAULT CHARSET=utf8;

--
-- Dumping data for table `product_store_availability`
--

INSERT INTO `product_store_availability` (`ProductStoreAvailability`, `ProductID`, `StoreID`, `Quantity`, `GramQuantity`) VALUES
(1375, 265, 1, 300, 0),
(1376, 265, 2, 30, 0),
(1377, 265, 3, 3, 0),
(1378, 265, 4, 0, 0),
(1379, 265, 5, 300, 0),
(1380, 265, 6, 0, 0),
(1381, 266, 1, 300, 0),
(1382, 266, 2, 30, 0),
(1383, 266, 3, 3, 0),
(1384, 266, 4, 0, 0),
(1385, 266, 5, 300, 0),
(1386, 266, 6, 0, 0),
(1387, 267, 1, 300, 0),
(1388, 267, 2, 30, 0),
(1389, 267, 3, 3, 0),
(1390, 267, 4, 0, 0),
(1391, 267, 5, 300, 0),
(1392, 267, 6, 0, 0),
(1393, 268, 1, 300, 0),
(1394, 268, 2, 30, 0),
(1395, 268, 3, 3, 0),
(1396, 268, 4, 0, 0),
(1397, 268, 5, 300, 0),
(1398, 268, 6, 0, 0),
(1399, 269, 1, 300, 0),
(1400, 269, 2, 30, 0),
(1401, 269, 3, 3, 0),
(1402, 269, 4, 0, 0),
(1403, 269, 5, 300, 0),
(1404, 269, 6, 0, 0),
(1405, 270, 1, 300, 0),
(1406, 270, 2, 30, 0),
(1407, 270, 3, 3, 0),
(1408, 270, 4, 0, 0),
(1409, 270, 5, 300, 0),
(1410, 270, 6, 0, 0),
(1411, 271, 1, 300, 0),
(1412, 271, 2, 30, 0),
(1413, 271, 3, 3, 0),
(1414, 271, 4, 0, 0),
(1415, 271, 5, 300, 0),
(1416, 271, 6, 0, 0),
(1417, 272, 1, 300, 0),
(1418, 272, 2, 30, 0),
(1419, 272, 3, 3, 0),
(1420, 272, 4, 0, 0),
(1421, 272, 5, 300, 0),
(1422, 272, 6, 0, 0),
(1423, 273, 1, 300, 0),
(1424, 273, 2, 30, 0),
(1425, 273, 3, 3, 0),
(1426, 273, 4, 0, 0),
(1427, 273, 5, 300, 0),
(1428, 273, 6, 0, 0),
(1429, 274, 1, 300, 0),
(1430, 274, 2, 30, 0),
(1431, 274, 3, 3, 0),
(1432, 274, 4, 0, 0),
(1433, 274, 5, 300, 0),
(1434, 274, 6, 0, 0),
(1435, 275, 1, 300, 0),
(1436, 275, 2, 30, 0),
(1437, 275, 3, 3, 0),
(1438, 275, 4, 0, 0),
(1439, 275, 5, 300, 0),
(1440, 275, 6, 0, 0),
(1441, 276, 1, 300, 0),
(1442, 276, 2, 30, 0),
(1443, 276, 3, 3, 0),
(1444, 276, 4, 0, 0),
(1445, 276, 5, 300, 0),
(1446, 276, 6, 0, 0),
(1447, 277, 1, 300, 0),
(1448, 277, 2, 30, 0),
(1449, 277, 3, 3, 0),
(1450, 277, 4, 0, 0),
(1451, 277, 5, 300, 0),
(1452, 277, 6, 0, 0),
(1453, 278, 1, 300, 0),
(1454, 278, 2, 30, 0),
(1455, 278, 3, 3, 0),
(1456, 278, 4, 0, 0),
(1457, 278, 5, 300, 0),
(1458, 278, 6, 0, 0),
(1459, 279, 1, 300, 0),
(1460, 279, 2, 30, 0),
(1461, 279, 3, 3, 0),
(1462, 279, 4, 0, 0),
(1463, 279, 5, 300, 0),
(1464, 279, 6, 0, 0),
(1465, 280, 1, 300, 0),
(1466, 280, 2, 30, 0),
(1467, 280, 3, 3, 0),
(1468, 280, 4, 0, 0),
(1469, 280, 5, 300, 0),
(1470, 280, 6, 0, 0),
(1471, 281, 1, 300, 0),
(1472, 281, 2, 30, 0),
(1473, 281, 3, 3, 0),
(1474, 281, 4, 0, 0),
(1475, 281, 5, 300, 0),
(1476, 281, 6, 0, 0),
(1477, 282, 1, 300, 0),
(1478, 282, 2, 30, 0),
(1479, 282, 3, 3, 0),
(1480, 282, 4, 0, 0),
(1481, 282, 5, 300, 0),
(1482, 282, 6, 0, 0),
(1483, 283, 1, 300, 0),
(1484, 283, 2, 30, 0),
(1485, 283, 3, 3, 0),
(1486, 283, 4, 0, 0),
(1487, 283, 5, 300, 0),
(1488, 283, 6, 0, 0),
(1489, 284, 1, 300, 0),
(1490, 284, 2, 30, 0),
(1491, 284, 3, 3, 0),
(1492, 284, 4, 0, 0),
(1493, 284, 5, 300, 0),
(1494, 284, 6, 0, 0),
(1495, 285, 1, 300, 0),
(1496, 285, 2, 30, 0),
(1497, 285, 3, 3, 0),
(1498, 285, 4, 0, 0),
(1499, 285, 5, 300, 0),
(1500, 285, 6, 0, 0),
(1501, 286, 1, 300, 0),
(1502, 286, 2, 30, 0),
(1503, 286, 3, 3, 0),
(1504, 286, 4, 0, 0),
(1505, 286, 5, 300, 0),
(1506, 286, 6, 0, 0),
(1507, 287, 1, 300, 0),
(1508, 287, 2, 30, 0),
(1509, 287, 3, 3, 0),
(1510, 287, 4, 0, 0),
(1511, 287, 5, 300, 0),
(1512, 287, 6, 0, 0),
(1513, 288, 1, 300, 0),
(1514, 288, 2, 30, 0),
(1515, 288, 3, 3, 0),
(1516, 288, 4, 0, 0),
(1517, 288, 5, 300, 0),
(1518, 288, 6, 0, 0),
(1519, 289, 1, 300, 0),
(1520, 289, 2, 30, 0),
(1521, 289, 3, 3, 0),
(1522, 289, 4, 0, 0),
(1523, 289, 5, 300, 0),
(1524, 289, 6, 0, 0),
(1525, 290, 1, 300, 0),
(1526, 290, 2, 30, 0),
(1527, 290, 3, 3, 0),
(1528, 290, 4, 0, 0),
(1529, 290, 5, 300, 0),
(1530, 290, 6, 0, 0),
(1531, 291, 1, 300, 0),
(1532, 291, 2, 30, 0),
(1533, 291, 3, 3, 0),
(1534, 291, 4, 0, 0),
(1535, 291, 5, 300, 0),
(1536, 291, 6, 0, 0),
(1537, 292, 1, 300, 0),
(1538, 292, 2, 30, 0),
(1539, 292, 3, 3, 0),
(1540, 292, 4, 0, 0),
(1541, 292, 5, 300, 0),
(1542, 292, 6, 0, 0),
(1543, 293, 1, 300, 0),
(1544, 293, 2, 30, 0),
(1545, 293, 3, 3, 0),
(1546, 293, 4, 0, 0),
(1547, 293, 5, 300, 0),
(1548, 293, 6, 0, 0),
(1549, 294, 1, 300, 0),
(1550, 294, 2, 30, 0),
(1551, 294, 3, 3, 0),
(1552, 294, 4, 0, 0),
(1553, 294, 5, 300, 0),
(1554, 294, 6, 0, 0),
(1555, 295, 1, 300, 0),
(1556, 295, 2, 30, 0),
(1557, 295, 3, 3, 0),
(1558, 295, 4, 0, 0),
(1559, 295, 5, 300, 0),
(1560, 295, 6, 0, 0),
(1561, 296, 1, 300, 0),
(1562, 296, 2, 30, 0),
(1563, 296, 3, 3, 0),
(1564, 296, 4, 0, 0),
(1565, 296, 5, 300, 0),
(1566, 296, 6, 0, 0),
(1567, 297, 1, 300, 0),
(1568, 297, 2, 30, 0),
(1569, 297, 3, 3, 0),
(1570, 297, 4, 0, 0),
(1571, 297, 5, 300, 0),
(1572, 297, 6, 0, 0),
(1573, 298, 1, 300, 0),
(1574, 298, 2, 30, 0),
(1575, 298, 3, 3, 0),
(1576, 298, 4, 0, 0),
(1577, 298, 5, 300, 0),
(1578, 298, 6, 0, 0),
(1579, 299, 1, 300, 0),
(1580, 299, 2, 30, 0),
(1581, 299, 3, 3, 0),
(1582, 299, 4, 0, 0),
(1583, 299, 5, 300, 0),
(1584, 299, 6, 0, 0),
(1585, 300, 1, 300, 0),
(1586, 300, 2, 30, 0),
(1587, 300, 3, 3, 0),
(1588, 300, 4, 0, 0),
(1589, 300, 5, 300, 0),
(1590, 300, 6, 0, 0),
(1591, 301, 1, 300, 0),
(1592, 301, 2, 30, 0),
(1593, 301, 3, 3, 0),
(1594, 301, 4, 0, 0),
(1595, 301, 5, 300, 0),
(1596, 301, 6, 0, 0),
(1597, 302, 1, 300, 0),
(1598, 302, 2, 30, 0),
(1599, 302, 3, 3, 0),
(1600, 302, 4, 0, 0),
(1601, 302, 5, 300, 0),
(1602, 302, 6, 0, 0),
(1603, 303, 1, 300, 0),
(1604, 303, 2, 30, 0),
(1605, 303, 3, 3, 0),
(1606, 303, 4, 0, 0),
(1607, 303, 5, 300, 0),
(1608, 303, 6, 0, 0),
(1609, 304, 1, 300, 0),
(1610, 304, 2, 30, 0),
(1611, 304, 3, 3, 0),
(1612, 304, 4, 0, 0),
(1613, 304, 5, 300, 0),
(1614, 304, 6, 0, 0),
(1615, 305, 1, 300, 0),
(1616, 305, 2, 30, 0),
(1617, 305, 3, 3, 0),
(1618, 305, 4, 0, 0),
(1619, 305, 5, 300, 0),
(1620, 305, 6, 0, 0),
(1621, 306, 1, 300, 0),
(1622, 306, 2, 30, 0),
(1623, 306, 3, 3, 0),
(1624, 306, 4, 0, 0),
(1625, 306, 5, 300, 0),
(1626, 306, 6, 0, 0),
(1627, 307, 1, 300, 0),
(1628, 307, 2, 30, 0),
(1629, 307, 3, 3, 0),
(1630, 307, 4, 0, 0),
(1631, 307, 5, 300, 0),
(1632, 307, 6, 0, 0),
(1633, 308, 1, 300, 0),
(1634, 308, 2, 30, 0),
(1635, 308, 3, 3, 0),
(1636, 308, 4, 0, 0),
(1637, 308, 5, 300, 0),
(1638, 308, 6, 0, 0),
(1639, 309, 1, 300, 0),
(1640, 309, 2, 30, 0),
(1641, 309, 3, 3, 0),
(1642, 309, 4, 0, 0),
(1643, 309, 5, 300, 0),
(1644, 309, 6, 0, 0),
(1645, 310, 1, 300, 0),
(1646, 310, 2, 30, 0),
(1647, 310, 3, 3, 0),
(1648, 310, 4, 0, 0),
(1649, 310, 5, 300, 0),
(1650, 310, 6, 0, 0),
(1651, 311, 1, 300, 0),
(1652, 311, 2, 30, 0),
(1653, 311, 3, 3, 0),
(1654, 311, 4, 0, 0),
(1655, 311, 5, 300, 0),
(1656, 311, 6, 0, 0),
(1657, 312, 1, 300, 0),
(1658, 312, 2, 30, 0),
(1659, 312, 3, 3, 0),
(1660, 312, 4, 0, 0),
(1661, 312, 5, 300, 0),
(1662, 312, 6, 0, 0),
(1663, 313, 1, 300, 0),
(1664, 313, 2, 30, 0),
(1665, 313, 3, 3, 0),
(1666, 313, 4, 0, 0),
(1667, 313, 5, 300, 0),
(1668, 313, 6, 0, 0),
(1669, 314, 1, 300, 0),
(1670, 314, 2, 30, 0),
(1671, 314, 3, 3, 0),
(1672, 314, 4, 0, 0),
(1673, 314, 5, 300, 0),
(1674, 314, 6, 0, 0),
(1675, 315, 1, 300, 0),
(1676, 315, 2, 30, 0),
(1677, 315, 3, 3, 0),
(1678, 315, 4, 0, 0),
(1679, 315, 5, 300, 0),
(1680, 315, 6, 0, 0),
(1681, 316, 1, 300, 0),
(1682, 316, 2, 30, 0),
(1683, 316, 3, 3, 0),
(1684, 316, 4, 0, 0),
(1685, 316, 5, 300, 0),
(1686, 316, 6, 0, 0),
(1687, 317, 1, 300, 0),
(1688, 317, 2, 30, 0),
(1689, 317, 3, 3, 0),
(1690, 317, 4, 0, 0),
(1691, 317, 5, 300, 0),
(1692, 317, 6, 0, 0),
(1693, 318, 1, 300, 0),
(1694, 318, 2, 30, 0),
(1695, 318, 3, 3, 0),
(1696, 318, 4, 0, 0),
(1697, 318, 5, 300, 0),
(1698, 318, 6, 0, 0),
(1699, 319, 1, 300, 0),
(1700, 319, 2, 30, 0),
(1701, 319, 3, 3, 0),
(1702, 319, 4, 0, 0),
(1703, 319, 5, 300, 0),
(1704, 319, 6, 0, 0),
(1705, 320, 1, 300, 0),
(1706, 320, 2, 30, 0),
(1707, 320, 3, 3, 0),
(1708, 320, 4, 0, 0),
(1709, 320, 5, 300, 0),
(1710, 320, 6, 0, 0),
(1711, 321, 1, 300, 0),
(1712, 321, 2, 30, 0),
(1713, 321, 3, 3, 0),
(1714, 321, 4, 0, 0),
(1715, 321, 5, 300, 0),
(1716, 321, 6, 0, 0),
(1717, 322, 1, 300, 0),
(1718, 322, 2, 30, 0),
(1719, 322, 3, 3, 0),
(1720, 322, 4, 0, 0),
(1721, 322, 5, 300, 0),
(1722, 322, 6, 0, 0),
(1723, 323, 1, 300, 0),
(1724, 323, 2, 30, 0),
(1725, 323, 3, 3, 0),
(1726, 323, 4, 0, 0),
(1727, 323, 5, 300, 0),
(1728, 323, 6, 0, 0),
(1729, 324, 1, 300, 0),
(1730, 324, 2, 30, 0),
(1731, 324, 3, 3, 0),
(1732, 324, 4, 0, 0),
(1733, 324, 5, 300, 0),
(1734, 324, 6, 0, 0),
(1735, 325, 1, 300, 0),
(1736, 325, 2, 30, 0),
(1737, 325, 3, 3, 0),
(1738, 325, 4, 0, 0),
(1739, 325, 5, 300, 0),
(1740, 325, 6, 0, 0),
(1741, 326, 1, 300, 0),
(1742, 326, 2, 30, 0),
(1743, 326, 3, 3, 0),
(1744, 326, 4, 0, 0),
(1745, 326, 5, 300, 0),
(1746, 326, 6, 0, 0),
(1747, 327, 1, 300, 0),
(1748, 327, 2, 30, 0),
(1749, 327, 3, 3, 0),
(1750, 327, 4, 0, 0),
(1751, 327, 5, 300, 0),
(1752, 327, 6, 0, 0),
(1753, 328, 1, 300, 0),
(1754, 328, 2, 30, 0),
(1755, 328, 3, 3, 0),
(1756, 328, 4, 0, 0),
(1757, 328, 5, 300, 0),
(1758, 328, 6, 0, 0),
(1759, 329, 1, 300, 0),
(1760, 329, 2, 30, 0),
(1761, 329, 3, 3, 0),
(1762, 329, 4, 0, 0),
(1763, 329, 5, 300, 0),
(1764, 329, 6, 0, 0),
(1765, 330, 1, 300, 0),
(1766, 330, 2, 30, 0),
(1767, 330, 3, 3, 0),
(1768, 330, 4, 0, 0),
(1769, 330, 5, 300, 0),
(1770, 330, 6, 0, 0),
(1771, 331, 1, 300, 0),
(1772, 331, 2, 30, 0),
(1773, 331, 3, 3, 0),
(1774, 331, 4, 0, 0),
(1775, 331, 5, 300, 0),
(1776, 331, 6, 0, 0),
(1777, 332, 1, 300, 0),
(1778, 332, 2, 30, 0),
(1779, 332, 3, 3, 0),
(1780, 332, 4, 0, 0),
(1781, 332, 5, 300, 0),
(1782, 332, 6, 0, 0),
(1783, 333, 1, 300, 0),
(1784, 333, 2, 30, 0),
(1785, 333, 3, 3, 0),
(1786, 333, 4, 0, 0),
(1787, 333, 5, 300, 0),
(1788, 333, 6, 0, 0),
(1789, 334, 1, 300, 0),
(1790, 334, 2, 30, 0),
(1791, 334, 3, 3, 0),
(1792, 334, 4, 0, 0),
(1793, 334, 5, 300, 0),
(1794, 334, 6, 0, 0),
(1795, 335, 1, 300, 0),
(1796, 335, 2, 30, 0),
(1797, 335, 3, 3, 0),
(1798, 335, 4, 0, 0),
(1799, 335, 5, 300, 0),
(1800, 335, 6, 0, 0),
(1801, 336, 1, 300, 0),
(1802, 336, 2, 30, 0),
(1803, 336, 3, 3, 0),
(1804, 336, 4, 0, 0),
(1805, 336, 5, 300, 0),
(1806, 336, 6, 0, 0),
(1807, 337, 1, 300, 0),
(1808, 337, 2, 30, 0),
(1809, 337, 3, 3, 0),
(1810, 337, 4, 0, 0),
(1811, 337, 5, 300, 0),
(1812, 337, 6, 0, 0),
(1813, 338, 1, 300, 0),
(1814, 338, 2, 30, 0),
(1815, 338, 3, 3, 0),
(1816, 338, 4, 0, 0),
(1817, 338, 5, 300, 0),
(1818, 338, 6, 0, 0),
(1819, 339, 1, 300, 0),
(1820, 339, 2, 30, 0),
(1821, 339, 3, 3, 0),
(1822, 339, 4, 0, 0),
(1823, 339, 5, 300, 0),
(1824, 339, 6, 0, 0),
(1825, 340, 1, 300, 0),
(1826, 340, 2, 30, 0),
(1827, 340, 3, 3, 0),
(1828, 340, 4, 0, 0),
(1829, 340, 5, 300, 0),
(1830, 340, 6, 0, 0),
(1831, 341, 1, 300, 0),
(1832, 341, 2, 30, 0),
(1833, 341, 3, 3, 0),
(1834, 341, 4, 0, 0),
(1835, 341, 5, 300, 0),
(1836, 341, 6, 0, 0),
(1837, 342, 1, 300, 0),
(1838, 342, 2, 30, 0),
(1839, 342, 3, 3, 0),
(1840, 342, 4, 0, 0),
(1841, 342, 5, 300, 0),
(1842, 342, 6, 0, 0),
(1843, 343, 1, 300, 0),
(1844, 343, 2, 30, 0),
(1845, 343, 3, 3, 0),
(1846, 343, 4, 0, 0),
(1847, 343, 5, 300, 0),
(1848, 343, 6, 0, 0),
(1849, 344, 1, 300, 0),
(1850, 344, 2, 30, 0),
(1851, 344, 3, 3, 0),
(1852, 344, 4, 0, 0),
(1853, 344, 5, 300, 0),
(1854, 344, 6, 0, 0),
(1855, 345, 1, 300, 0),
(1856, 345, 2, 30, 0),
(1857, 345, 3, 3, 0),
(1858, 345, 4, 0, 0),
(1859, 345, 5, 300, 0),
(1860, 345, 6, 0, 0),
(1861, 346, 1, 300, 0),
(1862, 346, 2, 30, 0),
(1863, 346, 3, 3, 0),
(1864, 346, 4, 0, 0),
(1865, 346, 5, 300, 0),
(1866, 346, 6, 0, 0),
(1867, 347, 1, 300, 0),
(1868, 347, 2, 30, 0),
(1869, 347, 3, 3, 0),
(1870, 347, 4, 0, 0),
(1871, 347, 5, 300, 0),
(1872, 347, 6, 0, 0),
(1873, 348, 1, 300, 0),
(1874, 348, 2, 30, 0),
(1875, 348, 3, 3, 0),
(1876, 348, 4, 0, 0),
(1877, 348, 5, 300, 0),
(1878, 348, 6, 0, 0),
(1879, 349, 1, 300, 0),
(1880, 349, 2, 30, 0),
(1881, 349, 3, 3, 0),
(1882, 349, 4, 0, 0),
(1883, 349, 5, 300, 0),
(1884, 349, 6, 0, 0),
(1885, 350, 1, 300, 0),
(1886, 350, 2, 30, 0),
(1887, 350, 3, 3, 0),
(1888, 350, 4, 0, 0),
(1889, 350, 5, 300, 0),
(1890, 350, 6, 0, 0),
(1891, 351, 1, 300, 0),
(1892, 351, 2, 30, 0),
(1893, 351, 3, 3, 0),
(1894, 351, 4, 0, 0),
(1895, 351, 5, 300, 0),
(1896, 351, 6, 0, 0),
(1897, 352, 1, 300, 0),
(1898, 352, 2, 30, 0),
(1899, 352, 3, 3, 0),
(1900, 352, 4, 0, 0),
(1901, 352, 5, 300, 0),
(1902, 352, 6, 0, 0),
(1903, 353, 1, 300, 0),
(1904, 353, 2, 30, 0),
(1905, 353, 3, 3, 0),
(1906, 353, 4, 0, 0),
(1907, 353, 5, 300, 0),
(1908, 353, 6, 0, 0),
(1909, 354, 1, 300, 0),
(1910, 354, 2, 30, 0),
(1911, 354, 3, 3, 0),
(1912, 354, 4, 0, 0),
(1913, 354, 5, 300, 0),
(1914, 354, 6, 0, 0),
(1915, 355, 1, 5, 0),
(1916, 355, 2, 5, 0),
(1917, 355, 3, 5, 0),
(1918, 355, 4, 5, 0),
(1919, 355, 5, 5, 0),
(1920, 355, 6, 5, 0),
(1921, 356, 1, 5, 0),
(1922, 356, 2, 5, 0),
(1923, 356, 3, 5, 0),
(1924, 356, 4, 5, 0),
(1925, 356, 5, 5, 0),
(1926, 356, 6, 5, 0),
(1927, 357, 1, 5, 0),
(1928, 357, 2, 5, 0),
(1929, 357, 3, 5, 0),
(1930, 357, 4, 5, 0),
(1931, 357, 5, 5, 0),
(1932, 357, 6, 5, 0),
(1933, 358, 1, 5, 0),
(1934, 358, 2, 5, 0),
(1935, 358, 3, 5, 0),
(1936, 358, 4, 5, 0),
(1937, 358, 5, 5, 0),
(1938, 358, 6, 5, 0),
(1939, 359, 1, 5, 0),
(1940, 359, 2, 5, 0),
(1941, 359, 3, 5, 0),
(1942, 359, 4, 5, 0),
(1943, 359, 5, 5, 0),
(1944, 359, 6, 5, 0),
(1945, 360, 1, 5, 0),
(1946, 360, 2, 5, 0),
(1947, 360, 3, 5, 0),
(1948, 360, 4, 5, 0),
(1949, 360, 5, 5, 0),
(1950, 360, 6, 5, 0),
(1951, 361, 1, 5, 0),
(1952, 361, 2, 5, 0),
(1953, 361, 3, 5, 0),
(1954, 361, 4, 5, 0),
(1955, 361, 5, 5, 0),
(1956, 361, 6, 5, 0),
(1957, 362, 1, 5, 0),
(1958, 362, 2, 5, 0),
(1959, 362, 3, 5, 0),
(1960, 362, 4, 5, 0),
(1961, 362, 5, 5, 0),
(1962, 362, 6, 5, 0),
(1963, 363, 1, 5, 0),
(1964, 363, 2, 5, 0),
(1965, 363, 3, 5, 0),
(1966, 363, 4, 5, 0),
(1967, 363, 5, 5, 0),
(1968, 363, 6, 5, 0),
(1969, 364, 1, 5, 0),
(1970, 364, 2, 5, 0),
(1971, 364, 3, 5, 0),
(1972, 364, 4, 5, 0),
(1973, 364, 5, 5, 0),
(1974, 364, 6, 5, 0),
(1975, 365, 1, 5, 0),
(1976, 365, 2, 5, 0),
(1977, 365, 3, 5, 0),
(1978, 365, 4, 5, 0),
(1979, 365, 5, 5, 0),
(1980, 365, 6, 5, 0),
(1981, 366, 1, 5, 0),
(1982, 366, 2, 5, 0),
(1983, 366, 3, 5, 0),
(1984, 366, 4, 5, 0),
(1985, 366, 5, 5, 0),
(1986, 366, 6, 5, 0),
(1987, 367, 1, 5, 0),
(1988, 367, 2, 5, 0),
(1989, 367, 3, 5, 0),
(1990, 367, 4, 5, 0),
(1991, 367, 5, 5, 0),
(1992, 367, 6, 5, 0),
(1993, 368, 1, 5, 0),
(1994, 368, 2, 5, 0),
(1995, 368, 3, 5, 0),
(1996, 368, 4, 5, 0),
(1997, 368, 5, 5, 0),
(1998, 368, 6, 5, 0),
(1999, 369, 1, 5, 0),
(2000, 369, 2, 5, 0),
(2001, 369, 3, 5, 0),
(2002, 369, 4, 5, 0),
(2003, 369, 5, 5, 0),
(2004, 369, 6, 5, 0),
(2005, 370, 1, 5, 0),
(2006, 370, 2, 5, 0),
(2007, 370, 3, 5, 0),
(2008, 370, 4, 5, 0),
(2009, 370, 5, 5, 0),
(2010, 370, 6, 5, 0),
(2011, 371, 1, 3, 0),
(2012, 371, 2, 3, 0),
(2013, 371, 3, 3, 0),
(2014, 371, 4, 3, 0),
(2015, 371, 5, 3, 0),
(2016, 371, 6, 3, 0),
(2017, 372, 1, 3, 0),
(2018, 372, 2, 3, 0),
(2019, 372, 3, 3, 0),
(2020, 372, 4, 3, 0),
(2021, 372, 5, 3, 0),
(2022, 372, 6, 3, 0),
(2023, 373, 1, 5, 0),
(2024, 373, 2, 5, 0),
(2025, 373, 3, 5, 0),
(2026, 373, 4, 5, 0),
(2027, 373, 5, 5, 0),
(2028, 373, 6, 5, 0),
(2029, 374, 1, 5, 0),
(2030, 374, 2, 5, 0),
(2031, 374, 3, 5, 0),
(2032, 374, 4, 5, 0),
(2033, 374, 5, 5, 0),
(2034, 374, 6, 5, 0),
(2035, 375, 1, 5, 0),
(2036, 375, 2, 5, 0),
(2037, 375, 3, 5, 0),
(2038, 375, 4, 5, 0),
(2039, 375, 5, 5, 0),
(2040, 375, 6, 5, 0),
(2041, 376, 1, 3000, 0),
(2042, 376, 2, 3000, 0),
(2043, 376, 3, 3000, 0),
(2044, 376, 4, 3000, 0),
(2045, 376, 5, 3000, 0),
(2046, 376, 6, 3000, 0),
(2047, 377, 1, 3000, 0),
(2048, 377, 2, 3000, 0),
(2049, 377, 3, 3000, 0),
(2050, 377, 4, 3000, 0),
(2051, 377, 5, 3000, 0),
(2052, 377, 6, 3000, 0),
(2053, 378, 1, 3000, 0),
(2054, 378, 2, 3000, 0),
(2055, 378, 3, 3000, 0),
(2056, 378, 4, 3000, 0),
(2057, 378, 5, 3000, 0),
(2058, 378, 6, 3000, 0),
(2059, 379, 1, 3000, 0),
(2060, 379, 2, 3000, 0),
(2061, 379, 3, 3000, 0),
(2062, 379, 4, 3000, 0),
(2063, 379, 5, 3000, 0),
(2064, 379, 6, 3000, 0),
(2065, 380, 1, 3000, 0),
(2066, 380, 2, 3000, 0),
(2067, 380, 3, 3000, 0),
(2068, 380, 4, 3000, 0),
(2069, 380, 5, 3000, 0),
(2070, 380, 6, 3000, 0),
(2071, 381, 1, 3000, 0),
(2072, 381, 2, 3000, 0),
(2073, 381, 3, 3000, 0),
(2074, 381, 4, 3000, 0),
(2075, 381, 5, 3000, 0),
(2076, 381, 6, 3000, 0),
(2077, 382, 1, 3000, 0),
(2078, 382, 2, 3000, 0),
(2079, 382, 3, 3000, 0),
(2080, 382, 4, 3000, 0),
(2081, 382, 5, 3000, 0),
(2082, 382, 6, 3000, 0),
(2083, 383, 1, 3000, 0),
(2084, 383, 2, 3000, 0),
(2085, 383, 3, 3000, 0),
(2086, 383, 4, 3000, 0),
(2087, 383, 5, 3000, 0),
(2088, 383, 6, 3000, 0),
(2089, 384, 1, 3000, 0),
(2090, 384, 2, 3000, 0),
(2091, 384, 3, 3000, 0),
(2092, 384, 4, 3000, 0),
(2093, 384, 5, 3000, 0),
(2094, 384, 6, 3000, 0),
(2095, 385, 1, 3000, 0),
(2096, 385, 2, 3000, 0),
(2097, 385, 3, 3000, 0),
(2098, 385, 4, 3000, 0),
(2099, 385, 5, 3000, 0),
(2100, 385, 6, 3000, 0),
(2101, 386, 1, 3000, 0),
(2102, 386, 2, 3000, 0),
(2103, 386, 3, 3000, 0),
(2104, 386, 4, 3000, 0),
(2105, 386, 5, 3000, 0),
(2106, 386, 6, 3000, 0),
(2107, 387, 1, 3000, 0),
(2108, 387, 2, 3000, 0),
(2109, 387, 3, 3000, 0),
(2110, 387, 4, 3000, 0),
(2111, 387, 5, 3000, 0),
(2112, 387, 6, 3000, 0),
(2113, 388, 1, 3000, 0),
(2114, 388, 2, 3000, 0),
(2115, 388, 3, 3000, 0),
(2116, 388, 4, 3000, 0),
(2117, 388, 5, 3000, 0),
(2118, 388, 6, 3000, 0),
(2119, 389, 1, 3000, 0),
(2120, 389, 2, 3000, 0),
(2121, 389, 3, 3000, 0),
(2122, 389, 4, 3000, 0),
(2123, 389, 5, 3000, 0),
(2124, 389, 6, 3000, 0),
(2125, 390, 1, 3000, 0),
(2126, 390, 2, 3000, 0),
(2127, 390, 3, 3000, 0),
(2128, 390, 4, 3000, 0),
(2129, 390, 5, 3000, 0),
(2130, 390, 6, 3000, 0),
(2131, 391, 1, 3000, 0),
(2132, 391, 2, 3000, 0),
(2133, 391, 3, 3000, 0),
(2134, 391, 4, 3000, 0),
(2135, 391, 5, 3000, 0),
(2136, 391, 6, 3000, 0),
(2137, 392, 1, 3000, 0),
(2138, 392, 2, 3000, 0),
(2139, 392, 3, 3000, 0),
(2140, 392, 4, 3000, 0),
(2141, 392, 5, 3000, 0),
(2142, 392, 6, 3000, 0),
(2143, 393, 1, 3000, 0),
(2144, 393, 2, 3000, 0),
(2145, 393, 3, 3000, 0),
(2146, 393, 4, 3000, 0),
(2147, 393, 5, 3000, 0),
(2148, 393, 6, 3000, 0),
(2149, 394, 1, 3000, 0),
(2150, 394, 2, 3000, 0),
(2151, 394, 3, 3000, 0),
(2152, 394, 4, 3000, 0),
(2153, 394, 5, 3000, 0),
(2154, 394, 6, 3000, 0),
(2155, 395, 1, 3000, 0),
(2156, 395, 2, 3000, 0),
(2157, 395, 3, 3000, 0),
(2158, 395, 4, 3000, 0),
(2159, 395, 5, 3000, 0),
(2160, 395, 6, 3000, 0),
(2161, 396, 1, 3000, 0),
(2162, 396, 2, 3000, 0),
(2163, 396, 3, 3000, 0),
(2164, 396, 4, 3000, 0),
(2165, 396, 5, 3000, 0),
(2166, 396, 6, 3000, 0),
(2167, 397, 1, 3000, 0),
(2168, 397, 2, 3000, 0),
(2169, 397, 3, 3000, 0),
(2170, 397, 4, 3000, 0),
(2171, 397, 5, 3000, 0),
(2172, 397, 6, 3000, 0),
(2173, 398, 0, 0, 0),
(2174, 399, 1, 3000, 0),
(2175, 399, 2, 3000, 0),
(2176, 399, 3, 3000, 0),
(2177, 399, 4, 3000, 0),
(2178, 399, 5, 3000, 0),
(2179, 399, 6, 3000, 0),
(2180, 400, 1, 3000, 0),
(2181, 400, 2, 3000, 0),
(2182, 400, 3, 3000, 0),
(2183, 400, 4, 3000, 0),
(2184, 400, 5, 3000, 0),
(2185, 400, 6, 3000, 0),
(2186, 401, 1, 3000, 0),
(2187, 401, 2, 3000, 0),
(2188, 401, 3, 3000, 0),
(2189, 401, 4, 3000, 0),
(2190, 401, 5, 3000, 0),
(2191, 401, 6, 3000, 0),
(2192, 402, 1, 3000, 0),
(2193, 402, 2, 3000, 0),
(2194, 402, 3, 3000, 0),
(2195, 402, 4, 3000, 0),
(2196, 402, 5, 3000, 0),
(2197, 402, 6, 3000, 0),
(2198, 403, 1, 3000, 0),
(2199, 403, 2, 3000, 0),
(2200, 403, 3, 3000, 0),
(2201, 403, 4, 3000, 0),
(2202, 403, 5, 3000, 0),
(2203, 403, 6, 3000, 0),
(2204, 404, 1, 3000, 0),
(2205, 404, 2, 3000, 0),
(2206, 404, 3, 3000, 0),
(2207, 404, 4, 3000, 0),
(2208, 404, 5, 3000, 0),
(2209, 404, 6, 3000, 0),
(2210, 405, 1, 3000, 0),
(2211, 405, 2, 3000, 0),
(2212, 405, 3, 3000, 0),
(2213, 405, 4, 3000, 0),
(2214, 405, 5, 3000, 0),
(2215, 405, 6, 3000, 0),
(2216, 406, 1, 3000, 0),
(2217, 406, 2, 3000, 0),
(2218, 406, 3, 3000, 0),
(2219, 406, 4, 3000, 0),
(2220, 406, 5, 3000, 0),
(2221, 406, 6, 3000, 0),
(2222, 407, 1, 3000, 0),
(2223, 407, 2, 3000, 0),
(2224, 407, 3, 3000, 0),
(2225, 407, 4, 3000, 0),
(2226, 407, 5, 3000, 0),
(2227, 407, 6, 3000, 0),
(2228, 408, 1, 3000, 0),
(2229, 408, 2, 3000, 0),
(2230, 408, 3, 3000, 0),
(2231, 408, 4, 3000, 0),
(2232, 408, 5, 3000, 0),
(2233, 408, 6, 3000, 0),
(2234, 409, 1, 3000, 0),
(2235, 409, 2, 3000, 0),
(2236, 409, 3, 3000, 0),
(2237, 409, 4, 3000, 0),
(2238, 409, 5, 3000, 0),
(2239, 409, 6, 3000, 0),
(2240, 410, 1, 3000, 0),
(2241, 410, 2, 3000, 0),
(2242, 410, 3, 3000, 0),
(2243, 410, 4, 3000, 0),
(2244, 410, 5, 3000, 0),
(2245, 410, 6, 3000, 0),
(2246, 411, 1, 3000, 0),
(2247, 411, 2, 3000, 0),
(2248, 411, 3, 3000, 0),
(2249, 411, 4, 3000, 0),
(2250, 411, 5, 3000, 0),
(2251, 411, 6, 3000, 0),
(2252, 412, 1, 3000, 0),
(2253, 412, 2, 3000, 0),
(2254, 412, 3, 3000, 0),
(2255, 412, 4, 3000, 0),
(2256, 412, 5, 3000, 0),
(2257, 412, 6, 3000, 0),
(2258, 413, 1, 3000, 0),
(2259, 413, 2, 3000, 0),
(2260, 413, 3, 3000, 0),
(2261, 413, 4, 3000, 0),
(2262, 413, 5, 3000, 0),
(2263, 413, 6, 3000, 0),
(2264, 414, 1, 3000, 0),
(2265, 414, 2, 3000, 0),
(2266, 414, 3, 3000, 0),
(2267, 414, 4, 3000, 0),
(2268, 414, 5, 3000, 0),
(2269, 414, 6, 3000, 0),
(2270, 415, 1, 3000, 0),
(2271, 415, 2, 3000, 0),
(2272, 415, 3, 3000, 0),
(2273, 415, 4, 3000, 0),
(2274, 415, 5, 3000, 0),
(2275, 415, 6, 3000, 0),
(2276, 416, 1, 3000, 0),
(2277, 416, 2, 3000, 0),
(2278, 416, 3, 3000, 0),
(2279, 416, 4, 3000, 0),
(2280, 416, 5, 3000, 0),
(2281, 416, 6, 3000, 0),
(2282, 417, 1, 3000, 0),
(2283, 417, 2, 3000, 0),
(2284, 417, 3, 3000, 0),
(2285, 417, 4, 3000, 0),
(2286, 417, 5, 3000, 0),
(2287, 417, 6, 3000, 0),
(2288, 418, 1, 3000, 0),
(2289, 418, 2, 3000, 0),
(2290, 418, 3, 3000, 0),
(2291, 418, 4, 3000, 0),
(2292, 418, 5, 3000, 0),
(2293, 418, 6, 3000, 0),
(2294, 419, 1, 3000, 0),
(2295, 419, 2, 3000, 0),
(2296, 419, 3, 3000, 0),
(2297, 419, 4, 3000, 0),
(2298, 419, 5, 3000, 0),
(2299, 419, 6, 3000, 0),
(2300, 420, 1, 3000, 0),
(2301, 420, 2, 3000, 0),
(2302, 420, 3, 3000, 0),
(2303, 420, 4, 3000, 0),
(2304, 420, 5, 3000, 0),
(2305, 420, 6, 3000, 0),
(2306, 421, 1, 3000, 0),
(2307, 421, 2, 3000, 0),
(2308, 421, 3, 3000, 0),
(2309, 421, 4, 3000, 0),
(2310, 421, 5, 3000, 0),
(2311, 421, 6, 3000, 0),
(2312, 422, 1, 3000, 0),
(2313, 422, 2, 3000, 0),
(2314, 422, 3, 3000, 0),
(2315, 422, 4, 3000, 0),
(2316, 422, 5, 3000, 0),
(2317, 422, 6, 3000, 0),
(2318, 423, 1, 3000, 0),
(2319, 423, 2, 3000, 0),
(2320, 423, 3, 3000, 0),
(2321, 423, 4, 3000, 0),
(2322, 423, 5, 3000, 0),
(2323, 423, 6, 3000, 0),
(2324, 424, 1, 3000, 0),
(2325, 424, 2, 3000, 0),
(2326, 424, 3, 3000, 0),
(2327, 424, 4, 3000, 0),
(2328, 424, 5, 3000, 0),
(2329, 424, 6, 3000, 0),
(2330, 425, 1, 3000, 0),
(2331, 425, 2, 3000, 0),
(2332, 425, 3, 3000, 0),
(2333, 425, 4, 3000, 0),
(2334, 425, 5, 3000, 0),
(2335, 425, 6, 3000, 0),
(2336, 426, 1, 3000, 0),
(2337, 426, 2, 3000, 0),
(2338, 426, 3, 3000, 0),
(2339, 426, 4, 3000, 0),
(2340, 426, 5, 3000, 0),
(2341, 426, 6, 3000, 0),
(2342, 427, 1, 3000, 0),
(2343, 427, 2, 3000, 0),
(2344, 427, 3, 3000, 0),
(2345, 427, 4, 3000, 0),
(2346, 427, 5, 3000, 0),
(2347, 427, 6, 3000, 0),
(2348, 428, 1, 3000, 0),
(2349, 428, 2, 3000, 0),
(2350, 428, 3, 3000, 0),
(2351, 428, 4, 3000, 0),
(2352, 428, 5, 3000, 0),
(2353, 428, 6, 3000, 0),
(2354, 429, 1, 3000, 0),
(2355, 429, 2, 3000, 0),
(2356, 429, 3, 3000, 0),
(2357, 429, 4, 3000, 0),
(2358, 429, 5, 3000, 0),
(2359, 429, 6, 3000, 0),
(2360, 430, 1, 3000, 0),
(2361, 430, 2, 3000, 0),
(2362, 430, 3, 3000, 0),
(2363, 430, 4, 3000, 0),
(2364, 430, 5, 3000, 0),
(2365, 430, 6, 3000, 0),
(2366, 431, 1, 3000, 0),
(2367, 431, 2, 3000, 0),
(2368, 431, 3, 3000, 0),
(2369, 431, 4, 3000, 0),
(2370, 431, 5, 3000, 0),
(2371, 431, 6, 3000, 0),
(2372, 432, 1, 3000, 0),
(2373, 432, 2, 3000, 0),
(2374, 432, 3, 3000, 0),
(2375, 432, 4, 3000, 0),
(2376, 432, 5, 3000, 0),
(2377, 432, 6, 3000, 0),
(2378, 433, 1, 3000, 0),
(2379, 433, 2, 3000, 0),
(2380, 433, 3, 3000, 0),
(2381, 433, 4, 3000, 0),
(2382, 433, 5, 3000, 0),
(2383, 433, 6, 3000, 0),
(2384, 434, 1, 3000, 0),
(2385, 434, 2, 3000, 0),
(2386, 434, 3, 3000, 0),
(2387, 434, 4, 3000, 0),
(2388, 434, 5, 3000, 0),
(2389, 434, 6, 3000, 0),
(2390, 435, 1, 3000, 0),
(2391, 435, 2, 3000, 0),
(2392, 435, 3, 3000, 0),
(2393, 435, 4, 3000, 0),
(2394, 435, 5, 3000, 0),
(2395, 435, 6, 3000, 0),
(2396, 436, 1, 3000, 0),
(2397, 436, 2, 3000, 0),
(2398, 436, 3, 3000, 0),
(2399, 436, 4, 3000, 0),
(2400, 436, 5, 3000, 0),
(2401, 436, 6, 3000, 0),
(2402, 437, 1, 3000, 0),
(2403, 437, 2, 3000, 0),
(2404, 437, 3, 3000, 0),
(2405, 437, 4, 3000, 0),
(2406, 437, 5, 3000, 0),
(2407, 437, 6, 3000, 0),
(2408, 438, 1, 3000, 0),
(2409, 438, 2, 3000, 0),
(2410, 438, 3, 3000, 0),
(2411, 438, 4, 3000, 0),
(2412, 438, 5, 3000, 0),
(2413, 438, 6, 3000, 0),
(2414, 439, 1, 3000, 0),
(2415, 439, 2, 3000, 0),
(2416, 439, 3, 3000, 0),
(2417, 439, 4, 3000, 0),
(2418, 439, 5, 3000, 0),
(2419, 439, 6, 3000, 0),
(2420, 440, 1, 3000, 0),
(2421, 440, 2, 3000, 0),
(2422, 440, 3, 3000, 0),
(2423, 440, 4, 3000, 0),
(2424, 440, 5, 3000, 0),
(2425, 440, 6, 3000, 0),
(2426, 441, 1, 3000, 0),
(2427, 441, 2, 3000, 0),
(2428, 441, 3, 3000, 0),
(2429, 441, 4, 3000, 0),
(2430, 441, 5, 3000, 0),
(2431, 441, 6, 3000, 0),
(2432, 442, 1, 3000, 0),
(2433, 442, 2, 3000, 0),
(2434, 442, 3, 3000, 0),
(2435, 442, 4, 3000, 0),
(2436, 442, 5, 3000, 0),
(2437, 442, 6, 3000, 0),
(2438, 443, 1, 3000, 0),
(2439, 443, 2, 3000, 0),
(2440, 443, 3, 3000, 0),
(2441, 443, 4, 3000, 0),
(2442, 443, 5, 3000, 0),
(2443, 443, 6, 3000, 0),
(2444, 444, 1, 3000, 0),
(2445, 444, 2, 3000, 0),
(2446, 444, 3, 3000, 0),
(2447, 444, 4, 3000, 0),
(2448, 444, 5, 3000, 0),
(2449, 444, 6, 3000, 0),
(2450, 445, 1, 3000, 0),
(2451, 445, 2, 3000, 0),
(2452, 445, 3, 3000, 0),
(2453, 445, 4, 3000, 0),
(2454, 445, 5, 3000, 0),
(2455, 445, 6, 3000, 0),
(2456, 446, 1, 3000, 0),
(2457, 446, 2, 3000, 0),
(2458, 446, 3, 3000, 0),
(2459, 446, 4, 3000, 0),
(2460, 446, 5, 3000, 0),
(2461, 446, 6, 3000, 0),
(2462, 447, 1, 3000, 0),
(2463, 447, 2, 3000, 0),
(2464, 447, 3, 3000, 0),
(2465, 447, 4, 3000, 0),
(2466, 447, 5, 3000, 0),
(2467, 447, 6, 3000, 0),
(2468, 448, 1, 3000, 0),
(2469, 448, 2, 3000, 0),
(2470, 448, 3, 3000, 0),
(2471, 448, 4, 3000, 0),
(2472, 448, 5, 3000, 0),
(2473, 448, 6, 3000, 0),
(2474, 449, 1, 3000, 0),
(2475, 449, 2, 3000, 0),
(2476, 449, 3, 3000, 0),
(2477, 449, 4, 3000, 0),
(2478, 449, 5, 3000, 0),
(2479, 449, 6, 3000, 0),
(2480, 450, 1, 3000, 0),
(2481, 450, 2, 3000, 0),
(2482, 450, 3, 3000, 0),
(2483, 450, 4, 3000, 0),
(2484, 450, 5, 3000, 0),
(2485, 450, 6, 3000, 0),
(2486, 451, 1, 3000, 0),
(2487, 451, 2, 3000, 0),
(2488, 451, 3, 3000, 0),
(2489, 451, 4, 3000, 0),
(2490, 451, 5, 3000, 0),
(2491, 451, 6, 3000, 0),
(2492, 452, 1, 3000, 0),
(2493, 452, 2, 3000, 0),
(2494, 452, 3, 3000, 0),
(2495, 452, 4, 3000, 0),
(2496, 452, 5, 3000, 0),
(2497, 452, 6, 3000, 0),
(2498, 453, 1, 3000, 0),
(2499, 453, 2, 3000, 0),
(2500, 453, 3, 3000, 0),
(2501, 453, 4, 3000, 0),
(2502, 453, 5, 3000, 0),
(2503, 453, 6, 3000, 0),
(2504, 454, 1, 3000, 0),
(2505, 454, 2, 3000, 0),
(2506, 454, 3, 3000, 0),
(2507, 454, 4, 3000, 0),
(2508, 454, 5, 3000, 0),
(2509, 454, 6, 3000, 0),
(2510, 455, 1, 3000, 0),
(2511, 455, 2, 3000, 0),
(2512, 455, 3, 3000, 0),
(2513, 455, 4, 3000, 0),
(2514, 455, 5, 3000, 0),
(2515, 455, 6, 3000, 0),
(2516, 456, 1, 3000, 0),
(2517, 456, 2, 3000, 0),
(2518, 456, 3, 3000, 0),
(2519, 456, 4, 3000, 0),
(2520, 456, 5, 3000, 0),
(2521, 456, 6, 3000, 0),
(2522, 457, 1, 3000, 0),
(2523, 457, 2, 3000, 0),
(2524, 457, 3, 3000, 0),
(2525, 457, 4, 3000, 0),
(2526, 457, 5, 3000, 0),
(2527, 457, 6, 3000, 0),
(2528, 458, 1, 3000, 0),
(2529, 458, 2, 3000, 0),
(2530, 458, 3, 3000, 0),
(2531, 458, 4, 3000, 0),
(2532, 458, 5, 3000, 0),
(2533, 458, 6, 3000, 0),
(2534, 459, 1, 3000, 0),
(2535, 459, 2, 3000, 0),
(2536, 459, 3, 3000, 0),
(2537, 459, 4, 3000, 0),
(2538, 459, 5, 3000, 0),
(2539, 459, 6, 3000, 0),
(2540, 460, 1, 3000, 0),
(2541, 460, 2, 3000, 0),
(2542, 460, 3, 3000, 0),
(2543, 460, 4, 3000, 0),
(2544, 460, 5, 3000, 0),
(2545, 460, 6, 3000, 0),
(2546, 461, 1, 3000, 0),
(2547, 461, 2, 3000, 0),
(2548, 461, 3, 3000, 0),
(2549, 461, 4, 3000, 0),
(2550, 461, 5, 3000, 0),
(2551, 461, 6, 3000, 0),
(2552, 462, 1, 3000, 0),
(2553, 462, 2, 3000, 0),
(2554, 462, 3, 3000, 0),
(2555, 462, 4, 3000, 0),
(2556, 462, 5, 3000, 0),
(2557, 462, 6, 3000, 0),
(2558, 463, 1, 3000, 0),
(2559, 463, 2, 3000, 0),
(2560, 463, 3, 3000, 0),
(2561, 463, 4, 3000, 0),
(2562, 463, 5, 3000, 0),
(2563, 463, 6, 3000, 0),
(2564, 464, 1, 3000, 0),
(2565, 464, 2, 3000, 0),
(2566, 464, 3, 3000, 0),
(2567, 464, 4, 3000, 0),
(2568, 464, 5, 3000, 0),
(2569, 464, 6, 3000, 0),
(2570, 465, 1, 3000, 0),
(2571, 465, 2, 3000, 0),
(2572, 465, 3, 3000, 0),
(2573, 465, 4, 3000, 0),
(2574, 465, 5, 3000, 0),
(2575, 465, 6, 3000, 0),
(2576, 466, 1, 3000, 0),
(2577, 466, 2, 3000, 0),
(2578, 466, 3, 3000, 0),
(2579, 466, 4, 3000, 0),
(2580, 466, 5, 3000, 0),
(2581, 466, 6, 3000, 0),
(2582, 467, 1, 3000, 0),
(2583, 467, 2, 3000, 0),
(2584, 467, 3, 3000, 0),
(2585, 467, 4, 3000, 0),
(2586, 467, 5, 3000, 0),
(2587, 467, 6, 3000, 0),
(2588, 468, 1, 3000, 0),
(2589, 468, 2, 3000, 0),
(2590, 468, 3, 3000, 0),
(2591, 468, 4, 3000, 0),
(2592, 468, 5, 3000, 0),
(2593, 468, 6, 3000, 0),
(2594, 469, 1, 3000, 0),
(2595, 469, 2, 3000, 0),
(2596, 469, 3, 3000, 0),
(2597, 469, 4, 3000, 0),
(2598, 469, 5, 3000, 0),
(2599, 469, 6, 3000, 0),
(2600, 470, 1, 3000, 0),
(2601, 470, 2, 3000, 0),
(2602, 470, 3, 3000, 0),
(2603, 470, 4, 3000, 0),
(2604, 470, 5, 3000, 0),
(2605, 470, 6, 3000, 0),
(2606, 471, 1, 3000, 0),
(2607, 471, 2, 3000, 0),
(2608, 471, 3, 3000, 0),
(2609, 471, 4, 3000, 0),
(2610, 471, 5, 3000, 0),
(2611, 471, 6, 3000, 0),
(2612, 472, 1, 3000, 0),
(2613, 472, 2, 3000, 0),
(2614, 472, 3, 3000, 0),
(2615, 472, 4, 3000, 0),
(2616, 472, 5, 3000, 0),
(2617, 472, 6, 3000, 0),
(2618, 473, 1, 3000, 0),
(2619, 473, 2, 3000, 0),
(2620, 473, 3, 3000, 0),
(2621, 473, 4, 3000, 0),
(2622, 473, 5, 3000, 0),
(2623, 473, 6, 3000, 0),
(2624, 474, 1, 3000, 0),
(2625, 474, 2, 3000, 0),
(2626, 474, 3, 3000, 0),
(2627, 474, 4, 3000, 0),
(2628, 474, 5, 3000, 0),
(2629, 474, 6, 3000, 0),
(2630, 475, 1, 3000, 0),
(2631, 475, 2, 3000, 0),
(2632, 475, 3, 3000, 0),
(2633, 475, 4, 3000, 0),
(2634, 475, 5, 3000, 0),
(2635, 475, 6, 3000, 0),
(2636, 476, 1, 3000, 0),
(2637, 476, 2, 3000, 0),
(2638, 476, 3, 3000, 0),
(2639, 476, 4, 3000, 0),
(2640, 476, 5, 3000, 0),
(2641, 476, 6, 3000, 0),
(2642, 477, 1, 3000, 0),
(2643, 477, 2, 3000, 0),
(2644, 477, 3, 3000, 0),
(2645, 477, 4, 3000, 0),
(2646, 477, 5, 3000, 0),
(2647, 477, 6, 3000, 0),
(2648, 478, 1, 3000, 0),
(2649, 478, 2, 3000, 0),
(2650, 478, 3, 3000, 0),
(2651, 478, 4, 3000, 0),
(2652, 478, 5, 3000, 0),
(2653, 478, 6, 3000, 0),
(2654, 479, 1, 3000, 0),
(2655, 479, 2, 3000, 0),
(2656, 479, 3, 3000, 0),
(2657, 479, 4, 3000, 0),
(2658, 479, 5, 3000, 0),
(2659, 479, 6, 3000, 0),
(2660, 480, 1, 3000, 0),
(2661, 480, 2, 3000, 0),
(2662, 480, 3, 3000, 0),
(2663, 480, 4, 3000, 0),
(2664, 480, 5, 3000, 0),
(2665, 480, 6, 3000, 0),
(2666, 481, 1, 3000, 0),
(2667, 481, 2, 3000, 0),
(2668, 481, 3, 3000, 0),
(2669, 481, 4, 3000, 0),
(2670, 481, 5, 3000, 0),
(2671, 481, 6, 3000, 0),
(2672, 482, 1, 3000, 0),
(2673, 482, 2, 3000, 0),
(2674, 482, 3, 3000, 0),
(2675, 482, 4, 3000, 0),
(2676, 482, 5, 3000, 0),
(2677, 482, 6, 3000, 0),
(2678, 483, 1, 3000, 0),
(2679, 483, 2, 3000, 0),
(2680, 483, 3, 3000, 0),
(2681, 483, 4, 3000, 0),
(2682, 483, 5, 3000, 0),
(2683, 483, 6, 3000, 0),
(2684, 484, 1, 3000, 0),
(2685, 484, 2, 3000, 0),
(2686, 484, 3, 3000, 0),
(2687, 484, 4, 3000, 0),
(2688, 484, 5, 3000, 0),
(2689, 484, 6, 3000, 0),
(2690, 485, 1, 3000, 0),
(2691, 485, 2, 3000, 0),
(2692, 485, 3, 3000, 0),
(2693, 485, 4, 3000, 0),
(2694, 485, 5, 3000, 0),
(2695, 485, 6, 3000, 0),
(2696, 486, 1, 3000, 0),
(2697, 486, 2, 3000, 0),
(2698, 486, 3, 3000, 0),
(2699, 486, 4, 3000, 0),
(2700, 486, 5, 3000, 0),
(2701, 486, 6, 3000, 0),
(2702, 487, 1, 3000, 0),
(2703, 487, 2, 3000, 0),
(2704, 487, 3, 3000, 0),
(2705, 487, 4, 3000, 0),
(2706, 487, 5, 3000, 0),
(2707, 487, 6, 3000, 0),
(2708, 488, 1, 5, 0),
(2709, 488, 2, 5, 0),
(2710, 488, 3, 5, 0),
(2711, 488, 4, 5, 0),
(2712, 488, 5, 5, 0),
(2713, 488, 6, 5, 0),
(2714, 489, 1, 5, 0),
(2715, 489, 2, 5, 0),
(2716, 489, 3, 5, 0),
(2717, 489, 4, 5, 0),
(2718, 489, 5, 5, 0),
(2719, 489, 6, 5, 0),
(2720, 490, 1, 5, 0),
(2721, 490, 2, 5, 0),
(2722, 490, 3, 5, 0),
(2723, 490, 4, 5, 0),
(2724, 490, 5, 5, 0),
(2725, 490, 6, 5, 0),
(2726, 491, 1, 5, 0),
(2727, 491, 2, 5, 0),
(2728, 491, 3, 5, 0),
(2729, 491, 4, 5, 0),
(2730, 491, 5, 5, 0),
(2731, 491, 6, 5, 0),
(2732, 492, 1, 5, 0),
(2733, 492, 2, 5, 0),
(2734, 492, 3, 5, 0),
(2735, 492, 4, 5, 0),
(2736, 492, 5, 5, 0),
(2737, 492, 6, 5, 0),
(2738, 493, 1, 5, 0),
(2739, 493, 2, 5, 0),
(2740, 493, 3, 5, 0),
(2741, 493, 4, 5, 0),
(2742, 493, 5, 5, 0),
(2743, 493, 6, 5, 0),
(2744, 494, 1, 5, 0),
(2745, 494, 2, 5, 0),
(2746, 494, 3, 5, 0),
(2747, 494, 4, 5, 0),
(2748, 494, 5, 5, 0),
(2749, 494, 6, 5, 0),
(2750, 495, 1, 5, 0),
(2751, 495, 2, 5, 0),
(2752, 495, 3, 5, 0),
(2753, 495, 4, 5, 0),
(2754, 495, 5, 5, 0),
(2755, 495, 6, 5, 0),
(2756, 496, 1, 5, 0),
(2757, 496, 2, 5, 0),
(2758, 496, 3, 5, 0),
(2759, 496, 4, 5, 0),
(2760, 496, 5, 5, 0),
(2761, 496, 6, 5, 0),
(2762, 497, 1, 5, 0),
(2763, 497, 2, 5, 0),
(2764, 497, 3, 5, 0),
(2765, 497, 4, 5, 0),
(2766, 497, 5, 5, 0),
(2767, 497, 6, 5, 0),
(2768, 498, 1, 5, 0),
(2769, 498, 2, 5, 0),
(2770, 498, 3, 5, 0),
(2771, 498, 4, 5, 0),
(2772, 498, 5, 5, 0),
(2773, 498, 6, 5, 0),
(2774, 499, 1, 5, 0),
(2775, 499, 2, 5, 0),
(2776, 499, 3, 5, 0),
(2777, 499, 4, 5, 0),
(2778, 499, 5, 5, 0),
(2779, 499, 6, 5, 0),
(2780, 500, 1, 5, 0),
(2781, 500, 2, 5, 0),
(2782, 500, 3, 5, 0),
(2783, 500, 4, 5, 0),
(2784, 500, 5, 5, 0),
(2785, 500, 6, 5, 0),
(2786, 501, 1, 5, 0),
(2787, 501, 2, 5, 0),
(2788, 501, 3, 5, 0),
(2789, 501, 4, 5, 0),
(2790, 501, 5, 5, 0),
(2791, 501, 6, 5, 0),
(2792, 502, 1, 5000, 0),
(2793, 502, 2, 5000, 0),
(2794, 502, 3, 5000, 0),
(2795, 502, 4, 5000, 0),
(2796, 502, 5, 5000, 0),
(2797, 502, 6, 5001, 0),
(2798, 503, 1, 5000, 0),
(2799, 503, 2, 5000, 0),
(2800, 503, 3, 5000, 0),
(2801, 503, 4, 5000, 0),
(2802, 503, 5, 5000, 0),
(2803, 503, 6, 5002, 0),
(2804, 504, 1, 5000, 0),
(2805, 504, 2, 5000, 0),
(2806, 504, 3, 5000, 0),
(2807, 504, 4, 5000, 0),
(2808, 504, 5, 5000, 0),
(2809, 504, 6, 5003, 0),
(2810, 505, 1, 5000, 0),
(2811, 505, 2, 5000, 0),
(2812, 505, 3, 5000, 0),
(2813, 505, 4, 5000, 0),
(2814, 505, 5, 5000, 0),
(2815, 505, 6, 5004, 0),
(2816, 506, 1, 5000, 0),
(2817, 506, 2, 5000, 0),
(2818, 506, 3, 5000, 0),
(2819, 506, 4, 5000, 0),
(2820, 506, 5, 5000, 0),
(2821, 506, 6, 5005, 0),
(2822, 507, 1, 5000, 0),
(2823, 507, 2, 5000, 0),
(2824, 507, 3, 5000, 0),
(2825, 507, 4, 5000, 0),
(2826, 507, 5, 5000, 0),
(2827, 507, 6, 5006, 0),
(2828, 508, 1, 5, 0),
(2829, 508, 2, 5, 0),
(2830, 508, 3, 5, 0),
(2831, 508, 4, 5, 0),
(2832, 508, 5, 5, 0),
(2833, 508, 6, 5, 0),
(2834, 509, 1, 5000, 0),
(2835, 509, 2, 5000, 0),
(2836, 509, 3, 5000, 0),
(2837, 509, 4, 5000, 0),
(2838, 509, 5, 5000, 0),
(2839, 509, 6, 5008, 0),
(2840, 510, 1, 5000, 0),
(2841, 510, 2, 5000, 0),
(2842, 510, 3, 5000, 0),
(2843, 510, 4, 5000, 0),
(2844, 510, 5, 5000, 0),
(2845, 510, 6, 5009, 0),
(2846, 511, 1, 5000, 0),
(2847, 511, 2, 5000, 0),
(2848, 511, 3, 5000, 0),
(2849, 511, 4, 5000, 0),
(2850, 511, 5, 5000, 0),
(2851, 511, 6, 5010, 0),
(2852, 512, 1, 5000, 0),
(2853, 512, 2, 5000, 0),
(2854, 512, 3, 5000, 0),
(2855, 512, 4, 5000, 0),
(2856, 512, 5, 5000, 0),
(2857, 512, 6, 5011, 0),
(2858, 513, 1, 5000, 0),
(2859, 513, 2, 5000, 0),
(2860, 513, 3, 5000, 0),
(2861, 513, 4, 5000, 0),
(2862, 513, 5, 5000, 0),
(2863, 513, 6, 5012, 0),
(2864, 514, 1, 5000, 0),
(2865, 514, 2, 5000, 0),
(2866, 514, 3, 5000, 0),
(2867, 514, 4, 5000, 0),
(2868, 514, 5, 5000, 0),
(2869, 514, 6, 5013, 0),
(2870, 515, 1, 5000, 0),
(2871, 515, 2, 5000, 0),
(2872, 515, 3, 5000, 0),
(2873, 515, 4, 5000, 0),
(2874, 515, 5, 5000, 0),
(2875, 515, 6, 5014, 0),
(2876, 516, 1, 5000, 0),
(2877, 516, 2, 5000, 0),
(2878, 516, 3, 5000, 0),
(2879, 516, 4, 5000, 0),
(2880, 516, 5, 5000, 0),
(2881, 516, 6, 5015, 0),
(2882, 517, 1, 5000, 0),
(2883, 517, 2, 5000, 0),
(2884, 517, 3, 5000, 0),
(2885, 517, 4, 5000, 0),
(2886, 517, 5, 5000, 0),
(2887, 517, 6, 5016, 0),
(2888, 518, 1, 5000, 0),
(2889, 518, 2, 5000, 0),
(2890, 518, 3, 5000, 0),
(2891, 518, 4, 5000, 0),
(2892, 518, 5, 5000, 0),
(2893, 518, 6, 5017, 0),
(2894, 519, 1, 5000, 0),
(2895, 519, 2, 5000, 0),
(2896, 519, 3, 5000, 0),
(2897, 519, 4, 5000, 0),
(2898, 519, 5, 5000, 0),
(2899, 519, 6, 5018, 0),
(2900, 520, 1, 5000, 0),
(2901, 520, 2, 5000, 0),
(2902, 520, 3, 5000, 0),
(2903, 520, 4, 5000, 0),
(2904, 520, 5, 5000, 0),
(2905, 520, 6, 5019, 0),
(2906, 521, 1, 5000, 0),
(2907, 521, 2, 5000, 0),
(2908, 521, 3, 5000, 0),
(2909, 521, 4, 5000, 0),
(2910, 521, 5, 5000, 0),
(2911, 521, 6, 5020, 0),
(2912, 522, 1, 5000, 0),
(2913, 522, 2, 5000, 0),
(2914, 522, 3, 5000, 0),
(2915, 522, 4, 5000, 0),
(2916, 522, 5, 5000, 0),
(2917, 522, 6, 5021, 0),
(2918, 523, 1, 5000, 0),
(2919, 523, 2, 5000, 0),
(2920, 523, 3, 5000, 0),
(2921, 523, 4, 5000, 0),
(2922, 523, 5, 5000, 0),
(2923, 523, 6, 5022, 0),
(2924, 524, 1, 5, 0),
(2925, 524, 2, 5, 0),
(2926, 524, 3, 5, 0),
(2927, 524, 4, 5, 0),
(2928, 524, 5, 5, 0),
(2929, 524, 6, 5, 0),
(2930, 525, 1, 3000, 0),
(2931, 525, 2, 3000, 0),
(2932, 525, 3, 3000, 0),
(2933, 525, 4, 3000, 0),
(2934, 525, 5, 3000, 0),
(2935, 525, 6, 3000, 0),
(2936, 526, 1, 3000, 0),
(2937, 526, 2, 3000, 0),
(2938, 526, 3, 3000, 0),
(2939, 526, 4, 3000, 0),
(2940, 526, 5, 3000, 0),
(2941, 526, 6, 3000, 0),
(2942, 527, 1, 3000, 0),
(2943, 527, 2, 3000, 0),
(2944, 527, 3, 3000, 0),
(2945, 527, 4, 3000, 0),
(2946, 527, 5, 3000, 0),
(2947, 527, 6, 3000, 0),
(2948, 528, 1, 3000, 0),
(2949, 528, 2, 3000, 0),
(2950, 528, 3, 3000, 0),
(2951, 528, 4, 3000, 0),
(2952, 528, 5, 3000, 0),
(2953, 528, 6, 3000, 0),
(2954, 529, 1, 3000, 0),
(2955, 529, 2, 3000, 0),
(2956, 529, 3, 3000, 0),
(2957, 529, 4, 3000, 0),
(2958, 529, 5, 3000, 0),
(2959, 529, 6, 3000, 0),
(2960, 530, 1, 3000, 0),
(2961, 530, 2, 3000, 0),
(2962, 530, 3, 3000, 0),
(2963, 530, 4, 3000, 0),
(2964, 530, 5, 3000, 0),
(2965, 530, 6, 3000, 0),
(2966, 531, 1, 3000, 0),
(2967, 531, 2, 3000, 0),
(2968, 531, 3, 3000, 0),
(2969, 531, 4, 3000, 0),
(2970, 531, 5, 3000, 0),
(2971, 531, 6, 3000, 0),
(2972, 532, 1, 3000, 0),
(2973, 532, 2, 3000, 0),
(2974, 532, 3, 3000, 0),
(2975, 532, 4, 3000, 0),
(2976, 532, 5, 3000, 0),
(2977, 532, 6, 3000, 0),
(2978, 533, 1, 3000, 0),
(2979, 533, 2, 3000, 0),
(2980, 533, 3, 3000, 0),
(2981, 533, 4, 3000, 0),
(2982, 533, 5, 3000, 0),
(2983, 533, 6, 3000, 0),
(2984, 534, 1, 3000, 0),
(2985, 534, 2, 3000, 0),
(2986, 534, 3, 3000, 0),
(2987, 534, 4, 3000, 0),
(2988, 534, 5, 3000, 0),
(2989, 534, 6, 3000, 0),
(2990, 535, 1, 3000, 0),
(2991, 535, 2, 3000, 0),
(2992, 535, 3, 3000, 0),
(2993, 535, 4, 3000, 0),
(2994, 535, 5, 3000, 0),
(2995, 535, 6, 3000, 0),
(2996, 536, 1, 3000, 0),
(2997, 536, 2, 3000, 0),
(2998, 536, 3, 3000, 0),
(2999, 536, 4, 3000, 0),
(3000, 536, 5, 3000, 0),
(3001, 536, 6, 3000, 0),
(3002, 537, 1, 3000, 0),
(3003, 537, 2, 3000, 0),
(3004, 537, 3, 3000, 0),
(3005, 537, 4, 3000, 0),
(3006, 537, 5, 3000, 0),
(3007, 537, 6, 3000, 0),
(3008, 538, 1, 3000, 0),
(3009, 538, 2, 3000, 0),
(3010, 538, 3, 3000, 0),
(3011, 538, 4, 3000, 0),
(3012, 538, 5, 3000, 0),
(3013, 538, 6, 3000, 0),
(3014, 539, 1, 3000, 0),
(3015, 539, 2, 3000, 0),
(3016, 539, 3, 3000, 0),
(3017, 539, 4, 3000, 0),
(3018, 539, 5, 3000, 0),
(3019, 539, 6, 3000, 0),
(3020, 540, 1, 3000, 0),
(3021, 540, 2, 3000, 0),
(3022, 540, 3, 3000, 0),
(3023, 540, 4, 3000, 0),
(3024, 540, 5, 3000, 0),
(3025, 540, 6, 3000, 0),
(3026, 541, 1, 3000, 0),
(3027, 541, 2, 3000, 0),
(3028, 541, 3, 3000, 0),
(3029, 541, 4, 3000, 0),
(3030, 541, 5, 3000, 0),
(3031, 541, 6, 3000, 0),
(3032, 542, 1, 3000, 0),
(3033, 542, 2, 3000, 0),
(3034, 542, 3, 3000, 0),
(3035, 542, 4, 3000, 0),
(3036, 542, 5, 3000, 0),
(3037, 542, 6, 3000, 0),
(3038, 543, 1, 3000, 0),
(3039, 543, 2, 3000, 0),
(3040, 543, 3, 3000, 0),
(3041, 543, 4, 3000, 0),
(3042, 543, 5, 3000, 0),
(3043, 543, 6, 3000, 0),
(3044, 544, 1, 3000, 0),
(3045, 544, 2, 3000, 0),
(3046, 544, 3, 3000, 0),
(3047, 544, 4, 3000, 0),
(3048, 544, 5, 3000, 0),
(3049, 544, 6, 3000, 0),
(3050, 545, 1, 3000, 0),
(3051, 545, 2, 3000, 0),
(3052, 545, 3, 3000, 0),
(3053, 545, 4, 3000, 0),
(3054, 545, 5, 3000, 0),
(3055, 545, 6, 3000, 0),
(3056, 546, 1, 3000, 0),
(3057, 546, 2, 3000, 0),
(3058, 546, 3, 3000, 0),
(3059, 546, 4, 3000, 0),
(3060, 546, 5, 3000, 0),
(3061, 546, 6, 3000, 0),
(3062, 547, 1, 3000, 0),
(3063, 547, 2, 3000, 0),
(3064, 547, 3, 3000, 0),
(3065, 547, 4, 3000, 0),
(3066, 547, 5, 3000, 0),
(3067, 547, 6, 3000, 0),
(3068, 548, 1, 3000, 0),
(3069, 548, 2, 3000, 0),
(3070, 548, 3, 3000, 0),
(3071, 548, 4, 3000, 0),
(3072, 548, 5, 3000, 0),
(3073, 548, 6, 3000, 0),
(3074, 549, 1, 3000, 0),
(3075, 549, 2, 3000, 0),
(3076, 549, 3, 3000, 0),
(3077, 549, 4, 3000, 0),
(3078, 549, 5, 3000, 0),
(3079, 549, 6, 3000, 0),
(3080, 550, 1, 3000, 0),
(3081, 550, 2, 3000, 0),
(3082, 550, 3, 3000, 0),
(3083, 550, 4, 3000, 0),
(3084, 550, 5, 3000, 0),
(3085, 550, 6, 3000, 0),
(3086, 551, 1, 3000, 0),
(3087, 551, 2, 3000, 0),
(3088, 551, 3, 3000, 0),
(3089, 551, 4, 3000, 0),
(3090, 551, 5, 3000, 0),
(3091, 551, 6, 3000, 0),
(3092, 552, 1, 3000, 0),
(3093, 552, 2, 3000, 0),
(3094, 552, 3, 3000, 0),
(3095, 552, 4, 3000, 0),
(3096, 552, 5, 3000, 0),
(3097, 552, 6, 3000, 0),
(3098, 553, 1, 3000, 0),
(3099, 553, 2, 3000, 0),
(3100, 553, 3, 3000, 0),
(3101, 553, 4, 3000, 0),
(3102, 553, 5, 3000, 0),
(3103, 553, 6, 3000, 0),
(3104, 554, 1, 3000, 0),
(3105, 554, 2, 3000, 0),
(3106, 554, 3, 3000, 0),
(3107, 554, 4, 3000, 0),
(3108, 554, 5, 3000, 0),
(3109, 554, 6, 3000, 0),
(3110, 555, 1, 3000, 0),
(3111, 555, 2, 3000, 0),
(3112, 555, 3, 3000, 0),
(3113, 555, 4, 3000, 0),
(3114, 555, 5, 3000, 0),
(3115, 555, 6, 3000, 0),
(3116, 556, 1, 3000, 0),
(3117, 556, 2, 3000, 0),
(3118, 556, 3, 3000, 0),
(3119, 556, 4, 3000, 0),
(3120, 556, 5, 3000, 0),
(3121, 556, 6, 3000, 0),
(3122, 557, 1, 3000, 0),
(3123, 557, 2, 3000, 0),
(3124, 557, 3, 3000, 0),
(3125, 557, 4, 3000, 0),
(3126, 557, 5, 3000, 0),
(3127, 557, 6, 3000, 0),
(3128, 558, 1, 3000, 0),
(3129, 558, 2, 3000, 0),
(3130, 558, 3, 3000, 0),
(3131, 558, 4, 3000, 0),
(3132, 558, 5, 3000, 0),
(3133, 558, 6, 3000, 0),
(3134, 559, 1, 3000, 0),
(3135, 559, 2, 3000, 0),
(3136, 559, 3, 3000, 0),
(3137, 559, 4, 3000, 0),
(3138, 559, 5, 3000, 0),
(3139, 559, 6, 3000, 0),
(3140, 560, 1, 3000, 0),
(3141, 560, 2, 3000, 0),
(3142, 560, 3, 3000, 0),
(3143, 560, 4, 3000, 0),
(3144, 560, 5, 3000, 0),
(3145, 560, 6, 3000, 0),
(3146, 561, 1, 3000, 0),
(3147, 561, 2, 3000, 0),
(3148, 561, 3, 3000, 0),
(3149, 561, 4, 3000, 0),
(3150, 561, 5, 3000, 0),
(3151, 561, 6, 3000, 0),
(3152, 562, 1, 3000, 0),
(3153, 562, 2, 3000, 0),
(3154, 562, 3, 3000, 0),
(3155, 562, 4, 3000, 0),
(3156, 562, 5, 3000, 0),
(3157, 562, 6, 3000, 0),
(3158, 563, 1, 3000, 0),
(3159, 563, 2, 3000, 0),
(3160, 563, 3, 3000, 0),
(3161, 563, 4, 3000, 0),
(3162, 563, 5, 3000, 0),
(3163, 563, 6, 3000, 0),
(3164, 564, 1, 3000, 0),
(3165, 564, 2, 3000, 0),
(3166, 564, 3, 3000, 0),
(3167, 564, 4, 3000, 0),
(3168, 564, 5, 3000, 0),
(3169, 564, 6, 3000, 0),
(3170, 565, 1, 3000, 0),
(3171, 565, 2, 3000, 0),
(3172, 565, 3, 3000, 0),
(3173, 565, 4, 3000, 0),
(3174, 565, 5, 3000, 0),
(3175, 565, 6, 3000, 0),
(3176, 566, 1, 3000, 0),
(3177, 566, 2, 3000, 0),
(3178, 566, 3, 3000, 0),
(3179, 566, 4, 3000, 0),
(3180, 566, 5, 3000, 0),
(3181, 566, 6, 3000, 0),
(3182, 567, 1, 3000, 0),
(3183, 567, 2, 3000, 0),
(3184, 567, 3, 3000, 0),
(3185, 567, 4, 3000, 0),
(3186, 567, 5, 3000, 0),
(3187, 567, 6, 3000, 0),
(3188, 568, 1, 3000, 0),
(3189, 568, 2, 3000, 0),
(3190, 568, 3, 3000, 0),
(3191, 568, 4, 3000, 0),
(3192, 568, 5, 3000, 0),
(3193, 568, 6, 3000, 0),
(3194, 569, 1, 3000, 0),
(3195, 569, 2, 3000, 0),
(3196, 569, 3, 3000, 0),
(3197, 569, 4, 3000, 0),
(3198, 569, 5, 3000, 0),
(3199, 569, 6, 3000, 0),
(3200, 570, 1, 3000, 0),
(3201, 570, 2, 3000, 0),
(3202, 570, 3, 3000, 0),
(3203, 570, 4, 3000, 0),
(3204, 570, 5, 3000, 0),
(3205, 570, 6, 3000, 0),
(3206, 571, 1, 3000, 0),
(3207, 571, 2, 3000, 0),
(3208, 571, 3, 3000, 0),
(3209, 571, 4, 3000, 0),
(3210, 571, 5, 3000, 0),
(3211, 571, 6, 3000, 0),
(3212, 572, 1, 3000, 0),
(3213, 572, 2, 3000, 0),
(3214, 572, 3, 3000, 0),
(3215, 572, 4, 3000, 0),
(3216, 572, 5, 3000, 0),
(3217, 572, 6, 3000, 0),
(3218, 573, 1, 3000, 0),
(3219, 573, 2, 3000, 0),
(3220, 573, 3, 3000, 0),
(3221, 573, 4, 3000, 0),
(3222, 573, 5, 3000, 0),
(3223, 573, 6, 3000, 0),
(3224, 574, 1, 3000, 0),
(3225, 574, 2, 3000, 0),
(3226, 574, 3, 3000, 0),
(3227, 574, 4, 3000, 0),
(3228, 574, 5, 3000, 0),
(3229, 574, 6, 3000, 0),
(3230, 575, 1, 3000, 0),
(3231, 575, 2, 3000, 0),
(3232, 575, 3, 3000, 0),
(3233, 575, 4, 3000, 0),
(3234, 575, 5, 3000, 0),
(3235, 575, 6, 3000, 0),
(3236, 576, 1, 3000, 0),
(3237, 576, 2, 3000, 0),
(3238, 576, 3, 3000, 0),
(3239, 576, 4, 3000, 0),
(3240, 576, 5, 3000, 0),
(3241, 576, 6, 3000, 0),
(3242, 577, 1, 3000, 0),
(3243, 577, 2, 3000, 0),
(3244, 577, 3, 3000, 0),
(3245, 577, 4, 3000, 0),
(3246, 577, 5, 3000, 0),
(3247, 577, 6, 3000, 0),
(3248, 578, 1, 3000, 0),
(3249, 578, 2, 3000, 0),
(3250, 578, 3, 3000, 0),
(3251, 578, 4, 3000, 0),
(3252, 578, 5, 3000, 0),
(3253, 578, 6, 3000, 0),
(3254, 579, 1, 3000, 0),
(3255, 579, 2, 3000, 0),
(3256, 579, 3, 3000, 0),
(3257, 579, 4, 3000, 0),
(3258, 579, 5, 3000, 0),
(3259, 579, 6, 3000, 0),
(3260, 580, 1, 3000, 0),
(3261, 580, 2, 3000, 0),
(3262, 580, 3, 3000, 0),
(3263, 580, 4, 3000, 0),
(3264, 580, 5, 3000, 0),
(3265, 580, 6, 3000, 0),
(3266, 581, 1, 3000, 0),
(3267, 581, 2, 3000, 0),
(3268, 581, 3, 3000, 0),
(3269, 581, 4, 3000, 0),
(3270, 581, 5, 3000, 0),
(3271, 581, 6, 3000, 0),
(3272, 582, 1, 3000, 0),
(3273, 582, 2, 3000, 0),
(3274, 582, 3, 3000, 0),
(3275, 582, 4, 3000, 0),
(3276, 582, 5, 3000, 0),
(3277, 582, 6, 3000, 0),
(3278, 583, 1, 3000, 0),
(3279, 583, 2, 3000, 0),
(3280, 583, 3, 3000, 0),
(3281, 583, 4, 3000, 0),
(3282, 583, 5, 3000, 0),
(3283, 583, 6, 3000, 0),
(3284, 584, 1, 3000, 0),
(3285, 584, 2, 3000, 0),
(3286, 584, 3, 3000, 0),
(3287, 584, 4, 3000, 0),
(3288, 584, 5, 3000, 0),
(3289, 584, 6, 3000, 0),
(3290, 585, 1, 3000, 0),
(3291, 585, 2, 3000, 0),
(3292, 585, 3, 3000, 0),
(3293, 585, 4, 3000, 0),
(3294, 585, 5, 3000, 0),
(3295, 585, 6, 3000, 0),
(3296, 586, 1, 3000, 0),
(3297, 586, 2, 3000, 0),
(3298, 586, 3, 3000, 0),
(3299, 586, 4, 3000, 0),
(3300, 586, 5, 3000, 0),
(3301, 586, 6, 3000, 0),
(3302, 587, 1, 3000, 0),
(3303, 587, 2, 3000, 0),
(3304, 587, 3, 3000, 0),
(3305, 587, 4, 3000, 0),
(3306, 587, 5, 3000, 0),
(3307, 587, 6, 3000, 0),
(3308, 588, 1, 3000, 0),
(3309, 588, 2, 3000, 0),
(3310, 588, 3, 3000, 0),
(3311, 588, 4, 3000, 0),
(3312, 588, 5, 3000, 0),
(3313, 588, 6, 3000, 0),
(3314, 589, 1, 3000, 0),
(3315, 589, 2, 3000, 0),
(3316, 589, 3, 3000, 0),
(3317, 589, 4, 3000, 0),
(3318, 589, 5, 3000, 0),
(3319, 589, 6, 3000, 0),
(3320, 590, 1, 3000, 0),
(3321, 590, 2, 3000, 0),
(3322, 590, 3, 3000, 0),
(3323, 590, 4, 3000, 0),
(3324, 590, 5, 3000, 0),
(3325, 590, 6, 3000, 0),
(3326, 591, 1, 3000, 0),
(3327, 591, 2, 3000, 0),
(3328, 591, 3, 3000, 0),
(3329, 591, 4, 3000, 0),
(3330, 591, 5, 3000, 0),
(3331, 591, 6, 3000, 0),
(3332, 592, 1, 3000, 0),
(3333, 592, 2, 3000, 0),
(3334, 592, 3, 3000, 0),
(3335, 592, 4, 3000, 0),
(3336, 592, 5, 3000, 0),
(3337, 592, 6, 3000, 0),
(3338, 593, 1, 3000, 0),
(3339, 593, 2, 3000, 0),
(3340, 593, 3, 3000, 0),
(3341, 593, 4, 3000, 0),
(3342, 593, 5, 3000, 0),
(3343, 593, 6, 3000, 0),
(3344, 594, 1, 3000, 0),
(3345, 594, 2, 3000, 0),
(3346, 594, 3, 3000, 0),
(3347, 594, 4, 3000, 0),
(3348, 594, 5, 3000, 0),
(3349, 594, 6, 3000, 0),
(3350, 595, 1, 3000, 0),
(3351, 595, 2, 3000, 0),
(3352, 595, 3, 3000, 0),
(3353, 595, 4, 3000, 0),
(3354, 595, 5, 3000, 0),
(3355, 595, 6, 3000, 0),
(3356, 596, 1, 3000, 0),
(3357, 596, 2, 3000, 0),
(3358, 596, 3, 3000, 0),
(3359, 596, 4, 3000, 0),
(3360, 596, 5, 3000, 0),
(3361, 596, 6, 3000, 0),
(3362, 597, 1, 3000, 0),
(3363, 597, 2, 3000, 0),
(3364, 597, 3, 3000, 0),
(3365, 597, 4, 3000, 0),
(3366, 597, 5, 3000, 0),
(3367, 597, 6, 3000, 0),
(3368, 598, 1, 3000, 0),
(3369, 598, 2, 3000, 0),
(3370, 598, 3, 3000, 0),
(3371, 598, 4, 3000, 0),
(3372, 598, 5, 3000, 0),
(3373, 598, 6, 3000, 0),
(3374, 599, 1, 3000, 0),
(3375, 599, 2, 3000, 0),
(3376, 599, 3, 3000, 0),
(3377, 599, 4, 3000, 0),
(3378, 599, 5, 3000, 0),
(3379, 599, 6, 3000, 0),
(3380, 600, 1, 3000, 0),
(3381, 600, 2, 3000, 0),
(3382, 600, 3, 3000, 0),
(3383, 600, 4, 3000, 0),
(3384, 600, 5, 3000, 0),
(3385, 600, 6, 3000, 0),
(3386, 601, 1, 3000, 0),
(3387, 601, 2, 3000, 0),
(3388, 601, 3, 3000, 0),
(3389, 601, 4, 3000, 0),
(3390, 601, 5, 3000, 0),
(3391, 601, 6, 3000, 0),
(3392, 602, 1, 3000, 0),
(3393, 602, 2, 3000, 0),
(3394, 602, 3, 3000, 0),
(3395, 602, 4, 3000, 0),
(3396, 602, 5, 3000, 0),
(3397, 602, 6, 3000, 0),
(3398, 603, 1, 3000, 0),
(3399, 603, 2, 3000, 0),
(3400, 603, 3, 3000, 0),
(3401, 603, 4, 3000, 0),
(3402, 603, 5, 3000, 0),
(3403, 603, 6, 3000, 0),
(3404, 604, 1, 3000, 0),
(3405, 604, 2, 3000, 0),
(3406, 604, 3, 3000, 0),
(3407, 604, 4, 3000, 0),
(3408, 604, 5, 3000, 0),
(3409, 604, 6, 3000, 0),
(3410, 605, 1, 3000, 0),
(3411, 605, 2, 3000, 0),
(3412, 605, 3, 3000, 0),
(3413, 605, 4, 3000, 0),
(3414, 605, 5, 3000, 0),
(3415, 605, 6, 3000, 0),
(3416, 606, 1, 3000, 0),
(3417, 606, 2, 3000, 0),
(3418, 606, 3, 3000, 0),
(3419, 606, 4, 3000, 0),
(3420, 606, 5, 3000, 0),
(3421, 606, 6, 3000, 0),
(3422, 607, 1, 3000, 0),
(3423, 607, 2, 3000, 0),
(3424, 607, 3, 3000, 0),
(3425, 607, 4, 3000, 0),
(3426, 607, 5, 3000, 0),
(3427, 607, 6, 3000, 0),
(3428, 608, 1, 3000, 0),
(3429, 608, 2, 3000, 0),
(3430, 608, 3, 3000, 0),
(3431, 608, 4, 3000, 0),
(3432, 608, 5, 3000, 0),
(3433, 608, 6, 3000, 0),
(3434, 609, 1, 3000, 0),
(3435, 609, 2, 3000, 0),
(3436, 609, 3, 3000, 0),
(3437, 609, 4, 3000, 0),
(3438, 609, 5, 3000, 0),
(3439, 609, 6, 3000, 0),
(3440, 610, 1, 3000, 0),
(3441, 610, 2, 3000, 0),
(3442, 610, 3, 3000, 0),
(3443, 610, 4, 3000, 0),
(3444, 610, 5, 3000, 0),
(3445, 610, 6, 3000, 0),
(3446, 611, 1, 3000, 0),
(3447, 611, 2, 3000, 0),
(3448, 611, 3, 3000, 0),
(3449, 611, 4, 3000, 0),
(3450, 611, 5, 3000, 0),
(3451, 611, 6, 3000, 0),
(3452, 612, 1, 3000, 0),
(3453, 612, 2, 3000, 0),
(3454, 612, 3, 3000, 0),
(3455, 612, 4, 3000, 0),
(3456, 612, 5, 3000, 0),
(3457, 612, 6, 3000, 0),
(3458, 613, 1, 3000, 0),
(3459, 613, 2, 3000, 0),
(3460, 613, 3, 3000, 0),
(3461, 613, 4, 3000, 0),
(3462, 613, 5, 3000, 0),
(3463, 613, 6, 3000, 0),
(3464, 614, 1, 3000, 0),
(3465, 614, 2, 3000, 0),
(3466, 614, 3, 3000, 0),
(3467, 614, 4, 3000, 0),
(3468, 614, 5, 3000, 0),
(3469, 614, 6, 3000, 0),
(3470, 615, 1, 5, 0),
(3471, 615, 2, 5, 0),
(3472, 615, 3, 5, 0),
(3473, 615, 4, 5, 0),
(3474, 615, 5, 5, 0),
(3475, 615, 6, 5, 0),
(3476, 616, 1, 5, 0),
(3477, 616, 2, 5, 0),
(3478, 616, 3, 5, 0),
(3479, 616, 4, 5, 0),
(3480, 616, 5, 5, 0),
(3481, 616, 6, 5, 0),
(3482, 617, 1, 5, 0),
(3483, 617, 2, 5, 0),
(3484, 617, 3, 5, 0),
(3485, 617, 4, 5, 0),
(3486, 617, 5, 5, 0),
(3487, 617, 6, 5, 0),
(3488, 618, 1, 5, 0),
(3489, 618, 2, 5, 0),
(3490, 618, 3, 5, 0),
(3491, 618, 4, 5, 0),
(3492, 618, 5, 5, 0),
(3493, 618, 6, 5, 0),
(3494, 619, 1, 5, 0),
(3495, 619, 2, 5, 0),
(3496, 619, 3, 5, 0),
(3497, 619, 4, 5, 0),
(3498, 619, 5, 5, 0),
(3499, 619, 6, 5, 0),
(3500, 620, 1, 5, 0),
(3501, 620, 2, 5, 0),
(3502, 620, 3, 5, 0),
(3503, 620, 4, 5, 0),
(3504, 620, 5, 5, 0),
(3505, 620, 6, 5, 0),
(3506, 621, 1, 5, 0),
(3507, 621, 2, 5, 0),
(3508, 621, 3, 5, 0),
(3509, 621, 4, 5, 0),
(3510, 621, 5, 5, 0),
(3511, 621, 6, 5, 0),
(3512, 622, 1, 5, 0),
(3513, 622, 2, 5, 0),
(3514, 622, 3, 5, 0),
(3515, 622, 4, 5, 0),
(3516, 622, 5, 5, 0),
(3517, 622, 6, 5, 0),
(3518, 623, 1, 5000, 0),
(3519, 623, 2, 5000, 0),
(3520, 623, 3, 5000, 0),
(3521, 623, 4, 5000, 0),
(3522, 623, 5, 5000, 0),
(3523, 623, 6, 5002, 0),
(3524, 624, 1, 5000, 0),
(3525, 624, 2, 5000, 0),
(3526, 624, 3, 5000, 0),
(3527, 624, 4, 5000, 0),
(3528, 624, 5, 5000, 0),
(3529, 624, 6, 5003, 0),
(3530, 625, 1, 5000, 0),
(3531, 625, 2, 5000, 0),
(3532, 625, 3, 5000, 0),
(3533, 625, 4, 5000, 0),
(3534, 625, 5, 5000, 0),
(3535, 625, 6, 5004, 0),
(3536, 626, 1, 5000, 0),
(3537, 626, 2, 5000, 0),
(3538, 626, 3, 5000, 0),
(3539, 626, 4, 5000, 0),
(3540, 626, 5, 5000, 0),
(3541, 626, 6, 5005, 0),
(3542, 627, 1, 5000, 0),
(3543, 627, 2, 5000, 0),
(3544, 627, 3, 5000, 0),
(3545, 627, 4, 5000, 0),
(3546, 627, 5, 5000, 0),
(3547, 627, 6, 5006, 0),
(3548, 628, 1, 5, 0),
(3549, 628, 2, 5, 0),
(3550, 628, 3, 5, 0),
(3551, 628, 4, 5, 0),
(3552, 628, 5, 5, 0),
(3553, 628, 6, 5, 0),
(3554, 629, 1, 5000, 0),
(3555, 629, 2, 5000, 0),
(3556, 629, 3, 5000, 0),
(3557, 629, 4, 5000, 0),
(3558, 629, 5, 5000, 0),
(3559, 629, 6, 5008, 0),
(3560, 630, 1, 5000, 0),
(3561, 630, 2, 5000, 0),
(3562, 630, 3, 5000, 0),
(3563, 630, 4, 5000, 0),
(3564, 630, 5, 5000, 0),
(3565, 630, 6, 5009, 0),
(3566, 631, 1, 5000, 0),
(3567, 631, 2, 5000, 0),
(3568, 631, 3, 5000, 0),
(3569, 631, 4, 5000, 0),
(3570, 631, 5, 5000, 0),
(3571, 631, 6, 5010, 0),
(3572, 632, 1, 5000, 0),
(3573, 632, 2, 5000, 0),
(3574, 632, 3, 5000, 0),
(3575, 632, 4, 5000, 0),
(3576, 632, 5, 5000, 0),
(3577, 632, 6, 5020, 0),
(3578, 633, 1, 5, 0),
(3579, 633, 2, 5, 0),
(3580, 633, 3, 5, 0),
(3581, 633, 4, 5, 0),
(3582, 633, 5, 5, 0),
(3583, 633, 6, 5, 0),
(3584, 634, 1, 3000, 0),
(3585, 634, 2, 2996, 0),
(3586, 634, 3, 3000, 0),
(3587, 634, 4, 3000, 0),
(3588, 634, 5, 3000, 0),
(3589, 634, 6, 3000, 0),
(3590, 635, 1, 3000, 0),
(3591, 635, 2, 3000, 0),
(3592, 635, 3, 3000, 0),
(3593, 635, 4, 3000, 0),
(3594, 635, 5, 3000, 0),
(3595, 635, 6, 3000, 0),
(3596, 636, 1, 2999, 0),
(3597, 636, 2, 3000, 0),
(3598, 636, 3, 3000, 0),
(3599, 636, 4, 3000, 0),
(3600, 636, 5, 3000, 0),
(3601, 636, 6, 3000, 0),
(3602, 637, 1, 3000, 0),
(3603, 637, 2, 3000, 0),
(3604, 637, 3, 3000, 0),
(3605, 637, 4, 3000, 0),
(3606, 637, 5, 3000, 0),
(3607, 637, 6, 3000, 0),
(3608, 638, 1, 3000, 0),
(3609, 638, 2, 3000, 0),
(3610, 638, 3, 3000, 0),
(3611, 638, 4, 3000, 0),
(3612, 638, 5, 3000, 0),
(3613, 638, 6, 3000, 0),
(3614, 639, 1, 3000, 0),
(3615, 639, 2, 3000, 0),
(3616, 639, 3, 3000, 0),
(3617, 639, 4, 3000, 0),
(3618, 639, 5, 3000, 0),
(3619, 639, 6, 3000, 0),
(3620, 640, 1, 3000, 0),
(3621, 640, 2, 3000, 0),
(3622, 640, 3, 3000, 0),
(3623, 640, 4, 3000, 0),
(3624, 640, 5, 3000, 0),
(3625, 640, 6, 3000, 0),
(3626, 641, 1, 3000, 0),
(3627, 641, 2, 3000, 0),
(3628, 641, 3, 3000, 0),
(3629, 641, 4, 3000, 0),
(3630, 641, 5, 3000, 0);
INSERT INTO `product_store_availability` (`ProductStoreAvailability`, `ProductID`, `StoreID`, `Quantity`, `GramQuantity`) VALUES
(3631, 641, 6, 3000, 0),
(3632, 642, 1, 3000, 0),
(3633, 642, 2, 3000, 0),
(3634, 642, 3, 3000, 0),
(3635, 642, 4, 3000, 0),
(3636, 642, 5, 3000, 0),
(3637, 642, 6, 3000, 0),
(3638, 643, 1, 3000, 0),
(3639, 643, 2, 3000, 0),
(3640, 643, 3, 3000, 0),
(3641, 643, 4, 3000, 0),
(3642, 643, 5, 3000, 0),
(3643, 643, 6, 3000, 0),
(3644, 644, 1, 3000, 0),
(3645, 644, 2, 3000, 0),
(3646, 644, 3, 3000, 0),
(3647, 644, 4, 3000, 0),
(3648, 644, 5, 3000, 0),
(3649, 644, 6, 3000, 0),
(3650, 645, 1, 3000, 0),
(3651, 645, 2, 3000, 0),
(3652, 645, 3, 3000, 0),
(3653, 645, 4, 3000, 0),
(3654, 645, 5, 3000, 0),
(3655, 645, 6, 3000, 0),
(3656, 646, 1, 3000, 0),
(3657, 646, 2, 3000, 0),
(3658, 646, 3, 3000, 0),
(3659, 646, 4, 3000, 0),
(3660, 646, 5, 3000, 0),
(3661, 646, 6, 3000, 0),
(3662, 647, 1, 3000, 0),
(3663, 647, 2, 3000, 0),
(3664, 647, 3, 3000, 0),
(3665, 647, 4, 3000, 0),
(3666, 647, 5, 3000, 0),
(3667, 647, 6, 3000, 0),
(3668, 648, 1, 3000, 0),
(3669, 648, 2, 3000, 0),
(3670, 648, 3, 3000, 0),
(3671, 648, 4, 3000, 0),
(3672, 648, 5, 3000, 0),
(3673, 648, 6, 3000, 0),
(3674, 649, 1, 3000, 0),
(3675, 649, 2, 3000, 0),
(3676, 649, 3, 3000, 0),
(3677, 649, 4, 3000, 0),
(3678, 649, 5, 3000, 0),
(3679, 649, 6, 3000, 0),
(3680, 650, 1, 3000, 0),
(3681, 650, 2, 3000, 0),
(3682, 650, 3, 3000, 0),
(3683, 650, 4, 3000, 0),
(3684, 650, 5, 3000, 0),
(3685, 650, 6, 3000, 0),
(3686, 651, 1, 3000, 0),
(3687, 651, 2, 3000, 0),
(3688, 651, 3, 3000, 0),
(3689, 651, 4, 3000, 0),
(3690, 651, 5, 3000, 0),
(3691, 651, 6, 3000, 0),
(3692, 652, 1, 3000, 0),
(3693, 652, 2, 3000, 0),
(3694, 652, 3, 3000, 0),
(3695, 652, 4, 3000, 0),
(3696, 652, 5, 3000, 0),
(3697, 652, 6, 3000, 0),
(3698, 653, 1, 3000, 0),
(3699, 653, 2, 3000, 0),
(3700, 653, 3, 3000, 0),
(3701, 653, 4, 3000, 0),
(3702, 653, 5, 3000, 0),
(3703, 653, 6, 3000, 0),
(3704, 654, 1, 3000, 0),
(3705, 654, 2, 3000, 0),
(3706, 654, 3, 3000, 0),
(3707, 654, 4, 3000, 0),
(3708, 654, 5, 3000, 0),
(3709, 654, 6, 3000, 0),
(3710, 655, 1, 3000, 0),
(3711, 655, 2, 3000, 0),
(3712, 655, 3, 3000, 0),
(3713, 655, 4, 3000, 0),
(3714, 655, 5, 3000, 0),
(3715, 655, 6, 3000, 0),
(3716, 656, 1, 3000, 0),
(3717, 656, 2, 3000, 0),
(3718, 656, 3, 3000, 0),
(3719, 656, 4, 3000, 0),
(3720, 656, 5, 3000, 0),
(3721, 656, 6, 3000, 0),
(3722, 657, 1, 3000, 0),
(3723, 657, 2, 3000, 0),
(3724, 657, 3, 3000, 0),
(3725, 657, 4, 3000, 0),
(3726, 657, 5, 3000, 0),
(3727, 657, 6, 3000, 0),
(3728, 658, 1, 2998, 0),
(3729, 658, 2, 3000, 0),
(3730, 658, 3, 3000, 0),
(3731, 658, 4, 3000, 0),
(3732, 658, 5, 3000, 0),
(3733, 658, 6, 3000, 0),
(3734, 659, 1, 3000, 0),
(3735, 659, 2, 3000, 0),
(3736, 659, 3, 3000, 0),
(3737, 659, 4, 3000, 0),
(3738, 659, 5, 3000, 0),
(3739, 659, 6, 3000, 0),
(3740, 660, 1, 3000, 0),
(3741, 660, 2, 3000, 0),
(3742, 660, 3, 3000, 0),
(3743, 660, 4, 3000, 0),
(3744, 660, 5, 3000, 0),
(3745, 660, 6, 3000, 0),
(3746, 661, 1, 3000, 0),
(3747, 661, 2, 3000, 0),
(3748, 661, 3, 3000, 0),
(3749, 661, 4, 3000, 0),
(3750, 661, 5, 3000, 0),
(3751, 661, 6, 3000, 0),
(3752, 662, 1, 3000, 0),
(3753, 662, 2, 3000, 0),
(3754, 662, 3, 3000, 0),
(3755, 662, 4, 3000, 0),
(3756, 662, 5, 3000, 0),
(3757, 662, 6, 3000, 0),
(3758, 663, 1, 3000, 0),
(3759, 663, 2, 3000, 0),
(3760, 663, 3, 3000, 0),
(3761, 663, 4, 3000, 0),
(3762, 663, 5, 3000, 0),
(3763, 663, 6, 3000, 0),
(3764, 664, 1, 3000, 0),
(3765, 664, 2, 3000, 0),
(3766, 664, 3, 3000, 0),
(3767, 664, 4, 3000, 0),
(3768, 664, 5, 3000, 0),
(3769, 664, 6, 3000, 0),
(3770, 665, 1, 3000, 0),
(3771, 665, 2, 3000, 0),
(3772, 665, 3, 3000, 0),
(3773, 665, 4, 3000, 0),
(3774, 665, 5, 3000, 0),
(3775, 665, 6, 3000, 0),
(3776, 666, 1, 3000, 0),
(3777, 666, 2, 3000, 0),
(3778, 666, 3, 3000, 0),
(3779, 666, 4, 3000, 0),
(3780, 666, 5, 3000, 0),
(3781, 666, 6, 3000, 0),
(3782, 667, 1, 3000, 0),
(3783, 667, 2, 3000, 0),
(3784, 667, 3, 3000, 0),
(3785, 667, 4, 3000, 0),
(3786, 667, 5, 3000, 0),
(3787, 667, 6, 3000, 0),
(3788, 668, 1, 3000, 0),
(3789, 668, 2, 3000, 0),
(3790, 668, 3, 3000, 0),
(3791, 668, 4, 3000, 0),
(3792, 668, 5, 3000, 0),
(3793, 668, 6, 3000, 0),
(3794, 669, 1, 3000, 0),
(3795, 669, 2, 3000, 0),
(3796, 669, 3, 3000, 0),
(3797, 669, 4, 3000, 0),
(3798, 669, 5, 3000, 0),
(3799, 669, 6, 3000, 0),
(3800, 670, 1, 3000, 0),
(3801, 670, 2, 3000, 0),
(3802, 670, 3, 3000, 0),
(3803, 670, 4, 3000, 0),
(3804, 670, 5, 3000, 0),
(3805, 670, 6, 3000, 0),
(3806, 671, 1, 3000, 0),
(3807, 671, 2, 3000, 0),
(3808, 671, 3, 3000, 0),
(3809, 671, 4, 3000, 0),
(3810, 671, 5, 3000, 0),
(3811, 671, 6, 3000, 0),
(3812, 672, 1, 3000, 0),
(3813, 672, 2, 3000, 0),
(3814, 672, 3, 3000, 0),
(3815, 672, 4, 3000, 0),
(3816, 672, 5, 3000, 0),
(3817, 672, 6, 3000, 0),
(3818, 673, 1, 3000, 0),
(3819, 673, 2, 3000, 0),
(3820, 673, 3, 3000, 0),
(3821, 673, 4, 3000, 0),
(3822, 673, 5, 3000, 0),
(3823, 673, 6, 3000, 0),
(3824, 674, 1, 3000, 0),
(3825, 674, 2, 3000, 0),
(3826, 674, 3, 3000, 0),
(3827, 674, 4, 3000, 0),
(3828, 674, 5, 3000, 0),
(3829, 674, 6, 3000, 0),
(3830, 675, 1, 3000, 0),
(3831, 675, 2, 3000, 0),
(3832, 675, 3, 3000, 0),
(3833, 675, 4, 3000, 0),
(3834, 675, 5, 3000, 0),
(3835, 675, 6, 3000, 0),
(3836, 676, 1, 3000, 0),
(3837, 676, 2, 3000, 0),
(3838, 676, 3, 3000, 0),
(3839, 676, 4, 3000, 0),
(3840, 676, 5, 3000, 0),
(3841, 676, 6, 3000, 0),
(3842, 677, 1, 3000, 0),
(3843, 677, 2, 3000, 0),
(3844, 677, 3, 3000, 0),
(3845, 677, 4, 3000, 0),
(3846, 677, 5, 3000, 0),
(3847, 677, 6, 3000, 0),
(3848, 678, 1, 3000, 0),
(3849, 678, 2, 3000, 0),
(3850, 678, 3, 3000, 0),
(3851, 678, 4, 3000, 0),
(3852, 678, 5, 3000, 0),
(3853, 678, 6, 3000, 0),
(3854, 679, 1, 3000, 0),
(3855, 679, 2, 3000, 0),
(3856, 679, 3, 3000, 0),
(3857, 679, 4, 3000, 0),
(3858, 679, 5, 3000, 0),
(3859, 679, 6, 3000, 0),
(3860, 680, 1, 3000, 0),
(3861, 680, 2, 3000, 0),
(3862, 680, 3, 3000, 0),
(3863, 680, 4, 3000, 0),
(3864, 680, 5, 3000, 0),
(3865, 680, 6, 3000, 0),
(3866, 681, 1, 3000, 0),
(3867, 681, 2, 3000, 0),
(3868, 681, 3, 3000, 0),
(3869, 681, 4, 3000, 0),
(3870, 681, 5, 3000, 0),
(3871, 681, 6, 3000, 0),
(3872, 682, 1, 3000, 0),
(3873, 682, 2, 3000, 0),
(3874, 682, 3, 3000, 0),
(3875, 682, 4, 3000, 0),
(3876, 682, 5, 3000, 0),
(3877, 682, 6, 3000, 0),
(3878, 683, 1, 3000, 0),
(3879, 683, 2, 3000, 0),
(3880, 683, 3, 3000, 0),
(3881, 683, 4, 3000, 0),
(3882, 683, 5, 3000, 0),
(3883, 683, 6, 3000, 0),
(3884, 684, 1, 3000, 0),
(3885, 684, 2, 3000, 0),
(3886, 684, 3, 3000, 0),
(3887, 684, 4, 3000, 0),
(3888, 684, 5, 3000, 0),
(3889, 684, 6, 3000, 0),
(3890, 685, 1, 3000, 0),
(3891, 685, 2, 3000, 0),
(3892, 685, 3, 3000, 0),
(3893, 685, 4, 3000, 0),
(3894, 685, 5, 3000, 0),
(3895, 685, 6, 3000, 0),
(3896, 686, 1, 3000, 0),
(3897, 686, 2, 3000, 0),
(3898, 686, 3, 3000, 0),
(3899, 686, 4, 3000, 0),
(3900, 686, 5, 3000, 0),
(3901, 686, 6, 3000, 0),
(3902, 687, 1, 3000, 0),
(3903, 687, 2, 3000, 0),
(3904, 687, 3, 3000, 0),
(3905, 687, 4, 3000, 0),
(3906, 687, 5, 3000, 0),
(3907, 687, 6, 3000, 0),
(3908, 688, 1, 3000, 0),
(3909, 688, 2, 3000, 0),
(3910, 688, 3, 3000, 0),
(3911, 688, 4, 3000, 0),
(3912, 688, 5, 3000, 0),
(3913, 688, 6, 3000, 0),
(3914, 689, 1, 3000, 0),
(3915, 689, 2, 3000, 0),
(3916, 689, 3, 3000, 0),
(3917, 689, 4, 3000, 0),
(3918, 689, 5, 3000, 0),
(3919, 689, 6, 3000, 0),
(3920, 690, 1, 3000, 0),
(3921, 690, 2, 3000, 0),
(3922, 690, 3, 3000, 0),
(3923, 690, 4, 3000, 0),
(3924, 690, 5, 3000, 0),
(3925, 690, 6, 3000, 0),
(3926, 691, 1, 3000, 0),
(3927, 691, 2, 3000, 0),
(3928, 691, 3, 3000, 0),
(3929, 691, 4, 3000, 0),
(3930, 691, 5, 3000, 0),
(3931, 691, 6, 3000, 0),
(3932, 692, 1, 3000, 0),
(3933, 692, 2, 3000, 0),
(3934, 692, 3, 3000, 0),
(3935, 692, 4, 3000, 0),
(3936, 692, 5, 3000, 0),
(3937, 692, 6, 3000, 0),
(3938, 693, 1, 3000, 0),
(3939, 693, 2, 3000, 0),
(3940, 693, 3, 3000, 0),
(3941, 693, 4, 3000, 0),
(3942, 693, 5, 3000, 0),
(3943, 693, 6, 3000, 0),
(3944, 694, 1, 3000, 0),
(3945, 694, 2, 3000, 0),
(3946, 694, 3, 3000, 0),
(3947, 694, 4, 3000, 0),
(3948, 694, 5, 3000, 0),
(3949, 694, 6, 3000, 0),
(3950, 695, 1, 3000, 0),
(3951, 695, 2, 3000, 0),
(3952, 695, 3, 3000, 0),
(3953, 695, 4, 3000, 0),
(3954, 695, 5, 3000, 0),
(3955, 695, 6, 3000, 0),
(3956, 696, 1, 3000, 0),
(3957, 696, 2, 3000, 0),
(3958, 696, 3, 3000, 0),
(3959, 696, 4, 3000, 0),
(3960, 696, 5, 3000, 0),
(3961, 696, 6, 3000, 0),
(3962, 697, 1, 3000, 0),
(3963, 697, 2, 3000, 0),
(3964, 697, 3, 3000, 0),
(3965, 697, 4, 3000, 0),
(3966, 697, 5, 3000, 0),
(3967, 697, 6, 3000, 0),
(3968, 698, 1, 3000, 0),
(3969, 698, 2, 3000, 0),
(3970, 698, 3, 3000, 0),
(3971, 698, 4, 3000, 0),
(3972, 698, 5, 3000, 0),
(3973, 698, 6, 3000, 0),
(3974, 699, 1, 3000, 0),
(3975, 699, 2, 3000, 0),
(3976, 699, 3, 3000, 0),
(3977, 699, 4, 3000, 0),
(3978, 699, 5, 3000, 0),
(3979, 699, 6, 3000, 0),
(3980, 700, 1, 3000, 0),
(3981, 700, 2, 3000, 0),
(3982, 700, 3, 3000, 0),
(3983, 700, 4, 3000, 0),
(3984, 700, 5, 3000, 0),
(3985, 700, 6, 3000, 0),
(3986, 701, 1, 3000, 0),
(3987, 701, 2, 3000, 0),
(3988, 701, 3, 3000, 0),
(3989, 701, 4, 3000, 0),
(3990, 701, 5, 3000, 0),
(3991, 701, 6, 3000, 0),
(3992, 702, 1, 3000, 0),
(3993, 702, 2, 3000, 0),
(3994, 702, 3, 3000, 0),
(3995, 702, 4, 3000, 0),
(3996, 702, 5, 3000, 0),
(3997, 702, 6, 3000, 0),
(3998, 703, 1, 3000, 0),
(3999, 703, 2, 3000, 0),
(4000, 703, 3, 3000, 0),
(4001, 703, 4, 3000, 0),
(4002, 703, 5, 3000, 0),
(4003, 703, 6, 3000, 0),
(4004, 704, 1, 3000, 0),
(4005, 704, 2, 3000, 0),
(4006, 704, 3, 3000, 0),
(4007, 704, 4, 3000, 0),
(4008, 704, 5, 3000, 0),
(4009, 704, 6, 3000, 0),
(4010, 705, 1, 3000, 0),
(4011, 705, 2, 3000, 0),
(4012, 705, 3, 3000, 0),
(4013, 705, 4, 3000, 0),
(4014, 705, 5, 3000, 0),
(4015, 705, 6, 3000, 0),
(4016, 706, 1, 3000, 0),
(4017, 706, 2, 3000, 0),
(4018, 706, 3, 3000, 0),
(4019, 706, 4, 3000, 0),
(4020, 706, 5, 3000, 0),
(4021, 706, 6, 3000, 0),
(4022, 707, 1, 3000, 0),
(4023, 707, 2, 3000, 0),
(4024, 707, 3, 3000, 0),
(4025, 707, 4, 3000, 0),
(4026, 707, 5, 3000, 0),
(4027, 707, 6, 3000, 0),
(4028, 708, 1, 3000, 0),
(4029, 708, 2, 3000, 0),
(4030, 708, 3, 3000, 0),
(4031, 708, 4, 3000, 0),
(4032, 708, 5, 3000, 0),
(4033, 708, 6, 3000, 0),
(4034, 709, 1, 3000, 0),
(4035, 709, 2, 3000, 0),
(4036, 709, 3, 3000, 0),
(4037, 709, 4, 3000, 0),
(4038, 709, 5, 3000, 0),
(4039, 709, 6, 3000, 0),
(4040, 710, 1, 3000, 0),
(4041, 710, 2, 3000, 0),
(4042, 710, 3, 3000, 0),
(4043, 710, 4, 3000, 0),
(4044, 710, 5, 3000, 0),
(4045, 710, 6, 3000, 0),
(4046, 711, 1, 2999, 0),
(4047, 711, 2, 3000, 0),
(4048, 711, 3, 3000, 0),
(4049, 711, 4, 3000, 0),
(4050, 711, 5, 3000, 0),
(4051, 711, 6, 3000, 0),
(4052, 712, 1, 3000, 0),
(4053, 712, 2, 3000, 0),
(4054, 712, 3, 3000, 0),
(4055, 712, 4, 3000, 0),
(4056, 712, 5, 3000, 0),
(4057, 712, 6, 3000, 0),
(4058, 713, 1, 3000, 0),
(4059, 713, 2, 3000, 0),
(4060, 713, 3, 3000, 0),
(4061, 713, 4, 3000, 0),
(4062, 713, 5, 3000, 0),
(4063, 713, 6, 3000, 0),
(4064, 714, 1, 3000, 0),
(4065, 714, 2, 3000, 0),
(4066, 714, 3, 3000, 0),
(4067, 714, 4, 3000, 0),
(4068, 714, 5, 3000, 0),
(4069, 714, 6, 3000, 0),
(4070, 715, 1, 3000, 0),
(4071, 715, 2, 3000, 0),
(4072, 715, 3, 3000, 0),
(4073, 715, 4, 3000, 0),
(4074, 715, 5, 3000, 0),
(4075, 715, 6, 3000, 0),
(4076, 716, 1, 3000, 0),
(4077, 716, 2, 3000, 0),
(4078, 716, 3, 3000, 0),
(4079, 716, 4, 3000, 0),
(4080, 716, 5, 3000, 0),
(4081, 716, 6, 3000, 0),
(4082, 717, 1, 3000, 0),
(4083, 717, 2, 3000, 0),
(4084, 717, 3, 3000, 0),
(4085, 717, 4, 3000, 0),
(4086, 717, 5, 3000, 0),
(4087, 717, 6, 3000, 0),
(4088, 718, 1, 3000, 0),
(4089, 718, 2, 3000, 0),
(4090, 718, 3, 3000, 0),
(4091, 718, 4, 3000, 0),
(4092, 718, 5, 3000, 0),
(4093, 718, 6, 3000, 0),
(4094, 719, 1, 3000, 0),
(4095, 719, 2, 3000, 0),
(4096, 719, 3, 3000, 0),
(4097, 719, 4, 3000, 0),
(4098, 719, 5, 3000, 0),
(4099, 719, 6, 3000, 0),
(4100, 720, 1, 3000, 0),
(4101, 720, 2, 3000, 0),
(4102, 720, 3, 3000, 0),
(4103, 720, 4, 3000, 0),
(4104, 720, 5, 3000, 0),
(4105, 720, 6, 3000, 0),
(4106, 721, 1, 3000, 0),
(4107, 721, 2, 3000, 0),
(4108, 721, 3, 3000, 0),
(4109, 721, 4, 3000, 0),
(4110, 721, 5, 3000, 0),
(4111, 721, 6, 3000, 0),
(4112, 722, 1, 3000, 0),
(4113, 722, 2, 3000, 0),
(4114, 722, 3, 3000, 0),
(4115, 722, 4, 3000, 0),
(4116, 722, 5, 3000, 0),
(4117, 722, 6, 3000, 0),
(4118, 723, 1, 3000, 0),
(4119, 723, 2, 3000, 0),
(4120, 723, 3, 3000, 0),
(4121, 723, 4, 3000, 0),
(4122, 723, 5, 3000, 0),
(4123, 723, 6, 3000, 0),
(4124, 724, 1, 0, 0),
(4125, 724, 2, 2, 0),
(4126, 724, 3, 5, 0),
(4127, 724, 4, 5, 0),
(4128, 724, 5, 3, 0),
(4129, 724, 6, 5, 0),
(4130, 725, 1, 0, 0),
(4131, 725, 2, 5, 0),
(4132, 725, 3, 5, 0),
(4133, 725, 4, 5, 0),
(4134, 725, 5, 5, 0),
(4135, 725, 6, 5, 0),
(4136, 726, 1, 1, 0),
(4137, 726, 2, 5, 0),
(4138, 726, 3, 5, 0),
(4139, 726, 4, 5, 0),
(4140, 726, 5, 5, 0),
(4141, 726, 6, 5, 0),
(4142, 727, 1, 3, 0),
(4143, 727, 2, 5, 0),
(4144, 727, 3, 5, 0),
(4145, 727, 4, 5, 0),
(4146, 727, 5, 5, 0),
(4147, 727, 6, 5, 0),
(4148, 728, 1, 4, 0),
(4149, 728, 2, 5, 0),
(4150, 728, 3, 5, 0),
(4151, 728, 4, 5, 0),
(4152, 728, 5, 5, 0),
(4153, 728, 6, 5, 0),
(4154, 729, 1, 3, 0),
(4155, 729, 2, 5, 0),
(4156, 729, 3, 5, 0),
(4157, 729, 4, 5, 0),
(4158, 729, 5, 5, 0),
(4159, 729, 6, 5, 0),
(4160, 730, 1, 5, 0),
(4161, 730, 2, 5, 0),
(4162, 730, 3, 5, 0),
(4163, 730, 4, 5, 0),
(4164, 730, 5, 5, 0),
(4165, 730, 6, 5, 0),
(4166, 731, 1, 2, 0),
(4167, 731, 2, 5, 0),
(4168, 731, 3, 5, 0),
(4169, 731, 4, 5, 0),
(4170, 731, 5, 5, 0),
(4171, 731, 6, 5, 0),
(4172, 732, 1, 5000, 0),
(4173, 732, 2, 5000, 0),
(4174, 732, 3, 5000, 0),
(4175, 732, 4, 5000, 0),
(4176, 732, 5, 5000, 0),
(4177, 732, 6, 5002, 0),
(4178, 733, 1, 5000, 0),
(4179, 733, 2, 5000, 0),
(4180, 733, 3, 5000, 0),
(4181, 733, 4, 5000, 0),
(4182, 733, 5, 5000, 0),
(4183, 733, 6, 5003, 0),
(4184, 734, 1, 5000, 0),
(4185, 734, 2, 5000, 0),
(4186, 734, 3, 5000, 0),
(4187, 734, 4, 5000, 0),
(4188, 734, 5, 5000, 0),
(4189, 734, 6, 5004, 0),
(4190, 735, 1, 5000, 0),
(4191, 735, 2, 4999, 0),
(4192, 735, 3, 5000, 0),
(4193, 735, 4, 5000, 0),
(4194, 735, 5, 5000, 0),
(4195, 735, 6, 5005, 0),
(4196, 736, 1, 4995, 0),
(4197, 736, 2, 4999, 0),
(4198, 736, 3, 5000, 0),
(4199, 736, 4, 5000, 0),
(4200, 736, 5, 5000, 0),
(4201, 736, 6, 5006, 0),
(4202, 737, 1, 5, 0),
(4203, 737, 2, 5, 0),
(4204, 737, 3, 5, 0),
(4205, 737, 4, 5, 0),
(4206, 737, 5, 5, 0),
(4207, 737, 6, 5, 0),
(4208, 738, 1, 5000, 0),
(4209, 738, 2, 5000, 0),
(4210, 738, 3, 5000, 0),
(4211, 738, 4, 5000, 0),
(4212, 738, 5, 5000, 0),
(4213, 738, 6, 5008, 0),
(4214, 739, 1, 4997, 0),
(4215, 739, 2, 5000, 0),
(4216, 739, 3, 5000, 0),
(4217, 739, 4, 5000, 0),
(4218, 739, 5, 5000, 0),
(4219, 739, 6, 5009, 0),
(4220, 740, 1, 5000, 0),
(4221, 740, 2, 5000, 0),
(4222, 740, 3, 5000, 0),
(4223, 740, 4, 5000, 0),
(4224, 740, 5, 5000, 0),
(4225, 740, 6, 5010, 0),
(4226, 741, 1, 4999, 0),
(4227, 741, 2, 5000, 0),
(4228, 741, 3, 5000, 0),
(4229, 741, 4, 5000, 0),
(4230, 741, 5, 5000, 0),
(4231, 741, 6, 5020, 0),
(4232, 742, 1, 5, 0),
(4233, 742, 2, 5, 0),
(4234, 742, 3, 5, 0),
(4235, 742, 4, 5, 0),
(4236, 742, 5, 5, 0),
(4237, 742, 6, 5, 0),
(4238, 743, 1, 10, 0),
(4239, 743, 2, 10, 0),
(4240, 743, 3, 10, 0),
(4241, 743, 4, 10, 0),
(4242, 745, 1, 10, 0),
(4243, 745, 2, 10, 0),
(4244, 745, 3, 10, 0),
(4245, 745, 4, 10, 0),
(4246, 746, 1, 10, 0),
(4247, 746, 2, 10, 0),
(4248, 746, 3, 10, 0),
(4249, 746, 4, 10, 0),
(4250, 747, 1, 10, 0),
(4251, 747, 2, 10, 0),
(4252, 747, 3, 10, 0),
(4253, 747, 4, 10, 0),
(4254, 749, 1, 9, 0),
(4255, 749, 2, 10, 0),
(4256, 749, 3, 10, 0),
(4257, 749, 4, 10, 0),
(4258, 752, 1, 10, 0),
(4259, 752, 2, 10, 0),
(4260, 752, 3, 10, 0),
(4261, 752, 4, 10, 0),
(4262, 753, 1, 9, 0),
(4263, 753, 2, 10, 0),
(4264, 753, 3, 10, 0),
(4265, 753, 4, 10, 0),
(4266, 754, 1, 10, 0),
(4267, 754, 2, 10, 0),
(4268, 754, 3, 10, 0),
(4269, 754, 4, 10, 0),
(4270, 755, 1, 50, 0),
(4271, 755, 2, 50, 0),
(4272, 755, 3, 50, 0),
(4273, 755, 4, 50, 0),
(4274, 755, 5, 50, 0),
(4275, 755, 6, 50, 0),
(4276, 756, 1, 10, 0),
(4277, 756, 2, 12, 0),
(4278, 756, 3, 12, 0),
(4279, 756, 4, 12, 0),
(4280, 756, 5, 12, 0),
(4281, 756, 6, 12, 0),
(4282, 757, 1, 0, 0),
(4283, 757, 2, 15, 0),
(4284, 757, 3, 15, 0),
(4285, 757, 4, 15, 0),
(4286, 757, 5, 15, 0),
(4287, 757, 6, 15, 0),
(4288, 758, 1, 15, 0),
(4289, 758, 2, 15, 0),
(4290, 758, 3, 15, 0),
(4291, 758, 4, 15, 0),
(4292, 758, 5, 15, 0),
(4293, 758, 6, 15, 0),
(4294, 759, 1, 19, 0),
(4295, 759, 2, 20, 0),
(4296, 759, 3, 20, 0),
(4297, 759, 4, 20, 0),
(4298, 759, 5, 20, 0),
(4299, 759, 6, 20, 0),
(4300, 760, 1, 19, 0),
(4301, 760, 2, 20, 0),
(4302, 760, 3, 20, 0),
(4303, 760, 4, 20, 0),
(4304, 760, 5, 20, 0),
(4305, 760, 6, 20, 0),
(4306, 761, 1, 10, 0),
(4307, 761, 2, 10, 0),
(4308, 761, 3, 10, 0),
(4309, 761, 4, 10, 0),
(4310, 761, 5, 10, 0),
(4311, 761, 6, 10, 0),
(4312, 762, 1, 15, 0),
(4313, 762, 2, 15, 0),
(4314, 762, 3, 15, 0),
(4315, 762, 4, 15, 0),
(4316, 762, 5, 15, 0),
(4317, 762, 6, 15, 0),
(4318, 763, 1, 14, 0),
(4319, 763, 2, 15, 0),
(4320, 763, 3, 15, 0),
(4321, 763, 4, 15, 0),
(4322, 763, 5, 15, 0),
(4323, 763, 6, 15, 0),
(4324, 764, 1, 39, 0),
(4325, 764, 2, 40, 0),
(4326, 764, 3, 40, 0),
(4327, 764, 4, 40, 0),
(4328, 764, 5, 40, 0),
(4329, 764, 6, 40, 0),
(4330, 765, 1, 5, 0),
(4331, 765, 2, 5, 0),
(4332, 765, 3, 5, 0),
(4333, 765, 4, 5, 0),
(4334, 765, 5, 5, 0),
(4335, 765, 6, 5, 0),
(4336, 766, 1, 5, 0),
(4337, 766, 2, 5, 0),
(4338, 766, 3, 5, 0),
(4339, 766, 4, 5, 0),
(4340, 766, 5, 5, 0),
(4341, 766, 6, 5, 0),
(4342, 767, 1, 5, 0),
(4343, 767, 2, 5, 0),
(4344, 767, 3, 5, 0),
(4345, 767, 4, 5, 0),
(4346, 767, 5, 5, 0),
(4347, 767, 6, 5, 0),
(4348, 768, 1, 5, 0),
(4349, 768, 2, 5, 0),
(4350, 768, 3, 5, 0),
(4351, 768, 4, 5, 0),
(4352, 768, 5, 4, 0),
(4353, 768, 6, 5, 0),
(4354, 769, 1, 5, 0),
(4355, 769, 2, 5, 0),
(4356, 769, 3, 5, 0),
(4357, 769, 4, 5, 0),
(4358, 769, 5, 5, 0),
(4359, 769, 6, 5, 0),
(4360, 770, 1, 5, 0),
(4361, 770, 2, 5, 0),
(4362, 770, 3, 5, 0),
(4363, 770, 4, 5, 0),
(4364, 770, 5, 5, 0),
(4365, 770, 6, 5, 0),
(4366, 771, 1, 5, 0),
(4367, 771, 2, 5, 0),
(4368, 771, 3, 5, 0),
(4369, 771, 4, 5, 0),
(4370, 771, 5, 5, 0),
(4371, 771, 6, 5, 0),
(4372, 772, 1, 5, 0),
(4373, 772, 2, 5, 0),
(4374, 772, 3, 5, 0),
(4375, 772, 4, 5, 0),
(4376, 772, 5, 5, 0),
(4377, 772, 6, 5, 0),
(4378, 773, 1, 5, 0),
(4379, 773, 2, 5, 0),
(4380, 773, 3, 5, 0),
(4381, 773, 4, 5, 0),
(4382, 773, 5, 5, 0),
(4383, 773, 6, 5, 0),
(4384, 774, 1, 5, 0),
(4385, 774, 2, 5, 0),
(4386, 774, 3, 5, 0),
(4387, 774, 4, 5, 0),
(4388, 774, 5, 5, 0),
(4389, 774, 6, 5, 0),
(4390, 775, 1, 5, 0),
(4391, 775, 2, 5, 0),
(4392, 775, 3, 5, 0),
(4393, 775, 4, 5, 0),
(4394, 775, 5, 5, 0),
(4395, 775, 6, 5, 0),
(4396, 776, 1, 4, 0),
(4397, 776, 2, 5, 0),
(4398, 776, 3, 5, 0),
(4399, 776, 4, 5, 0),
(4400, 776, 5, 5, 0),
(4401, 776, 6, 5, 0),
(4402, 777, 1, 5, 0),
(4403, 777, 2, 5, 0),
(4404, 777, 3, 5, 0),
(4405, 777, 4, 5, 0),
(4406, 777, 5, 5, 0),
(4407, 777, 6, 5, 0),
(4408, 778, 1, 5, 0),
(4409, 778, 2, 5, 0),
(4410, 778, 3, 5, 0),
(4411, 778, 4, 5, 0),
(4412, 778, 5, 5, 0),
(4413, 778, 6, 5, 0),
(4414, 779, 1, 5, 0),
(4415, 779, 2, 5, 0),
(4416, 779, 3, 5, 0),
(4417, 779, 4, 5, 0),
(4418, 779, 5, 5, 0),
(4419, 779, 6, 5, 0),
(4420, 780, 1, 5, 0),
(4421, 780, 2, 5, 0),
(4422, 780, 3, 5, 0),
(4423, 780, 4, 5, 0),
(4424, 780, 5, 5, 0),
(4425, 780, 6, 5, 0),
(4426, 781, 1, 4, 0),
(4427, 781, 2, 5, 0),
(4428, 781, 3, 5, 0),
(4429, 781, 4, 5, 0),
(4430, 781, 5, 5, 0),
(4431, 781, 6, 5, 0),
(4432, 782, 1, 5, 0),
(4433, 782, 2, 5, 0),
(4434, 782, 3, 5, 0),
(4435, 782, 4, 5, 0),
(4436, 782, 5, 5, 0),
(4437, 782, 6, 5, 0),
(4438, 783, 1, 5, 0),
(4439, 783, 2, 5, 0),
(4440, 783, 3, 5, 0),
(4441, 783, 4, 5, 0),
(4442, 783, 5, 5, 0),
(4443, 783, 6, 5, 0),
(4444, 784, 1, 5, 0),
(4445, 784, 2, 5, 0),
(4446, 784, 3, 5, 0),
(4447, 784, 4, 5, 0),
(4448, 784, 5, 5, 0),
(4449, 784, 6, 5, 0),
(4450, 786, 1, 10, 0),
(4451, 786, 2, 10, 0),
(4452, 786, 3, 10, 0),
(4453, 786, 4, 10, 0),
(4454, 786, 5, 10, 0),
(4455, 786, 6, 10, 0),
(4456, 787, 1, 10, 0),
(4457, 787, 2, 10, 0),
(4458, 787, 3, 10, 0),
(4459, 787, 4, 10, 0),
(4460, 787, 5, 10, 0),
(4461, 787, 6, 10, 0),
(4468, 789, 1, 10, 0),
(4469, 789, 2, 10, 0),
(4470, 789, 3, 10, 0),
(4471, 789, 4, 10, 0),
(4472, 789, 5, 10, 0),
(4473, 789, 6, 10, 0),
(4474, 790, 1, 10, 0),
(4475, 790, 2, 10, 0),
(4476, 790, 3, 10, 0),
(4477, 790, 4, 10, 0),
(4478, 790, 5, 10, 0),
(4479, 790, 6, 10, 0),
(4480, 791, 1, 10, 0),
(4481, 791, 2, 10, 0),
(4482, 791, 3, 10, 0),
(4483, 791, 4, 10, 0),
(4484, 791, 5, 10, 0),
(4485, 791, 6, 10, 0),
(4486, 792, 1, 10, 0),
(4487, 792, 2, 10, 0),
(4488, 792, 3, 10, 0),
(4489, 792, 4, 10, 0),
(4490, 792, 5, 10, 0),
(4491, 792, 6, 10, 0),
(4492, 793, 1, 10, 0),
(4493, 793, 2, 10, 0),
(4494, 793, 3, 10, 0),
(4495, 793, 4, 10, 0),
(4496, 793, 5, 10, 0),
(4497, 793, 6, 10, 0),
(4504, 794, 1, 10, 0),
(4505, 794, 2, 10, 0),
(4506, 794, 3, 10, 0),
(4507, 794, 4, 10, 0),
(4508, 794, 5, 10, 0),
(4509, 794, 6, 10, 0),
(4510, 788, 1, 10, 0),
(4511, 788, 2, 10, 0),
(4512, 788, 3, 10, 0),
(4513, 788, 4, 10, 0),
(4514, 788, 5, 10, 0),
(4515, 788, 6, 10, 0),
(4516, 795, 1, 10, 0),
(4517, 795, 2, 10, 0),
(4518, 795, 3, 10, 0),
(4519, 795, 4, 10, 0),
(4520, 795, 5, 10, 0),
(4521, 795, 6, 10, 0),
(4522, 751, 4, 0, 0),
(5321, 930, 1, 5, 0),
(5322, 930, 2, 5, 0),
(5323, 930, 3, 5, 0),
(5324, 930, 4, 5, 0),
(5325, 930, 5, 5, 0),
(5326, 930, 6, 5, 0),
(5327, 931, 1, 5, 0),
(5328, 931, 2, 5, 0),
(5329, 931, 3, 5, 0),
(5330, 931, 4, 5, 0),
(5331, 931, 5, 5, 0),
(5332, 931, 6, 5, 0),
(5339, 933, 1, 5, 0),
(5340, 933, 2, 5, 0),
(5341, 933, 3, 5, 0),
(5342, 933, 4, 5, 0),
(5343, 933, 5, 5, 0),
(5344, 933, 6, 5, 0),
(5345, 934, 1, 5, 0),
(5346, 934, 2, 5, 0),
(5347, 934, 3, 5, 0),
(5348, 934, 4, 5, 0),
(5349, 934, 5, 5, 0),
(5350, 934, 6, 5, 0),
(5351, 935, 1, 5, 0),
(5352, 935, 2, 5, 0),
(5353, 935, 3, 5, 0),
(5354, 935, 4, 5, 0),
(5355, 935, 5, 5, 0),
(5356, 935, 6, 5, 0),
(5357, 936, 1, 5, 0),
(5358, 936, 2, 5, 0),
(5359, 936, 3, 5, 0),
(5360, 936, 4, 5, 0),
(5361, 936, 5, 5, 0),
(5362, 936, 6, 5, 0),
(5363, 937, 1, 5, 0),
(5364, 937, 2, 5, 0),
(5365, 937, 3, 5, 0),
(5366, 937, 4, 5, 0),
(5367, 937, 5, 5, 0),
(5368, 937, 6, 5, 0),
(5369, 938, 1, 5, 0),
(5370, 938, 2, 5, 0),
(5371, 938, 3, 5, 0),
(5372, 938, 4, 5, 0),
(5373, 938, 5, 5, 0),
(5374, 938, 6, 5, 0),
(5375, 939, 1, 5, 0),
(5376, 939, 2, 5, 0),
(5377, 939, 3, 5, 0),
(5378, 939, 4, 5, 0),
(5379, 939, 5, 5, 0),
(5380, 939, 6, 5, 0),
(5381, 940, 1, 5, 0),
(5382, 940, 2, 5, 0),
(5383, 940, 3, 5, 0),
(5384, 940, 4, 5, 0),
(5385, 940, 5, 5, 0),
(5386, 940, 6, 5, 0),
(5387, 941, 1, 5, 0),
(5388, 941, 2, 5, 0),
(5389, 941, 3, 5, 0),
(5390, 941, 4, 5, 0),
(5391, 941, 5, 5, 0),
(5392, 941, 6, 5, 0),
(5393, 942, 1, 5, 0),
(5394, 942, 2, 5, 0),
(5395, 942, 3, 5, 0),
(5396, 942, 4, 5, 0),
(5397, 942, 5, 5, 0),
(5398, 942, 6, 5, 0),
(5399, 943, 1, 4, 0),
(5400, 943, 2, 3, 0),
(5401, 943, 3, 5, 0),
(5402, 943, 4, 5, 0),
(5403, 943, 5, 5, 0),
(5404, 943, 6, 5, 0),
(5405, 944, 1, 3, 0),
(5406, 944, 2, 3, 0),
(5407, 944, 3, 3, 0),
(5408, 944, 4, 3, 0),
(5409, 944, 5, 3, 0),
(5410, 944, 6, 3, 0),
(5411, 945, 1, 3, 0),
(5412, 945, 2, 3, 0),
(5413, 945, 3, 3, 0),
(5414, 945, 4, 3, 0),
(5415, 945, 5, 3, 0),
(5416, 945, 6, 3, 0),
(5417, 946, 1, 3, 0),
(5418, 946, 2, 3, 0),
(5419, 946, 3, 3, 0),
(5420, 946, 4, 3, 0),
(5421, 946, 5, 3, 0),
(5422, 946, 6, 3, 0),
(5423, 947, 1, 3, 0),
(5424, 947, 2, 3, 0),
(5425, 947, 3, 3, 0),
(5426, 947, 4, 3, 0),
(5427, 947, 5, 3, 0),
(5428, 947, 6, 3, 0),
(5429, 948, 1, 3, 0),
(5430, 948, 2, 3, 0),
(5431, 948, 3, 3, 0),
(5432, 948, 4, 3, 0),
(5433, 948, 5, 3, 0),
(5434, 948, 6, 3, 0),
(5435, 949, 1, 3, 0),
(5436, 949, 2, 3, 0),
(5437, 949, 3, 3, 0),
(5438, 949, 4, 3, 0),
(5439, 949, 5, 3, 0),
(5440, 949, 6, 3, 0),
(5441, 950, 1, 3, 0),
(5442, 950, 2, 3, 0),
(5443, 950, 3, 3, 0),
(5444, 950, 4, 3, 0),
(5445, 950, 5, 3, 0),
(5446, 950, 6, 3, 0),
(5447, 951, 1, 5, 0),
(5448, 951, 2, 5, 0),
(5449, 951, 3, 5, 0),
(5450, 951, 4, 5, 0),
(5451, 951, 5, 5, 0),
(5452, 951, 6, 5, 0),
(5453, 952, 1, 5, 0),
(5454, 952, 2, 5, 0),
(5455, 952, 3, 5, 0),
(5456, 952, 4, 5, 0),
(5457, 952, 5, 5, 0),
(5458, 952, 6, 5, 0),
(5459, 953, 1, 1, 0),
(5460, 953, 2, 5, 0),
(5461, 953, 3, 5, 0),
(5462, 953, 4, 5, 0),
(5463, 953, 5, 5, 0),
(5464, 953, 6, 5, 0),
(5465, 954, 1, 5, 0),
(5466, 954, 2, 5, 0),
(5467, 954, 3, 5, 0),
(5468, 954, 4, 5, 0),
(5469, 954, 5, 5, 0),
(5470, 954, 6, 5, 0),
(5471, 955, 1, 5, 0),
(5472, 955, 2, 5, 0),
(5473, 955, 3, 5, 0),
(5474, 955, 4, 5, 0),
(5475, 955, 5, 5, 0),
(5476, 955, 6, 5, 0),
(5486, 965, 0, 0, 0),
(5488, 967, 0, 0, 0),
(5489, 968, 0, 0, 0),
(5490, 969, 0, 0, 0),
(5491, 970, 0, 0, 0),
(5492, 971, 0, 0, 0),
(5493, 972, 0, 0, 0),
(5494, 973, 0, 0, 0),
(5495, 974, 0, 0, 0),
(5496, 975, 0, 0, 0),
(5497, 976, 0, 0, 0),
(5498, 977, 0, 0, 0),
(5499, 978, 0, 0, 0),
(5500, 979, 0, 0, 0),
(5501, 980, 0, 0, 0),
(5502, 981, 0, 0, 0),
(5503, 982, 0, 0, 0),
(5504, 983, 0, 0, 0),
(5505, 984, 0, 0, 0),
(5506, 985, 0, 0, 0),
(5507, 986, 0, 0, 0),
(5508, 987, 0, 0, 0),
(5509, 988, 0, 0, 0),
(5510, 989, 0, 0, 0),
(5511, 990, 0, 0, 0),
(5512, 991, 0, 0, 0),
(5513, 992, 0, 0, 0),
(5514, 993, 0, 0, 0),
(5515, 994, 0, 0, 0),
(5516, 995, 0, 0, 0),
(5517, 996, 0, 0, 0),
(5518, 997, 0, 0, 0),
(5519, 998, 0, 0, 0),
(5520, 999, 0, 0, 0),
(5521, 1000, 0, 0, 0),
(5522, 1001, 0, 0, 0),
(5523, 1002, 0, 0, 0),
(5524, 1003, 0, 0, 0),
(5525, 1004, 0, 0, 0),
(5526, 1005, 0, 0, 0),
(5527, 1006, 0, 0, 0),
(5528, 1007, 0, 0, 0),
(5529, 1008, 0, 0, 0),
(5530, 1009, 0, 0, 0),
(5531, 1010, 0, 0, 0),
(5532, 1011, 0, 0, 0),
(5533, 1012, 0, 0, 0),
(5534, 1013, 0, 0, 0),
(5535, 1014, 0, 0, 0),
(5536, 1015, 0, 0, 0),
(5537, 1016, 0, 0, 0),
(5538, 1017, 0, 0, 0),
(5539, 1018, 0, 0, 0),
(5540, 1019, 0, 0, 0),
(5541, 1020, 0, 0, 0),
(5542, 1021, 0, 0, 0),
(5543, 1022, 0, 0, 0),
(5544, 1023, 0, 0, 0),
(5545, 1024, 0, 0, 0),
(5546, 1025, 0, 0, 0),
(5547, 1026, 0, 0, 0),
(5548, 1027, 0, 0, 0),
(5549, 1028, 0, 0, 0),
(5550, 1029, 0, 0, 0),
(5551, 1030, 0, 0, 0),
(5552, 1031, 0, 0, 0),
(5553, 1032, 0, 0, 0),
(5554, 1033, 0, 0, 0),
(5555, 1034, 0, 0, 0),
(5556, 1035, 0, 0, 0),
(5557, 1036, 0, 0, 0),
(5558, 1037, 0, 0, 0),
(5559, 1038, 0, 0, 0),
(5560, 1039, 0, 0, 0),
(5561, 1040, 0, 0, 0),
(5562, 1041, 0, 0, 0),
(5563, 1042, 0, 0, 0),
(5564, 1043, 0, 0, 0),
(5565, 1044, 0, 0, 0),
(5566, 1045, 0, 0, 0),
(5567, 1046, 0, 0, 0),
(5568, 1047, 0, 0, 0),
(5569, 1048, 0, 0, 0),
(5570, 1049, 0, 0, 0),
(5571, 1050, 0, 0, 0),
(5572, 1051, 0, 0, 0),
(5573, 1052, 0, 0, 0),
(5574, 1053, 0, 0, 0),
(5575, 1054, 0, 0, 0),
(5576, 1055, 0, 0, 0),
(5583, 799, 1, 0, 3000000),
(5584, 799, 2, 0, 3000000),
(5585, 799, 3, 0, 3000000),
(5586, 799, 4, 0, 3000000),
(5587, 799, 5, 0, 3000000),
(5588, 799, 6, 0, 3000000),
(5589, 797, 1, 0, 3000000),
(5590, 797, 2, 0, 3000000),
(5591, 797, 3, 0, 3000000),
(5592, 797, 4, 0, 2999000),
(5593, 797, 5, 0, 3000000),
(5594, 797, 6, 0, 3000000),
(5601, 801, 1, 0, 3000000),
(5602, 801, 2, 0, 3000000),
(5603, 801, 3, 0, 3000000),
(5604, 801, 4, 0, 3000000),
(5605, 801, 5, 0, 3000000),
(5606, 801, 6, 0, 3000000),
(5613, 804, 1, 0, 3000000),
(5614, 804, 2, 0, 3000000),
(5615, 804, 3, 0, 3000000),
(5616, 804, 4, 0, 3000000),
(5617, 804, 5, 0, 3000000),
(5618, 804, 6, 0, 3000000),
(5619, 805, 1, 0, 3000000),
(5620, 805, 2, 0, 3000000),
(5621, 805, 3, 0, 3000000),
(5622, 805, 4, 0, 3000000),
(5623, 805, 5, 0, 3000000),
(5624, 805, 6, 0, 3000000),
(5625, 806, 1, 0, 3000000),
(5626, 806, 2, 0, 3000000),
(5627, 806, 3, 0, 3000000),
(5628, 806, 4, 0, 2999000),
(5629, 806, 5, 0, 3000000),
(5630, 806, 6, 0, 3000000),
(5631, 807, 1, 0, 3000000),
(5632, 807, 2, 0, 3000000),
(5633, 807, 3, 0, 3000000),
(5634, 807, 4, 0, 3000000),
(5635, 807, 5, 0, 3000000),
(5636, 807, 6, 0, 3000000),
(5643, 929, 1, 0, 3000000),
(5644, 929, 2, 0, 3000000),
(5645, 929, 3, 0, 3000000),
(5646, 929, 4, 0, 3000000),
(5647, 929, 5, 0, 3000000),
(5648, 929, 6, 0, 3000000),
(5649, 926, 1, 0, 3000000),
(5650, 926, 2, 0, 3000000),
(5651, 926, 3, 0, 3000000),
(5652, 926, 4, 0, 3000000),
(5653, 926, 5, 0, 3000000),
(5654, 926, 6, 0, 3000000),
(5655, 928, 1, 0, 3000000),
(5656, 928, 2, 0, 3000000),
(5657, 928, 3, 0, 3000000),
(5658, 928, 4, 0, 3000000),
(5659, 928, 5, 0, 3000000),
(5660, 928, 6, 0, 3000000),
(5661, 927, 1, 0, 3000000),
(5662, 927, 2, 0, 3000000),
(5663, 927, 3, 0, 3000000),
(5664, 927, 4, 0, 3000000),
(5665, 927, 5, 0, 3000000),
(5666, 927, 6, 0, 3000000),
(5667, 925, 1, 0, 3000000),
(5668, 925, 2, 0, 3000000),
(5669, 925, 3, 0, 3000000),
(5670, 925, 4, 0, 3000000),
(5671, 925, 5, 0, 3000000),
(5672, 925, 6, 0, 3000000),
(5673, 924, 1, 0, 3000000),
(5674, 924, 2, 0, 3000000),
(5675, 924, 3, 0, 3000000),
(5676, 924, 4, 0, 3000000),
(5677, 924, 5, 0, 3000000),
(5678, 924, 6, 0, 3000000),
(5679, 923, 1, 0, 3000000),
(5680, 923, 2, 0, 3000000),
(5681, 923, 3, 0, 3000000),
(5682, 923, 4, 0, 3000000),
(5683, 923, 5, 0, 3000000),
(5684, 923, 6, 0, 3000000),
(5685, 922, 1, 0, 3000000),
(5686, 922, 2, 0, 3000000),
(5687, 922, 3, 0, 3000000),
(5688, 922, 4, 0, 3000000),
(5689, 922, 5, 0, 3000000),
(5690, 922, 6, 0, 3000000),
(5691, 921, 1, 0, 3000000),
(5692, 921, 2, 0, 3000000),
(5693, 921, 3, 0, 3000000),
(5694, 921, 4, 0, 3000000),
(5695, 921, 5, 0, 3000000),
(5696, 921, 6, 0, 3000000),
(5697, 920, 1, 0, 3000000),
(5698, 920, 2, 0, 3000000),
(5699, 920, 3, 0, 3000000),
(5700, 920, 4, 0, 3000000),
(5701, 920, 5, 0, 3000000),
(5702, 920, 6, 0, 3000000),
(5703, 919, 1, 0, 3000000),
(5704, 919, 2, 0, 3000000),
(5705, 919, 3, 0, 3000000),
(5706, 919, 4, 0, 3000000),
(5707, 919, 5, 0, 3000000),
(5708, 919, 6, 0, 3000000),
(5721, 918, 1, 0, 3000000),
(5722, 918, 2, 0, 3000000),
(5723, 918, 3, 0, 3000000),
(5724, 918, 4, 0, 3000000),
(5725, 918, 5, 0, 3000000),
(5726, 918, 6, 0, 3000000),
(5727, 917, 1, 0, 3000000),
(5728, 917, 2, 0, 3000000),
(5729, 917, 3, 0, 3000000),
(5730, 917, 4, 0, 3000000),
(5731, 917, 5, 0, 3000000),
(5732, 917, 6, 0, 3000000),
(5733, 916, 1, 0, 3000000),
(5734, 916, 2, 0, 3000000),
(5735, 916, 3, 0, 3000000),
(5736, 916, 4, 0, 3000000),
(5737, 916, 5, 0, 3000000),
(5738, 916, 6, 0, 3000000),
(5739, 912, 1, 0, 3000000),
(5740, 912, 2, 0, 3000000),
(5741, 912, 3, 0, 3000000),
(5742, 912, 4, 0, 3000000),
(5743, 912, 5, 0, 3000000),
(5744, 912, 6, 0, 3000000),
(5745, 915, 1, 0, 3000000),
(5746, 915, 2, 0, 3000000),
(5747, 915, 3, 0, 3000000),
(5748, 915, 4, 0, 3000000),
(5749, 915, 5, 0, 3000000),
(5750, 915, 6, 0, 3000000),
(5751, 914, 1, 0, 3000000),
(5752, 914, 2, 0, 3000000),
(5753, 914, 3, 0, 3000000),
(5754, 914, 4, 0, 3000000),
(5755, 914, 5, 0, 3000000),
(5756, 914, 6, 0, 3000000),
(5757, 913, 1, 0, 3000000),
(5758, 913, 2, 0, 3000000),
(5759, 913, 3, 0, 3000000),
(5760, 913, 4, 0, 3000000),
(5761, 913, 5, 0, 3000000),
(5762, 913, 6, 0, 3000000),
(5763, 911, 1, 0, 3000000),
(5764, 911, 2, 0, 3000000),
(5765, 911, 3, 0, 3000000),
(5766, 911, 4, 0, 3000000),
(5767, 911, 5, 0, 3000000),
(5768, 911, 6, 0, 3000000),
(5769, 910, 1, 0, 3000000),
(5770, 910, 2, 0, 3000000),
(5771, 910, 3, 0, 3000000),
(5772, 910, 4, 0, 3000000),
(5773, 910, 5, 0, 3000000),
(5774, 910, 6, 0, 3000000),
(5775, 909, 1, 0, 3000000),
(5776, 909, 2, 0, 3000000),
(5777, 909, 3, 0, 3000000),
(5778, 909, 4, 0, 3000000),
(5779, 909, 5, 0, 3000000),
(5780, 909, 6, 0, 3000000),
(5781, 908, 1, 0, 3000000),
(5782, 908, 2, 0, 3000000),
(5783, 908, 3, 0, 3000000),
(5784, 908, 4, 0, 3000000),
(5785, 908, 5, 0, 3000000),
(5786, 908, 6, 0, 3000000),
(5787, 907, 1, 0, 3000000),
(5788, 907, 2, 0, 3000000),
(5789, 907, 3, 0, 3000000),
(5790, 907, 4, 0, 3000000),
(5791, 907, 5, 0, 3000000),
(5792, 906, 1, 0, 3000000),
(5793, 906, 2, 0, 3000000),
(5794, 906, 3, 0, 3000000),
(5795, 906, 4, 0, 3000000),
(5796, 906, 5, 0, 3000000),
(5797, 905, 1, 0, 3000000),
(5798, 905, 2, 0, 3000000),
(5799, 905, 3, 0, 3000000),
(5800, 905, 4, 0, 3000000),
(5801, 905, 5, 0, 3000000),
(5802, 904, 1, 0, 3000000),
(5803, 904, 2, 0, 3000000),
(5804, 904, 3, 0, 3000000),
(5805, 904, 4, 0, 3000000),
(5806, 904, 5, 0, 3000000),
(5807, 903, 1, 0, 3000000),
(5808, 903, 2, 0, 3000000),
(5809, 903, 3, 0, 3000000),
(5810, 903, 4, 0, 3000000),
(5811, 903, 5, 0, 3000000),
(5812, 902, 1, 0, 3000000),
(5813, 902, 2, 0, 3000000),
(5814, 902, 3, 0, 3000000),
(5815, 902, 4, 0, 3000000),
(5816, 902, 5, 0, 3000000),
(5817, 901, 1, 0, 3000000),
(5818, 901, 2, 0, 3000000),
(5819, 901, 3, 0, 3000000),
(5820, 901, 4, 0, 3000000),
(5821, 901, 5, 0, 3000000),
(5822, 900, 1, 0, 3000000),
(5823, 900, 2, 0, 3000000),
(5824, 900, 3, 0, 3000000),
(5825, 900, 4, 0, 3000000),
(5826, 900, 5, 0, 3000000),
(5827, 899, 1, 0, 3000000),
(5828, 899, 2, 0, 3000000),
(5829, 899, 3, 0, 3000000),
(5830, 899, 4, 0, 3000000),
(5831, 899, 5, 0, 3000000),
(5832, 898, 1, 0, 3000000),
(5833, 898, 2, 0, 3000000),
(5834, 898, 3, 0, 3000000),
(5835, 898, 4, 0, 3000000),
(5836, 898, 5, 0, 3000000),
(5837, 897, 1, 0, 3000000),
(5838, 897, 2, 0, 3000000),
(5839, 897, 3, 0, 3000000),
(5840, 897, 4, 0, 3000000),
(5841, 897, 5, 0, 3000000),
(5842, 896, 1, 0, 3000000),
(5843, 896, 2, 0, 3000000),
(5844, 896, 3, 0, 3000000),
(5845, 896, 4, 0, 3000000),
(5846, 896, 5, 0, 3000000),
(5847, 895, 1, 0, 3000000),
(5848, 895, 2, 0, 3000000),
(5849, 895, 3, 0, 3000000),
(5850, 895, 4, 0, 3000000),
(5851, 895, 5, 0, 3000000),
(5852, 894, 1, 0, 3000000),
(5853, 894, 2, 0, 3000000),
(5854, 894, 3, 0, 3000000),
(5855, 894, 4, 0, 3000000),
(5856, 894, 5, 0, 3000000),
(5857, 893, 1, 0, 3000000),
(5858, 893, 2, 0, 3000000),
(5859, 893, 3, 0, 3000000),
(5860, 893, 4, 0, 3000000),
(5861, 893, 5, 0, 3000000),
(5862, 892, 1, 0, 3000000),
(5863, 892, 2, 0, 3000000),
(5864, 892, 3, 0, 3000000),
(5865, 892, 4, 0, 3000000),
(5866, 892, 5, 0, 3000000),
(5867, 891, 1, 0, 3000000),
(5868, 891, 2, 0, 3000000),
(5869, 891, 3, 0, 3000000),
(5870, 891, 4, 0, 3000000),
(5871, 891, 5, 0, 3000000),
(5872, 890, 1, 0, 3000000),
(5873, 890, 2, 0, 3000000),
(5874, 890, 3, 0, 3000000),
(5875, 890, 4, 0, 3000000),
(5876, 890, 5, 0, 3000000),
(5877, 889, 1, 0, 3000000),
(5878, 889, 2, 0, 3000000),
(5879, 889, 3, 0, 3000000),
(5880, 889, 4, 0, 3000000),
(5881, 889, 5, 0, 3000000),
(5882, 888, 1, 0, 3000000),
(5883, 888, 2, 0, 3000000),
(5884, 888, 3, 0, 3000000),
(5885, 888, 4, 0, 3000000),
(5886, 888, 5, 0, 3000000),
(5887, 887, 1, 0, 3000000),
(5888, 887, 2, 0, 3000000),
(5889, 887, 3, 0, 3000000),
(5890, 887, 4, 0, 3000000),
(5891, 887, 5, 0, 3000000),
(5892, 886, 1, 0, 3000000),
(5893, 886, 2, 0, 3000000),
(5894, 886, 3, 0, 3000000),
(5895, 886, 4, 0, 3000000),
(5896, 886, 5, 0, 3000000),
(5897, 886, 6, 0, 3000000),
(5898, 885, 1, 0, 3000000),
(5899, 885, 2, 0, 3000000),
(5900, 885, 3, 0, 3000000),
(5901, 885, 4, 0, 3000000),
(5902, 885, 5, 0, 3000000),
(5903, 885, 6, 0, 3000000),
(5904, 884, 1, 0, 3000000),
(5905, 884, 2, 0, 3000000),
(5906, 884, 3, 0, 3000000),
(5907, 884, 4, 0, 3000000),
(5908, 884, 5, 0, 3000000),
(5909, 884, 6, 0, 3000000),
(5910, 883, 1, 0, 3000000),
(5911, 883, 2, 0, 3000000),
(5912, 883, 3, 0, 3000000),
(5913, 883, 4, 0, 3000000),
(5914, 883, 5, 0, 3000000),
(5915, 883, 6, 0, 3000000),
(5916, 882, 1, 0, 3000000),
(5917, 882, 2, 0, 3000000),
(5918, 882, 3, 0, 3000000),
(5919, 882, 4, 0, 3000000),
(5920, 882, 5, 0, 3000000),
(5921, 882, 6, 0, 3000000),
(5922, 881, 1, 0, 3000000),
(5923, 881, 2, 0, 3000000),
(5924, 881, 3, 0, 3000000),
(5925, 881, 4, 0, 3000000),
(5926, 881, 5, 0, 3000000),
(5927, 881, 6, 0, 3000000),
(5928, 880, 1, 0, 3000000),
(5929, 880, 2, 0, 3000000),
(5930, 880, 3, 0, 3000000),
(5931, 880, 4, 0, 3000000),
(5932, 880, 5, 0, 3000000),
(5933, 880, 6, 0, 3000000),
(5934, 879, 1, 0, 3000000),
(5935, 879, 2, 0, 3000000),
(5936, 879, 3, 0, 3000000),
(5937, 879, 4, 0, 3000000),
(5938, 879, 5, 0, 3000000),
(5939, 879, 6, 0, 3000000),
(5940, 878, 1, 0, 3000000),
(5941, 878, 2, 0, 3000000),
(5942, 878, 3, 0, 3000000),
(5943, 878, 4, 0, 3000000),
(5944, 878, 5, 0, 3000000),
(5945, 878, 6, 0, 3000000),
(5946, 877, 1, 0, 3000000),
(5947, 877, 2, 0, 3000000),
(5948, 877, 3, 0, 3000000),
(5949, 877, 4, 0, 3000000),
(5950, 877, 5, 0, 3000000),
(5951, 877, 6, 0, 3000000),
(5952, 876, 1, 0, 3000000),
(5953, 876, 2, 0, 3000000),
(5954, 876, 3, 0, 3000000),
(5955, 876, 4, 0, 3000000),
(5956, 876, 5, 0, 3000000),
(5957, 876, 6, 0, 3000000),
(5958, 875, 1, 0, 3000000),
(5959, 875, 2, 0, 3000000),
(5960, 875, 3, 0, 3000000),
(5961, 875, 4, 0, 3000000),
(5962, 875, 5, 0, 3000000),
(5963, 875, 6, 0, 3000000),
(5964, 874, 1, 0, 3000000),
(5965, 874, 2, 0, 3000000),
(5966, 874, 3, 0, 3000000),
(5967, 874, 4, 0, 3000000),
(5968, 874, 5, 0, 3000000),
(5969, 874, 6, 0, 3000000),
(5970, 873, 1, 0, 3000000),
(5971, 873, 2, 0, 3000000),
(5972, 873, 3, 0, 3000000),
(5973, 873, 4, 0, 3000000),
(5974, 873, 5, 0, 3000000),
(5975, 873, 6, 0, 3000000),
(5976, 872, 1, 0, 3000000),
(5977, 872, 2, 0, 3000000),
(5978, 872, 3, 0, 3000000),
(5979, 872, 4, 0, 3000000),
(5980, 872, 5, 0, 3000000),
(5981, 872, 6, 0, 3000000),
(5982, 871, 1, 0, 3000000),
(5983, 871, 2, 0, 3000000),
(5984, 871, 3, 0, 3000000),
(5985, 871, 4, 0, 3000000),
(5986, 871, 5, 0, 3000000),
(5987, 871, 6, 0, 3000000),
(5988, 870, 1, 0, 3000000),
(5989, 870, 2, 0, 3000000),
(5990, 870, 3, 0, 3000000),
(5991, 870, 4, 0, 3000000),
(5992, 870, 5, 0, 3000000),
(5993, 870, 6, 0, 3000000),
(5994, 869, 1, 0, 3000000),
(5995, 869, 2, 0, 3000000),
(5996, 869, 3, 0, 3000000),
(5997, 869, 4, 0, 3000000),
(5998, 869, 5, 0, 3000000),
(5999, 869, 6, 0, 3000000),
(6000, 868, 1, 0, 3000000),
(6001, 868, 2, 0, 3000000),
(6002, 868, 3, 0, 3000000),
(6003, 868, 4, 0, 3000000),
(6004, 868, 5, 0, 3000000),
(6005, 868, 6, 0, 3000000),
(6006, 867, 1, 0, 3000000),
(6007, 867, 2, 0, 3000000),
(6008, 867, 3, 0, 3000000),
(6009, 867, 4, 0, 3000000),
(6010, 867, 5, 0, 3000000),
(6011, 867, 6, 0, 3000000),
(6012, 866, 1, 0, 3000000),
(6013, 866, 2, 0, 3000000),
(6014, 866, 3, 0, 3000000),
(6015, 866, 4, 0, 3000000),
(6016, 866, 5, 0, 3000000),
(6017, 866, 6, 0, 3000000),
(6018, 865, 1, 0, 3000000),
(6019, 865, 2, 0, 3000000),
(6020, 865, 3, 0, 3000000),
(6021, 865, 4, 0, 3000000),
(6022, 865, 5, 0, 3000000),
(6023, 865, 6, 0, 3000000),
(6024, 864, 1, 0, 3000000),
(6025, 864, 2, 0, 3000000),
(6026, 864, 3, 0, 3000000),
(6027, 864, 4, 0, 3000000),
(6028, 864, 5, 0, 3000000),
(6029, 864, 6, 0, 3000000),
(6030, 863, 1, 0, 3000000),
(6031, 863, 2, 0, 3000000),
(6032, 863, 3, 0, 3000000),
(6033, 863, 4, 0, 3000000),
(6034, 863, 5, 0, 3000000),
(6035, 863, 6, 0, 3000000),
(6036, 862, 1, 0, 3000000),
(6037, 862, 2, 0, 3000000),
(6038, 862, 3, 0, 3000000),
(6039, 862, 4, 0, 3000000),
(6040, 862, 5, 0, 3000000),
(6041, 862, 6, 0, 3000000),
(6042, 861, 1, 0, 3000000),
(6043, 861, 2, 0, 3000000),
(6044, 861, 3, 0, 3000000),
(6045, 861, 4, 0, 3000000),
(6046, 861, 5, 0, 3000000),
(6047, 861, 6, 0, 3000000),
(6048, 860, 1, 0, 3000000),
(6049, 860, 2, 0, 3000000),
(6050, 860, 3, 0, 3000000),
(6051, 860, 4, 0, 3000000),
(6052, 860, 5, 0, 3000000),
(6053, 860, 6, 0, 3000000),
(6060, 859, 1, 0, 3000000),
(6061, 859, 2, 0, 3000000),
(6062, 859, 3, 0, 3000000),
(6063, 859, 4, 0, 3000000),
(6064, 859, 5, 0, 3000000),
(6065, 859, 6, 0, 3000000),
(6066, 858, 1, 0, 3000000),
(6067, 858, 2, 0, 3000000),
(6068, 858, 3, 0, 3000000),
(6069, 858, 4, 0, 3000000),
(6070, 858, 5, 0, 3000000),
(6071, 858, 6, 0, 3000000),
(6072, 857, 1, 0, 3000000),
(6073, 857, 2, 0, 3000000),
(6074, 857, 3, 0, 3000000),
(6075, 857, 4, 0, 3000000),
(6076, 857, 5, 0, 3000000),
(6077, 857, 6, 0, 3000000),
(6078, 856, 1, 0, 3000000),
(6079, 856, 2, 0, 3000000),
(6080, 856, 3, 0, 3000000),
(6081, 856, 4, 0, 3000000),
(6082, 856, 5, 0, 3000000),
(6083, 856, 6, 0, 3000000),
(6084, 855, 1, 0, 3000000),
(6085, 855, 2, 0, 3000000),
(6086, 855, 3, 0, 3000000),
(6087, 855, 4, 0, 3000000),
(6088, 855, 5, 0, 3000000),
(6089, 855, 6, 0, 3000000),
(6090, 854, 1, 0, 3000000),
(6091, 854, 2, 0, 3000000),
(6092, 854, 3, 0, 3000000),
(6093, 854, 4, 0, 3000000),
(6094, 854, 5, 0, 3000000),
(6095, 854, 6, 0, 3000000),
(6096, 853, 1, 0, 3000000),
(6097, 853, 2, 0, 3000000),
(6098, 853, 3, 0, 3000000),
(6099, 853, 4, 0, 3000000),
(6100, 853, 5, 0, 3000000),
(6101, 853, 6, 0, 3000000),
(6108, 852, 1, 0, 3000000),
(6109, 852, 2, 0, 3000000),
(6110, 852, 3, 0, 3000000),
(6111, 852, 4, 0, 3000000),
(6112, 852, 5, 0, 3000000),
(6113, 852, 6, 0, 3000000),
(6114, 851, 1, 0, 3000000),
(6115, 851, 2, 0, 3000000),
(6116, 851, 3, 0, 3000000),
(6117, 851, 4, 0, 3000000),
(6118, 851, 5, 0, 3000000),
(6119, 851, 6, 0, 3000000),
(6120, 849, 1, 0, 3000000),
(6121, 849, 2, 0, 3000000),
(6122, 849, 3, 0, 3000000),
(6123, 849, 4, 0, 3000000),
(6124, 849, 5, 0, 3000000),
(6125, 849, 6, 0, 3000000),
(6126, 850, 1, 0, 3000000),
(6127, 850, 2, 0, 3000000),
(6128, 850, 3, 0, 3000000),
(6129, 850, 4, 0, 3000000),
(6130, 850, 5, 0, 3000000),
(6131, 850, 6, 0, 3000000),
(6132, 848, 1, 0, 3000000),
(6133, 848, 2, 0, 3000000),
(6134, 848, 3, 0, 3000000),
(6135, 848, 4, 0, 3000000),
(6136, 848, 5, 0, 3000000),
(6137, 848, 6, 0, 3000000),
(6138, 847, 1, 0, 3000000),
(6139, 847, 2, 0, 3000000),
(6140, 847, 3, 0, 3000000),
(6141, 847, 4, 0, 3000000),
(6142, 847, 5, 0, 3000000),
(6143, 847, 6, 0, 3000000),
(6150, 846, 1, 0, 3000000),
(6151, 846, 2, 0, 2999750),
(6152, 846, 3, 0, 3000000),
(6153, 846, 4, 0, 3000000),
(6154, 846, 5, 0, 3000000),
(6155, 846, 6, 0, 3000000),
(6156, 845, 1, 0, 3000000),
(6157, 845, 2, 0, 3000000),
(6158, 845, 3, 0, 3000000),
(6159, 845, 4, 0, 3000000),
(6160, 845, 5, 0, 3000000),
(6161, 845, 6, 0, 3000000),
(6162, 844, 1, 0, 3000000),
(6163, 844, 2, 0, 3000000),
(6164, 844, 3, 0, 3000000),
(6165, 844, 4, 0, 3000000),
(6166, 844, 5, 0, 3000000),
(6167, 844, 6, 0, 3000000),
(6168, 843, 1, 0, 3000000),
(6169, 843, 2, 0, 3000000),
(6170, 843, 3, 0, 3000000),
(6171, 843, 4, 0, 3000000),
(6172, 843, 5, 0, 3000000),
(6173, 843, 6, 0, 3000000),
(6174, 842, 1, 0, 3000000),
(6175, 842, 2, 0, 3000000),
(6176, 842, 3, 0, 3000000),
(6177, 842, 4, 0, 3000000),
(6178, 842, 5, 0, 3000000),
(6179, 842, 6, 0, 3000000),
(6180, 841, 1, 0, 3000000),
(6181, 841, 2, 0, 3000000),
(6182, 841, 3, 0, 3000000),
(6183, 841, 4, 0, 3000000),
(6184, 841, 5, 0, 3000000),
(6185, 841, 6, 0, 3000000),
(6186, 840, 1, 0, 3000000),
(6187, 840, 2, 0, 3000000),
(6188, 840, 3, 0, 3000000),
(6189, 840, 4, 0, 3000000),
(6190, 840, 5, 0, 3000000),
(6191, 840, 6, 0, 3000000),
(6210, 839, 1, 0, 3000000),
(6211, 839, 2, 0, 3000000),
(6212, 839, 3, 0, 3000000),
(6213, 839, 4, 0, 3000000),
(6214, 839, 5, 0, 3000000),
(6215, 839, 6, 0, 3000000),
(6216, 838, 1, 0, 3000000),
(6217, 838, 2, 0, 3000000),
(6218, 838, 3, 0, 3000000),
(6219, 838, 4, 0, 3000000),
(6220, 838, 5, 0, 3000000),
(6221, 838, 6, 0, 3000000),
(6222, 837, 1, 0, 3000000),
(6223, 837, 2, 0, 3000000),
(6224, 837, 3, 0, 3000000),
(6225, 837, 4, 0, 3000000),
(6226, 837, 5, 0, 3000000),
(6227, 837, 6, 0, 3000000),
(6228, 836, 1, 0, 3000000),
(6229, 836, 2, 0, 3000000),
(6230, 836, 3, 0, 3000000),
(6231, 836, 4, 0, 3000000),
(6232, 836, 5, 0, 3000000),
(6233, 836, 6, 0, 3000000),
(6234, 835, 1, 0, 3000000),
(6235, 835, 2, 0, 3000000),
(6236, 835, 3, 0, 3000000),
(6237, 835, 4, 0, 3000000),
(6238, 835, 5, 0, 3000000),
(6239, 835, 6, 0, 3000000),
(6240, 834, 1, 0, 3000000),
(6241, 834, 2, 0, 3000000),
(6242, 834, 3, 0, 3000000),
(6243, 834, 4, 0, 3000000),
(6244, 834, 5, 0, 3000000),
(6245, 834, 6, 0, 3000000),
(6246, 833, 1, 0, 3000000),
(6247, 833, 2, 0, 3000000),
(6248, 833, 3, 0, 3000000),
(6249, 833, 4, 0, 3000000),
(6250, 833, 5, 0, 3000000),
(6251, 833, 6, 0, 3000000),
(6252, 832, 1, 0, 3000000),
(6253, 832, 2, 0, 3000000),
(6254, 832, 3, 0, 3000000),
(6255, 832, 4, 0, 3000000),
(6256, 832, 5, 0, 3000000),
(6257, 832, 6, 0, 3000000),
(6258, 831, 1, 0, 3000000),
(6259, 831, 2, 0, 3000000),
(6260, 831, 3, 0, 3000000),
(6261, 831, 4, 0, 3000000),
(6262, 831, 5, 0, 3000000),
(6263, 831, 6, 0, 3000000),
(6264, 830, 1, 0, 3000000),
(6265, 830, 2, 0, 3000000),
(6266, 830, 3, 0, 3000000),
(6267, 830, 4, 0, 3000000),
(6268, 830, 5, 0, 3000000),
(6269, 830, 6, 0, 3000000),
(6270, 829, 1, 0, 3000000),
(6271, 829, 2, 0, 3000000),
(6272, 829, 3, 0, 3000000),
(6273, 829, 4, 0, 3000000),
(6274, 829, 5, 0, 3000000),
(6275, 829, 6, 0, 3000000),
(6276, 828, 1, 0, 3000000),
(6277, 828, 2, 0, 3000000),
(6278, 828, 3, 0, 3000000),
(6279, 828, 4, 0, 3000000),
(6280, 828, 5, 0, 3000000),
(6281, 828, 6, 0, 3000000),
(6282, 827, 1, 0, 3000000),
(6283, 827, 2, 0, 3000000),
(6284, 827, 3, 0, 3000000),
(6285, 827, 4, 0, 3000000),
(6286, 827, 5, 0, 3000000),
(6287, 827, 6, 0, 3000000),
(6288, 826, 1, 0, 3000000),
(6289, 826, 2, 0, 3000000),
(6290, 826, 3, 0, 3000000),
(6291, 826, 4, 0, 3000000),
(6292, 826, 5, 0, 3000000),
(6293, 826, 6, 0, 3000000),
(6294, 825, 1, 0, 2998750),
(6295, 825, 2, 0, 2999500),
(6296, 825, 3, 0, 3000000),
(6297, 825, 4, 0, 2999000),
(6298, 825, 5, 0, 3000000),
(6299, 825, 6, 0, 3000000),
(6300, 824, 1, 0, 3000000),
(6301, 824, 2, 0, 3000000),
(6302, 824, 3, 0, 3000000),
(6303, 824, 4, 0, 3000000),
(6304, 824, 5, 0, 3000000),
(6305, 824, 6, 0, 3000000),
(6312, 823, 1, 0, 3000000),
(6313, 823, 2, 0, 3000000),
(6314, 823, 3, 0, 3000000),
(6315, 823, 4, 0, 3000000),
(6316, 823, 5, 0, 3000000),
(6317, 823, 6, 0, 3000000),
(6318, 822, 1, 0, 3000000),
(6319, 822, 2, 0, 3000000),
(6320, 822, 3, 0, 3000000),
(6321, 822, 4, 0, 3000000),
(6322, 822, 5, 0, 3000000),
(6323, 822, 6, 0, 3000000),
(6324, 821, 1, 0, 3000000),
(6325, 821, 2, 0, 3000000),
(6326, 821, 3, 0, 3000000),
(6327, 821, 4, 0, 3000000),
(6328, 821, 5, 0, 3000000),
(6329, 821, 6, 0, 3000000),
(6330, 820, 1, 0, 3000000),
(6331, 820, 2, 0, 3000000),
(6332, 820, 3, 0, 3000000),
(6333, 820, 4, 0, 3000000),
(6334, 820, 5, 0, 3000000),
(6335, 820, 6, 0, 3000000),
(6336, 819, 1, 0, 3000000),
(6337, 819, 2, 0, 3000000),
(6338, 819, 3, 0, 3000000),
(6339, 819, 4, 0, 3000000),
(6340, 819, 5, 0, 3000000),
(6341, 819, 6, 0, 3000000),
(6342, 818, 1, 0, 3000000),
(6343, 818, 2, 0, 3000000),
(6344, 818, 3, 0, 3000000),
(6345, 818, 4, 0, 3000000),
(6346, 818, 5, 0, 3000000),
(6347, 818, 6, 0, 3000000),
(6348, 817, 1, 0, 3000000),
(6349, 817, 2, 0, 3000000),
(6350, 817, 3, 0, 3000000),
(6351, 817, 4, 0, 3000000),
(6352, 817, 5, 0, 3000000),
(6353, 817, 6, 0, 3000000),
(6354, 816, 1, 0, 3000000),
(6355, 816, 2, 0, 3000000),
(6356, 816, 3, 0, 3000000),
(6357, 816, 4, 0, 3000000),
(6358, 816, 5, 0, 3000000),
(6359, 816, 6, 0, 3000000),
(6360, 815, 1, 0, 3000000),
(6361, 815, 2, 0, 3000000),
(6362, 815, 3, 0, 3000000),
(6363, 815, 4, 0, 3000000),
(6364, 815, 5, 0, 3000000),
(6365, 815, 6, 0, 3000000),
(6366, 814, 1, 0, 3000000),
(6367, 814, 2, 0, 3000000),
(6368, 814, 3, 0, 3000000),
(6369, 814, 4, 0, 3000000),
(6370, 814, 5, 0, 3000000),
(6371, 814, 6, 0, 3000000),
(6378, 813, 1, 0, 3000000),
(6379, 813, 2, 0, 3000000),
(6380, 813, 3, 0, 3000000),
(6381, 813, 4, 0, 3000000),
(6382, 813, 5, 0, 3000000),
(6383, 813, 6, 0, 3000000),
(6384, 812, 1, 0, 3000000),
(6385, 812, 2, 0, 3000000),
(6386, 812, 3, 0, 3000000),
(6387, 812, 4, 0, 3000000),
(6388, 812, 5, 0, 3000000),
(6389, 812, 6, 0, 3000000),
(6390, 811, 1, 0, 3000000),
(6391, 811, 2, 0, 3000000),
(6392, 811, 3, 0, 3000000),
(6393, 811, 4, 0, 3000000),
(6394, 811, 5, 0, 3000000),
(6395, 811, 6, 0, 3000000),
(6396, 810, 1, 0, 3000000),
(6397, 810, 2, 0, 2999000),
(6398, 810, 3, 0, 3000000),
(6399, 810, 4, 0, 3000000),
(6400, 810, 5, 0, 3000000),
(6401, 810, 6, 0, 3000000),
(6402, 809, 1, 0, 3000000),
(6403, 809, 2, 0, 3000000),
(6404, 809, 3, 0, 3000000),
(6405, 809, 4, 0, 3000000),
(6406, 809, 5, 0, 3000000),
(6407, 809, 6, 0, 3000000),
(6408, 808, 1, 0, 3000000),
(6409, 808, 2, 0, 3000000),
(6410, 808, 3, 0, 3000000),
(6411, 808, 4, 0, 3000000),
(6412, 808, 5, 0, 3000000),
(6413, 808, 6, 0, 3000000),
(6414, 803, 1, 0, 3000000),
(6415, 803, 2, 0, 3000000),
(6416, 803, 3, 0, 3000000),
(6417, 803, 4, 0, 3000000),
(6418, 803, 5, 0, 3000000),
(6419, 803, 6, 0, 3000000),
(6420, 802, 1, 0, 3000000),
(6421, 802, 2, 0, 3000000),
(6422, 802, 3, 0, 3000000),
(6423, 802, 4, 0, 3000000),
(6424, 802, 5, 0, 3000000),
(6425, 802, 6, 0, 3000000),
(6426, 956, 1, 0, 5000),
(6427, 956, 2, 0, 5000),
(6428, 956, 3, 0, 5000),
(6429, 956, 4, 0, 5000),
(6430, 956, 5, 0, 5000),
(6431, 956, 6, 0, 5000),
(6432, 957, 1, 0, 5000),
(6433, 957, 2, 0, 5000),
(6434, 957, 3, 0, 5000),
(6435, 957, 4, 0, 5000),
(6436, 957, 5, 0, 5000),
(6437, 957, 6, 0, 5000),
(6438, 958, 1, 0, 5000),
(6439, 958, 2, 0, 5000),
(6440, 958, 3, 0, 5000),
(6441, 958, 4, 0, 5000),
(6442, 958, 5, 0, 5000),
(6443, 958, 6, 0, 5000),
(6444, 959, 1, 0, 5000),
(6445, 959, 2, 0, 5000),
(6446, 959, 3, 0, 5000),
(6447, 959, 4, 0, 5000),
(6448, 959, 5, 0, 5000),
(6449, 959, 6, 0, 5000),
(6450, 960, 1, 0, 5000),
(6451, 960, 2, 0, 5000),
(6452, 960, 3, 0, 5000),
(6453, 960, 4, 0, 5000),
(6454, 960, 5, 0, 5000),
(6455, 960, 6, 0, 5000),
(6456, 961, 1, 0, 5000),
(6457, 961, 2, 0, 5000),
(6458, 961, 3, 0, 5000),
(6459, 961, 4, 0, 5000),
(6460, 961, 5, 0, 5000),
(6461, 961, 6, 0, 5000),
(6462, 962, 1, 0, 5000),
(6463, 962, 2, 0, 5000),
(6464, 962, 3, 0, 5000),
(6465, 962, 4, 0, 5000),
(6466, 962, 5, 0, 5000),
(6467, 962, 6, 0, 5000),
(6468, 963, 1, 0, 5000),
(6469, 963, 2, 0, 5000),
(6470, 963, 3, 0, 5000),
(6471, 963, 4, 0, 5000),
(6472, 963, 5, 0, 5000),
(6473, 963, 6, 0, 5000),
(6474, 964, 1, 0, 5000),
(6475, 964, 2, 0, 5000),
(6476, 964, 3, 0, 5000),
(6477, 964, 4, 0, 5000),
(6478, 964, 5, 0, 5000),
(6479, 964, 6, 0, 5000),
(6480, 798, 1, 500, 0),
(6481, 798, 2, 500, 0),
(6482, 798, 3, 500, 0),
(6483, 798, 4, 499, 0),
(6484, 798, 5, 500, 0),
(6485, 798, 6, 500, 0),
(6486, 800, 1, 0, 0),
(6487, 800, 2, 0, 0),
(6488, 800, 3, 0, 0),
(6489, 800, 4, 0, 0),
(6490, 800, 5, 0, 0),
(6491, 800, 6, 0, 0),
(6492, 966, 2, 0, 0),
(6493, 966, 3, 1, 0),
(6494, 932, 1, 100, 0),
(6495, 932, 2, 5, 0),
(6496, 932, 3, 5, 0),
(6497, 932, 4, 5, 0),
(6498, 932, 5, 5, 0),
(6499, 932, 6, 5, 0);

-- --------------------------------------------------------

--
-- Table structure for table `refunds`
--

CREATE TABLE `refunds` (
  `RefundID` int(11) NOT NULL,
  `SortOrder` int(11) NOT NULL,
  `Hide` tinyint(4) NOT NULL,
  `IsActive` tinyint(4) NOT NULL,
  `CreatedAt` datetime NOT NULL,
  `UpdatedAt` datetime NOT NULL,
  `CreatedBy` int(11) NOT NULL,
  `UpdatedBy` int(11) NOT NULL
) ENGINE=MyISAM DEFAULT CHARSET=utf8;

-- --------------------------------------------------------

--
-- Table structure for table `refunds_text`
--

CREATE TABLE `refunds_text` (
  `RefundTextID` int(11) NOT NULL,
  `RefundID` int(11) NOT NULL,
  `Title` varchar(255) NOT NULL,
  `SystemLanguageID` int(11) NOT NULL,
  `CreatedAt` datetime NOT NULL,
  `UpdatedAt` datetime NOT NULL,
  `CreatedBy` int(11) NOT NULL,
  `UpdatedBy` int(11) NOT NULL
) ENGINE=MyISAM DEFAULT CHARSET=utf8;

-- --------------------------------------------------------

--
-- Table structure for table `ribbons`
--

CREATE TABLE `ribbons` (
  `RibbonID` int(11) NOT NULL,
  `RibbonPrice` decimal(10,2) NOT NULL,
  `RibbonSKU` varchar(255) DEFAULT NULL,
  `RibbonInventory` int(11) NOT NULL,
  `RibbonImage` text NOT NULL,
  `SortOrder` int(11) NOT NULL,
  `Hide` tinyint(4) NOT NULL,
  `IsActive` tinyint(4) NOT NULL,
  `CreatedAt` datetime NOT NULL,
  `UpdatedAt` datetime NOT NULL,
  `CreatedBy` int(11) NOT NULL,
  `UpdatedBy` int(11) NOT NULL
) ENGINE=MyISAM DEFAULT CHARSET=utf8;

--
-- Dumping data for table `ribbons`
--

INSERT INTO `ribbons` (`RibbonID`, `RibbonPrice`, `RibbonSKU`, `RibbonInventory`, `RibbonImage`, `SortOrder`, `Hide`, `IsActive`, `CreatedAt`, `UpdatedAt`, `CreatedBy`, `UpdatedBy`) VALUES
(1, '0.00', '101', 18, 'uploads/images/8064129161220210316042702image4_(1).jpeg', 0, 0, 1, '2019-04-10 14:19:50', '2021-03-16 17:18:04', 1, 1),
(2, '0.00', '102', 10, 'uploads/images/6286190403520210316044916image0_(2).jpeg', 0, 0, 1, '2019-04-10 14:19:50', '2021-03-16 17:18:18', 1, 1);

-- --------------------------------------------------------

--
-- Table structure for table `ribbons_text`
--

CREATE TABLE `ribbons_text` (
  `RibbonTextID` int(11) NOT NULL,
  `RibbonID` int(11) NOT NULL,
  `Title` varchar(255) NOT NULL,
  `SystemLanguageID` int(11) NOT NULL,
  `CreatedAt` datetime NOT NULL,
  `UpdatedAt` datetime NOT NULL,
  `CreatedBy` int(11) NOT NULL,
  `UpdatedBy` int(11) NOT NULL
) ENGINE=MyISAM DEFAULT CHARSET=utf8;

--
-- Dumping data for table `ribbons_text`
--

INSERT INTO `ribbons_text` (`RibbonTextID`, `RibbonID`, `Title`, `SystemLanguageID`, `CreatedAt`, `UpdatedAt`, `CreatedBy`, `UpdatedBy`) VALUES
(1, 1, 'Red', 1, '2019-04-10 14:19:50', '2021-03-16 17:18:04', 1, 1),
(2, 1, '30 Chocolate PCS Ribbon', 2, '2019-04-10 14:19:50', '2019-04-11 15:29:50', 1, 1),
(3, 2, 'Pink', 1, '2019-04-10 14:19:50', '2021-03-16 17:18:18', 1, 1),
(4, 2, '20 Chocolate PCS Ribbon', 2, '2019-04-10 14:19:50', '2019-04-10 14:44:55', 1, 1);

-- --------------------------------------------------------

--
-- Table structure for table `roles`
--

CREATE TABLE `roles` (
  `RoleID` int(11) NOT NULL,
  `SortOrder` int(11) NOT NULL,
  `Hide` tinyint(4) NOT NULL DEFAULT 0,
  `IsActive` tinyint(4) NOT NULL,
  `CreatedBy` datetime NOT NULL,
  `UpdatedBy` datetime NOT NULL,
  `CreatedAt` datetime NOT NULL,
  `UpdatedAt` datetime NOT NULL
) ENGINE=InnoDB DEFAULT CHARSET=utf8;

--
-- Dumping data for table `roles`
--

INSERT INTO `roles` (`RoleID`, `SortOrder`, `Hide`, `IsActive`, `CreatedBy`, `UpdatedBy`, `CreatedAt`, `UpdatedAt`) VALUES
(1, 0, 0, 1, '0000-00-00 00:00:00', '0000-00-00 00:00:00', '2018-04-03 00:00:00', '2018-04-03 00:00:00'),
(3, 2, 0, 1, '0000-00-00 00:00:00', '0000-00-00 00:00:00', '2018-05-04 17:33:54', '2020-05-12 22:16:11'),
(4, 3, 0, 1, '0000-00-00 00:00:00', '0000-00-00 00:00:00', '2019-02-01 10:06:52', '2019-02-01 10:06:52'),
(5, 4, 0, 1, '0000-00-00 00:00:00', '0000-00-00 00:00:00', '2019-02-20 13:50:07', '2019-02-20 13:50:07'),
(6, 5, 0, 1, '0000-00-00 00:00:00', '0000-00-00 00:00:00', '2021-02-15 15:10:16', '2021-02-15 15:10:16');

-- --------------------------------------------------------

--
-- Table structure for table `roles_text`
--

CREATE TABLE `roles_text` (
  `RoleTextID` int(11) NOT NULL,
  `RoleID` int(11) NOT NULL,
  `Title` varchar(255) NOT NULL,
  `SystemLanguageID` int(11) NOT NULL,
  `CreatedAt` datetime NOT NULL,
  `UpdatedAt` datetime NOT NULL,
  `CreatedBy` int(11) NOT NULL,
  `UpdatedBy` int(11) NOT NULL
) ENGINE=InnoDB DEFAULT CHARSET=utf8;

--
-- Dumping data for table `roles_text`
--

INSERT INTO `roles_text` (`RoleTextID`, `RoleID`, `Title`, `SystemLanguageID`, `CreatedAt`, `UpdatedAt`, `CreatedBy`, `UpdatedBy`) VALUES
(1, 1, 'Admin', 1, '0000-00-00 00:00:00', '0000-00-00 00:00:00', 0, 0),
(4, 3, 'Delivery User', 1, '2018-05-04 17:33:54', '2020-05-12 22:16:11', 1, 1),
(5, 4, 'Store Admin', 1, '2019-02-01 10:06:52', '2019-02-01 10:06:52', 1, 1),
(6, 4, 'Store Admin', 2, '2019-02-01 10:07:00', '2019-02-01 10:07:00', 1, 1),
(7, 6, 'Custom Store Admin', 1, '2021-02-15 15:10:16', '2021-02-15 15:10:16', 1, 1),
(8, 6, 'Custom Store Admin', 2, '2021-02-15 15:10:16', '2021-02-15 15:10:16', 1, 1);

-- --------------------------------------------------------

--
-- Table structure for table `search_tags`
--

CREATE TABLE `search_tags` (
  `SearchTagID` int(11) NOT NULL,
  `SearchTag` text CHARACTER SET utf8 NOT NULL,
  `UserID` int(11) NOT NULL,
  `SearchedAt` datetime NOT NULL
) ENGINE=MyISAM DEFAULT CHARSET=latin1;

--
-- Dumping data for table `search_tags`
--

INSERT INTO `search_tags` (`SearchTagID`, `SearchTag`, `UserID`, `SearchedAt`) VALUES
(120, 'chocolate', 1583304373, '2020-05-19 13:09:22'),
(119, 'chocolate', 75, '2020-05-16 04:13:13'),
(118, 'chocolate', 1587384709, '2020-05-16 03:34:50'),
(117, 'almond', 1587867895, '2020-05-14 22:24:55'),
(116, 'almond', 1587867895, '2020-05-14 22:24:51'),
(115, 'bag', 1587867895, '2020-05-14 22:24:35'),
(114, 'bag', 1587867895, '2020-05-14 22:24:31'),
(113, 'TEA POT', 86, '2020-05-12 23:12:15'),
(112, 'cho', 1587976434, '2020-05-11 22:42:59'),
(111, 'cho', 1587976434, '2020-05-11 22:42:49'),
(110, 'cho', 1587976434, '2020-05-11 22:42:46'),
(109, 'a', 1581929426, '2020-05-11 22:42:20'),
(108, 'a', 1581929426, '2020-05-11 22:42:11'),
(107, 'a', 1581929426, '2020-05-11 22:42:08'),
(106, 'a', 1581929426, '2020-05-11 22:42:01'),
(105, 'a', 1581929426, '2020-05-11 22:41:43'),
(104, 'cs', 1581929426, '2020-05-11 22:41:33'),
(103, 'Gold', 86, '2020-05-11 14:21:38'),
(121, 'test', 1592251691, '2020-06-15 23:08:52'),
(122, 'jjj', 1590348794, '2020-06-16 09:10:27'),
(123, 'ruby', 1590348794, '2020-06-16 09:10:31'),
(124, 'box', 1590348794, '2020-06-16 09:10:50'),
(125, 'big', 1590348794, '2020-06-16 09:10:59'),
(126, 'chocolate', 71, '2020-06-16 13:07:35'),
(127, 'chocolate', 71, '2020-06-16 13:17:14'),
(128, 'chocolate', 71, '2020-06-16 13:22:53'),
(129, 'chocolate', 71, '2020-06-16 13:23:12'),
(130, 'نارجيل', 71, '2020-06-16 13:23:37'),
(131, 'box', 71, '2020-06-16 13:24:22'),
(132, '166.6', 1589965281, '2020-06-30 13:06:45'),
(133, 'hazelnut', 1590180985, '2020-07-21 15:02:32'),
(134, 'hazelnut', 1590180985, '2020-07-21 15:02:38'),
(135, 'hazelnut', 1590180985, '2020-07-21 15:02:42'),
(136, 'almond', 1590180985, '2020-07-21 15:02:58'),
(137, 'almond', 1590180985, '2020-07-21 15:03:04'),
(138, 'almond', 1592903834, '2020-07-22 13:48:27'),
(139, 'almond', 1592903834, '2020-07-22 13:48:46'),
(140, 'pistachio', 1592903834, '2020-07-22 13:49:08'),
(141, 'pistachio', 1592903834, '2020-07-22 13:49:23'),
(142, 'مواليد', 1595894031, '2020-07-28 02:55:12'),
(143, 'cs', 1594719193, '2020-08-09 11:08:19'),
(144, 'almond', 1594719193, '2020-08-09 11:08:26'),
(145, 'almond', 1594719193, '2020-08-09 11:08:30'),
(146, 'praline', 1594719193, '2020-08-09 11:08:39'),
(147, 'Para', 1589996141, '2020-09-05 18:30:10'),
(148, 'nuts', 1, '2020-10-05 11:21:00'),
(149, 'nuts', 1, '2020-10-05 11:21:07'),
(150, 'pistachio', 1, '2020-10-05 11:21:22'),
(151, 'pistachio', 1, '2020-10-05 11:21:37'),
(152, 'pistachio', 1, '2020-10-05 11:21:46'),
(153, 'pistachio', 412, '2020-10-05 11:43:07'),
(154, 'فستق', 412, '2020-10-05 11:43:38'),
(155, 'oreo', 71, '2020-10-27 10:07:31'),
(156, 'oreo', 71, '2020-10-27 10:29:53'),
(157, 'oreo', 71, '2020-10-27 10:31:18'),
(158, 'oreo', 71, '2020-10-27 10:32:36'),
(159, 'wa', 1603873327, '2020-11-09 15:17:26'),
(160, 's', 1603873327, '2020-11-09 15:20:41'),
(161, 'wafer', 71, '2020-12-07 09:10:11'),
(162, 'wafer', 71, '2020-12-07 09:10:16'),
(163, 'wafer', 71, '2020-12-07 09:10:17'),
(164, 'wafer', 71, '2020-12-07 09:10:18'),
(165, 'wafer', 71, '2020-12-07 09:10:18'),
(166, 'wafer', 71, '2020-12-07 09:10:19'),
(167, 'wafer', 71, '2020-12-07 09:10:33'),
(168, 'wafer', 71, '2020-12-07 09:10:40'),
(169, 'wafer', 71, '2020-12-07 09:46:34'),
(170, 'waferdd', 71, '2020-12-07 09:46:43'),
(171, 'bjkjb', 71, '2020-12-07 09:47:01'),
(172, '.mllknlkn', 71, '2020-12-07 09:47:10'),
(173, 'mnkj', 71, '2020-12-07 09:47:31'),
(174, 'wafer', 71, '2020-12-07 09:47:40'),
(175, 'hgf', 71, '2020-12-07 09:47:44'),
(176, ',mnk,n', 71, '2020-12-07 09:48:13'),
(177, 'wafer', 71, '2020-12-07 09:48:17'),
(178, 'jhghg', 71, '2020-12-07 09:48:20'),
(179, 'wafr', 71, '2020-12-07 10:10:12'),
(180, 'wafer', 71, '2020-12-07 10:10:16'),
(181, 'wafe', 71, '2020-12-07 10:10:50'),
(182, 'wafer', 71, '2020-12-07 10:11:08'),
(183, 'wafer', 71, '2020-12-07 10:11:49'),
(184, 'wafer', 71, '2020-12-07 10:18:18'),
(185, 'wafer', 71, '2020-12-07 10:18:32'),
(186, 'oreo', 1, '2021-07-29 02:02:40');

-- --------------------------------------------------------

--
-- Table structure for table `semsa_shipment`
--

CREATE TABLE `semsa_shipment` (
  `SemsaShipmentID` int(11) NOT NULL,
  `FifteenKgPrice` double DEFAULT NULL,
  `AdditionalKgPrice` double DEFAULT NULL,
  `IsActive` tinyint(4) NOT NULL,
  `Hide` tinyint(4) NOT NULL,
  `SortOrder` int(11) NOT NULL,
  `CreatedAt` datetime NOT NULL,
  `UpdatedAt` datetime NOT NULL,
  `CreatedBy` int(11) NOT NULL,
  `UpdatedBy` int(11) NOT NULL
) ENGINE=InnoDB DEFAULT CHARSET=latin1;

--
-- Dumping data for table `semsa_shipment`
--

INSERT INTO `semsa_shipment` (`SemsaShipmentID`, `FifteenKgPrice`, `AdditionalKgPrice`, `IsActive`, `Hide`, `SortOrder`, `CreatedAt`, `UpdatedAt`, `CreatedBy`, `UpdatedBy`) VALUES
(1, 20, 40, 1, 0, 1, '2020-10-26 00:00:00', '2020-10-27 10:53:56', 1, 1);

-- --------------------------------------------------------

--
-- Table structure for table `semsa_shipment_text`
--

CREATE TABLE `semsa_shipment_text` (
  `SemsaShipmentTextID` int(11) NOT NULL,
  `SemsaShipmentID` int(11) NOT NULL,
  `Title` varchar(255) NOT NULL,
  `Description` text NOT NULL,
  `SystemLanguageID` int(11) NOT NULL,
  `CreatedAt` datetime NOT NULL,
  `UpdatedAt` datetime NOT NULL,
  `CreatedBy` int(11) NOT NULL,
  `UpdatedBy` int(11) NOT NULL
) ENGINE=MyISAM DEFAULT CHARSET=utf8;

--
-- Dumping data for table `semsa_shipment_text`
--

INSERT INTO `semsa_shipment_text` (`SemsaShipmentTextID`, `SemsaShipmentID`, `Title`, `Description`, `SystemLanguageID`, `CreatedAt`, `UpdatedAt`, `CreatedBy`, `UpdatedBy`) VALUES
(1, 1, 'Shipping Charges type 1', 'This is just for test', 1, '2020-10-26 00:00:00', '2020-10-27 10:53:56', 1, 1),
(2, 1, 'رسوم الشحن نوع 1', 'هذا فقط للاختبار', 2, '2020-10-26 00:00:00', '2020-10-26 12:24:16', 1, 1);

-- --------------------------------------------------------

--
-- Table structure for table `shapes`
--

CREATE TABLE `shapes` (
  `ShapeID` int(11) NOT NULL,
  `ShapeImage` text COLLATE utf8_unicode_ci NOT NULL,
  `dimension_length` text COLLATE utf8_unicode_ci NOT NULL,
  `dimension_width` text COLLATE utf8_unicode_ci NOT NULL,
  `dimension_height` text COLLATE utf8_unicode_ci NOT NULL,
  `dimension_weight` text COLLATE utf8_unicode_ci NOT NULL,
  `inner_dimension_length` text COLLATE utf8_unicode_ci NOT NULL,
  `inner_dimension_weight` text COLLATE utf8_unicode_ci NOT NULL,
  `PricePerPcs` decimal(10,0) NOT NULL,
  `PricePerKG` decimal(10,0) NOT NULL,
  `QuantityPerKG` int(11) NOT NULL,
  `MinimumOrder` int(11) NOT NULL,
  `MaximumOrder` int(11) NOT NULL,
  `IndividualSize` text COLLATE utf8_unicode_ci NOT NULL,
  `OrderProcessingTime` text COLLATE utf8_unicode_ci NOT NULL,
  `SortOrder` int(11) NOT NULL,
  `Hide` tinyint(4) NOT NULL,
  `IsActive` int(11) NOT NULL,
  `CreatedAt` timestamp NULL DEFAULT current_timestamp(),
  `UpdatedAt` timestamp NULL DEFAULT current_timestamp() ON UPDATE current_timestamp(),
  `CreatedBy` int(11) DEFAULT NULL,
  `UpdatedBy` int(11) DEFAULT NULL
) ENGINE=InnoDB DEFAULT CHARSET=utf8 COLLATE=utf8_unicode_ci;

--
-- Dumping data for table `shapes`
--

INSERT INTO `shapes` (`ShapeID`, `ShapeImage`, `dimension_length`, `dimension_width`, `dimension_height`, `dimension_weight`, `inner_dimension_length`, `inner_dimension_weight`, `PricePerPcs`, `PricePerKG`, `QuantityPerKG`, `MinimumOrder`, `MaximumOrder`, `IndividualSize`, `OrderProcessingTime`, `SortOrder`, `Hide`, `IsActive`, `CreatedAt`, `UpdatedAt`, `CreatedBy`, `UpdatedBy`) VALUES
(1, 'uploads/images/8135975590320210622043408circle.png', '45', '45', '10', '17', '1', '10', '10', '290', 60, 1, 10, '0', '5', 0, 0, 1, '2020-12-31 07:26:35', '2021-06-22 23:08:34', 1, 1),
(2, 'uploads/images/5793831308720210615114327square.png', '40', '40', '10', '17', '33', '33', '0', '290', 60, 1, 10, '0', '2', 1, 0, 1, '2021-02-01 09:21:13', '2021-06-15 18:27:43', 1, 1),
(3, 'uploads/images/1275590234720210615112729Heart.png', '43', '43', '10', '15', '1', '1', '0', '290', 65, 1, 10, '0', '5', 2, 0, 1, '2021-02-01 11:11:37', '2021-06-15 18:29:27', 1, 1),
(4, '', '5 cm', '10 cm', '2 cm', '10 kg', '10 m', '2 cm', '2', '300', 60, 2, 10, '5 cm', '5', 3, 0, 0, '2021-07-01 18:14:23', '2021-07-29 07:19:41', 1, 1);

-- --------------------------------------------------------

--
-- Table structure for table `shapes_text`
--

CREATE TABLE `shapes_text` (
  `ShapeTextID` int(11) NOT NULL,
  `ShapeID` int(11) NOT NULL,
  `Title` text COLLATE utf8_unicode_ci NOT NULL,
  `Description` text COLLATE utf8_unicode_ci NOT NULL,
  `SystemLanguageID` int(11) NOT NULL,
  `CreatedAt` timestamp NOT NULL DEFAULT current_timestamp(),
  `UpdatedAt` timestamp NOT NULL DEFAULT current_timestamp() ON UPDATE current_timestamp(),
  `CreatedBy` int(11) DEFAULT NULL,
  `UpdatedBy` int(11) DEFAULT NULL
) ENGINE=InnoDB DEFAULT CHARSET=utf8 COLLATE=utf8_unicode_ci;

--
-- Dumping data for table `shapes_text`
--

INSERT INTO `shapes_text` (`ShapeTextID`, `ShapeID`, `Title`, `Description`, `SystemLanguageID`, `CreatedAt`, `UpdatedAt`, `CreatedBy`, `UpdatedBy`) VALUES
(1, 1, 'Circle', '', 1, '2020-12-31 07:26:35', '2021-06-22 23:08:34', 1, 1),
(2, 1, 'Shape', '', 2, '2020-12-31 07:26:35', '2021-03-02 13:21:16', 1, 1),
(3, 2, 'Square Engrave', '', 1, '2021-02-01 09:21:13', '2021-06-15 18:27:43', 1, 1),
(4, 2, 'Almond 111', '', 2, '2021-02-01 09:21:13', '2021-03-02 13:21:16', 1, 1),
(5, 3, 'Heart Engrave', '', 1, '2021-02-01 11:11:37', '2021-06-15 18:29:27', 1, 1),
(6, 3, 'S1', '', 2, '2021-02-01 11:11:37', '2021-03-02 13:21:16', 1, 1),
(7, 4, 'NEW SHAPE', 'HELLO THIS IS FOR TEST PERPOSE ONLY  HELLO THIS IS FOR TEST PERPOSE ONLY HELLO THIS IS FOR TEST PERPOSE ONLY HELLO THIS IS FOR TEST PERPOSE ONLY \r\nHELLO THIS IS FOR TEST PERPOSE ONLY HELLO THIS IS FOR TEST PERPOSE ONLY HELLO THIS IS FOR TEST PERPOSE ONLY \r\nHELLO THIS IS FOR TEST PERPOSE ONLY HELLO THIS IS FOR TEST PERPOSE ONLY HELLO THIS IS FOR TEST PERPOSE ONLY HELLO THIS IS FOR TEST PERPOSE ONLY \r\nHELLO THIS IS FOR TEST PERPOSE ONLY HELLO THIS IS FOR TEST PERPOSE ONLY HELLO THIS IS FOR TEST PERPOSE ONLY HELLO THIS IS FOR TEST PERPOSE ONLY \r\nHELLO THIS IS FOR TEST PERPOSE ONLY HELLO THIS IS FOR TEST PERPOSE ONLY HELLO THIS IS FOR TEST PERPOSE ONLY ', 1, '2021-07-01 18:14:23', '2021-07-29 07:19:41', 1, 1),
(8, 4, 'NEW SHAPE', 'HELLO THIS IS FOR TEST PERPOSE ONLY  HELLO THIS IS FOR TEST PERPOSE ONLY HELLO THIS IS FOR TEST PERPOSE ONLY HELLO THIS IS FOR TEST PERPOSE ONLY \r\nHELLO THIS IS FOR TEST PERPOSE ONLY HELLO THIS IS FOR TEST PERPOSE ONLY HELLO THIS IS FOR TEST PERPOSE ONLY \r\nHELLO THIS IS FOR TEST PERPOSE ONLY HELLO THIS IS FOR TEST PERPOSE ONLY HELLO THIS IS FOR TEST PERPOSE ONLY HELLO THIS IS FOR TEST PERPOSE ONLY \r\nHELLO THIS IS FOR TEST PERPOSE ONLY HELLO THIS IS FOR TEST PERPOSE ONLY HELLO THIS IS FOR TEST PERPOSE ONLY HELLO THIS IS FOR TEST PERPOSE ONLY \r\nHELLO THIS IS FOR TEST PERPOSE ONLY HELLO THIS IS FOR TEST PERPOSE ONLY HELLO THIS IS FOR TEST PERPOSE ONLY ', 2, '2021-07-01 18:14:23', '2021-07-01 18:14:23', 1, 1);

-- --------------------------------------------------------

--
-- Table structure for table `shape_content_type`
--

CREATE TABLE `shape_content_type` (
  `ContentTypeID` int(11) NOT NULL,
  `ContentTypeFor` text COLLATE utf8_unicode_ci DEFAULT NULL,
  `Image` text COLLATE utf8_unicode_ci NOT NULL,
  `Price` decimal(10,2) NOT NULL,
  `Hide` tinyint(11) NOT NULL,
  `SortOrder` int(11) NOT NULL,
  `IsActive` int(11) NOT NULL,
  `CreatedAt` timestamp NOT NULL DEFAULT current_timestamp(),
  `UpdatedAt` timestamp NOT NULL DEFAULT current_timestamp() ON UPDATE current_timestamp(),
  `CreatedBy` int(11) DEFAULT NULL,
  `UpdatedBy` int(11) DEFAULT NULL
) ENGINE=InnoDB DEFAULT CHARSET=utf8 COLLATE=utf8_unicode_ci;

--
-- Dumping data for table `shape_content_type`
--

INSERT INTO `shape_content_type` (`ContentTypeID`, `ContentTypeFor`, `Image`, `Price`, `Hide`, `SortOrder`, `IsActive`, `CreatedAt`, `UpdatedAt`, `CreatedBy`, `UpdatedBy`) VALUES
(1, 'Choco Box', 'uploads/images/3791917821720210217012354none.png', '0.00', 0, 0, 0, '2020-12-31 11:37:05', '2021-06-15 22:04:30', NULL, 1),
(2, 'Choco Box', 'uploads/images/811308920220210615030905name_only.png', '0.00', 0, 0, 1, '2020-12-31 11:37:05', '2021-06-15 22:05:09', NULL, 1),
(3, 'Choco Box', 'uploads/images/780025403320210615033005name_and_design.png', '0.00', 0, 0, 1, '2020-12-31 11:37:05', '2021-06-15 22:05:30', NULL, 1),
(4, 'Choco Shape', 'uploads/images/6224928259020210615110131name_only.png', '290.00', 0, 0, 1, '2020-12-31 11:37:05', '2021-06-15 18:31:01', NULL, 1),
(5, 'Choco Shape', 'uploads/images/5058613134520210615112935name_and_design.png', '330.00', 0, 0, 1, '2020-12-31 11:37:05', '2021-06-15 18:35:29', NULL, 1),
(6, 'Choco Shape', 'uploads/images/9241519679120210615114237logo.png', '330.00', 0, 0, 1, '2020-12-31 11:37:05', '2021-06-15 18:37:42', NULL, 1),
(8, 'Choco Box', 'uploads/images/4422014334720210615035405logo.png', '0.00', 0, 2, 1, '2021-02-08 11:31:29', '2021-06-15 22:05:54', 1, 1);

-- --------------------------------------------------------

--
-- Table structure for table `shape_content_type_sub`
--

CREATE TABLE `shape_content_type_sub` (
  `ContentTypeSubID` int(11) NOT NULL,
  `ContentTypeID` int(11) NOT NULL,
  `Price` decimal(10,2) NOT NULL,
  `ContentTypeSubFor` text COLLATE utf8_unicode_ci DEFAULT NULL,
  `SortOrder` int(11) NOT NULL,
  `Hide` tinyint(4) NOT NULL,
  `IsActive` tinyint(4) NOT NULL,
  `CreatedAt` datetime NOT NULL,
  `UpdatedAt` datetime NOT NULL,
  `CreatedBy` int(11) NOT NULL,
  `UpdatedBy` int(11) NOT NULL
) ENGINE=InnoDB DEFAULT CHARSET=utf8 COLLATE=utf8_unicode_ci;

--
-- Dumping data for table `shape_content_type_sub`
--

INSERT INTO `shape_content_type_sub` (`ContentTypeSubID`, `ContentTypeID`, `Price`, `ContentTypeSubFor`, `SortOrder`, `Hide`, `IsActive`, `CreatedAt`, `UpdatedAt`, `CreatedBy`, `UpdatedBy`) VALUES
(4, 4, '0.00', 'Choco Shape', 3, 0, 1, '2021-02-01 12:04:28', '2021-02-01 12:04:28', 1, 1),
(5, 4, '0.00', 'Choco Shape', 4, 0, 1, '2021-02-01 12:04:40', '2021-02-01 12:04:40', 1, 1),
(6, 4, '0.00', 'Choco Shape', 5, 0, 1, '2021-02-01 12:05:39', '2021-02-01 12:05:39', 1, 1),
(12, 5, '23.00', 'Choco Shape', 11, 0, 1, '2021-02-08 13:00:26', '2021-02-08 13:00:26', 1, 1),
(13, 2, '0.00', 'Choco Box', 12, 0, 1, '2021-02-10 10:52:15', '2021-06-15 15:11:54', 1, 1),
(14, 3, '0.00', 'Choco Box', 13, 0, 1, '2021-02-10 11:18:21', '2021-06-15 15:12:42', 1, 1),
(15, 3, '0.00', 'Choco Box', 14, 0, 1, '2021-02-10 11:18:44', '2021-06-15 15:14:28', 1, 1),
(16, 4, '0.00', 'Choco Shape', 15, 0, 1, '2021-02-11 16:23:43', '2021-06-16 13:00:15', 1, 1),
(17, 5, '0.00', 'Choco Shape', 16, 0, 1, '2021-02-11 16:24:40', '2021-07-12 20:59:20', 1, 1),
(19, 5, '0.00', 'Choco Shape', 17, 0, 1, '2021-03-20 18:51:08', '2021-06-15 11:41:06', 1, 1),
(20, 5, '0.00', 'Choco Shape', 18, 0, 1, '2021-06-15 11:42:49', '2021-06-15 11:43:16', 1, 1),
(21, 3, '0.00', 'Choco Box', 19, 0, 1, '2021-06-15 15:15:28', '2021-06-15 15:15:43', 1, 1),
(22, 5, '100.00', 'Choco Shape', 20, 0, 1, '2021-07-01 10:20:04', '2021-07-01 10:20:22', 1, 1),
(23, 6, '100.00', 'Choco Shape', 21, 0, 1, '2021-07-01 10:33:55', '2021-07-01 10:33:55', 1, 1),
(24, 5, '10.00', 'Choco Shape', 22, 0, 1, '2021-07-01 11:48:20', '2021-07-01 11:48:29', 1, 1),
(25, 5, '300.00', 'Choco Shape', 23, 0, 1, '2021-07-12 21:09:03', '2021-07-12 21:09:03', 1, 1);

-- --------------------------------------------------------

--
-- Table structure for table `shape_content_type_sub_text`
--

CREATE TABLE `shape_content_type_sub_text` (
  `ContentTypeTextSubID` int(11) NOT NULL,
  `ContentTypeSubID` int(11) NOT NULL,
  `Title` text COLLATE utf8_unicode_ci NOT NULL,
  `SystemLanguageID` int(11) NOT NULL,
  `CreatedAt` datetime NOT NULL,
  `UpdatedAt` datetime NOT NULL,
  `CreatedBy` int(11) NOT NULL,
  `UpdatedBy` int(11) NOT NULL
) ENGINE=InnoDB DEFAULT CHARSET=utf8 COLLATE=utf8_unicode_ci;

--
-- Dumping data for table `shape_content_type_sub_text`
--

INSERT INTO `shape_content_type_sub_text` (`ContentTypeTextSubID`, `ContentTypeSubID`, `Title`, `SystemLanguageID`, `CreatedAt`, `UpdatedAt`, `CreatedBy`, `UpdatedBy`) VALUES
(1, 1, 'Test Sub 11', 1, '2021-01-08 14:39:24', '2021-01-21 16:36:00', 1, 1),
(2, 1, 'Test Sub 11', 2, '2021-01-08 14:39:24', '2021-01-08 15:14:05', 1, 1),
(3, 2, 'Test Sub', 1, '2021-01-29 15:09:44', '2021-01-29 15:09:44', 1, 1),
(4, 2, 'Test Sub', 2, '2021-01-29 15:09:44', '2021-01-29 15:09:44', 1, 1),
(5, 3, 'Sub For Box', 1, '2021-01-29 16:50:35', '2021-01-29 16:50:35', 1, 1),
(6, 3, 'Sub For Box', 2, '2021-01-29 16:50:35', '2021-01-29 16:50:35', 1, 1),
(13, 7, 'One', 1, '2021-02-01 12:18:08', '2021-02-01 12:18:08', 1, 1),
(14, 7, 'One', 2, '2021-02-01 12:18:08', '2021-02-01 12:18:08', 1, 1),
(15, 8, 'One1', 1, '2021-02-01 12:22:25', '2021-02-01 12:22:25', 1, 1),
(16, 8, 'One1', 2, '2021-02-01 12:22:25', '2021-02-01 12:22:25', 1, 1),
(17, 9, 'New Sub', 1, '2021-02-01 12:39:56', '2021-02-01 12:39:56', 1, 1),
(18, 9, 'New Sub', 2, '2021-02-01 12:39:56', '2021-02-01 12:39:56', 1, 1),
(19, 10, 'New Sub 1', 1, '2021-02-01 12:40:10', '2021-02-01 12:40:10', 1, 1),
(20, 10, 'New Sub 1', 2, '2021-02-01 12:40:10', '2021-02-01 12:40:10', 1, 1),
(21, 11, 'New Sub 2', 1, '2021-02-01 12:42:33', '2021-02-01 12:42:33', 1, 1),
(22, 11, 'New Sub 2', 2, '2021-02-01 12:42:33', '2021-02-01 12:42:33', 1, 1),
(25, 13, 'textwithimage', 1, '2021-02-10 10:52:15', '2021-06-15 15:11:54', 1, 1),
(26, 13, 'textwithimage', 2, '2021-02-10 10:52:15', '2021-02-10 10:52:15', 1, 1),
(27, 14, 'Born', 1, '2021-02-10 11:18:21', '2021-06-15 15:12:42', 1, 1),
(28, 14, 'Female Born', 2, '2021-02-10 11:18:21', '2021-02-10 11:18:21', 1, 1),
(29, 15, 'Graduation1', 1, '2021-02-10 11:18:44', '2021-06-15 15:14:28', 1, 1),
(30, 15, 'male born', 2, '2021-02-10 11:18:44', '2021-02-10 11:18:44', 1, 1),
(31, 16, 'font type', 1, '2021-02-11 16:23:43', '2021-06-16 13:00:15', 1, 1),
(32, 16, 'Test Sub Text', 2, '2021-02-11 16:23:43', '2021-02-11 16:23:43', 1, 1),
(33, 17, 'Wedding', 1, '2021-02-11 16:24:40', '2021-07-12 20:59:20', 1, 1),
(34, 17, 'Test Sub Custom Text', 2, '2021-02-11 16:24:40', '2021-02-11 16:24:40', 1, 1),
(37, 19, 'Baby', 1, '2021-03-20 18:51:08', '2021-06-15 11:41:06', 1, 1),
(38, 19, 'baby boy', 2, '2021-03-20 18:51:08', '2021-03-20 18:51:08', 1, 1),
(39, 20, 'Graduation', 1, '2021-06-15 11:42:49', '2021-06-15 11:43:16', 1, 1),
(40, 20, 'Graduation', 2, '2021-06-15 11:42:49', '2021-06-15 11:42:49', 1, 1),
(41, 21, 'Wedding1', 1, '2021-06-15 15:15:28', '2021-06-15 15:15:43', 1, 1),
(42, 21, 'Wedding1', 2, '2021-06-15 15:15:28', '2021-06-15 15:15:28', 1, 1),
(43, 22, 'NEW BY RAMI ', 1, '2021-07-01 10:20:04', '2021-07-01 10:20:22', 1, 1),
(44, 22, 'NEW BY RAMI ', 2, '2021-07-01 10:20:04', '2021-07-01 10:20:04', 1, 1),
(45, 23, 'new by rami 01', 1, '2021-07-01 10:33:55', '2021-07-01 10:33:55', 1, 1),
(46, 23, 'new by rami 01', 2, '2021-07-01 10:33:55', '2021-07-01 10:33:55', 1, 1),
(47, 24, 'new by rami 03', 1, '2021-07-01 11:48:20', '2021-07-01 11:48:29', 1, 1),
(48, 24, 'new by rami 03', 2, '2021-07-01 11:48:20', '2021-07-01 11:48:20', 1, 1),
(49, 25, 'testw', 1, '2021-07-12 21:09:03', '2021-07-12 21:09:03', 1, 1),
(50, 25, 'testw', 2, '2021-07-12 21:09:03', '2021-07-12 21:09:03', 1, 1);

-- --------------------------------------------------------

--
-- Table structure for table `shape_content_type_text`
--

CREATE TABLE `shape_content_type_text` (
  `ContentTypeTextID` int(11) NOT NULL,
  `ContentTypeID` int(11) NOT NULL,
  `Title` text COLLATE utf8_unicode_ci NOT NULL,
  `SystemLanguageID` int(11) NOT NULL,
  `CreatedAt` timestamp NOT NULL DEFAULT current_timestamp(),
  `UpdatedAt` timestamp NULL DEFAULT current_timestamp() ON UPDATE current_timestamp(),
  `CreatedBy` int(11) DEFAULT NULL,
  `UpdatedBy` int(11) DEFAULT NULL
) ENGINE=InnoDB DEFAULT CHARSET=utf8 COLLATE=utf8_unicode_ci;

--
-- Dumping data for table `shape_content_type_text`
--

INSERT INTO `shape_content_type_text` (`ContentTypeTextID`, `ContentTypeID`, `Title`, `SystemLanguageID`, `CreatedAt`, `UpdatedAt`, `CreatedBy`, `UpdatedBy`) VALUES
(1, 1, 'None', 1, '2021-01-08 10:39:00', '2021-06-15 22:04:30', 1, 1),
(2, 1, 'نص', 2, '2021-01-08 10:39:00', '2021-03-02 13:21:16', 1, 1),
(3, 2, 'Customise Text ', 1, '2021-01-08 10:39:00', '2021-06-15 22:05:09', 1, 1),
(4, 2, 'Customise Text ', 2, '2021-01-08 10:39:00', '2021-03-02 13:21:16', 1, 1),
(5, 3, 'Text with Image Categories', 1, '2021-01-08 10:39:00', '2021-06-15 22:05:30', 1, 1),
(6, 3, 'Image', 2, '2021-01-08 10:39:00', '2021-03-02 13:21:16', 1, 1),
(7, 4, 'Name', 1, '2021-01-08 10:39:00', '2021-06-15 18:31:01', 1, 1),
(8, 4, 'نص', 2, '2021-01-08 10:39:00', '2021-03-02 13:21:16', 1, 1),
(9, 5, 'name and photo', 1, '2021-01-08 10:39:00', '2021-06-15 18:35:29', 1, 1),
(10, 5, 'Customise Text', 2, '2021-01-08 10:39:00', '2021-03-02 13:21:16', 1, 1),
(11, 6, 'Logo', 1, '2021-01-08 10:39:00', '2021-06-15 18:37:42', 1, 1),
(12, 6, 'Image', 2, '2021-01-08 10:39:00', '2021-03-02 13:21:16', 1, 1),
(15, 8, 'Upload Image', 1, '2021-02-08 11:31:29', '2021-06-15 22:05:54', 1, 1),
(16, 8, 'Upload Image', 2, '2021-02-08 11:31:29', '2021-03-02 13:21:16', 1, 1);

-- --------------------------------------------------------

--
-- Table structure for table `shipping_methods`
--

CREATE TABLE `shipping_methods` (
  `ShippingMethodID` int(11) NOT NULL,
  `Title` varchar(255) DEFAULT NULL,
  `MaxAmountForFree` double DEFAULT NULL,
  `is_active` tinyint(1) DEFAULT NULL
) ENGINE=InnoDB DEFAULT CHARSET=latin1;

--
-- Dumping data for table `shipping_methods`
--

INSERT INTO `shipping_methods` (`ShippingMethodID`, `Title`, `MaxAmountForFree`, `is_active`) VALUES
(1, 'Smsa', NULL, 1),
(2, 'Collect From Store', NULL, 1),
(3, 'Other', 52, 1);

-- --------------------------------------------------------

--
-- Table structure for table `site_images`
--

CREATE TABLE `site_images` (
  `SiteImageID` int(11) NOT NULL,
  `ImageType` varchar(50) NOT NULL,
  `FileID` int(11) NOT NULL,
  `ImageName` varchar(255) NOT NULL
) ENGINE=InnoDB DEFAULT CHARSET=utf8;

--
-- Dumping data for table `site_images`
--

INSERT INTO `site_images` (`SiteImageID`, `ImageType`, `FileID`, `ImageName`) VALUES
(9, 'collection', 1, 'uploads/images/5799135776220190220034836banner2.png'),
(10, 'collection', 2, 'uploads/images/7859194613820190220034836ch1.png'),
(11, 'collection', 3, 'uploads/images/6996744598620190220034836ch3.png'),
(32, 'collection', 4, 'uploads/images/2569068038720190319091058WhatsApp_Image_2019-03-11_at_11.27.31-2.jpeg'),
(33, 'collection', 5, 'uploads/images/6493461562920190319103105WhatsApp_Image_2019-03-11_at_11.36.57-2.jpeg'),
(34, 'collection', 6, 'uploads/images/2147949252820190319104906WhatsApp_Image_2019-03-11_at_11.36.57.jpeg'),
(35, 'collection', 7, 'uploads/images/9946759725120190319103425WhatsApp_Image_2019-03-11_at_11.36.57.jpeg'),
(36, 'collection', 1, 'uploads/images/6082116845620190326034946cp10.png'),
(37, 'collection', 3, 'uploads/images/9619593784020190326032451ch5.png'),
(40, 'collection', 8, 'uploads/images/11038782355201903310416327859194613820190220034836ch1.png'),
(41, 'collection', 9, 'uploads/images/3562575277020190331045334ch2.png'),
(42, 'collection', 10, 'uploads/images/4915248640720190401100622ch5.png'),
(44, 'collection', 12, 'uploads/images/2178378257820190402094614WhatsApp_Image_2019-03-11_at_11.27.31-2.jpeg'),
(45, 'collection', 13, 'uploads/images/8442736936420190402090215WhatsApp_Image_2019-03-11_at_11.27.31-2.jpeg'),
(48, 'collection', 11, 'uploads/images/4404786574920190402093523img4.png'),
(49, 'collection', 11, 'uploads/images/6100591700120190402093523img5.png'),
(53, 'collection', 14, 'uploads/images/1562898902201904031121316.png'),
(54, 'EmailFile', 6, 'assets/backend/images/no_image.jpg'),
(72, 'EmailFile', 7, 'assets/backend/images/no_image.jpg'),
(74, 'collection', 15, 'uploads/images/763457818792019112711141273134093_159953508412574_8729455205950797333_n.jpg'),
(75, 'collection', 16, 'uploads/images/242144192442019112711581372489197_141376287210012_4937717711887326865_n.jpg'),
(76, 'collection', 17, 'uploads/images/486683868902019112711411586_n.jpg'),
(77, 'collection', 18, 'uploads/images/518485794022019112711511772278841_1015894295423891_405066893956981627_n.jpg'),
(88, 'collection', 20, 'uploads/images/1267362765520191130122446belize-wedding-vacation-packages.jpg'),
(91, 'collection', 22, 'uploads/images/4627132505920191202111832y.jpg'),
(92, 'collection', 23, 'uploads/images/30784683517201912021120348596770922320191130120452aj3enycveq98cmuyjb.jpg'),
(97, 'collection', 24, 'uploads/images/648660360112019121511224801_choco.jpg'),
(100, 'collection', 25, 'uploads/images/7479435629720200409103205chocolate.jpg'),
(142, 'collection', 19, 'uploads/images/6912538098620200412084158EPs_9TQW4AIaQ9J.jpg'),
(392, 'product', 1, 'uploads/images/CS-A-01.jpg'),
(393, 'product', 1, 'uploads/images/CS-C-01.jpg'),
(394, 'product', 1, 'uploads/images/CS-S-01.jpg'),
(395, 'product', 1, 'uploads/images/CS-T-01.jpg'),
(396, 'product', 2, 'uploads/images/CS-A-03.jpg'),
(397, 'product', 2, 'uploads/images/CS-C-03.jpg'),
(398, 'product', 2, 'uploads/images/CS-S-03.jpg'),
(399, 'product', 2, 'uploads/images/CS-T-03.jpg'),
(400, 'product', 3, 'uploads/images/CS-A-05.jpg'),
(401, 'product', 3, 'uploads/images/CS-C-05.jpg'),
(402, 'product', 3, 'uploads/images/CS-S-05.jpg'),
(403, 'product', 3, 'uploads/images/CS-T-05.jpg'),
(404, 'product', 4, 'uploads/images/CS-A-06.jpg'),
(405, 'product', 4, 'uploads/images/CS-C-06.jpg'),
(406, 'product', 4, 'uploads/images/CS-S-06.jpg'),
(407, 'product', 4, 'uploads/images/CS-T-06.jpg'),
(408, 'product', 5, 'uploads/images/CS-A-08.jpg'),
(409, 'product', 5, 'uploads/images/CS-C-08.jpg'),
(410, 'product', 5, 'uploads/images/CS-S-08.jpg'),
(411, 'product', 5, 'uploads/images/CS-T-08.jpg'),
(412, 'product', 6, 'uploads/images/CS-A-16.jpg'),
(413, 'product', 6, 'uploads/images/CS-C-16.jpg'),
(414, 'product', 6, 'uploads/images/CS-S-16.jpg'),
(415, 'product', 6, 'uploads/images/CS-T-16.jpg'),
(416, 'product', 7, 'uploads/images/CS-A-22.jpg'),
(417, 'product', 7, 'uploads/images/CS-C-22.jpg'),
(418, 'product', 7, 'uploads/images/CS-S-22.jpg'),
(419, 'product', 7, 'uploads/images/CS-T-22.jpg'),
(420, 'product', 8, 'uploads/images/CS-A-23.jpg'),
(421, 'product', 8, 'uploads/images/CS-C-23.jpg'),
(422, 'product', 8, 'uploads/images/CS-S-23.jpg'),
(423, 'product', 8, 'uploads/images/CS-T-23.jpg'),
(424, 'product', 9, 'uploads/images/CS-A-25.jpg'),
(425, 'product', 9, 'uploads/images/CS-C-25.jpg'),
(426, 'product', 9, 'uploads/images/CS-S-25.jpg'),
(427, 'product', 9, 'uploads/images/CS-T-25.jpg'),
(428, 'product', 10, 'uploads/images/CS-A-26.jpg'),
(429, 'product', 10, 'uploads/images/CS-C-26.jpg'),
(430, 'product', 10, 'uploads/images/CS-S-26.jpg'),
(431, 'product', 10, 'uploads/images/CS-T-26.jpg'),
(432, 'product', 11, 'uploads/images/CS-A-29.jpg'),
(433, 'product', 11, 'uploads/images/CS-C-29.jpg'),
(434, 'product', 12, 'uploads/images/CS-A-33.jpg'),
(435, 'product', 12, 'uploads/images/CS-C-33.jpg'),
(436, 'product', 12, 'uploads/images/CS-S-33.jpg'),
(437, 'product', 12, 'uploads/images/CS-T-33.jpg'),
(438, 'product', 13, 'uploads/images/CS-A-35.jpg'),
(439, 'product', 13, 'uploads/images/CS-C-35.jpg'),
(440, 'product', 13, 'uploads/images/CS-S-35.jpg'),
(441, 'product', 13, 'uploads/images/CS-T-35.jpg'),
(442, 'product', 14, 'uploads/images/CS-A-38.jpg'),
(443, 'product', 14, 'uploads/images/CS-C-38.jpg'),
(444, 'product', 14, 'uploads/images/CS-S-38.jpg'),
(445, 'product', 14, 'uploads/images/CS-T-38.jpg'),
(446, 'product', 15, 'uploads/images/CS-A-44.jpg'),
(447, 'product', 15, 'uploads/images/CS-S-44.jpg'),
(448, 'product', 15, 'uploads/images/CS-T-44.jpg'),
(449, 'product', 16, 'uploads/images/CS-A-45.jpg'),
(450, 'product', 16, 'uploads/images/CS-C-45.jpg'),
(451, 'product', 16, 'uploads/images/CS-S-45.jpg'),
(452, 'product', 16, 'uploads/images/CS-T-45.jpg'),
(453, 'product', 17, 'uploads/images/CS-A-47.jpg'),
(454, 'product', 17, 'uploads/images/CS-C-47.jpg'),
(455, 'product', 17, 'uploads/images/CS-S-47.jpg'),
(456, 'product', 17, 'uploads/images/CS-T-47.jpg'),
(457, 'product', 18, 'uploads/images/CS-A-48.jpg'),
(458, 'product', 18, 'uploads/images/CS-C-48.jpg'),
(459, 'product', 18, 'uploads/images/CS-S-48.jpg'),
(460, 'product', 18, 'uploads/images/CS-T-48.jpg'),
(461, 'product', 19, 'uploads/images/CS-A-49.jpg'),
(462, 'product', 19, 'uploads/images/CS-C-49.jpg'),
(463, 'product', 19, 'uploads/images/CS-S-49.jpg'),
(464, 'product', 19, 'uploads/images/CS-T-49.jpg'),
(465, 'product', 20, 'uploads/images/CS-A-50.jpg'),
(466, 'product', 20, 'uploads/images/CS-C-50.jpg'),
(467, 'product', 20, 'uploads/images/CS-S-50.jpg'),
(468, 'product', 20, 'uploads/images/CS-T-50.jpg'),
(469, 'product', 21, 'uploads/images/CS-A-53.jpg'),
(470, 'product', 21, 'uploads/images/CS-C-53.jpg'),
(471, 'product', 21, 'uploads/images/CS-S-53.jpg'),
(472, 'product', 21, 'uploads/images/CS-T-53.jpg'),
(473, 'product', 22, 'uploads/images/CS-A-56.jpg'),
(474, 'product', 22, 'uploads/images/CS-C-56.jpg'),
(475, 'product', 22, 'uploads/images/CS-S-56.jpg'),
(476, 'product', 22, 'uploads/images/CS-T-56.jpg'),
(477, 'product', 23, 'uploads/images/CS-A-58.jpg'),
(478, 'product', 23, 'uploads/images/CS-C-58.jpg'),
(479, 'product', 23, 'uploads/images/CS-S-58.jpg'),
(480, 'product', 23, 'uploads/images/CS-T-58.jpg'),
(481, 'product', 24, 'uploads/images/CS-A-59.jpg'),
(482, 'product', 24, 'uploads/images/CS-C-59.jpg'),
(483, 'product', 24, 'uploads/images/CS-S-59.jpg'),
(484, 'product', 24, 'uploads/images/CS-T-59.jpg'),
(485, 'product', 25, 'uploads/images/CS-A-60.jpg'),
(486, 'product', 25, 'uploads/images/CS-C-60.jpg'),
(487, 'product', 25, 'uploads/images/CS-S-60.jpg'),
(488, 'product', 25, 'uploads/images/CS-T-60.jpg'),
(489, 'product', 26, 'uploads/images/CS-A-62.jpg'),
(490, 'product', 26, 'uploads/images/CS-C-62.jpg'),
(491, 'product', 26, 'uploads/images/CS-S-62.jpg'),
(492, 'product', 26, 'uploads/images/CS-T-62.jpg'),
(493, 'product', 27, 'uploads/images/CS-A-63.jpg'),
(494, 'product', 27, 'uploads/images/CS-C-63.jpg'),
(495, 'product', 27, 'uploads/images/CS-S-63.jpg'),
(496, 'product', 27, 'uploads/images/CS-T-63.jpg'),
(497, 'product', 28, 'uploads/images/CS-A-64.jpg'),
(498, 'product', 28, 'uploads/images/CS-C-64.jpg'),
(499, 'product', 28, 'uploads/images/CS-S-64.jpg'),
(500, 'product', 28, 'uploads/images/CS-T-64.jpg'),
(501, 'product', 29, 'uploads/images/RB-A-01.jpg'),
(502, 'product', 29, 'uploads/images/RB-C-01.jpg'),
(503, 'product', 29, 'uploads/images/RB-S-01.jpg'),
(504, 'product', 29, 'uploads/images/RB-T-01.jpg'),
(505, 'product', 30, 'uploads/images/RB-A-05.jpg'),
(506, 'product', 30, 'uploads/images/RB-C-05.jpg'),
(507, 'product', 30, 'uploads/images/RB-S-05.jpg'),
(508, 'product', 30, 'uploads/images/RB-T-05.jpg'),
(509, 'product', 31, 'uploads/images/RB-A-06.jpg'),
(510, 'product', 31, 'uploads/images/RB-C-06.jpg'),
(511, 'product', 31, 'uploads/images/RB-S-06.jpg'),
(512, 'product', 31, 'uploads/images/RB-T-06.jpg'),
(513, 'product', 32, 'uploads/images/RB-A-07.jpg'),
(514, 'product', 32, 'uploads/images/RB-C-07.jpg'),
(515, 'product', 32, 'uploads/images/RB-S-07.jpg'),
(516, 'product', 32, 'uploads/images/RB-T-07.jpg'),
(517, 'product', 33, 'uploads/images/RB-A-08.jpg'),
(518, 'product', 33, 'uploads/images/RB-C-08.jpg'),
(519, 'product', 33, 'uploads/images/RB-S-08.jpg'),
(520, 'product', 33, 'uploads/images/RB-T-08.jpg'),
(521, 'product', 34, 'uploads/images/RB-A-09.jpg'),
(522, 'product', 34, 'uploads/images/RB-C-09.jpg'),
(523, 'product', 34, 'uploads/images/RB-S-09.jpg'),
(524, 'product', 34, 'uploads/images/RB-T-09.jpg'),
(525, 'product', 35, 'uploads/images/RB-A-10.jpg'),
(526, 'product', 35, 'uploads/images/RB-C-10.jpg'),
(527, 'product', 35, 'uploads/images/RB-S-10.jpg'),
(528, 'product', 35, 'uploads/images/RB-T-10.jpg'),
(529, 'product', 36, 'uploads/images/RB-A-12.jpg'),
(530, 'product', 36, 'uploads/images/RB-C-12.jpg'),
(531, 'product', 36, 'uploads/images/RB-S-12.jpg'),
(532, 'product', 36, 'uploads/images/RB-T-12.jpg'),
(533, 'product', 37, 'uploads/images/RB-A-13.jpg'),
(534, 'product', 37, 'uploads/images/RB-C-13.jpg'),
(535, 'product', 37, 'uploads/images/RB-S-13.jpg'),
(536, 'product', 37, 'uploads/images/RB-T-13.jpg'),
(537, 'product', 38, 'uploads/images/RB-A-14.jpg'),
(538, 'product', 38, 'uploads/images/RB-C-14.jpg'),
(539, 'product', 38, 'uploads/images/RB-S-14.jpg'),
(540, 'product', 38, 'uploads/images/RB-T-14.jpg'),
(541, 'product', 39, 'uploads/images/ELG-A-02.jpg'),
(542, 'product', 39, 'uploads/images/ELG-C-02.jpg'),
(543, 'product', 39, 'uploads/images/ELG-S-02.jpg'),
(544, 'product', 39, 'uploads/images/ELG-T-02.jpg'),
(545, 'product', 40, 'uploads/images/ELG-A-04.jpg'),
(546, 'product', 40, 'uploads/images/ELG-C-04.jpg'),
(547, 'product', 40, 'uploads/images/ELG-S-04.jpg'),
(548, 'product', 40, 'uploads/images/ELG-T-04.jpg'),
(549, 'product', 41, 'uploads/images/ELG-A-06.jpg'),
(550, 'product', 41, 'uploads/images/ELG-C-06.jpg'),
(551, 'product', 41, 'uploads/images/ELG-S-06.jpg'),
(552, 'product', 41, 'uploads/images/ELG-T-06.jpg'),
(553, 'product', 42, 'uploads/images/ELG-A-07.jpg'),
(554, 'product', 42, 'uploads/images/ELG-C-07.jpg'),
(555, 'product', 42, 'uploads/images/ELG-S-07.jpg'),
(556, 'product', 42, 'uploads/images/ELG-T-07.jpg'),
(557, 'product', 43, 'uploads/images/ELG-A-12.jpg'),
(558, 'product', 43, 'uploads/images/ELG-C-12.jpg'),
(559, 'product', 43, 'uploads/images/ELG-S-12.jpg'),
(560, 'product', 43, 'uploads/images/ELG-T-12.jpg'),
(561, 'product', 44, 'uploads/images/ELG-A-15.jpg'),
(562, 'product', 44, 'uploads/images/ELG-C-15.jpg'),
(563, 'product', 44, 'uploads/images/ELG-S-15.jpg'),
(564, 'product', 44, 'uploads/images/ELG-T-15.jpg'),
(565, 'product', 45, 'uploads/images/ELG-A-19.jpg'),
(566, 'product', 45, 'uploads/images/ELG-C-19.jpg'),
(567, 'product', 45, 'uploads/images/ELG-S-19.jpg'),
(568, 'product', 45, 'uploads/images/ELG-T-19.jpg'),
(569, 'product', 46, 'uploads/images/ELG-A-20.jpg'),
(570, 'product', 46, 'uploads/images/ELG-C-20.jpg'),
(571, 'product', 46, 'uploads/images/ELG-S-20.jpg'),
(572, 'product', 46, 'uploads/images/ELG-T-20.jpg'),
(573, 'product', 47, 'uploads/images/ELG-C-22.jpg'),
(574, 'product', 47, 'uploads/images/ELG-S-22.jpg'),
(575, 'product', 47, 'uploads/images/ELG-T-22.jpg'),
(576, 'product', 48, 'uploads/images/ELG-A-23.jpg'),
(577, 'product', 48, 'uploads/images/ELG-C-23.jpg'),
(578, 'product', 48, 'uploads/images/ELG-S-23.jpg'),
(579, 'product', 48, 'uploads/images/ELG-T-23.jpg'),
(580, 'product', 49, 'uploads/images/ELG-A-24.jpg'),
(581, 'product', 49, 'uploads/images/ELG-C-24.jpg'),
(582, 'product', 49, 'uploads/images/ELG-S-24.jpg'),
(583, 'product', 49, 'uploads/images/ELG-T-24.jpg'),
(584, 'product', 50, 'uploads/images/ELG-A-25.jpg'),
(585, 'product', 50, 'uploads/images/ELG-C-25.jpg'),
(586, 'product', 50, 'uploads/images/ELG-S-25.jpg'),
(587, 'product', 50, 'uploads/images/ELG-T-25.jpg'),
(588, 'product', 51, 'uploads/images/ELG-A-37.jpg'),
(589, 'product', 51, 'uploads/images/ELG-C-37.jpg'),
(590, 'product', 51, 'uploads/images/ELG-S-37.jpg'),
(591, 'product', 51, 'uploads/images/ELG-T-37.jpg'),
(592, 'product', 52, 'uploads/images/ELG-A-41.jpg'),
(593, 'product', 52, 'uploads/images/ELG-C-41.jpg'),
(594, 'product', 52, 'uploads/images/ELG-S-41.jpg'),
(595, 'product', 52, 'uploads/images/ELG-T-41.jpg'),
(596, 'product', 53, 'uploads/images/ELG-A-42.jpg'),
(597, 'product', 53, 'uploads/images/ELG-C-42.jpg'),
(598, 'product', 53, 'uploads/images/ELG-S-42.jpg'),
(599, 'product', 53, 'uploads/images/ELG-T-42.jpg'),
(600, 'product', 54, 'uploads/images/ELG-A-43.jpg'),
(601, 'product', 54, 'uploads/images/ELG-C-43.jpg'),
(602, 'product', 54, 'uploads/images/ELG-S-43.jpg'),
(603, 'product', 54, 'uploads/images/ELG-T-43.jpg'),
(604, 'product', 55, 'uploads/images/ELG-A-44.jpg'),
(605, 'product', 55, 'uploads/images/ELG-C-44.jpg'),
(606, 'product', 55, 'uploads/images/ELG-S-44.jpg'),
(607, 'product', 55, 'uploads/images/ELG-T-44.jpg'),
(608, 'product', 56, 'uploads/images/ELG-A-45.jpg'),
(609, 'product', 56, 'uploads/images/ELG-C-45.jpg'),
(610, 'product', 56, 'uploads/images/ELG-S-45.jpg'),
(611, 'product', 56, 'uploads/images/ELG-T-45.jpg'),
(612, 'product', 57, 'uploads/images/CRW-A-01.JPG'),
(613, 'product', 58, 'uploads/images/CRW-A-04.JPG'),
(614, 'product', 59, 'uploads/images/CRW-A-13.JPG'),
(615, 'product', 60, 'uploads/images/CRW-A-18.JPG'),
(616, 'product', 61, 'uploads/images/CRW-A-02.JPG'),
(617, 'product', 61, 'uploads/images/CRW-C-02.JPG'),
(618, 'product', 62, 'uploads/images/CRW-A-03.JPG'),
(619, 'product', 62, 'uploads/images/CRW-C-03.JPG'),
(620, 'product', 62, 'uploads/images/CRW-S-03.JPG'),
(621, 'product', 62, 'uploads/images/CRW-T-03.JPG'),
(622, 'product', 63, 'uploads/images/CRW-A-05.JPG'),
(623, 'product', 63, 'uploads/images/CRW-C-05.JPG'),
(624, 'product', 63, 'uploads/images/CRW-S-05.JPG'),
(625, 'product', 63, 'uploads/images/CRW-T-05.JPG'),
(626, 'product', 64, 'uploads/images/CRW-A-06.JPG'),
(627, 'product', 65, 'uploads/images/CRW-A-07.JPG'),
(628, 'product', 65, 'uploads/images/CRW-C-07.JPG'),
(629, 'product', 65, 'uploads/images/CRW-S-07.JPG'),
(630, 'product', 65, 'uploads/images/CRW-T-07.JPG'),
(631, 'product', 66, 'uploads/images/CRW-A-10.JPG'),
(632, 'product', 66, 'uploads/images/CRW-C-10.JPG'),
(633, 'product', 67, 'uploads/images/CRW-A-11.JPG'),
(634, 'product', 67, 'uploads/images/CRW-C-11.JPG'),
(635, 'product', 68, 'uploads/images/CRW-A-24.JPG'),
(636, 'product', 68, 'uploads/images/CRW-C-24.JPG'),
(637, 'product', 69, 'uploads/images/HR-A-01.JPG'),
(638, 'product', 69, 'uploads/images/HR-C-01.JPG'),
(639, 'product', 69, 'uploads/images/HR-S-01.JPG'),
(640, 'product', 69, 'uploads/images/HR-T-01.JPG'),
(641, 'product', 70, 'uploads/images/HR-A-02.JPG'),
(642, 'product', 70, 'uploads/images/HR-C-02.JPG'),
(643, 'product', 70, 'uploads/images/HR-S-02.JPG'),
(644, 'product', 70, 'uploads/images/HR-T-02.JPG'),
(645, 'product', 71, 'uploads/images/HR-A-03.JPG'),
(646, 'product', 71, 'uploads/images/HR-C-03.JPG'),
(647, 'product', 71, 'uploads/images/HR-S-03.JPG'),
(648, 'product', 71, 'uploads/images/HR-T-03.JPG'),
(649, 'product', 72, 'uploads/images/HR-A-04.JPG'),
(650, 'product', 72, 'uploads/images/HR-C-04.JPG'),
(651, 'product', 72, 'uploads/images/HR-S-04.JPG'),
(652, 'product', 72, 'uploads/images/HR-T-04.JPG'),
(653, 'product', 73, 'uploads/images/HR-A-05.JPG'),
(654, 'product', 73, 'uploads/images/HR-C-05.JPG'),
(655, 'product', 73, 'uploads/images/HR-S-05.JPG'),
(656, 'product', 73, 'uploads/images/HR-T-05.JPG'),
(657, 'product', 74, 'uploads/images/HR-A-06.JPG'),
(658, 'product', 74, 'uploads/images/HR-C-06.JPG'),
(659, 'product', 74, 'uploads/images/HR-S-06.JPG'),
(660, 'product', 74, 'uploads/images/HR-T-06.JPG'),
(661, 'product', 75, 'uploads/images/HR-A-07.JPG'),
(662, 'product', 75, 'uploads/images/HR-C-07.JPG'),
(663, 'product', 75, 'uploads/images/HR-S-07.JPG'),
(664, 'product', 75, 'uploads/images/HR-T-07.JPG'),
(665, 'product', 76, 'uploads/images/HR-A-08.JPG'),
(666, 'product', 76, 'uploads/images/HR-C-08.JPG'),
(667, 'product', 76, 'uploads/images/HR-S-08.JPG'),
(668, 'product', 76, 'uploads/images/HR-T-08.JPG'),
(669, 'product', 77, 'uploads/images/HR-A-09.JPG'),
(670, 'product', 77, 'uploads/images/HR-C-09.JPG'),
(671, 'product', 77, 'uploads/images/HR-S-09.JPG'),
(672, 'product', 77, 'uploads/images/HR-T-09.JPG'),
(673, 'product', 78, 'uploads/images/HR-A-10.JPG'),
(674, 'product', 78, 'uploads/images/HR-C-10.JPG'),
(675, 'product', 78, 'uploads/images/HR-S-10.JPG'),
(676, 'product', 78, 'uploads/images/HR-T-10.JPG'),
(677, 'product', 79, 'uploads/images/DC-A-01.JPG'),
(678, 'product', 79, 'uploads/images/DC-C-01.JPG'),
(679, 'product', 79, 'uploads/images/DC-S-01.JPG'),
(680, 'product', 79, 'uploads/images/DC-T-01.JPG'),
(681, 'product', 80, 'uploads/images/DC-A-02.JPG'),
(682, 'product', 80, 'uploads/images/DC-C-02.JPG'),
(683, 'product', 80, 'uploads/images/DC-S-02.JPG'),
(684, 'product', 80, 'uploads/images/DC-T-02.JPG'),
(685, 'product', 81, 'uploads/images/DC-A-03.JPG'),
(686, 'product', 81, 'uploads/images/DC-C-03.JPG'),
(687, 'product', 81, 'uploads/images/DC-S-03.JPG'),
(688, 'product', 81, 'uploads/images/DC-T-03.JPG'),
(689, 'product', 82, 'uploads/images/DC-A-04.JPG'),
(690, 'product', 82, 'uploads/images/DC-C-04.JPG'),
(691, 'product', 82, 'uploads/images/DC-S-04.JPG'),
(692, 'product', 82, 'uploads/images/DC-T-04.JPG'),
(693, 'product', 83, 'uploads/images/DC-A-05.JPG'),
(694, 'product', 83, 'uploads/images/DC-C-05.JPG'),
(695, 'product', 83, 'uploads/images/DC-S-05.JPG'),
(696, 'product', 84, 'uploads/images/DC-A-06.JPG'),
(697, 'product', 84, 'uploads/images/DC-C-06.JPG'),
(698, 'product', 84, 'uploads/images/DC-T-06.JPG'),
(699, 'product', 85, 'uploads/images/DC-A-07.JPG'),
(700, 'product', 85, 'uploads/images/DC-C-07.JPG'),
(701, 'product', 85, 'uploads/images/DC-S-07.JPG'),
(702, 'product', 86, 'uploads/images/DC-A-08.JPG'),
(703, 'product', 86, 'uploads/images/DC-S-08.JPG'),
(704, 'product', 87, 'uploads/images/DC-A-09.JPG'),
(705, 'product', 87, 'uploads/images/DC-S-09.JPG'),
(706, 'product', 87, 'uploads/images/DC-T-09.JPG'),
(707, 'product', 88, 'uploads/images/DC-A-10.JPG'),
(708, 'product', 88, 'uploads/images/DC-C-10.JPG'),
(709, 'product', 88, 'uploads/images/DC-T-10.JPG'),
(710, 'product', 89, 'uploads/images/DC-A-11.JPG'),
(711, 'product', 89, 'uploads/images/DC-C-11.JPG'),
(712, 'product', 89, 'uploads/images/DC-T-11.JPG'),
(713, 'product', 90, 'uploads/images/DC-A-12.JPG'),
(714, 'product', 90, 'uploads/images/DC-C-12.JPG'),
(715, 'product', 90, 'uploads/images/DC-T-12.JPG'),
(716, 'product', 91, 'uploads/images/BX-A-08.JPG'),
(717, 'product', 91, 'uploads/images/BX-S-08.JPG'),
(718, 'product', 91, 'uploads/images/BX-A-T.JPG'),
(719, 'product', 92, 'uploads/images/BX-A-34.JPG'),
(720, 'product', 93, 'uploads/images/BX-A-49.JPG'),
(721, 'product', 93, 'uploads/images/BX-T-49.JPG'),
(722, 'product', 94, 'uploads/images/BX-A-62.JPG'),
(723, 'product', 94, 'uploads/images/BX-S-62.JPG'),
(724, 'product', 94, 'uploads/images/BX-T-62.JPG'),
(725, 'product', 95, 'uploads/images/BX-A-141.JPG'),
(726, 'product', 95, 'uploads/images/BX-T-141.JPG'),
(727, 'product', 96, 'uploads/images/BX-A-143.JPG'),
(728, 'product', 96, 'uploads/images/BX-S-143.JPG'),
(729, 'product', 96, 'uploads/images/BX-T-143.JPG'),
(730, 'product', 97, 'uploads/images/BX-A-01.JPG'),
(731, 'product', 97, 'uploads/images/BX-T-01.JPG'),
(732, 'product', 98, 'uploads/images/BX-A-03.JPG'),
(733, 'product', 98, 'uploads/images/BX-C-03.JPG'),
(734, 'product', 98, 'uploads/images/BX-S-03.JPG'),
(735, 'product', 98, 'uploads/images/BX-T-03.JPG'),
(736, 'product', 99, 'uploads/images/BX-A-65.JPG'),
(737, 'product', 99, 'uploads/images/BX-T-65.JPG'),
(738, 'product', 100, 'uploads/images/BX-A-79.JPG'),
(739, 'product', 101, 'uploads/images/BX-A-80.JPG'),
(740, 'product', 102, 'uploads/images/BX-A-99.JPG'),
(741, 'product', 103, 'uploads/images/BX-A-102.JPG'),
(742, 'product', 103, 'uploads/images/BX-S-102.JPG'),
(743, 'product', 103, 'uploads/images/BX-T-102.JPG'),
(744, 'product', 104, 'uploads/images/BX-A-126.JPG'),
(745, 'product', 104, 'uploads/images/BX-C-126.JPG'),
(746, 'product', 104, 'uploads/images/BX-S-126.JPG'),
(747, 'product', 104, 'uploads/images/BX-T-126.JPG'),
(748, 'product', 105, 'uploads/images/BX-A-129.JPG'),
(749, 'product', 105, 'uploads/images/BX-T-129.JPG'),
(750, 'product', 106, 'uploads/images/BX-A-130.JPG'),
(751, 'product', 106, 'uploads/images/BX-T-130.JPG'),
(752, 'product', 107, 'uploads/images/BX-A-82.JPG'),
(753, 'product', 107, 'uploads/images/BX-T-82.JPG'),
(754, 'product', 108, 'uploads/images/BX-A-97.JPG'),
(755, 'product', 108, 'uploads/images/BX-S-97.JPG'),
(756, 'product', 108, 'uploads/images/BX-T-97.JPG'),
(757, 'product', 109, 'uploads/images/BX-A-15.JPG'),
(758, 'product', 109, 'uploads/images/BX-C-15.JPG'),
(759, 'product', 109, 'uploads/images/BX-S-15.JPG'),
(760, 'product', 109, 'uploads/images/BX-T-15.JPG'),
(761, 'product', 110, 'uploads/images/BX-A-30.JPG'),
(762, 'product', 110, 'uploads/images/BX-S-30.JPG'),
(763, 'product', 111, 'uploads/images/BX-A-131.JPG'),
(764, 'product', 111, 'uploads/images/BX-S-131.JPG'),
(765, 'product', 111, 'uploads/images/BX-T-131.JPG'),
(766, 'product', 133, 'uploads/images/CS-A-01.jpg'),
(767, 'product', 133, 'uploads/images/CS-C-01.jpg'),
(768, 'product', 133, 'uploads/images/CS-S-01.jpg'),
(769, 'product', 133, 'uploads/images/CS-T-01.jpg'),
(770, 'product', 134, 'uploads/images/CS-A-03.jpg'),
(771, 'product', 134, 'uploads/images/CS-C-03.jpg'),
(772, 'product', 134, 'uploads/images/CS-S-03.jpg'),
(773, 'product', 134, 'uploads/images/CS-T-03.jpg'),
(774, 'product', 135, 'uploads/images/CS-A-05.jpg'),
(775, 'product', 135, 'uploads/images/CS-C-05.jpg'),
(776, 'product', 135, 'uploads/images/CS-S-05.jpg'),
(777, 'product', 135, 'uploads/images/CS-T-05.jpg'),
(778, 'product', 136, 'uploads/images/CS-A-06.jpg'),
(779, 'product', 136, 'uploads/images/CS-C-06.jpg'),
(780, 'product', 136, 'uploads/images/CS-S-06.jpg'),
(781, 'product', 136, 'uploads/images/CS-T-06.jpg'),
(782, 'product', 137, 'uploads/images/CS-A-08.jpg'),
(783, 'product', 137, 'uploads/images/CS-C-08.jpg'),
(784, 'product', 137, 'uploads/images/CS-S-08.jpg'),
(785, 'product', 137, 'uploads/images/CS-T-08.jpg'),
(786, 'product', 138, 'uploads/images/CS-A-16.jpg'),
(787, 'product', 138, 'uploads/images/CS-C-16.jpg'),
(788, 'product', 138, 'uploads/images/CS-S-16.jpg'),
(789, 'product', 138, 'uploads/images/CS-T-16.jpg'),
(790, 'product', 139, 'uploads/images/CS-A-22.jpg'),
(791, 'product', 139, 'uploads/images/CS-C-22.jpg'),
(792, 'product', 139, 'uploads/images/CS-S-22.jpg'),
(793, 'product', 139, 'uploads/images/CS-T-22.jpg'),
(794, 'product', 140, 'uploads/images/CS-A-23.jpg'),
(795, 'product', 140, 'uploads/images/CS-C-23.jpg'),
(796, 'product', 140, 'uploads/images/CS-S-23.jpg'),
(797, 'product', 140, 'uploads/images/CS-T-23.jpg'),
(798, 'product', 141, 'uploads/images/CS-A-25.jpg'),
(799, 'product', 141, 'uploads/images/CS-C-25.jpg'),
(800, 'product', 141, 'uploads/images/CS-S-25.jpg'),
(801, 'product', 141, 'uploads/images/CS-T-25.jpg'),
(802, 'product', 142, 'uploads/images/CS-A-26.jpg'),
(803, 'product', 142, 'uploads/images/CS-C-26.jpg'),
(804, 'product', 142, 'uploads/images/CS-S-26.jpg'),
(805, 'product', 142, 'uploads/images/CS-T-26.jpg'),
(806, 'product', 143, 'uploads/images/CS-A-29.jpg'),
(807, 'product', 143, 'uploads/images/CS-C-29.jpg'),
(808, 'product', 144, 'uploads/images/CS-A-33.jpg'),
(809, 'product', 144, 'uploads/images/CS-C-33.jpg'),
(810, 'product', 144, 'uploads/images/CS-S-33.jpg'),
(811, 'product', 144, 'uploads/images/CS-T-33.jpg'),
(812, 'product', 145, 'uploads/images/CS-A-35.jpg'),
(813, 'product', 145, 'uploads/images/CS-C-35.jpg'),
(814, 'product', 145, 'uploads/images/CS-S-35.jpg'),
(815, 'product', 145, 'uploads/images/CS-T-35.jpg'),
(816, 'product', 146, 'uploads/images/CS-A-38.jpg'),
(817, 'product', 146, 'uploads/images/CS-C-38.jpg'),
(818, 'product', 146, 'uploads/images/CS-S-38.jpg'),
(819, 'product', 146, 'uploads/images/CS-T-38.jpg'),
(820, 'product', 147, 'uploads/images/CS-A-44.jpg'),
(821, 'product', 147, 'uploads/images/CS-S-44.jpg'),
(822, 'product', 147, 'uploads/images/CS-T-44.jpg'),
(823, 'product', 148, 'uploads/images/CS-A-45.jpg'),
(824, 'product', 148, 'uploads/images/CS-C-45.jpg'),
(825, 'product', 148, 'uploads/images/CS-S-45.jpg'),
(826, 'product', 148, 'uploads/images/CS-T-45.jpg'),
(827, 'product', 149, 'uploads/images/CS-A-47.jpg'),
(828, 'product', 149, 'uploads/images/CS-C-47.jpg'),
(829, 'product', 149, 'uploads/images/CS-S-47.jpg'),
(830, 'product', 149, 'uploads/images/CS-T-47.jpg'),
(831, 'product', 150, 'uploads/images/CS-A-48.jpg'),
(832, 'product', 150, 'uploads/images/CS-C-48.jpg'),
(833, 'product', 150, 'uploads/images/CS-S-48.jpg'),
(834, 'product', 150, 'uploads/images/CS-T-48.jpg'),
(835, 'product', 151, 'uploads/images/CS-A-49.jpg'),
(836, 'product', 151, 'uploads/images/CS-C-49.jpg'),
(837, 'product', 151, 'uploads/images/CS-S-49.jpg'),
(838, 'product', 151, 'uploads/images/CS-T-49.jpg'),
(839, 'product', 152, 'uploads/images/CS-A-50.jpg'),
(840, 'product', 152, 'uploads/images/CS-C-50.jpg'),
(841, 'product', 152, 'uploads/images/CS-S-50.jpg'),
(842, 'product', 152, 'uploads/images/CS-T-50.jpg'),
(843, 'product', 153, 'uploads/images/CS-A-53.jpg'),
(844, 'product', 153, 'uploads/images/CS-C-53.jpg'),
(845, 'product', 153, 'uploads/images/CS-S-53.jpg'),
(846, 'product', 153, 'uploads/images/CS-T-53.jpg'),
(847, 'product', 154, 'uploads/images/CS-A-56.jpg'),
(848, 'product', 154, 'uploads/images/CS-C-56.jpg'),
(849, 'product', 154, 'uploads/images/CS-S-56.jpg'),
(850, 'product', 154, 'uploads/images/CS-T-56.jpg'),
(851, 'product', 155, 'uploads/images/CS-A-58.jpg'),
(852, 'product', 155, 'uploads/images/CS-C-58.jpg'),
(853, 'product', 155, 'uploads/images/CS-S-58.jpg'),
(854, 'product', 155, 'uploads/images/CS-T-58.jpg'),
(855, 'product', 156, 'uploads/images/CS-A-59.jpg'),
(856, 'product', 156, 'uploads/images/CS-C-59.jpg'),
(857, 'product', 156, 'uploads/images/CS-S-59.jpg'),
(858, 'product', 156, 'uploads/images/CS-T-59.jpg'),
(859, 'product', 157, 'uploads/images/CS-A-60.jpg'),
(860, 'product', 157, 'uploads/images/CS-C-60.jpg'),
(861, 'product', 157, 'uploads/images/CS-S-60.jpg'),
(862, 'product', 157, 'uploads/images/CS-T-60.jpg'),
(863, 'product', 158, 'uploads/images/CS-A-62.jpg'),
(864, 'product', 158, 'uploads/images/CS-C-62.jpg'),
(865, 'product', 158, 'uploads/images/CS-S-62.jpg'),
(866, 'product', 158, 'uploads/images/CS-T-62.jpg'),
(867, 'product', 159, 'uploads/images/CS-A-63.jpg'),
(868, 'product', 159, 'uploads/images/CS-C-63.jpg'),
(869, 'product', 159, 'uploads/images/CS-S-63.jpg'),
(870, 'product', 159, 'uploads/images/CS-T-63.jpg'),
(871, 'product', 160, 'uploads/images/CS-A-64.jpg'),
(872, 'product', 160, 'uploads/images/CS-C-64.jpg'),
(873, 'product', 160, 'uploads/images/CS-S-64.jpg'),
(874, 'product', 160, 'uploads/images/CS-T-64.jpg'),
(875, 'product', 161, 'uploads/images/RB-A-01.jpg'),
(876, 'product', 161, 'uploads/images/RB-C-01.jpg'),
(877, 'product', 161, 'uploads/images/RB-S-01.jpg'),
(878, 'product', 161, 'uploads/images/RB-T-01.jpg'),
(879, 'product', 162, 'uploads/images/RB-A-05.jpg'),
(880, 'product', 162, 'uploads/images/RB-C-05.jpg'),
(881, 'product', 162, 'uploads/images/RB-S-05.jpg'),
(882, 'product', 162, 'uploads/images/RB-T-05.jpg'),
(883, 'product', 163, 'uploads/images/RB-A-06.jpg'),
(884, 'product', 163, 'uploads/images/RB-C-06.jpg'),
(885, 'product', 163, 'uploads/images/RB-S-06.jpg'),
(886, 'product', 163, 'uploads/images/RB-T-06.jpg'),
(887, 'product', 164, 'uploads/images/RB-A-07.jpg'),
(888, 'product', 164, 'uploads/images/RB-C-07.jpg'),
(889, 'product', 164, 'uploads/images/RB-S-07.jpg'),
(890, 'product', 164, 'uploads/images/RB-T-07.jpg'),
(891, 'product', 165, 'uploads/images/RB-A-08.jpg'),
(892, 'product', 165, 'uploads/images/RB-C-08.jpg'),
(893, 'product', 165, 'uploads/images/RB-S-08.jpg'),
(894, 'product', 165, 'uploads/images/RB-T-08.jpg'),
(895, 'product', 166, 'uploads/images/RB-A-09.jpg'),
(896, 'product', 166, 'uploads/images/RB-C-09.jpg'),
(897, 'product', 166, 'uploads/images/RB-S-09.jpg'),
(898, 'product', 166, 'uploads/images/RB-T-09.jpg'),
(899, 'product', 167, 'uploads/images/RB-A-10.jpg'),
(900, 'product', 167, 'uploads/images/RB-C-10.jpg'),
(901, 'product', 167, 'uploads/images/RB-S-10.jpg'),
(902, 'product', 167, 'uploads/images/RB-T-10.jpg'),
(903, 'product', 168, 'uploads/images/RB-A-12.jpg'),
(904, 'product', 168, 'uploads/images/RB-C-12.jpg'),
(905, 'product', 168, 'uploads/images/RB-S-12.jpg'),
(906, 'product', 168, 'uploads/images/RB-T-12.jpg'),
(907, 'product', 169, 'uploads/images/RB-A-13.jpg'),
(908, 'product', 169, 'uploads/images/RB-C-13.jpg'),
(909, 'product', 169, 'uploads/images/RB-S-13.jpg'),
(910, 'product', 169, 'uploads/images/RB-T-13.jpg'),
(911, 'product', 170, 'uploads/images/RB-A-14.jpg'),
(912, 'product', 170, 'uploads/images/RB-C-14.jpg'),
(913, 'product', 170, 'uploads/images/RB-S-14.jpg'),
(914, 'product', 170, 'uploads/images/RB-T-14.jpg'),
(915, 'product', 171, 'uploads/images/ELG-A-02.jpg'),
(916, 'product', 171, 'uploads/images/ELG-C-02.jpg'),
(917, 'product', 171, 'uploads/images/ELG-S-02.jpg'),
(918, 'product', 171, 'uploads/images/ELG-T-02.jpg'),
(919, 'product', 172, 'uploads/images/ELG-A-04.jpg'),
(920, 'product', 172, 'uploads/images/ELG-C-04.jpg'),
(921, 'product', 172, 'uploads/images/ELG-S-04.jpg'),
(922, 'product', 172, 'uploads/images/ELG-T-04.jpg'),
(923, 'product', 173, 'uploads/images/ELG-A-06.jpg'),
(924, 'product', 173, 'uploads/images/ELG-C-06.jpg'),
(925, 'product', 173, 'uploads/images/ELG-S-06.jpg'),
(926, 'product', 173, 'uploads/images/ELG-T-06.jpg'),
(927, 'product', 174, 'uploads/images/ELG-A-07.jpg'),
(928, 'product', 174, 'uploads/images/ELG-C-07.jpg'),
(929, 'product', 174, 'uploads/images/ELG-S-07.jpg'),
(930, 'product', 174, 'uploads/images/ELG-T-07.jpg'),
(931, 'product', 175, 'uploads/images/ELG-A-12.jpg'),
(932, 'product', 175, 'uploads/images/ELG-C-12.jpg'),
(933, 'product', 175, 'uploads/images/ELG-S-12.jpg'),
(934, 'product', 175, 'uploads/images/ELG-T-12.jpg'),
(935, 'product', 176, 'uploads/images/ELG-A-15.jpg'),
(936, 'product', 176, 'uploads/images/ELG-C-15.jpg'),
(937, 'product', 176, 'uploads/images/ELG-S-15.jpg'),
(938, 'product', 176, 'uploads/images/ELG-T-15.jpg'),
(939, 'product', 177, 'uploads/images/ELG-A-19.jpg'),
(940, 'product', 177, 'uploads/images/ELG-C-19.jpg'),
(941, 'product', 177, 'uploads/images/ELG-S-19.jpg'),
(942, 'product', 177, 'uploads/images/ELG-T-19.jpg'),
(943, 'product', 178, 'uploads/images/ELG-A-20.jpg'),
(944, 'product', 178, 'uploads/images/ELG-C-20.jpg'),
(945, 'product', 178, 'uploads/images/ELG-S-20.jpg'),
(946, 'product', 178, 'uploads/images/ELG-T-20.jpg'),
(947, 'product', 179, 'uploads/images/ELG-C-22.jpg'),
(948, 'product', 179, 'uploads/images/ELG-S-22.jpg'),
(949, 'product', 179, 'uploads/images/ELG-T-22.jpg'),
(950, 'product', 180, 'uploads/images/ELG-A-23.jpg'),
(951, 'product', 180, 'uploads/images/ELG-C-23.jpg'),
(952, 'product', 180, 'uploads/images/ELG-S-23.jpg'),
(953, 'product', 180, 'uploads/images/ELG-T-23.jpg'),
(954, 'product', 181, 'uploads/images/ELG-A-24.jpg'),
(955, 'product', 181, 'uploads/images/ELG-C-24.jpg'),
(956, 'product', 181, 'uploads/images/ELG-S-24.jpg'),
(957, 'product', 181, 'uploads/images/ELG-T-24.jpg'),
(958, 'product', 182, 'uploads/images/ELG-A-25.jpg'),
(959, 'product', 182, 'uploads/images/ELG-C-25.jpg'),
(960, 'product', 182, 'uploads/images/ELG-S-25.jpg'),
(961, 'product', 182, 'uploads/images/ELG-T-25.jpg'),
(962, 'product', 183, 'uploads/images/ELG-A-37.jpg'),
(963, 'product', 183, 'uploads/images/ELG-C-37.jpg'),
(964, 'product', 183, 'uploads/images/ELG-S-37.jpg'),
(965, 'product', 183, 'uploads/images/ELG-T-37.jpg'),
(966, 'product', 184, 'uploads/images/ELG-A-41.jpg'),
(967, 'product', 184, 'uploads/images/ELG-C-41.jpg'),
(968, 'product', 184, 'uploads/images/ELG-S-41.jpg'),
(969, 'product', 184, 'uploads/images/ELG-T-41.jpg'),
(970, 'product', 185, 'uploads/images/ELG-A-42.jpg'),
(971, 'product', 185, 'uploads/images/ELG-C-42.jpg'),
(972, 'product', 185, 'uploads/images/ELG-S-42.jpg'),
(973, 'product', 185, 'uploads/images/ELG-T-42.jpg'),
(974, 'product', 186, 'uploads/images/ELG-A-43.jpg'),
(975, 'product', 186, 'uploads/images/ELG-C-43.jpg'),
(976, 'product', 186, 'uploads/images/ELG-S-43.jpg'),
(977, 'product', 186, 'uploads/images/ELG-T-43.jpg'),
(978, 'product', 187, 'uploads/images/ELG-A-44.jpg'),
(979, 'product', 187, 'uploads/images/ELG-C-44.jpg'),
(980, 'product', 187, 'uploads/images/ELG-S-44.jpg'),
(981, 'product', 187, 'uploads/images/ELG-T-44.jpg'),
(982, 'product', 188, 'uploads/images/ELG-A-45.jpg'),
(983, 'product', 188, 'uploads/images/ELG-C-45.jpg'),
(984, 'product', 188, 'uploads/images/ELG-S-45.jpg'),
(985, 'product', 188, 'uploads/images/ELG-T-45.jpg'),
(986, 'product', 189, 'uploads/images/CRW-A-01.JPG'),
(987, 'product', 190, 'uploads/images/CRW-A-04.JPG'),
(988, 'product', 191, 'uploads/images/CRW-A-13.JPG'),
(989, 'product', 192, 'uploads/images/CRW-A-18.JPG'),
(990, 'product', 193, 'uploads/images/CRW-A-02.JPG'),
(991, 'product', 193, 'uploads/images/CRW-C-02.JPG'),
(992, 'product', 194, 'uploads/images/CRW-A-03.JPG'),
(993, 'product', 194, 'uploads/images/CRW-C-03.JPG'),
(994, 'product', 194, 'uploads/images/CRW-S-03.JPG'),
(995, 'product', 194, 'uploads/images/CRW-T-03.JPG'),
(996, 'product', 195, 'uploads/images/CRW-A-05.JPG'),
(997, 'product', 195, 'uploads/images/CRW-C-05.JPG'),
(998, 'product', 195, 'uploads/images/CRW-S-05.JPG'),
(999, 'product', 195, 'uploads/images/CRW-T-05.JPG'),
(1000, 'product', 196, 'uploads/images/CRW-A-06.JPG'),
(1001, 'product', 197, 'uploads/images/CRW-A-07.JPG'),
(1002, 'product', 197, 'uploads/images/CRW-C-07.JPG'),
(1003, 'product', 197, 'uploads/images/CRW-S-07.JPG'),
(1004, 'product', 197, 'uploads/images/CRW-T-07.JPG'),
(1005, 'product', 198, 'uploads/images/CRW-A-10.JPG'),
(1006, 'product', 198, 'uploads/images/CRW-C-10.JPG'),
(1007, 'product', 199, 'uploads/images/CRW-A-11.JPG'),
(1008, 'product', 199, 'uploads/images/CRW-C-11.JPG'),
(1009, 'product', 200, 'uploads/images/CRW-A-24.JPG'),
(1010, 'product', 200, 'uploads/images/CRW-C-24.JPG'),
(1011, 'product', 201, 'uploads/images/HR-A-01.JPG'),
(1012, 'product', 201, 'uploads/images/HR-C-01.JPG'),
(1013, 'product', 201, 'uploads/images/HR-S-01.JPG'),
(1014, 'product', 201, 'uploads/images/HR-T-01.JPG'),
(1015, 'product', 202, 'uploads/images/HR-A-02.JPG'),
(1016, 'product', 202, 'uploads/images/HR-C-02.JPG'),
(1017, 'product', 202, 'uploads/images/HR-S-02.JPG'),
(1018, 'product', 202, 'uploads/images/HR-T-02.JPG'),
(1019, 'product', 203, 'uploads/images/HR-A-03.JPG'),
(1020, 'product', 203, 'uploads/images/HR-C-03.JPG'),
(1021, 'product', 203, 'uploads/images/HR-S-03.JPG'),
(1022, 'product', 203, 'uploads/images/HR-T-03.JPG'),
(1023, 'product', 204, 'uploads/images/HR-A-04.JPG'),
(1024, 'product', 204, 'uploads/images/HR-C-04.JPG'),
(1025, 'product', 204, 'uploads/images/HR-S-04.JPG'),
(1026, 'product', 204, 'uploads/images/HR-T-04.JPG'),
(1027, 'product', 205, 'uploads/images/HR-A-05.JPG'),
(1028, 'product', 205, 'uploads/images/HR-C-05.JPG'),
(1029, 'product', 205, 'uploads/images/HR-S-05.JPG'),
(1030, 'product', 205, 'uploads/images/HR-T-05.JPG'),
(1031, 'product', 206, 'uploads/images/HR-A-06.JPG'),
(1032, 'product', 206, 'uploads/images/HR-C-06.JPG'),
(1033, 'product', 206, 'uploads/images/HR-S-06.JPG'),
(1034, 'product', 206, 'uploads/images/HR-T-06.JPG'),
(1035, 'product', 207, 'uploads/images/HR-A-07.JPG'),
(1036, 'product', 207, 'uploads/images/HR-C-07.JPG'),
(1037, 'product', 207, 'uploads/images/HR-S-07.JPG'),
(1038, 'product', 207, 'uploads/images/HR-T-07.JPG'),
(1039, 'product', 208, 'uploads/images/HR-A-08.JPG'),
(1040, 'product', 208, 'uploads/images/HR-C-08.JPG'),
(1041, 'product', 208, 'uploads/images/HR-S-08.JPG'),
(1042, 'product', 208, 'uploads/images/HR-T-08.JPG'),
(1043, 'product', 209, 'uploads/images/HR-A-09.JPG'),
(1044, 'product', 209, 'uploads/images/HR-C-09.JPG'),
(1045, 'product', 209, 'uploads/images/HR-S-09.JPG'),
(1046, 'product', 209, 'uploads/images/HR-T-09.JPG'),
(1047, 'product', 210, 'uploads/images/HR-A-10.JPG'),
(1048, 'product', 210, 'uploads/images/HR-C-10.JPG'),
(1049, 'product', 210, 'uploads/images/HR-S-10.JPG'),
(1050, 'product', 210, 'uploads/images/HR-T-10.JPG'),
(1051, 'product', 211, 'uploads/images/DC-A-01.JPG'),
(1052, 'product', 211, 'uploads/images/DC-C-01.JPG'),
(1053, 'product', 211, 'uploads/images/DC-S-01.JPG'),
(1054, 'product', 211, 'uploads/images/DC-T-01.JPG'),
(1055, 'product', 212, 'uploads/images/DC-A-02.JPG'),
(1056, 'product', 212, 'uploads/images/DC-C-02.JPG'),
(1057, 'product', 212, 'uploads/images/DC-S-02.JPG'),
(1058, 'product', 212, 'uploads/images/DC-T-02.JPG'),
(1059, 'product', 213, 'uploads/images/DC-A-03.JPG'),
(1060, 'product', 213, 'uploads/images/DC-C-03.JPG'),
(1061, 'product', 213, 'uploads/images/DC-S-03.JPG'),
(1062, 'product', 213, 'uploads/images/DC-T-03.JPG'),
(1063, 'product', 214, 'uploads/images/DC-A-04.JPG'),
(1064, 'product', 214, 'uploads/images/DC-C-04.JPG'),
(1065, 'product', 214, 'uploads/images/DC-S-04.JPG'),
(1066, 'product', 214, 'uploads/images/DC-T-04.JPG'),
(1067, 'product', 215, 'uploads/images/DC-A-05.JPG'),
(1068, 'product', 215, 'uploads/images/DC-C-05.JPG'),
(1069, 'product', 215, 'uploads/images/DC-S-05.JPG'),
(1070, 'product', 216, 'uploads/images/DC-A-06.JPG'),
(1071, 'product', 216, 'uploads/images/DC-C-06.JPG'),
(1072, 'product', 216, 'uploads/images/DC-T-06.JPG'),
(1073, 'product', 217, 'uploads/images/DC-A-07.JPG'),
(1074, 'product', 217, 'uploads/images/DC-C-07.JPG'),
(1075, 'product', 217, 'uploads/images/DC-S-07.JPG'),
(1076, 'product', 218, 'uploads/images/DC-A-08.JPG'),
(1077, 'product', 218, 'uploads/images/DC-S-08.JPG'),
(1078, 'product', 219, 'uploads/images/DC-A-09.JPG'),
(1079, 'product', 219, 'uploads/images/DC-S-09.JPG'),
(1080, 'product', 219, 'uploads/images/DC-T-09.JPG'),
(1081, 'product', 220, 'uploads/images/DC-A-10.JPG'),
(1082, 'product', 220, 'uploads/images/DC-C-10.JPG'),
(1083, 'product', 220, 'uploads/images/DC-T-10.JPG'),
(1084, 'product', 221, 'uploads/images/DC-A-11.JPG'),
(1085, 'product', 221, 'uploads/images/DC-C-11.JPG'),
(1086, 'product', 221, 'uploads/images/DC-T-11.JPG'),
(1087, 'product', 222, 'uploads/images/DC-A-12.JPG'),
(1088, 'product', 222, 'uploads/images/DC-C-12.JPG'),
(1089, 'product', 222, 'uploads/images/DC-T-12.JPG'),
(1090, 'product', 223, 'uploads/images/BX-A-08.JPG'),
(1091, 'product', 223, 'uploads/images/BX-S-08.JPG'),
(1092, 'product', 223, 'uploads/images/BX-A-T.JPG'),
(1093, 'product', 224, 'uploads/images/BX-A-34.JPG'),
(1094, 'product', 225, 'uploads/images/BX-A-49.JPG'),
(1095, 'product', 225, 'uploads/images/BX-T-49.JPG'),
(1096, 'product', 226, 'uploads/images/BX-A-62.JPG'),
(1097, 'product', 226, 'uploads/images/BX-S-62.JPG'),
(1098, 'product', 226, 'uploads/images/BX-T-62.JPG'),
(1099, 'product', 227, 'uploads/images/BX-A-141.JPG'),
(1100, 'product', 227, 'uploads/images/BX-T-141.JPG'),
(1101, 'product', 228, 'uploads/images/BX-A-143.JPG'),
(1102, 'product', 228, 'uploads/images/BX-S-143.JPG'),
(1103, 'product', 228, 'uploads/images/BX-T-143.JPG'),
(1104, 'product', 229, 'uploads/images/BX-A-01.JPG'),
(1105, 'product', 229, 'uploads/images/BX-T-01.JPG'),
(1106, 'product', 230, 'uploads/images/BX-A-03.JPG'),
(1107, 'product', 230, 'uploads/images/BX-C-03.JPG'),
(1108, 'product', 230, 'uploads/images/BX-S-03.JPG'),
(1109, 'product', 230, 'uploads/images/BX-T-03.JPG'),
(1110, 'product', 231, 'uploads/images/BX-A-65.JPG'),
(1111, 'product', 231, 'uploads/images/BX-T-65.JPG'),
(1112, 'product', 232, 'uploads/images/BX-A-79.JPG'),
(1113, 'product', 233, 'uploads/images/BX-A-80.JPG'),
(1114, 'product', 234, 'uploads/images/BX-A-99.JPG'),
(1115, 'product', 235, 'uploads/images/BX-A-102.JPG'),
(1116, 'product', 235, 'uploads/images/BX-S-102.JPG'),
(1117, 'product', 235, 'uploads/images/BX-T-102.JPG'),
(1118, 'product', 236, 'uploads/images/BX-A-126.JPG'),
(1119, 'product', 236, 'uploads/images/BX-C-126.JPG'),
(1120, 'product', 236, 'uploads/images/BX-S-126.JPG'),
(1121, 'product', 236, 'uploads/images/BX-T-126.JPG'),
(1122, 'product', 237, 'uploads/images/BX-A-129.JPG'),
(1123, 'product', 237, 'uploads/images/BX-T-129.JPG'),
(1124, 'product', 238, 'uploads/images/BX-A-130.JPG'),
(1125, 'product', 238, 'uploads/images/BX-T-130.JPG'),
(1126, 'product', 239, 'uploads/images/BX-A-82.JPG'),
(1127, 'product', 239, 'uploads/images/BX-T-82.JPG'),
(1128, 'product', 240, 'uploads/images/BX-A-97.JPG'),
(1129, 'product', 240, 'uploads/images/BX-S-97.JPG'),
(1130, 'product', 240, 'uploads/images/BX-T-97.JPG'),
(1131, 'product', 241, 'uploads/images/BX-A-15.JPG'),
(1132, 'product', 241, 'uploads/images/BX-C-15.JPG'),
(1133, 'product', 241, 'uploads/images/BX-S-15.JPG'),
(1134, 'product', 241, 'uploads/images/BX-T-15.JPG'),
(1135, 'product', 242, 'uploads/images/BX-A-30.JPG'),
(1136, 'product', 242, 'uploads/images/BX-S-30.JPG'),
(1137, 'product', 243, 'uploads/images/BX-A-131.JPG'),
(1138, 'product', 243, 'uploads/images/BX-S-131.JPG'),
(1139, 'product', 243, 'uploads/images/BX-T-131.JPG'),
(1140, 'product', 265, 'uploads/images/CS-A-01.jpg'),
(1141, 'product', 265, 'uploads/images/CS-C-01.jpg'),
(1142, 'product', 265, 'uploads/images/CS-S-01.jpg'),
(1143, 'product', 265, 'uploads/images/CS-T-01.jpg'),
(1144, 'product', 266, 'uploads/images/CS-A-03.jpg'),
(1145, 'product', 266, 'uploads/images/CS-C-03.jpg'),
(1146, 'product', 266, 'uploads/images/CS-S-03.jpg'),
(1147, 'product', 266, 'uploads/images/CS-T-03.jpg'),
(1148, 'product', 267, 'uploads/images/CS-A-05.jpg'),
(1149, 'product', 267, 'uploads/images/CS-C-05.jpg'),
(1150, 'product', 267, 'uploads/images/CS-S-05.jpg'),
(1151, 'product', 267, 'uploads/images/CS-T-05.jpg'),
(1152, 'product', 268, 'uploads/images/CS-A-06.jpg'),
(1153, 'product', 268, 'uploads/images/CS-C-06.jpg'),
(1154, 'product', 268, 'uploads/images/CS-S-06.jpg'),
(1155, 'product', 268, 'uploads/images/CS-T-06.jpg'),
(1156, 'product', 269, 'uploads/images/CS-A-08.jpg'),
(1157, 'product', 269, 'uploads/images/CS-C-08.jpg'),
(1158, 'product', 269, 'uploads/images/CS-S-08.jpg'),
(1159, 'product', 269, 'uploads/images/CS-T-08.jpg'),
(1160, 'product', 270, 'uploads/images/CS-A-16.jpg'),
(1161, 'product', 270, 'uploads/images/CS-C-16.jpg'),
(1162, 'product', 270, 'uploads/images/CS-S-16.jpg'),
(1163, 'product', 270, 'uploads/images/CS-T-16.jpg'),
(1164, 'product', 271, 'uploads/images/CS-A-22.jpg'),
(1165, 'product', 271, 'uploads/images/CS-C-22.jpg'),
(1166, 'product', 271, 'uploads/images/CS-S-22.jpg'),
(1167, 'product', 271, 'uploads/images/CS-T-22.jpg'),
(1168, 'product', 272, 'uploads/images/CS-A-23.jpg'),
(1169, 'product', 272, 'uploads/images/CS-C-23.jpg'),
(1170, 'product', 272, 'uploads/images/CS-S-23.jpg'),
(1171, 'product', 272, 'uploads/images/CS-T-23.jpg'),
(1172, 'product', 273, 'uploads/images/CS-A-25.jpg'),
(1173, 'product', 273, 'uploads/images/CS-C-25.jpg'),
(1174, 'product', 273, 'uploads/images/CS-S-25.jpg'),
(1175, 'product', 273, 'uploads/images/CS-T-25.jpg'),
(1176, 'product', 274, 'uploads/images/CS-A-26.jpg'),
(1177, 'product', 274, 'uploads/images/CS-C-26.jpg'),
(1178, 'product', 274, 'uploads/images/CS-S-26.jpg'),
(1179, 'product', 274, 'uploads/images/CS-T-26.jpg'),
(1180, 'product', 275, 'uploads/images/CS-A-29.jpg'),
(1181, 'product', 275, 'uploads/images/CS-C-29.jpg'),
(1182, 'product', 276, 'uploads/images/CS-A-33.jpg'),
(1183, 'product', 276, 'uploads/images/CS-C-33.jpg'),
(1184, 'product', 276, 'uploads/images/CS-S-33.jpg'),
(1185, 'product', 276, 'uploads/images/CS-T-33.jpg'),
(1186, 'product', 277, 'uploads/images/CS-A-35.jpg'),
(1187, 'product', 277, 'uploads/images/CS-C-35.jpg'),
(1188, 'product', 277, 'uploads/images/CS-S-35.jpg'),
(1189, 'product', 277, 'uploads/images/CS-T-35.jpg'),
(1190, 'product', 278, 'uploads/images/CS-A-38.jpg'),
(1191, 'product', 278, 'uploads/images/CS-C-38.jpg'),
(1192, 'product', 278, 'uploads/images/CS-S-38.jpg'),
(1193, 'product', 278, 'uploads/images/CS-T-38.jpg'),
(1194, 'product', 279, 'uploads/images/CS-A-44.jpg'),
(1195, 'product', 279, 'uploads/images/CS-S-44.jpg'),
(1196, 'product', 279, 'uploads/images/CS-T-44.jpg'),
(1197, 'product', 280, 'uploads/images/CS-A-45.jpg'),
(1198, 'product', 280, 'uploads/images/CS-C-45.jpg'),
(1199, 'product', 280, 'uploads/images/CS-S-45.jpg'),
(1200, 'product', 280, 'uploads/images/CS-T-45.jpg'),
(1201, 'product', 281, 'uploads/images/CS-A-47.jpg'),
(1202, 'product', 281, 'uploads/images/CS-C-47.jpg'),
(1203, 'product', 281, 'uploads/images/CS-S-47.jpg'),
(1204, 'product', 281, 'uploads/images/CS-T-47.jpg'),
(1205, 'product', 282, 'uploads/images/CS-A-48.jpg'),
(1206, 'product', 282, 'uploads/images/CS-C-48.jpg'),
(1207, 'product', 282, 'uploads/images/CS-S-48.jpg'),
(1208, 'product', 282, 'uploads/images/CS-T-48.jpg'),
(1209, 'product', 283, 'uploads/images/CS-A-49.jpg'),
(1210, 'product', 283, 'uploads/images/CS-C-49.jpg'),
(1211, 'product', 283, 'uploads/images/CS-S-49.jpg'),
(1212, 'product', 283, 'uploads/images/CS-T-49.jpg'),
(1213, 'product', 284, 'uploads/images/CS-A-50.jpg'),
(1214, 'product', 284, 'uploads/images/CS-C-50.jpg'),
(1215, 'product', 284, 'uploads/images/CS-S-50.jpg'),
(1216, 'product', 284, 'uploads/images/CS-T-50.jpg'),
(1217, 'product', 285, 'uploads/images/CS-A-53.jpg'),
(1218, 'product', 285, 'uploads/images/CS-C-53.jpg'),
(1219, 'product', 285, 'uploads/images/CS-S-53.jpg'),
(1220, 'product', 285, 'uploads/images/CS-T-53.jpg'),
(1221, 'product', 286, 'uploads/images/CS-A-56.jpg'),
(1222, 'product', 286, 'uploads/images/CS-C-56.jpg'),
(1223, 'product', 286, 'uploads/images/CS-S-56.jpg'),
(1224, 'product', 286, 'uploads/images/CS-T-56.jpg'),
(1225, 'product', 287, 'uploads/images/CS-A-58.jpg'),
(1226, 'product', 287, 'uploads/images/CS-C-58.jpg'),
(1227, 'product', 287, 'uploads/images/CS-S-58.jpg'),
(1228, 'product', 287, 'uploads/images/CS-T-58.jpg'),
(1229, 'product', 288, 'uploads/images/CS-A-59.jpg'),
(1230, 'product', 288, 'uploads/images/CS-C-59.jpg'),
(1231, 'product', 288, 'uploads/images/CS-S-59.jpg'),
(1232, 'product', 288, 'uploads/images/CS-T-59.jpg'),
(1233, 'product', 289, 'uploads/images/CS-A-60.jpg'),
(1234, 'product', 289, 'uploads/images/CS-C-60.jpg'),
(1235, 'product', 289, 'uploads/images/CS-S-60.jpg'),
(1236, 'product', 289, 'uploads/images/CS-T-60.jpg'),
(1237, 'product', 290, 'uploads/images/CS-A-62.jpg'),
(1238, 'product', 290, 'uploads/images/CS-C-62.jpg'),
(1239, 'product', 290, 'uploads/images/CS-S-62.jpg'),
(1240, 'product', 290, 'uploads/images/CS-T-62.jpg'),
(1241, 'product', 291, 'uploads/images/CS-A-63.jpg'),
(1242, 'product', 291, 'uploads/images/CS-C-63.jpg'),
(1243, 'product', 291, 'uploads/images/CS-S-63.jpg'),
(1244, 'product', 291, 'uploads/images/CS-T-63.jpg'),
(1245, 'product', 292, 'uploads/images/CS-A-64.jpg'),
(1246, 'product', 292, 'uploads/images/CS-C-64.jpg'),
(1247, 'product', 292, 'uploads/images/CS-S-64.jpg'),
(1248, 'product', 292, 'uploads/images/CS-T-64.jpg'),
(1249, 'product', 293, 'uploads/images/RB-A-01.jpg'),
(1250, 'product', 293, 'uploads/images/RB-C-01.jpg'),
(1251, 'product', 293, 'uploads/images/RB-S-01.jpg'),
(1252, 'product', 293, 'uploads/images/RB-T-01.jpg'),
(1253, 'product', 294, 'uploads/images/RB-A-05.jpg'),
(1254, 'product', 294, 'uploads/images/RB-C-05.jpg'),
(1255, 'product', 294, 'uploads/images/RB-S-05.jpg'),
(1256, 'product', 294, 'uploads/images/RB-T-05.jpg'),
(1257, 'product', 295, 'uploads/images/RB-A-06.jpg'),
(1258, 'product', 295, 'uploads/images/RB-C-06.jpg'),
(1259, 'product', 295, 'uploads/images/RB-S-06.jpg'),
(1260, 'product', 295, 'uploads/images/RB-T-06.jpg'),
(1261, 'product', 296, 'uploads/images/RB-A-07.jpg'),
(1262, 'product', 296, 'uploads/images/RB-C-07.jpg'),
(1263, 'product', 296, 'uploads/images/RB-S-07.jpg'),
(1264, 'product', 296, 'uploads/images/RB-T-07.jpg'),
(1265, 'product', 297, 'uploads/images/RB-A-08.jpg'),
(1266, 'product', 297, 'uploads/images/RB-C-08.jpg'),
(1267, 'product', 297, 'uploads/images/RB-S-08.jpg'),
(1268, 'product', 297, 'uploads/images/RB-T-08.jpg'),
(1269, 'product', 298, 'uploads/images/RB-A-09.jpg'),
(1270, 'product', 298, 'uploads/images/RB-C-09.jpg'),
(1271, 'product', 298, 'uploads/images/RB-S-09.jpg'),
(1272, 'product', 298, 'uploads/images/RB-T-09.jpg'),
(1273, 'product', 299, 'uploads/images/RB-A-10.jpg'),
(1274, 'product', 299, 'uploads/images/RB-C-10.jpg'),
(1275, 'product', 299, 'uploads/images/RB-S-10.jpg'),
(1276, 'product', 299, 'uploads/images/RB-T-10.jpg'),
(1277, 'product', 300, 'uploads/images/RB-A-12.jpg'),
(1278, 'product', 300, 'uploads/images/RB-C-12.jpg'),
(1279, 'product', 300, 'uploads/images/RB-S-12.jpg'),
(1280, 'product', 300, 'uploads/images/RB-T-12.jpg'),
(1281, 'product', 301, 'uploads/images/RB-A-13.jpg'),
(1282, 'product', 301, 'uploads/images/RB-C-13.jpg'),
(1283, 'product', 301, 'uploads/images/RB-S-13.jpg'),
(1284, 'product', 301, 'uploads/images/RB-T-13.jpg'),
(1285, 'product', 302, 'uploads/images/RB-A-14.jpg'),
(1286, 'product', 302, 'uploads/images/RB-C-14.jpg'),
(1287, 'product', 302, 'uploads/images/RB-S-14.jpg'),
(1288, 'product', 302, 'uploads/images/RB-T-14.jpg'),
(1289, 'product', 303, 'uploads/images/ELG-A-02.jpg'),
(1290, 'product', 303, 'uploads/images/ELG-C-02.jpg'),
(1291, 'product', 303, 'uploads/images/ELG-S-02.jpg'),
(1292, 'product', 303, 'uploads/images/ELG-T-02.jpg'),
(1293, 'product', 304, 'uploads/images/ELG-A-04.jpg'),
(1294, 'product', 304, 'uploads/images/ELG-C-04.jpg'),
(1295, 'product', 304, 'uploads/images/ELG-S-04.jpg'),
(1296, 'product', 304, 'uploads/images/ELG-T-04.jpg'),
(1297, 'product', 305, 'uploads/images/ELG-A-06.jpg'),
(1298, 'product', 305, 'uploads/images/ELG-C-06.jpg'),
(1299, 'product', 305, 'uploads/images/ELG-S-06.jpg'),
(1300, 'product', 305, 'uploads/images/ELG-T-06.jpg'),
(1301, 'product', 306, 'uploads/images/ELG-A-07.jpg'),
(1302, 'product', 306, 'uploads/images/ELG-C-07.jpg'),
(1303, 'product', 306, 'uploads/images/ELG-S-07.jpg'),
(1304, 'product', 306, 'uploads/images/ELG-T-07.jpg'),
(1305, 'product', 307, 'uploads/images/ELG-A-12.jpg'),
(1306, 'product', 307, 'uploads/images/ELG-C-12.jpg'),
(1307, 'product', 307, 'uploads/images/ELG-S-12.jpg'),
(1308, 'product', 307, 'uploads/images/ELG-T-12.jpg'),
(1309, 'product', 308, 'uploads/images/ELG-A-15.jpg'),
(1310, 'product', 308, 'uploads/images/ELG-C-15.jpg'),
(1311, 'product', 308, 'uploads/images/ELG-S-15.jpg'),
(1312, 'product', 308, 'uploads/images/ELG-T-15.jpg'),
(1313, 'product', 309, 'uploads/images/ELG-A-19.jpg'),
(1314, 'product', 309, 'uploads/images/ELG-C-19.jpg'),
(1315, 'product', 309, 'uploads/images/ELG-S-19.jpg'),
(1316, 'product', 309, 'uploads/images/ELG-T-19.jpg');
INSERT INTO `site_images` (`SiteImageID`, `ImageType`, `FileID`, `ImageName`) VALUES
(1317, 'product', 310, 'uploads/images/ELG-A-20.jpg'),
(1318, 'product', 310, 'uploads/images/ELG-C-20.jpg'),
(1319, 'product', 310, 'uploads/images/ELG-S-20.jpg'),
(1320, 'product', 310, 'uploads/images/ELG-T-20.jpg'),
(1321, 'product', 311, 'uploads/images/ELG-C-22.jpg'),
(1322, 'product', 311, 'uploads/images/ELG-S-22.jpg'),
(1323, 'product', 311, 'uploads/images/ELG-T-22.jpg'),
(1324, 'product', 312, 'uploads/images/ELG-A-23.jpg'),
(1325, 'product', 312, 'uploads/images/ELG-C-23.jpg'),
(1326, 'product', 312, 'uploads/images/ELG-S-23.jpg'),
(1327, 'product', 312, 'uploads/images/ELG-T-23.jpg'),
(1328, 'product', 313, 'uploads/images/ELG-A-24.jpg'),
(1329, 'product', 313, 'uploads/images/ELG-C-24.jpg'),
(1330, 'product', 313, 'uploads/images/ELG-S-24.jpg'),
(1331, 'product', 313, 'uploads/images/ELG-T-24.jpg'),
(1332, 'product', 314, 'uploads/images/ELG-A-25.jpg'),
(1333, 'product', 314, 'uploads/images/ELG-C-25.jpg'),
(1334, 'product', 314, 'uploads/images/ELG-S-25.jpg'),
(1335, 'product', 314, 'uploads/images/ELG-T-25.jpg'),
(1336, 'product', 315, 'uploads/images/ELG-A-37.jpg'),
(1337, 'product', 315, 'uploads/images/ELG-C-37.jpg'),
(1338, 'product', 315, 'uploads/images/ELG-S-37.jpg'),
(1339, 'product', 315, 'uploads/images/ELG-T-37.jpg'),
(1340, 'product', 316, 'uploads/images/ELG-A-41.jpg'),
(1341, 'product', 316, 'uploads/images/ELG-C-41.jpg'),
(1342, 'product', 316, 'uploads/images/ELG-S-41.jpg'),
(1343, 'product', 316, 'uploads/images/ELG-T-41.jpg'),
(1344, 'product', 317, 'uploads/images/ELG-A-42.jpg'),
(1345, 'product', 317, 'uploads/images/ELG-C-42.jpg'),
(1346, 'product', 317, 'uploads/images/ELG-S-42.jpg'),
(1347, 'product', 317, 'uploads/images/ELG-T-42.jpg'),
(1348, 'product', 318, 'uploads/images/ELG-A-43.jpg'),
(1349, 'product', 318, 'uploads/images/ELG-C-43.jpg'),
(1350, 'product', 318, 'uploads/images/ELG-S-43.jpg'),
(1351, 'product', 318, 'uploads/images/ELG-T-43.jpg'),
(1352, 'product', 319, 'uploads/images/ELG-A-44.jpg'),
(1353, 'product', 319, 'uploads/images/ELG-C-44.jpg'),
(1354, 'product', 319, 'uploads/images/ELG-S-44.jpg'),
(1355, 'product', 319, 'uploads/images/ELG-T-44.jpg'),
(1356, 'product', 320, 'uploads/images/ELG-A-45.jpg'),
(1357, 'product', 320, 'uploads/images/ELG-C-45.jpg'),
(1358, 'product', 320, 'uploads/images/ELG-S-45.jpg'),
(1359, 'product', 320, 'uploads/images/ELG-T-45.jpg'),
(1360, 'product', 321, 'uploads/images/CRW-A-01.JPG'),
(1361, 'product', 322, 'uploads/images/CRW-A-04.JPG'),
(1362, 'product', 323, 'uploads/images/CRW-A-13.JPG'),
(1363, 'product', 324, 'uploads/images/CRW-A-18.JPG'),
(1364, 'product', 325, 'uploads/images/CRW-A-02.JPG'),
(1365, 'product', 325, 'uploads/images/CRW-C-02.JPG'),
(1366, 'product', 326, 'uploads/images/CRW-A-03.JPG'),
(1367, 'product', 326, 'uploads/images/CRW-C-03.JPG'),
(1368, 'product', 326, 'uploads/images/CRW-S-03.JPG'),
(1369, 'product', 326, 'uploads/images/CRW-T-03.JPG'),
(1370, 'product', 327, 'uploads/images/CRW-A-05.JPG'),
(1371, 'product', 327, 'uploads/images/CRW-C-05.JPG'),
(1372, 'product', 327, 'uploads/images/CRW-S-05.JPG'),
(1373, 'product', 327, 'uploads/images/CRW-T-05.JPG'),
(1374, 'product', 328, 'uploads/images/CRW-A-06.JPG'),
(1375, 'product', 329, 'uploads/images/CRW-A-07.JPG'),
(1376, 'product', 329, 'uploads/images/CRW-C-07.JPG'),
(1377, 'product', 329, 'uploads/images/CRW-S-07.JPG'),
(1378, 'product', 329, 'uploads/images/CRW-T-07.JPG'),
(1379, 'product', 330, 'uploads/images/CRW-A-10.JPG'),
(1380, 'product', 330, 'uploads/images/CRW-C-10.JPG'),
(1381, 'product', 331, 'uploads/images/CRW-A-11.JPG'),
(1382, 'product', 331, 'uploads/images/CRW-C-11.JPG'),
(1383, 'product', 332, 'uploads/images/CRW-A-24.JPG'),
(1384, 'product', 332, 'uploads/images/CRW-C-24.JPG'),
(1385, 'product', 333, 'uploads/images/HR-A-01.JPG'),
(1386, 'product', 333, 'uploads/images/HR-C-01.JPG'),
(1387, 'product', 333, 'uploads/images/HR-S-01.JPG'),
(1388, 'product', 333, 'uploads/images/HR-T-01.JPG'),
(1389, 'product', 334, 'uploads/images/HR-A-02.JPG'),
(1390, 'product', 334, 'uploads/images/HR-C-02.JPG'),
(1391, 'product', 334, 'uploads/images/HR-S-02.JPG'),
(1392, 'product', 334, 'uploads/images/HR-T-02.JPG'),
(1393, 'product', 335, 'uploads/images/HR-A-03.JPG'),
(1394, 'product', 335, 'uploads/images/HR-C-03.JPG'),
(1395, 'product', 335, 'uploads/images/HR-S-03.JPG'),
(1396, 'product', 335, 'uploads/images/HR-T-03.JPG'),
(1397, 'product', 336, 'uploads/images/HR-A-04.JPG'),
(1398, 'product', 336, 'uploads/images/HR-C-04.JPG'),
(1399, 'product', 336, 'uploads/images/HR-S-04.JPG'),
(1400, 'product', 336, 'uploads/images/HR-T-04.JPG'),
(1401, 'product', 337, 'uploads/images/HR-A-05.JPG'),
(1402, 'product', 337, 'uploads/images/HR-C-05.JPG'),
(1403, 'product', 337, 'uploads/images/HR-S-05.JPG'),
(1404, 'product', 337, 'uploads/images/HR-T-05.JPG'),
(1405, 'product', 338, 'uploads/images/HR-A-06.JPG'),
(1406, 'product', 338, 'uploads/images/HR-C-06.JPG'),
(1407, 'product', 338, 'uploads/images/HR-S-06.JPG'),
(1408, 'product', 338, 'uploads/images/HR-T-06.JPG'),
(1409, 'product', 339, 'uploads/images/HR-A-07.JPG'),
(1410, 'product', 339, 'uploads/images/HR-C-07.JPG'),
(1411, 'product', 339, 'uploads/images/HR-S-07.JPG'),
(1412, 'product', 339, 'uploads/images/HR-T-07.JPG'),
(1413, 'product', 340, 'uploads/images/HR-A-08.JPG'),
(1414, 'product', 340, 'uploads/images/HR-C-08.JPG'),
(1415, 'product', 340, 'uploads/images/HR-S-08.JPG'),
(1416, 'product', 340, 'uploads/images/HR-T-08.JPG'),
(1417, 'product', 341, 'uploads/images/HR-A-09.JPG'),
(1418, 'product', 341, 'uploads/images/HR-C-09.JPG'),
(1419, 'product', 341, 'uploads/images/HR-S-09.JPG'),
(1420, 'product', 341, 'uploads/images/HR-T-09.JPG'),
(1421, 'product', 342, 'uploads/images/HR-A-10.JPG'),
(1422, 'product', 342, 'uploads/images/HR-C-10.JPG'),
(1423, 'product', 342, 'uploads/images/HR-S-10.JPG'),
(1424, 'product', 342, 'uploads/images/HR-T-10.JPG'),
(1425, 'product', 343, 'uploads/images/DC-A-01.JPG'),
(1426, 'product', 343, 'uploads/images/DC-C-01.JPG'),
(1427, 'product', 343, 'uploads/images/DC-S-01.JPG'),
(1428, 'product', 343, 'uploads/images/DC-T-01.JPG'),
(1429, 'product', 344, 'uploads/images/DC-A-02.JPG'),
(1430, 'product', 344, 'uploads/images/DC-C-02.JPG'),
(1431, 'product', 344, 'uploads/images/DC-S-02.JPG'),
(1432, 'product', 344, 'uploads/images/DC-T-02.JPG'),
(1433, 'product', 345, 'uploads/images/DC-A-03.JPG'),
(1434, 'product', 345, 'uploads/images/DC-C-03.JPG'),
(1435, 'product', 345, 'uploads/images/DC-S-03.JPG'),
(1436, 'product', 345, 'uploads/images/DC-T-03.JPG'),
(1437, 'product', 346, 'uploads/images/DC-A-04.JPG'),
(1438, 'product', 346, 'uploads/images/DC-C-04.JPG'),
(1439, 'product', 346, 'uploads/images/DC-S-04.JPG'),
(1440, 'product', 346, 'uploads/images/DC-T-04.JPG'),
(1441, 'product', 347, 'uploads/images/DC-A-05.JPG'),
(1442, 'product', 347, 'uploads/images/DC-C-05.JPG'),
(1443, 'product', 347, 'uploads/images/DC-S-05.JPG'),
(1444, 'product', 348, 'uploads/images/DC-A-06.JPG'),
(1445, 'product', 348, 'uploads/images/DC-C-06.JPG'),
(1446, 'product', 348, 'uploads/images/DC-T-06.JPG'),
(1447, 'product', 349, 'uploads/images/DC-A-07.JPG'),
(1448, 'product', 349, 'uploads/images/DC-C-07.JPG'),
(1449, 'product', 349, 'uploads/images/DC-S-07.JPG'),
(1450, 'product', 350, 'uploads/images/DC-A-08.JPG'),
(1451, 'product', 350, 'uploads/images/DC-S-08.JPG'),
(1452, 'product', 351, 'uploads/images/DC-A-09.JPG'),
(1453, 'product', 351, 'uploads/images/DC-S-09.JPG'),
(1454, 'product', 351, 'uploads/images/DC-T-09.JPG'),
(1455, 'product', 352, 'uploads/images/DC-A-10.JPG'),
(1456, 'product', 352, 'uploads/images/DC-C-10.JPG'),
(1457, 'product', 352, 'uploads/images/DC-T-10.JPG'),
(1458, 'product', 353, 'uploads/images/DC-A-11.JPG'),
(1459, 'product', 353, 'uploads/images/DC-C-11.JPG'),
(1460, 'product', 353, 'uploads/images/DC-T-11.JPG'),
(1461, 'product', 354, 'uploads/images/DC-A-12.JPG'),
(1462, 'product', 354, 'uploads/images/DC-C-12.JPG'),
(1463, 'product', 354, 'uploads/images/DC-T-12.JPG'),
(1464, 'product', 355, 'uploads/images/BX-A-08.JPG'),
(1465, 'product', 355, 'uploads/images/BX-S-08.JPG'),
(1466, 'product', 355, 'uploads/images/BX-A-T.JPG'),
(1467, 'product', 356, 'uploads/images/BX-A-34.JPG'),
(1468, 'product', 357, 'uploads/images/BX-A-49.JPG'),
(1469, 'product', 357, 'uploads/images/BX-T-49.JPG'),
(1470, 'product', 358, 'uploads/images/BX-A-62.JPG'),
(1471, 'product', 358, 'uploads/images/BX-S-62.JPG'),
(1472, 'product', 358, 'uploads/images/BX-T-62.JPG'),
(1473, 'product', 359, 'uploads/images/BX-A-141.JPG'),
(1474, 'product', 359, 'uploads/images/BX-T-141.JPG'),
(1475, 'product', 360, 'uploads/images/BX-A-143.JPG'),
(1476, 'product', 360, 'uploads/images/BX-S-143.JPG'),
(1477, 'product', 360, 'uploads/images/BX-T-143.JPG'),
(1478, 'product', 361, 'uploads/images/BX-A-01.JPG'),
(1479, 'product', 361, 'uploads/images/BX-T-01.JPG'),
(1480, 'product', 362, 'uploads/images/BX-A-03.JPG'),
(1481, 'product', 362, 'uploads/images/BX-C-03.JPG'),
(1482, 'product', 362, 'uploads/images/BX-S-03.JPG'),
(1483, 'product', 362, 'uploads/images/BX-T-03.JPG'),
(1484, 'product', 363, 'uploads/images/BX-A-65.JPG'),
(1485, 'product', 363, 'uploads/images/BX-T-65.JPG'),
(1486, 'product', 364, 'uploads/images/BX-A-79.JPG'),
(1487, 'product', 365, 'uploads/images/BX-A-80.JPG'),
(1488, 'product', 366, 'uploads/images/BX-A-99.JPG'),
(1489, 'product', 367, 'uploads/images/BX-A-102.JPG'),
(1490, 'product', 367, 'uploads/images/BX-S-102.JPG'),
(1491, 'product', 367, 'uploads/images/BX-T-102.JPG'),
(1492, 'product', 368, 'uploads/images/BX-A-126.JPG'),
(1493, 'product', 368, 'uploads/images/BX-C-126.JPG'),
(1494, 'product', 368, 'uploads/images/BX-S-126.JPG'),
(1495, 'product', 368, 'uploads/images/BX-T-126.JPG'),
(1496, 'product', 369, 'uploads/images/BX-A-129.JPG'),
(1497, 'product', 369, 'uploads/images/BX-T-129.JPG'),
(1498, 'product', 370, 'uploads/images/BX-A-130.JPG'),
(1499, 'product', 370, 'uploads/images/BX-T-130.JPG'),
(1500, 'product', 371, 'uploads/images/BX-A-82.JPG'),
(1501, 'product', 371, 'uploads/images/BX-T-82.JPG'),
(1502, 'product', 372, 'uploads/images/BX-A-97.JPG'),
(1503, 'product', 372, 'uploads/images/BX-S-97.JPG'),
(1504, 'product', 372, 'uploads/images/BX-T-97.JPG'),
(1505, 'product', 373, 'uploads/images/BX-A-15.JPG'),
(1506, 'product', 373, 'uploads/images/BX-C-15.JPG'),
(1507, 'product', 373, 'uploads/images/BX-S-15.JPG'),
(1508, 'product', 373, 'uploads/images/BX-T-15.JPG'),
(1509, 'product', 374, 'uploads/images/BX-A-30.JPG'),
(1510, 'product', 374, 'uploads/images/BX-S-30.JPG'),
(1511, 'product', 375, 'uploads/images/BX-A-131.JPG'),
(1512, 'product', 375, 'uploads/images/BX-S-131.JPG'),
(1513, 'product', 375, 'uploads/images/BX-T-131.JPG'),
(1514, 'product', 376, 'uploads/images/CS-A-01.jpg'),
(1515, 'product', 376, 'uploads/images/CS-C-01.jpg'),
(1516, 'product', 376, 'uploads/images/CS-S-01.jpg'),
(1517, 'product', 376, 'uploads/images/CS-T-01.jpg'),
(1518, 'product', 377, 'uploads/images/CS-A-01.jpg'),
(1519, 'product', 377, 'uploads/images/CS-C-01.jpg'),
(1520, 'product', 377, 'uploads/images/CS-S-01.jpg'),
(1521, 'product', 377, 'uploads/images/CS-T-01.jpg'),
(1522, 'product', 378, 'uploads/images/CS-A-01.jpg'),
(1523, 'product', 378, 'uploads/images/CS-C-01.jpg'),
(1524, 'product', 378, 'uploads/images/CS-S-01.jpg'),
(1525, 'product', 378, 'uploads/images/CS-T-01.jpg'),
(1526, 'product', 379, 'uploads/images/CS-A-03.jpg'),
(1527, 'product', 379, 'uploads/images/CS-C-03.jpg'),
(1528, 'product', 379, 'uploads/images/CS-S-03.jpg'),
(1529, 'product', 379, 'uploads/images/CS-T-03.jpg'),
(1530, 'product', 380, 'uploads/images/CS-A-05.jpg'),
(1531, 'product', 380, 'uploads/images/CS-C-05.jpg'),
(1532, 'product', 380, 'uploads/images/CS-S-05.jpg'),
(1533, 'product', 380, 'uploads/images/CS-T-05.jpg'),
(1534, 'product', 381, 'uploads/images/CS-A-06.jpg'),
(1535, 'product', 381, 'uploads/images/CS-C-06.jpg'),
(1536, 'product', 381, 'uploads/images/CS-S-06.jpg'),
(1537, 'product', 381, 'uploads/images/CS-T-06.jpg'),
(1538, 'product', 382, 'uploads/images/CS-A-08.jpg'),
(1539, 'product', 382, 'uploads/images/CS-C-08.jpg'),
(1540, 'product', 382, 'uploads/images/CS-S-08.jpg'),
(1541, 'product', 382, 'uploads/images/CS-T-08.jpg'),
(1542, 'product', 383, 'uploads/images/CS-A-16.jpg'),
(1543, 'product', 383, 'uploads/images/CS-C-16.jpg'),
(1544, 'product', 383, 'uploads/images/CS-S-16.jpg'),
(1545, 'product', 383, 'uploads/images/CS-T-16.jpg'),
(1546, 'product', 384, 'uploads/images/CS-A-22.jpg'),
(1547, 'product', 384, 'uploads/images/CS-C-22.jpg'),
(1548, 'product', 384, 'uploads/images/CS-S-22.jpg'),
(1549, 'product', 384, 'uploads/images/CS-T-22.jpg'),
(1550, 'product', 385, 'uploads/images/CS-A-23.jpg'),
(1551, 'product', 385, 'uploads/images/CS-C-23.jpg'),
(1552, 'product', 385, 'uploads/images/CS-S-23.jpg'),
(1553, 'product', 385, 'uploads/images/CS-T-23.jpg'),
(1554, 'product', 386, 'uploads/images/CS-A-25.jpg'),
(1555, 'product', 386, 'uploads/images/CS-C-25.jpg'),
(1556, 'product', 386, 'uploads/images/CS-S-25.jpg'),
(1557, 'product', 386, 'uploads/images/CS-T-25.jpg'),
(1558, 'product', 387, 'uploads/images/CS-A-26.jpg'),
(1559, 'product', 387, 'uploads/images/CS-C-26.jpg'),
(1560, 'product', 387, 'uploads/images/CS-S-26.jpg'),
(1561, 'product', 387, 'uploads/images/CS-T-26.jpg'),
(1562, 'product', 388, 'uploads/images/CS-A-29.jpg'),
(1563, 'product', 388, 'uploads/images/CS-C-29.jpg'),
(1564, 'product', 389, 'uploads/images/CS-A-33.jpg'),
(1565, 'product', 389, 'uploads/images/CS-C-33.jpg'),
(1566, 'product', 389, 'uploads/images/CS-S-33.jpg'),
(1567, 'product', 389, 'uploads/images/CS-T-33.jpg'),
(1568, 'product', 390, 'uploads/images/CS-A-35.jpg'),
(1569, 'product', 390, 'uploads/images/CS-C-35.jpg'),
(1570, 'product', 390, 'uploads/images/CS-S-35.jpg'),
(1571, 'product', 390, 'uploads/images/CS-T-35.jpg'),
(1572, 'product', 391, 'uploads/images/CS-A-38.jpg'),
(1573, 'product', 391, 'uploads/images/CS-C-38.jpg'),
(1574, 'product', 391, 'uploads/images/CS-S-38.jpg'),
(1575, 'product', 391, 'uploads/images/CS-T-38.jpg'),
(1576, 'product', 392, 'uploads/images/CS-A-44.jpg'),
(1577, 'product', 392, 'uploads/images/CS-S-44.jpg'),
(1578, 'product', 392, 'uploads/images/CS-T-44.jpg'),
(1579, 'product', 393, 'uploads/images/CS-A-45.jpg'),
(1580, 'product', 393, 'uploads/images/CS-C-45.jpg'),
(1581, 'product', 393, 'uploads/images/CS-S-45.jpg'),
(1582, 'product', 393, 'uploads/images/CS-T-45.jpg'),
(1583, 'product', 394, 'uploads/images/CS-A-47.jpg'),
(1584, 'product', 394, 'uploads/images/CS-C-47.jpg'),
(1585, 'product', 394, 'uploads/images/CS-S-47.jpg'),
(1586, 'product', 394, 'uploads/images/CS-T-47.jpg'),
(1587, 'product', 395, 'uploads/images/CS-A-48.jpg'),
(1588, 'product', 395, 'uploads/images/CS-C-48.jpg'),
(1589, 'product', 395, 'uploads/images/CS-S-48.jpg'),
(1590, 'product', 395, 'uploads/images/CS-T-48.jpg'),
(1591, 'product', 396, 'uploads/images/CS-A-49.jpg'),
(1592, 'product', 396, 'uploads/images/CS-C-49.jpg'),
(1593, 'product', 396, 'uploads/images/CS-S-49.jpg'),
(1594, 'product', 396, 'uploads/images/CS-T-49.jpg'),
(1595, 'product', 397, 'uploads/images/CS-A-50.jpg'),
(1596, 'product', 397, 'uploads/images/CS-C-50.jpg'),
(1597, 'product', 397, 'uploads/images/CS-S-50.jpg'),
(1598, 'product', 397, 'uploads/images/CS-T-50.jpg'),
(1599, 'product', 399, 'uploads/images/CS-A-56.jpg'),
(1600, 'product', 399, 'uploads/images/CS-C-56.jpg'),
(1601, 'product', 399, 'uploads/images/CS-S-56.jpg'),
(1602, 'product', 399, 'uploads/images/CS-T-56.jpg'),
(1603, 'product', 400, 'uploads/images/CS-A-58.jpg'),
(1604, 'product', 400, 'uploads/images/CS-C-58.jpg'),
(1605, 'product', 400, 'uploads/images/CS-S-58.jpg'),
(1606, 'product', 400, 'uploads/images/CS-T-58.jpg'),
(1607, 'product', 401, 'uploads/images/CS-A-59.jpg'),
(1608, 'product', 401, 'uploads/images/CS-C-59.jpg'),
(1609, 'product', 401, 'uploads/images/CS-S-59.jpg'),
(1610, 'product', 401, 'uploads/images/CS-T-59.jpg'),
(1611, 'product', 402, 'uploads/images/CS-A-60.jpg'),
(1612, 'product', 402, 'uploads/images/CS-C-60.jpg'),
(1613, 'product', 402, 'uploads/images/CS-S-60.jpg'),
(1614, 'product', 402, 'uploads/images/CS-T-60.jpg'),
(1615, 'product', 403, 'uploads/images/CS-A-62.jpg'),
(1616, 'product', 403, 'uploads/images/CS-C-62.jpg'),
(1617, 'product', 403, 'uploads/images/CS-S-62.jpg'),
(1618, 'product', 403, 'uploads/images/CS-T-62.jpg'),
(1619, 'product', 404, 'uploads/images/CS-A-63.jpg'),
(1620, 'product', 404, 'uploads/images/CS-C-63.jpg'),
(1621, 'product', 404, 'uploads/images/CS-S-63.jpg'),
(1622, 'product', 404, 'uploads/images/CS-T-63.jpg'),
(1623, 'product', 405, 'uploads/images/CS-A-64.jpg'),
(1624, 'product', 405, 'uploads/images/CS-C-64.jpg'),
(1625, 'product', 405, 'uploads/images/CS-S-64.jpg'),
(1626, 'product', 405, 'uploads/images/CS-T-64.jpg'),
(1627, 'product', 406, 'uploads/images/RB-A-01.jpg'),
(1628, 'product', 406, 'uploads/images/RB-C-01.jpg'),
(1629, 'product', 406, 'uploads/images/RB-S-01.jpg'),
(1630, 'product', 406, 'uploads/images/RB-T-01.jpg'),
(1631, 'product', 407, 'uploads/images/RB-A-05.jpg'),
(1632, 'product', 407, 'uploads/images/RB-C-05.jpg'),
(1633, 'product', 407, 'uploads/images/RB-S-05.jpg'),
(1634, 'product', 407, 'uploads/images/RB-T-05.jpg'),
(1635, 'product', 408, 'uploads/images/RB-A-06.jpg'),
(1636, 'product', 408, 'uploads/images/RB-C-06.jpg'),
(1637, 'product', 408, 'uploads/images/RB-S-06.jpg'),
(1638, 'product', 408, 'uploads/images/RB-T-06.jpg'),
(1639, 'product', 409, 'uploads/images/RB-A-07.jpg'),
(1640, 'product', 409, 'uploads/images/RB-C-07.jpg'),
(1641, 'product', 409, 'uploads/images/RB-S-07.jpg'),
(1642, 'product', 409, 'uploads/images/RB-T-07.jpg'),
(1643, 'product', 410, 'uploads/images/RB-A-08.jpg'),
(1644, 'product', 410, 'uploads/images/RB-C-08.jpg'),
(1645, 'product', 410, 'uploads/images/RB-S-08.jpg'),
(1646, 'product', 410, 'uploads/images/RB-T-08.jpg'),
(1647, 'product', 411, 'uploads/images/RB-A-09.jpg'),
(1648, 'product', 411, 'uploads/images/RB-C-09.jpg'),
(1649, 'product', 411, 'uploads/images/RB-S-09.jpg'),
(1650, 'product', 411, 'uploads/images/RB-T-09.jpg'),
(1651, 'product', 412, 'uploads/images/RB-A-10.jpg'),
(1652, 'product', 412, 'uploads/images/RB-C-10.jpg'),
(1653, 'product', 412, 'uploads/images/RB-S-10.jpg'),
(1654, 'product', 412, 'uploads/images/RB-T-10.jpg'),
(1655, 'product', 413, 'uploads/images/RB-A-12.jpg'),
(1656, 'product', 413, 'uploads/images/RB-C-12.jpg'),
(1657, 'product', 413, 'uploads/images/RB-S-12.jpg'),
(1658, 'product', 413, 'uploads/images/RB-T-12.jpg'),
(1659, 'product', 414, 'uploads/images/RB-A-13.jpg'),
(1660, 'product', 414, 'uploads/images/RB-C-13.jpg'),
(1661, 'product', 414, 'uploads/images/RB-S-13.jpg'),
(1662, 'product', 414, 'uploads/images/RB-T-13.jpg'),
(1663, 'product', 415, 'uploads/images/RB-A-14.jpg'),
(1664, 'product', 415, 'uploads/images/RB-C-14.jpg'),
(1665, 'product', 415, 'uploads/images/RB-S-14.jpg'),
(1666, 'product', 415, 'uploads/images/RB-T-14.jpg'),
(1667, 'product', 416, 'uploads/images/ELG-A-02.jpg'),
(1668, 'product', 416, 'uploads/images/ELG-C-02.jpg'),
(1669, 'product', 416, 'uploads/images/ELG-S-02.jpg'),
(1670, 'product', 416, 'uploads/images/ELG-T-02.jpg'),
(1671, 'product', 417, 'uploads/images/ELG-A-04.jpg'),
(1672, 'product', 417, 'uploads/images/ELG-C-04.jpg'),
(1673, 'product', 417, 'uploads/images/ELG-S-04.jpg'),
(1674, 'product', 417, 'uploads/images/ELG-T-04.jpg'),
(1675, 'product', 418, 'uploads/images/ELG-A-06.jpg'),
(1676, 'product', 418, 'uploads/images/ELG-C-06.jpg'),
(1677, 'product', 418, 'uploads/images/ELG-S-06.jpg'),
(1678, 'product', 418, 'uploads/images/ELG-T-06.jpg'),
(1679, 'product', 419, 'uploads/images/ELG-A-07.jpg'),
(1680, 'product', 419, 'uploads/images/ELG-C-07.jpg'),
(1681, 'product', 419, 'uploads/images/ELG-S-07.jpg'),
(1682, 'product', 419, 'uploads/images/ELG-T-07.jpg'),
(1683, 'product', 420, 'uploads/images/ELG-A-12.jpg'),
(1684, 'product', 420, 'uploads/images/ELG-C-12.jpg'),
(1685, 'product', 420, 'uploads/images/ELG-S-12.jpg'),
(1686, 'product', 420, 'uploads/images/ELG-T-12.jpg'),
(1687, 'product', 421, 'uploads/images/ELG-A-15.jpg'),
(1688, 'product', 421, 'uploads/images/ELG-C-15.jpg'),
(1689, 'product', 421, 'uploads/images/ELG-S-15.jpg'),
(1690, 'product', 421, 'uploads/images/ELG-T-15.jpg'),
(1691, 'product', 422, 'uploads/images/ELG-A-19.jpg'),
(1692, 'product', 422, 'uploads/images/ELG-C-19.jpg'),
(1693, 'product', 422, 'uploads/images/ELG-S-19.jpg'),
(1694, 'product', 422, 'uploads/images/ELG-T-19.jpg'),
(1695, 'product', 423, 'uploads/images/ELG-A-20.jpg'),
(1696, 'product', 423, 'uploads/images/ELG-C-20.jpg'),
(1697, 'product', 423, 'uploads/images/ELG-S-20.jpg'),
(1698, 'product', 423, 'uploads/images/ELG-T-20.jpg'),
(1699, 'product', 424, 'uploads/images/ELG-C-22.jpg'),
(1700, 'product', 424, 'uploads/images/ELG-S-22.jpg'),
(1701, 'product', 424, 'uploads/images/ELG-T-22.jpg'),
(1702, 'product', 425, 'uploads/images/ELG-A-23.jpg'),
(1703, 'product', 425, 'uploads/images/ELG-C-23.jpg'),
(1704, 'product', 425, 'uploads/images/ELG-S-23.jpg'),
(1705, 'product', 425, 'uploads/images/ELG-T-23.jpg'),
(1706, 'product', 426, 'uploads/images/ELG-A-24.jpg'),
(1707, 'product', 426, 'uploads/images/ELG-C-24.jpg'),
(1708, 'product', 426, 'uploads/images/ELG-S-24.jpg'),
(1709, 'product', 426, 'uploads/images/ELG-T-24.jpg'),
(1710, 'product', 427, 'uploads/images/ELG-A-25.jpg'),
(1711, 'product', 427, 'uploads/images/ELG-C-25.jpg'),
(1712, 'product', 427, 'uploads/images/ELG-S-25.jpg'),
(1713, 'product', 427, 'uploads/images/ELG-T-25.jpg'),
(1714, 'product', 428, 'uploads/images/ELG-A-37.jpg'),
(1715, 'product', 428, 'uploads/images/ELG-C-37.jpg'),
(1716, 'product', 428, 'uploads/images/ELG-S-37.jpg'),
(1717, 'product', 428, 'uploads/images/ELG-T-37.jpg'),
(1718, 'product', 429, 'uploads/images/ELG-A-41.jpg'),
(1719, 'product', 429, 'uploads/images/ELG-C-41.jpg'),
(1720, 'product', 429, 'uploads/images/ELG-S-41.jpg'),
(1721, 'product', 429, 'uploads/images/ELG-T-41.jpg'),
(1722, 'product', 430, 'uploads/images/ELG-A-42.jpg'),
(1723, 'product', 430, 'uploads/images/ELG-C-42.jpg'),
(1724, 'product', 430, 'uploads/images/ELG-S-42.jpg'),
(1725, 'product', 430, 'uploads/images/ELG-T-42.jpg'),
(1726, 'product', 431, 'uploads/images/ELG-A-43.jpg'),
(1727, 'product', 431, 'uploads/images/ELG-C-43.jpg'),
(1728, 'product', 431, 'uploads/images/ELG-S-43.jpg'),
(1729, 'product', 431, 'uploads/images/ELG-T-43.jpg'),
(1730, 'product', 432, 'uploads/images/ELG-A-44.jpg'),
(1731, 'product', 432, 'uploads/images/ELG-C-44.jpg'),
(1732, 'product', 432, 'uploads/images/ELG-S-44.jpg'),
(1733, 'product', 432, 'uploads/images/ELG-T-44.jpg'),
(1734, 'product', 433, 'uploads/images/ELG-A-45.jpg'),
(1735, 'product', 433, 'uploads/images/ELG-C-45.jpg'),
(1736, 'product', 433, 'uploads/images/ELG-S-45.jpg'),
(1737, 'product', 433, 'uploads/images/ELG-T-45.jpg'),
(1738, 'product', 446, 'uploads/images/CRW-A-01.jpg'),
(1739, 'product', 447, 'uploads/images/CRW-A-04.jpg'),
(1740, 'product', 448, 'uploads/images/CRW-A-13.jpg'),
(1741, 'product', 449, 'uploads/images/CRW-A-18.jpg'),
(1742, 'product', 456, 'uploads/images/CRW-A-02.jpg'),
(1743, 'product', 456, 'uploads/images/CRW-C-02.jpg'),
(1744, 'product', 457, 'uploads/images/CRW-A-03.jpg'),
(1745, 'product', 457, 'uploads/images/CRW-C-03.jpg'),
(1746, 'product', 457, 'uploads/images/CRW-S-03.jpg'),
(1747, 'product', 457, 'uploads/images/CRW-T-03.jpg'),
(1748, 'product', 458, 'uploads/images/CRW-A-05.jpg'),
(1749, 'product', 458, 'uploads/images/CRW-C-05.jpg'),
(1750, 'product', 458, 'uploads/images/CRW-S-05.jpg'),
(1751, 'product', 458, 'uploads/images/CRW-T-05.jpg'),
(1752, 'product', 459, 'uploads/images/CRW-A-06.jpg'),
(1753, 'product', 460, 'uploads/images/CRW-A-07.jpg'),
(1754, 'product', 460, 'uploads/images/CRW-C-07.jpg'),
(1755, 'product', 460, 'uploads/images/CRW-S-07.jpg'),
(1756, 'product', 460, 'uploads/images/CRW-T-07.jpg'),
(1757, 'product', 461, 'uploads/images/CRW-A-10.jpg'),
(1758, 'product', 461, 'uploads/images/CRW-C-10.jpg'),
(1759, 'product', 462, 'uploads/images/CRW-A-11.jpg'),
(1760, 'product', 462, 'uploads/images/CRW-C-11.jpg'),
(1761, 'product', 463, 'uploads/images/CRW-A-24.jpg'),
(1762, 'product', 463, 'uploads/images/CRW-C-24.jpg'),
(1763, 'product', 466, 'uploads/images/HR-A-01.jpg'),
(1764, 'product', 466, 'uploads/images/HR-C-01.jpg'),
(1765, 'product', 466, 'uploads/images/HR-S-01.jpg'),
(1766, 'product', 466, 'uploads/images/HR-T-01.jpg'),
(1767, 'product', 467, 'uploads/images/HR-A-02.jpg'),
(1768, 'product', 467, 'uploads/images/HR-C-02.jpg'),
(1769, 'product', 467, 'uploads/images/HR-S-02.jpg'),
(1770, 'product', 467, 'uploads/images/HR-T-02.jpg'),
(1771, 'product', 468, 'uploads/images/HR-A-03.jpg'),
(1772, 'product', 468, 'uploads/images/HR-C-03.jpg'),
(1773, 'product', 468, 'uploads/images/HR-S-03.jpg'),
(1774, 'product', 468, 'uploads/images/HR-T-03.jpg'),
(1775, 'product', 469, 'uploads/images/HR-A-04.jpg'),
(1776, 'product', 469, 'uploads/images/HR-C-04.jpg'),
(1777, 'product', 469, 'uploads/images/HR-S-04.jpg'),
(1778, 'product', 469, 'uploads/images/HR-T-04.jpg'),
(1779, 'product', 470, 'uploads/images/HR-A-05.jpg'),
(1780, 'product', 470, 'uploads/images/HR-C-05.jpg'),
(1781, 'product', 470, 'uploads/images/HR-S-05.jpg'),
(1782, 'product', 470, 'uploads/images/HR-T-05.jpg'),
(1783, 'product', 471, 'uploads/images/HR-A-06.jpg'),
(1784, 'product', 471, 'uploads/images/HR-C-06.jpg'),
(1785, 'product', 471, 'uploads/images/HR-S-06.jpg'),
(1786, 'product', 471, 'uploads/images/HR-T-06.jpg'),
(1787, 'product', 472, 'uploads/images/HR-A-07.jpg'),
(1788, 'product', 472, 'uploads/images/HR-C-07.jpg'),
(1789, 'product', 472, 'uploads/images/HR-S-07.jpg'),
(1790, 'product', 472, 'uploads/images/HR-T-07.jpg'),
(1791, 'product', 473, 'uploads/images/HR-A-08.jpg'),
(1792, 'product', 473, 'uploads/images/HR-C-08.jpg'),
(1793, 'product', 473, 'uploads/images/HR-S-08.jpg'),
(1794, 'product', 473, 'uploads/images/HR-T-08.jpg'),
(1795, 'product', 474, 'uploads/images/HR-A-09.jpg'),
(1796, 'product', 474, 'uploads/images/HR-C-09.jpg'),
(1797, 'product', 474, 'uploads/images/HR-S-09.jpg'),
(1798, 'product', 474, 'uploads/images/HR-T-09.jpg'),
(1799, 'product', 475, 'uploads/images/HR-A-10.jpg'),
(1800, 'product', 475, 'uploads/images/HR-C-10.jpg'),
(1801, 'product', 475, 'uploads/images/HR-S-10.jpg'),
(1802, 'product', 475, 'uploads/images/HR-T-10.jpg'),
(1803, 'product', 476, 'uploads/images/DC-A-01.jpg'),
(1804, 'product', 476, 'uploads/images/DC-C-01.jpg'),
(1805, 'product', 476, 'uploads/images/DC-S-01.jpg'),
(1806, 'product', 476, 'uploads/images/DC-T-01.jpg'),
(1807, 'product', 477, 'uploads/images/DC-A-02.jpg'),
(1808, 'product', 477, 'uploads/images/DC-C-02.jpg'),
(1809, 'product', 477, 'uploads/images/DC-S-02.jpg'),
(1810, 'product', 477, 'uploads/images/DC-T-02.jpg'),
(1811, 'product', 478, 'uploads/images/DC-A-03.jpg'),
(1812, 'product', 478, 'uploads/images/DC-C-03.jpg'),
(1813, 'product', 478, 'uploads/images/DC-S-03.jpg'),
(1814, 'product', 478, 'uploads/images/DC-T-03.jpg'),
(1815, 'product', 479, 'uploads/images/DC-A-04.jpg'),
(1816, 'product', 479, 'uploads/images/DC-C-04.jpg'),
(1817, 'product', 479, 'uploads/images/DC-S-04.jpg'),
(1818, 'product', 479, 'uploads/images/DC-T-04.jpg'),
(1819, 'product', 480, 'uploads/images/DC-A-05.jpg'),
(1820, 'product', 480, 'uploads/images/DC-C-05.jpg'),
(1821, 'product', 480, 'uploads/images/DC-S-05.jpg'),
(1822, 'product', 481, 'uploads/images/DC-A-06.jpg'),
(1823, 'product', 481, 'uploads/images/DC-C-06.jpg'),
(1824, 'product', 481, 'uploads/images/DC-T-06.jpg'),
(1825, 'product', 482, 'uploads/images/DC-A-07.jpg'),
(1826, 'product', 482, 'uploads/images/DC-C-07.jpg'),
(1827, 'product', 482, 'uploads/images/DC-S-07.jpg'),
(1828, 'product', 483, 'uploads/images/DC-A-08.jpg'),
(1829, 'product', 483, 'uploads/images/DC-S-08.jpg'),
(1830, 'product', 484, 'uploads/images/DC-A-09.jpg'),
(1831, 'product', 484, 'uploads/images/DC-S-09.jpg'),
(1832, 'product', 484, 'uploads/images/DC-T-09.jpg'),
(1833, 'product', 485, 'uploads/images/DC-A-10.jpg'),
(1834, 'product', 485, 'uploads/images/DC-C-10.jpg'),
(1835, 'product', 485, 'uploads/images/DC-T-10.jpg'),
(1836, 'product', 486, 'uploads/images/DC-A-11.jpg'),
(1837, 'product', 486, 'uploads/images/DC-C-11.jpg'),
(1838, 'product', 486, 'uploads/images/DC-T-11.jpg'),
(1839, 'product', 487, 'uploads/images/DC-A-12.jpg'),
(1840, 'product', 487, 'uploads/images/DC-C-12.jpg'),
(1841, 'product', 487, 'uploads/images/DC-T-12.jpg'),
(1842, 'product', 488, 'uploads/images/BX-A-08.jpg'),
(1843, 'product', 488, 'uploads/images/BX-S-08.jpg'),
(1844, 'product', 488, 'uploads/images/BX-A-T.jpg'),
(1845, 'product', 489, 'uploads/images/BX-A-34.jpg'),
(1846, 'product', 490, 'uploads/images/BX-A-49.jpg'),
(1847, 'product', 490, 'uploads/images/BX-T-49.jpg'),
(1848, 'product', 491, 'uploads/images/BX-A-62.jpg'),
(1849, 'product', 491, 'uploads/images/BX-S-62.jpg'),
(1850, 'product', 491, 'uploads/images/BX-T-62.jpg'),
(1851, 'product', 496, 'uploads/images/BX-A-141.jpg'),
(1852, 'product', 496, 'uploads/images/BX-T-141.jpg'),
(1853, 'product', 497, 'uploads/images/BX-A-143.jpg'),
(1854, 'product', 497, 'uploads/images/BX-S-143.jpg'),
(1855, 'product', 497, 'uploads/images/BX-T-143.jpg'),
(1856, 'product', 500, 'uploads/images/BX-A-01.jpg'),
(1857, 'product', 500, 'uploads/images/BX-T-01.jpg'),
(1858, 'product', 501, 'uploads/images/BX-A-03.jpg'),
(1859, 'product', 501, 'uploads/images/BX-C-03.jpg'),
(1860, 'product', 501, 'uploads/images/BX-S-03.jpg'),
(1861, 'product', 501, 'uploads/images/BX-T-03.jpg'),
(1862, 'product', 503, 'uploads/images/BX-A-65.jpg'),
(1863, 'product', 503, 'uploads/images/BX-T-65.jpg'),
(1864, 'product', 504, 'uploads/images/BX-A-79.jpg'),
(1865, 'product', 505, 'uploads/images/BX-A-80.jpg'),
(1866, 'product', 506, 'uploads/images/BX-A-99.jpg'),
(1867, 'product', 507, 'uploads/images/BX-A-102.jpg'),
(1868, 'product', 507, 'uploads/images/BX-S-102.jpg'),
(1869, 'product', 507, 'uploads/images/BX-T-102.jpg'),
(1870, 'product', 508, 'uploads/images/BX-A-126.jpg'),
(1871, 'product', 508, 'uploads/images/BX-C-126.jpg'),
(1872, 'product', 508, 'uploads/images/BX-S-126.jpg'),
(1873, 'product', 508, 'uploads/images/BX-T-126.jpg'),
(1874, 'product', 509, 'uploads/images/BX-A-129.jpg'),
(1875, 'product', 509, 'uploads/images/BX-T-129.jpg'),
(1876, 'product', 510, 'uploads/images/BX-A-130.jpg'),
(1877, 'product', 510, 'uploads/images/BX-T-130.jpg'),
(1878, 'product', 511, 'uploads/images/BX-A-82.jpg'),
(1879, 'product', 511, 'uploads/images/BX-T-82.jpg'),
(1880, 'product', 521, 'uploads/images/BX-A-97.jpg'),
(1881, 'product', 521, 'uploads/images/BX-S-97.jpg'),
(1882, 'product', 521, 'uploads/images/BX-T-97.jpg'),
(1883, 'product', 524, 'uploads/images/BX-A-15.jpg'),
(1884, 'product', 524, 'uploads/images/BX-C-15.jpg'),
(1885, 'product', 524, 'uploads/images/BX-S-15.jpg'),
(1886, 'product', 524, 'uploads/images/BX-T-15.jpg'),
(1887, 'product', 525, 'uploads/images/CS-A-01.JPG'),
(1888, 'product', 525, 'uploads/images/CS-C-01.JPG'),
(1889, 'product', 525, 'uploads/images/CS-S-01.JPG'),
(1890, 'product', 525, 'uploads/images/CS-T-01.JPG'),
(1891, 'product', 526, 'uploads/images/CS-A-03.JPG'),
(1892, 'product', 526, 'uploads/images/CS-C-03.JPG'),
(1893, 'product', 526, 'uploads/images/CS-S-03.JPG'),
(1894, 'product', 526, 'uploads/images/CS-T-03.JPG'),
(1895, 'product', 527, 'uploads/images/CS-A-05.JPG'),
(1896, 'product', 527, 'uploads/images/CS-C-05.JPG'),
(1897, 'product', 527, 'uploads/images/CS-S-05.JPG'),
(1898, 'product', 527, 'uploads/images/CS-T-05.JPG'),
(1899, 'product', 528, 'uploads/images/CS-A-06.JPG'),
(1900, 'product', 528, 'uploads/images/CS-C-06.JPG'),
(1901, 'product', 528, 'uploads/images/CS-S-06.JPG'),
(1902, 'product', 528, 'uploads/images/CS-T-06.JPG'),
(1903, 'product', 529, 'uploads/images/CS-A-08.JPG'),
(1904, 'product', 529, 'uploads/images/CS-C-08.JPG'),
(1905, 'product', 529, 'uploads/images/CS-S-08.JPG'),
(1906, 'product', 529, 'uploads/images/CS-T-08.JPG'),
(1907, 'product', 530, 'uploads/images/CS-A-16.JPG'),
(1908, 'product', 530, 'uploads/images/CS-C-16.JPG'),
(1909, 'product', 530, 'uploads/images/CS-S-16.JPG'),
(1910, 'product', 530, 'uploads/images/CS-T-16.JPG'),
(1911, 'product', 531, 'uploads/images/CS-A-22.JPG'),
(1912, 'product', 531, 'uploads/images/CS-C-22.JPG'),
(1913, 'product', 531, 'uploads/images/CS-S-22.JPG'),
(1914, 'product', 531, 'uploads/images/CS-T-22.JPG'),
(1915, 'product', 532, 'uploads/images/CS-A-23.JPG'),
(1916, 'product', 532, 'uploads/images/CS-C-23.JPG'),
(1917, 'product', 532, 'uploads/images/CS-S-23.JPG'),
(1918, 'product', 532, 'uploads/images/CS-T-23.JPG'),
(1919, 'product', 533, 'uploads/images/CS-A-25.JPG'),
(1920, 'product', 533, 'uploads/images/CS-C-25.JPG'),
(1921, 'product', 533, 'uploads/images/CS-S-25.JPG'),
(1922, 'product', 533, 'uploads/images/CS-T-25.JPG'),
(1923, 'product', 534, 'uploads/images/CS-A-26.JPG'),
(1924, 'product', 534, 'uploads/images/CS-C-26.JPG'),
(1925, 'product', 534, 'uploads/images/CS-S-26.JPG'),
(1926, 'product', 534, 'uploads/images/CS-T-26.JPG'),
(1927, 'product', 535, 'uploads/images/CS-A-29.JPG'),
(1928, 'product', 535, 'uploads/images/CS-C-29.JPG'),
(1929, 'product', 536, 'uploads/images/CS-A-33.JPG'),
(1930, 'product', 536, 'uploads/images/CS-C-33.JPG'),
(1931, 'product', 536, 'uploads/images/CS-S-33.JPG'),
(1932, 'product', 536, 'uploads/images/CS-T-33.JPG'),
(1933, 'product', 537, 'uploads/images/CS-A-35.JPG'),
(1934, 'product', 537, 'uploads/images/CS-C-35.JPG'),
(1935, 'product', 537, 'uploads/images/CS-S-35.JPG'),
(1936, 'product', 537, 'uploads/images/CS-T-35.JPG'),
(1937, 'product', 538, 'uploads/images/CS-A-38.JPG'),
(1938, 'product', 538, 'uploads/images/CS-C-38.JPG'),
(1939, 'product', 538, 'uploads/images/CS-S-38.JPG'),
(1940, 'product', 538, 'uploads/images/CS-T-38.JPG'),
(1941, 'product', 539, 'uploads/images/CS-A-44.JPG'),
(1942, 'product', 539, 'uploads/images/CS-S-44.JPG'),
(1943, 'product', 539, 'uploads/images/CS-T-44.JPG'),
(1944, 'product', 540, 'uploads/images/CS-A-45.JPG'),
(1945, 'product', 540, 'uploads/images/CS-C-45.JPG'),
(1946, 'product', 540, 'uploads/images/CS-S-45.JPG'),
(1947, 'product', 540, 'uploads/images/CS-T-45.JPG'),
(1948, 'product', 541, 'uploads/images/CS-A-47.JPG'),
(1949, 'product', 541, 'uploads/images/CS-C-47.JPG'),
(1950, 'product', 541, 'uploads/images/CS-S-47.JPG'),
(1951, 'product', 541, 'uploads/images/CS-T-47.JPG'),
(1952, 'product', 542, 'uploads/images/CS-A-48.JPG'),
(1953, 'product', 542, 'uploads/images/CS-C-48.JPG'),
(1954, 'product', 542, 'uploads/images/CS-S-48.JPG'),
(1955, 'product', 542, 'uploads/images/CS-T-48.JPG'),
(1956, 'product', 543, 'uploads/images/CS-A-49.JPG'),
(1957, 'product', 543, 'uploads/images/CS-C-49.JPG'),
(1958, 'product', 543, 'uploads/images/CS-S-49.JPG'),
(1959, 'product', 543, 'uploads/images/CS-T-49.JPG'),
(1960, 'product', 544, 'uploads/images/CS-A-50.JPG'),
(1961, 'product', 544, 'uploads/images/CS-C-50.JPG'),
(1962, 'product', 544, 'uploads/images/CS-S-50.JPG'),
(1963, 'product', 544, 'uploads/images/CS-T-50.JPG'),
(1964, 'product', 545, 'uploads/images/CS-A-53.JPG'),
(1965, 'product', 545, 'uploads/images/CS-C-53.JPG'),
(1966, 'product', 545, 'uploads/images/CS-S-53.JPG'),
(1967, 'product', 545, 'uploads/images/CS-T-53.JPG'),
(1968, 'product', 546, 'uploads/images/CS-A-56.JPG'),
(1969, 'product', 546, 'uploads/images/CS-C-56.JPG'),
(1970, 'product', 546, 'uploads/images/CS-S-56.JPG'),
(1971, 'product', 546, 'uploads/images/CS-T-56.JPG'),
(1972, 'product', 547, 'uploads/images/CS-A-58.JPG'),
(1973, 'product', 547, 'uploads/images/CS-C-58.JPG'),
(1974, 'product', 547, 'uploads/images/CS-S-58.JPG'),
(1975, 'product', 547, 'uploads/images/CS-T-58.JPG'),
(1976, 'product', 548, 'uploads/images/CS-A-59.JPG'),
(1977, 'product', 548, 'uploads/images/CS-C-59.JPG'),
(1978, 'product', 548, 'uploads/images/CS-S-59.JPG'),
(1979, 'product', 548, 'uploads/images/CS-T-59.JPG'),
(1980, 'product', 549, 'uploads/images/CS-A-60.JPG'),
(1981, 'product', 549, 'uploads/images/CS-C-60.JPG'),
(1982, 'product', 549, 'uploads/images/CS-S-60.JPG'),
(1983, 'product', 549, 'uploads/images/CS-T-60.JPG'),
(1984, 'product', 550, 'uploads/images/CS-A-62.JPG'),
(1985, 'product', 550, 'uploads/images/CS-C-62.JPG'),
(1986, 'product', 550, 'uploads/images/CS-S-62.JPG'),
(1987, 'product', 550, 'uploads/images/CS-T-62.JPG'),
(1988, 'product', 551, 'uploads/images/CS-A-63.JPG'),
(1989, 'product', 551, 'uploads/images/CS-C-63.JPG'),
(1990, 'product', 551, 'uploads/images/CS-S-63.JPG'),
(1991, 'product', 551, 'uploads/images/CS-T-63.JPG'),
(1992, 'product', 552, 'uploads/images/CS-A-64.JPG'),
(1993, 'product', 552, 'uploads/images/CS-C-64.JPG'),
(1994, 'product', 552, 'uploads/images/CS-S-64.JPG'),
(1995, 'product', 552, 'uploads/images/CS-T-64.JPG'),
(1996, 'product', 553, 'uploads/images/RB-A-01.JPG'),
(1997, 'product', 553, 'uploads/images/RB-C-01.JPG'),
(1998, 'product', 553, 'uploads/images/RB-S-01.JPG'),
(1999, 'product', 553, 'uploads/images/RB-T-01.JPG'),
(2000, 'product', 554, 'uploads/images/RB-A-05.JPG'),
(2001, 'product', 554, 'uploads/images/RB-C-05.JPG'),
(2002, 'product', 554, 'uploads/images/RB-S-05.JPG'),
(2003, 'product', 554, 'uploads/images/RB-T-05.JPG'),
(2004, 'product', 555, 'uploads/images/RB-A-06.JPG'),
(2005, 'product', 555, 'uploads/images/RB-C-06.JPG'),
(2006, 'product', 555, 'uploads/images/RB-S-06.JPG'),
(2007, 'product', 555, 'uploads/images/RB-T-06.JPG'),
(2008, 'product', 556, 'uploads/images/RB-A-07.JPG'),
(2009, 'product', 556, 'uploads/images/RB-C-07.JPG'),
(2010, 'product', 556, 'uploads/images/RB-S-07.JPG'),
(2011, 'product', 556, 'uploads/images/RB-T-07.JPG'),
(2012, 'product', 557, 'uploads/images/RB-A-08.JPG'),
(2013, 'product', 557, 'uploads/images/RB-C-08.JPG'),
(2014, 'product', 557, 'uploads/images/RB-S-08.JPG'),
(2015, 'product', 557, 'uploads/images/RB-T-08.JPG'),
(2016, 'product', 558, 'uploads/images/RB-A-09.JPG'),
(2017, 'product', 558, 'uploads/images/RB-C-09.JPG'),
(2018, 'product', 558, 'uploads/images/RB-S-09.JPG'),
(2019, 'product', 558, 'uploads/images/RB-T-09.JPG'),
(2020, 'product', 559, 'uploads/images/RB-A-10.JPG'),
(2021, 'product', 559, 'uploads/images/RB-C-10.JPG'),
(2022, 'product', 559, 'uploads/images/RB-S-10.JPG'),
(2023, 'product', 559, 'uploads/images/RB-T-10.JPG'),
(2024, 'product', 560, 'uploads/images/RB-A-12.JPG'),
(2025, 'product', 560, 'uploads/images/RB-C-12.JPG'),
(2026, 'product', 560, 'uploads/images/RB-S-12.JPG'),
(2027, 'product', 560, 'uploads/images/RB-T-12.JPG'),
(2028, 'product', 561, 'uploads/images/RB-A-13.JPG'),
(2029, 'product', 561, 'uploads/images/RB-C-13.JPG'),
(2030, 'product', 561, 'uploads/images/RB-S-13.JPG'),
(2031, 'product', 561, 'uploads/images/RB-T-13.JPG'),
(2032, 'product', 562, 'uploads/images/RB-A-14.JPG'),
(2033, 'product', 562, 'uploads/images/RB-C-14.JPG'),
(2034, 'product', 562, 'uploads/images/RB-S-14.JPG'),
(2035, 'product', 562, 'uploads/images/RB-T-14.JPG'),
(2036, 'product', 563, 'uploads/images/ELG-A-02.JPG'),
(2037, 'product', 563, 'uploads/images/ELG-C-02.JPG'),
(2038, 'product', 563, 'uploads/images/ELG-S-02.JPG'),
(2039, 'product', 563, 'uploads/images/ELG-T-02.JPG'),
(2040, 'product', 564, 'uploads/images/ELG-A-04.JPG'),
(2041, 'product', 564, 'uploads/images/ELG-C-04.JPG'),
(2042, 'product', 564, 'uploads/images/ELG-S-04.JPG'),
(2043, 'product', 564, 'uploads/images/ELG-T-04.JPG'),
(2044, 'product', 565, 'uploads/images/ELG-A-06.JPG'),
(2045, 'product', 565, 'uploads/images/ELG-C-06.JPG'),
(2046, 'product', 565, 'uploads/images/ELG-S-06.JPG'),
(2047, 'product', 565, 'uploads/images/ELG-T-06.JPG'),
(2048, 'product', 566, 'uploads/images/ELG-A-07.JPG'),
(2049, 'product', 566, 'uploads/images/ELG-C-07.JPG'),
(2050, 'product', 566, 'uploads/images/ELG-S-07.JPG'),
(2051, 'product', 566, 'uploads/images/ELG-T-07.JPG'),
(2052, 'product', 567, 'uploads/images/ELG-A-12.JPG'),
(2053, 'product', 567, 'uploads/images/ELG-C-12.JPG'),
(2054, 'product', 567, 'uploads/images/ELG-S-12.JPG'),
(2055, 'product', 567, 'uploads/images/ELG-T-12.JPG'),
(2056, 'product', 568, 'uploads/images/ELG-A-15.JPG'),
(2057, 'product', 568, 'uploads/images/ELG-C-15.JPG'),
(2058, 'product', 568, 'uploads/images/ELG-S-15.JPG'),
(2059, 'product', 568, 'uploads/images/ELG-T-15.JPG'),
(2060, 'product', 569, 'uploads/images/ELG-A-19.JPG'),
(2061, 'product', 569, 'uploads/images/ELG-C-19.JPG'),
(2062, 'product', 569, 'uploads/images/ELG-S-19.JPG'),
(2063, 'product', 569, 'uploads/images/ELG-T-19.JPG'),
(2064, 'product', 570, 'uploads/images/ELG-A-20.JPG'),
(2065, 'product', 570, 'uploads/images/ELG-C-20.JPG'),
(2066, 'product', 570, 'uploads/images/ELG-S-20.JPG'),
(2067, 'product', 570, 'uploads/images/ELG-T-20.JPG'),
(2068, 'product', 571, 'uploads/images/ELG-C-22.JPG'),
(2069, 'product', 571, 'uploads/images/ELG-S-22.JPG'),
(2070, 'product', 571, 'uploads/images/ELG-T-22.JPG'),
(2071, 'product', 572, 'uploads/images/ELG-A-23.JPG'),
(2072, 'product', 572, 'uploads/images/ELG-C-23.JPG'),
(2073, 'product', 572, 'uploads/images/ELG-S-23.JPG'),
(2074, 'product', 572, 'uploads/images/ELG-T-23.JPG'),
(2075, 'product', 573, 'uploads/images/ELG-A-24.JPG'),
(2076, 'product', 573, 'uploads/images/ELG-C-24.JPG'),
(2077, 'product', 573, 'uploads/images/ELG-S-24.JPG'),
(2078, 'product', 573, 'uploads/images/ELG-T-24.JPG'),
(2079, 'product', 574, 'uploads/images/ELG-A-25.JPG'),
(2080, 'product', 574, 'uploads/images/ELG-C-25.JPG'),
(2081, 'product', 574, 'uploads/images/ELG-S-25.JPG'),
(2082, 'product', 574, 'uploads/images/ELG-T-25.JPG'),
(2083, 'product', 575, 'uploads/images/ELG-A-37.JPG'),
(2084, 'product', 575, 'uploads/images/ELG-C-37.JPG'),
(2085, 'product', 575, 'uploads/images/ELG-S-37.JPG'),
(2086, 'product', 575, 'uploads/images/ELG-T-37.JPG'),
(2087, 'product', 576, 'uploads/images/ELG-A-41.JPG'),
(2088, 'product', 576, 'uploads/images/ELG-C-41.JPG'),
(2089, 'product', 576, 'uploads/images/ELG-S-41.JPG'),
(2090, 'product', 576, 'uploads/images/ELG-T-41.JPG'),
(2091, 'product', 577, 'uploads/images/ELG-A-42.JPG'),
(2092, 'product', 577, 'uploads/images/ELG-C-42.JPG'),
(2093, 'product', 577, 'uploads/images/ELG-S-42.JPG'),
(2094, 'product', 577, 'uploads/images/ELG-T-42.JPG'),
(2095, 'product', 578, 'uploads/images/ELG-A-43.JPG'),
(2096, 'product', 578, 'uploads/images/ELG-C-43.JPG'),
(2097, 'product', 578, 'uploads/images/ELG-S-43.JPG'),
(2098, 'product', 578, 'uploads/images/ELG-T-43.JPG'),
(2099, 'product', 579, 'uploads/images/ELG-A-44.JPG'),
(2100, 'product', 579, 'uploads/images/ELG-C-44.JPG'),
(2101, 'product', 579, 'uploads/images/ELG-S-44.JPG'),
(2102, 'product', 579, 'uploads/images/ELG-T-44.JPG'),
(2103, 'product', 580, 'uploads/images/ELG-A-45.JPG'),
(2104, 'product', 580, 'uploads/images/ELG-C-45.JPG'),
(2105, 'product', 580, 'uploads/images/ELG-S-45.JPG'),
(2106, 'product', 580, 'uploads/images/ELG-T-45.JPG'),
(2107, 'product', 581, 'uploads/images/CRW-A-01.JPG'),
(2108, 'product', 582, 'uploads/images/CRW-A-04.JPG'),
(2109, 'product', 583, 'uploads/images/CRW-A-13.JPG'),
(2110, 'product', 584, 'uploads/images/CRW-A-18.JPG'),
(2111, 'product', 585, 'uploads/images/CRW-A-02.JPG'),
(2112, 'product', 585, 'uploads/images/CRW-C-02.JPG'),
(2113, 'product', 586, 'uploads/images/CRW-A-03.JPG'),
(2114, 'product', 586, 'uploads/images/CRW-C-03.JPG'),
(2115, 'product', 586, 'uploads/images/CRW-S-03.JPG'),
(2116, 'product', 586, 'uploads/images/CRW-T-03.JPG'),
(2117, 'product', 587, 'uploads/images/CRW-A-05.JPG'),
(2118, 'product', 587, 'uploads/images/CRW-C-05.JPG'),
(2119, 'product', 587, 'uploads/images/CRW-S-05.JPG'),
(2120, 'product', 587, 'uploads/images/CRW-T-05.JPG'),
(2121, 'product', 588, 'uploads/images/CRW-A-06.JPG'),
(2122, 'product', 589, 'uploads/images/CRW-A-07.JPG'),
(2123, 'product', 589, 'uploads/images/CRW-C-07.JPG'),
(2124, 'product', 589, 'uploads/images/CRW-S-07.JPG'),
(2125, 'product', 589, 'uploads/images/CRW-T-07.JPG'),
(2126, 'product', 590, 'uploads/images/CRW-A-10.JPG'),
(2127, 'product', 590, 'uploads/images/CRW-C-10.JPG'),
(2128, 'product', 591, 'uploads/images/CRW-A-11.JPG'),
(2129, 'product', 591, 'uploads/images/CRW-C-11.JPG'),
(2130, 'product', 592, 'uploads/images/CRW-A-24.JPG'),
(2131, 'product', 592, 'uploads/images/CRW-C-24.JPG'),
(2132, 'product', 593, 'uploads/images/HR-A-01.JPG'),
(2133, 'product', 593, 'uploads/images/HR-C-01.JPG'),
(2134, 'product', 593, 'uploads/images/HR-S-01.JPG'),
(2135, 'product', 593, 'uploads/images/HR-T-01.JPG'),
(2136, 'product', 594, 'uploads/images/HR-A-02.JPG'),
(2137, 'product', 594, 'uploads/images/HR-C-02.JPG'),
(2138, 'product', 594, 'uploads/images/HR-S-02.JPG'),
(2139, 'product', 594, 'uploads/images/HR-T-02.JPG'),
(2140, 'product', 595, 'uploads/images/HR-A-03.JPG'),
(2141, 'product', 595, 'uploads/images/HR-C-03.JPG'),
(2142, 'product', 595, 'uploads/images/HR-S-03.JPG'),
(2143, 'product', 595, 'uploads/images/HR-T-03.JPG'),
(2144, 'product', 596, 'uploads/images/HR-A-04.JPG'),
(2145, 'product', 596, 'uploads/images/HR-C-04.JPG'),
(2146, 'product', 596, 'uploads/images/HR-S-04.JPG'),
(2147, 'product', 596, 'uploads/images/HR-T-04.JPG'),
(2148, 'product', 597, 'uploads/images/HR-A-05.JPG'),
(2149, 'product', 597, 'uploads/images/HR-C-05.JPG'),
(2150, 'product', 597, 'uploads/images/HR-S-05.JPG'),
(2151, 'product', 597, 'uploads/images/HR-T-05.JPG'),
(2152, 'product', 598, 'uploads/images/HR-A-06.JPG'),
(2153, 'product', 598, 'uploads/images/HR-C-06.JPG'),
(2154, 'product', 598, 'uploads/images/HR-S-06.JPG'),
(2155, 'product', 598, 'uploads/images/HR-T-06.JPG'),
(2156, 'product', 599, 'uploads/images/HR-A-07.JPG'),
(2157, 'product', 599, 'uploads/images/HR-C-07.JPG'),
(2158, 'product', 599, 'uploads/images/HR-S-07.JPG'),
(2159, 'product', 599, 'uploads/images/HR-T-07.JPG'),
(2160, 'product', 600, 'uploads/images/HR-A-08.JPG'),
(2161, 'product', 600, 'uploads/images/HR-C-08.JPG'),
(2162, 'product', 600, 'uploads/images/HR-S-08.JPG'),
(2163, 'product', 600, 'uploads/images/HR-T-08.JPG'),
(2164, 'product', 601, 'uploads/images/HR-A-09.JPG'),
(2165, 'product', 601, 'uploads/images/HR-C-09.JPG'),
(2166, 'product', 601, 'uploads/images/HR-S-09.JPG'),
(2167, 'product', 601, 'uploads/images/HR-T-09.JPG'),
(2168, 'product', 602, 'uploads/images/HR-A-10.JPG'),
(2169, 'product', 602, 'uploads/images/HR-C-10.JPG'),
(2170, 'product', 602, 'uploads/images/HR-S-10.JPG'),
(2171, 'product', 602, 'uploads/images/HR-T-10.JPG'),
(2172, 'product', 603, 'uploads/images/DC-A-01.JPG'),
(2173, 'product', 603, 'uploads/images/DC-C-01.JPG'),
(2174, 'product', 603, 'uploads/images/DC-S-01.JPG'),
(2175, 'product', 603, 'uploads/images/DC-T-01.JPG'),
(2176, 'product', 604, 'uploads/images/DC-A-02.JPG'),
(2177, 'product', 604, 'uploads/images/DC-C-02.JPG'),
(2178, 'product', 604, 'uploads/images/DC-S-02.JPG'),
(2179, 'product', 604, 'uploads/images/DC-T-02.JPG'),
(2180, 'product', 605, 'uploads/images/DC-A-03.JPG'),
(2181, 'product', 605, 'uploads/images/DC-C-03.JPG'),
(2182, 'product', 605, 'uploads/images/DC-S-03.JPG'),
(2183, 'product', 605, 'uploads/images/DC-T-03.JPG'),
(2184, 'product', 606, 'uploads/images/DC-A-04.JPG'),
(2185, 'product', 606, 'uploads/images/DC-C-04.JPG'),
(2186, 'product', 606, 'uploads/images/DC-S-04.JPG'),
(2187, 'product', 606, 'uploads/images/DC-T-04.JPG'),
(2188, 'product', 607, 'uploads/images/DC-A-05.JPG'),
(2189, 'product', 607, 'uploads/images/DC-C-05.JPG'),
(2190, 'product', 607, 'uploads/images/DC-S-05.JPG'),
(2191, 'product', 608, 'uploads/images/DC-A-06.JPG'),
(2192, 'product', 608, 'uploads/images/DC-C-06.JPG'),
(2193, 'product', 608, 'uploads/images/DC-T-06.JPG'),
(2194, 'product', 609, 'uploads/images/DC-A-07.JPG'),
(2195, 'product', 609, 'uploads/images/DC-C-07.JPG'),
(2196, 'product', 609, 'uploads/images/DC-S-07.JPG'),
(2197, 'product', 610, 'uploads/images/DC-A-08.JPG'),
(2198, 'product', 610, 'uploads/images/DC-S-08.JPG'),
(2199, 'product', 611, 'uploads/images/DC-A-09.JPG'),
(2200, 'product', 611, 'uploads/images/DC-S-09.JPG'),
(2201, 'product', 611, 'uploads/images/DC-T-09.JPG'),
(2202, 'product', 612, 'uploads/images/DC-A-10.JPG'),
(2203, 'product', 612, 'uploads/images/DC-C-10.JPG'),
(2204, 'product', 612, 'uploads/images/DC-T-10.JPG'),
(2205, 'product', 613, 'uploads/images/DC-A-11.JPG'),
(2206, 'product', 613, 'uploads/images/DC-C-11.JPG'),
(2207, 'product', 613, 'uploads/images/DC-T-11.JPG'),
(2208, 'product', 614, 'uploads/images/DC-A-12.JPG'),
(2209, 'product', 614, 'uploads/images/DC-C-12.JPG'),
(2210, 'product', 614, 'uploads/images/DC-T-12.JPG'),
(2211, 'product', 615, 'uploads/images/BX-A-08.JPG'),
(2212, 'product', 615, 'uploads/images/BX-S-08.JPG'),
(2213, 'product', 615, 'uploads/images/BX-A-T.JPG'),
(2214, 'product', 616, 'uploads/images/BX-A-34.JPG'),
(2215, 'product', 617, 'uploads/images/BX-A-49.JPG'),
(2216, 'product', 617, 'uploads/images/BX-T-49.JPG'),
(2217, 'product', 618, 'uploads/images/BX-A-62.JPG'),
(2218, 'product', 618, 'uploads/images/BX-S-62.JPG'),
(2219, 'product', 618, 'uploads/images/BX-T-62.JPG'),
(2220, 'product', 619, 'uploads/images/BX-A-141.JPG'),
(2221, 'product', 619, 'uploads/images/BX-T-141.JPG'),
(2222, 'product', 620, 'uploads/images/BX-A-143.JPG'),
(2223, 'product', 620, 'uploads/images/BX-S-143.JPG'),
(2224, 'product', 620, 'uploads/images/BX-T-143.JPG'),
(2225, 'product', 621, 'uploads/images/BX-A-01.JPG'),
(2226, 'product', 621, 'uploads/images/BX-T-01.JPG'),
(2227, 'product', 622, 'uploads/images/BX-A-03.JPG'),
(2228, 'product', 622, 'uploads/images/BX-C-03.JPG'),
(2229, 'product', 622, 'uploads/images/BX-S-03.JPG'),
(2230, 'product', 622, 'uploads/images/BX-T-03.JPG'),
(2231, 'product', 623, 'uploads/images/BX-A-65.JPG'),
(2232, 'product', 623, 'uploads/images/BX-T-65.JPG'),
(2233, 'product', 624, 'uploads/images/BX-A-79.JPG'),
(2234, 'product', 625, 'uploads/images/BX-A-80.JPG'),
(2235, 'product', 626, 'uploads/images/BX-A-99.JPG'),
(2236, 'product', 627, 'uploads/images/BX-A-102.JPG'),
(2237, 'product', 627, 'uploads/images/BX-S-102.JPG'),
(2238, 'product', 627, 'uploads/images/BX-T-102.JPG'),
(2239, 'product', 628, 'uploads/images/BX-A-126.JPG'),
(2240, 'product', 628, 'uploads/images/BX-C-126.JPG'),
(2241, 'product', 628, 'uploads/images/BX-S-126.JPG'),
(2242, 'product', 628, 'uploads/images/BX-T-126.JPG'),
(2243, 'product', 629, 'uploads/images/BX-A-129.JPG'),
(2244, 'product', 629, 'uploads/images/BX-T-129.JPG'),
(2245, 'product', 630, 'uploads/images/BX-A-130.JPG'),
(2246, 'product', 630, 'uploads/images/BX-T-130.JPG'),
(2247, 'product', 631, 'uploads/images/BX-A-82.JPG'),
(2248, 'product', 631, 'uploads/images/BX-T-82.JPG'),
(2249, 'product', 632, 'uploads/images/BX-A-97.JPG'),
(2250, 'product', 632, 'uploads/images/BX-S-97.JPG'),
(2251, 'product', 632, 'uploads/images/BX-T-97.JPG'),
(2252, 'product', 633, 'uploads/images/BX-A-15.JPG'),
(2253, 'product', 633, 'uploads/images/BX-C-15.JPG'),
(2254, 'product', 633, 'uploads/images/BX-S-15.JPG'),
(2255, 'product', 633, 'uploads/images/BX-T-15.JPG'),
(2296, 'product', 644, 'uploads/images/CS-A-29.JPG'),
(2297, 'product', 644, 'uploads/images/CS-C-29.JPG'),
(2405, 'product', 672, 'uploads/images/ELG-A-02.JPG'),
(2406, 'product', 672, 'uploads/images/ELG-C-02.JPG'),
(2407, 'product', 672, 'uploads/images/ELG-S-02.JPG'),
(2408, 'product', 672, 'uploads/images/ELG-T-02.JPG'),
(2409, 'product', 673, 'uploads/images/ELG-A-04.JPG'),
(2410, 'product', 673, 'uploads/images/ELG-C-04.JPG'),
(2411, 'product', 673, 'uploads/images/ELG-S-04.JPG'),
(2412, 'product', 673, 'uploads/images/ELG-T-04.JPG'),
(2413, 'product', 674, 'uploads/images/ELG-A-06.JPG'),
(2414, 'product', 674, 'uploads/images/ELG-C-06.JPG'),
(2415, 'product', 674, 'uploads/images/ELG-S-06.JPG'),
(2416, 'product', 674, 'uploads/images/ELG-T-06.JPG');
INSERT INTO `site_images` (`SiteImageID`, `ImageType`, `FileID`, `ImageName`) VALUES
(2417, 'product', 675, 'uploads/images/ELG-A-07.JPG'),
(2418, 'product', 675, 'uploads/images/ELG-C-07.JPG'),
(2419, 'product', 675, 'uploads/images/ELG-S-07.JPG'),
(2420, 'product', 675, 'uploads/images/ELG-T-07.JPG'),
(2421, 'product', 676, 'uploads/images/ELG-A-12.JPG'),
(2422, 'product', 676, 'uploads/images/ELG-C-12.JPG'),
(2423, 'product', 676, 'uploads/images/ELG-S-12.JPG'),
(2424, 'product', 676, 'uploads/images/ELG-T-12.JPG'),
(2425, 'product', 677, 'uploads/images/ELG-A-15.JPG'),
(2426, 'product', 677, 'uploads/images/ELG-C-15.JPG'),
(2427, 'product', 677, 'uploads/images/ELG-S-15.JPG'),
(2428, 'product', 677, 'uploads/images/ELG-T-15.JPG'),
(2429, 'product', 678, 'uploads/images/ELG-A-19.JPG'),
(2430, 'product', 678, 'uploads/images/ELG-C-19.JPG'),
(2431, 'product', 678, 'uploads/images/ELG-S-19.JPG'),
(2432, 'product', 678, 'uploads/images/ELG-T-19.JPG'),
(2433, 'product', 679, 'uploads/images/ELG-A-20.JPG'),
(2434, 'product', 679, 'uploads/images/ELG-C-20.JPG'),
(2435, 'product', 679, 'uploads/images/ELG-S-20.JPG'),
(2436, 'product', 679, 'uploads/images/ELG-T-20.JPG'),
(2437, 'product', 680, 'uploads/images/ELG-C-22.JPG'),
(2438, 'product', 680, 'uploads/images/ELG-S-22.JPG'),
(2439, 'product', 680, 'uploads/images/ELG-T-22.JPG'),
(2440, 'product', 681, 'uploads/images/ELG-A-23.JPG'),
(2441, 'product', 681, 'uploads/images/ELG-C-23.JPG'),
(2442, 'product', 681, 'uploads/images/ELG-S-23.JPG'),
(2443, 'product', 681, 'uploads/images/ELG-T-23.JPG'),
(2444, 'product', 682, 'uploads/images/ELG-A-24.JPG'),
(2445, 'product', 682, 'uploads/images/ELG-C-24.JPG'),
(2446, 'product', 682, 'uploads/images/ELG-S-24.JPG'),
(2447, 'product', 682, 'uploads/images/ELG-T-24.JPG'),
(2448, 'product', 683, 'uploads/images/ELG-A-25.JPG'),
(2449, 'product', 683, 'uploads/images/ELG-C-25.JPG'),
(2450, 'product', 683, 'uploads/images/ELG-S-25.JPG'),
(2451, 'product', 683, 'uploads/images/ELG-T-25.JPG'),
(2452, 'product', 684, 'uploads/images/ELG-A-37.JPG'),
(2453, 'product', 684, 'uploads/images/ELG-C-37.JPG'),
(2454, 'product', 684, 'uploads/images/ELG-S-37.JPG'),
(2455, 'product', 684, 'uploads/images/ELG-T-37.JPG'),
(2456, 'product', 685, 'uploads/images/ELG-A-41.JPG'),
(2457, 'product', 685, 'uploads/images/ELG-C-41.JPG'),
(2458, 'product', 685, 'uploads/images/ELG-S-41.JPG'),
(2459, 'product', 685, 'uploads/images/ELG-T-41.JPG'),
(2460, 'product', 686, 'uploads/images/ELG-A-42.JPG'),
(2461, 'product', 686, 'uploads/images/ELG-C-42.JPG'),
(2462, 'product', 686, 'uploads/images/ELG-S-42.JPG'),
(2463, 'product', 686, 'uploads/images/ELG-T-42.JPG'),
(2464, 'product', 687, 'uploads/images/ELG-A-43.JPG'),
(2465, 'product', 687, 'uploads/images/ELG-C-43.JPG'),
(2466, 'product', 687, 'uploads/images/ELG-S-43.JPG'),
(2467, 'product', 687, 'uploads/images/ELG-T-43.JPG'),
(2468, 'product', 688, 'uploads/images/ELG-A-44.JPG'),
(2469, 'product', 688, 'uploads/images/ELG-C-44.JPG'),
(2470, 'product', 688, 'uploads/images/ELG-S-44.JPG'),
(2471, 'product', 688, 'uploads/images/ELG-T-44.JPG'),
(2472, 'product', 689, 'uploads/images/ELG-A-45.JPG'),
(2473, 'product', 689, 'uploads/images/ELG-C-45.JPG'),
(2474, 'product', 689, 'uploads/images/ELG-S-45.JPG'),
(2475, 'product', 689, 'uploads/images/ELG-T-45.JPG'),
(2477, 'product', 691, 'uploads/images/CRW-A-04.JPG'),
(2478, 'product', 692, 'uploads/images/CRW-A-13.JPG'),
(2479, 'product', 693, 'uploads/images/CRW-A-18.JPG'),
(2480, 'product', 694, 'uploads/images/CRW-A-02.JPG'),
(2481, 'product', 694, 'uploads/images/CRW-C-02.JPG'),
(2482, 'product', 695, 'uploads/images/CRW-A-03.JPG'),
(2483, 'product', 695, 'uploads/images/CRW-C-03.JPG'),
(2484, 'product', 695, 'uploads/images/CRW-S-03.JPG'),
(2485, 'product', 695, 'uploads/images/CRW-T-03.JPG'),
(2486, 'product', 696, 'uploads/images/CRW-A-05.JPG'),
(2487, 'product', 696, 'uploads/images/CRW-C-05.JPG'),
(2488, 'product', 696, 'uploads/images/CRW-S-05.JPG'),
(2489, 'product', 696, 'uploads/images/CRW-T-05.JPG'),
(2490, 'product', 697, 'uploads/images/CRW-A-06.JPG'),
(2491, 'product', 698, 'uploads/images/CRW-A-07.JPG'),
(2492, 'product', 698, 'uploads/images/CRW-C-07.JPG'),
(2493, 'product', 698, 'uploads/images/CRW-S-07.JPG'),
(2494, 'product', 698, 'uploads/images/CRW-T-07.JPG'),
(2495, 'product', 699, 'uploads/images/CRW-A-10.JPG'),
(2496, 'product', 699, 'uploads/images/CRW-C-10.JPG'),
(2497, 'product', 700, 'uploads/images/CRW-A-11.JPG'),
(2498, 'product', 700, 'uploads/images/CRW-C-11.JPG'),
(2499, 'product', 701, 'uploads/images/CRW-A-24.JPG'),
(2500, 'product', 701, 'uploads/images/CRW-C-24.JPG'),
(2541, 'product', 712, 'uploads/images/DC-A-01.JPG'),
(2542, 'product', 712, 'uploads/images/DC-C-01.JPG'),
(2543, 'product', 712, 'uploads/images/DC-S-01.JPG'),
(2544, 'product', 712, 'uploads/images/DC-T-01.JPG'),
(2545, 'product', 713, 'uploads/images/DC-A-02.JPG'),
(2546, 'product', 713, 'uploads/images/DC-C-02.JPG'),
(2547, 'product', 713, 'uploads/images/DC-S-02.JPG'),
(2548, 'product', 713, 'uploads/images/DC-T-02.JPG'),
(2549, 'product', 714, 'uploads/images/DC-A-03.JPG'),
(2550, 'product', 714, 'uploads/images/DC-C-03.JPG'),
(2551, 'product', 714, 'uploads/images/DC-S-03.JPG'),
(2552, 'product', 714, 'uploads/images/DC-T-03.JPG'),
(2553, 'product', 715, 'uploads/images/DC-A-04.JPG'),
(2554, 'product', 715, 'uploads/images/DC-C-04.JPG'),
(2555, 'product', 715, 'uploads/images/DC-S-04.JPG'),
(2556, 'product', 715, 'uploads/images/DC-T-04.JPG'),
(2557, 'product', 716, 'uploads/images/DC-A-05.JPG'),
(2558, 'product', 716, 'uploads/images/DC-C-05.JPG'),
(2559, 'product', 716, 'uploads/images/DC-S-05.JPG'),
(2560, 'product', 717, 'uploads/images/DC-A-06.JPG'),
(2561, 'product', 717, 'uploads/images/DC-C-06.JPG'),
(2562, 'product', 717, 'uploads/images/DC-T-06.JPG'),
(2563, 'product', 718, 'uploads/images/DC-A-07.JPG'),
(2564, 'product', 718, 'uploads/images/DC-C-07.JPG'),
(2565, 'product', 718, 'uploads/images/DC-S-07.JPG'),
(2566, 'product', 719, 'uploads/images/DC-A-08.JPG'),
(2567, 'product', 719, 'uploads/images/DC-S-08.JPG'),
(2568, 'product', 720, 'uploads/images/DC-A-09.JPG'),
(2569, 'product', 720, 'uploads/images/DC-S-09.JPG'),
(2570, 'product', 720, 'uploads/images/DC-T-09.JPG'),
(2571, 'product', 721, 'uploads/images/DC-A-10.JPG'),
(2572, 'product', 721, 'uploads/images/DC-C-10.JPG'),
(2573, 'product', 721, 'uploads/images/DC-T-10.JPG'),
(2574, 'product', 722, 'uploads/images/DC-A-11.JPG'),
(2575, 'product', 722, 'uploads/images/DC-C-11.JPG'),
(2576, 'product', 722, 'uploads/images/DC-T-11.JPG'),
(2577, 'product', 723, 'uploads/images/DC-A-12.JPG'),
(2578, 'product', 723, 'uploads/images/DC-C-12.JPG'),
(2579, 'product', 723, 'uploads/images/DC-T-12.JPG'),
(2589, 'product', 728, 'uploads/images/BX-A-141.JPG'),
(2591, 'product', 729, 'uploads/images/BX-A-143.JPG'),
(2592, 'product', 729, 'uploads/images/BX-S-143.JPG'),
(2593, 'product', 729, 'uploads/images/BX-T-143.JPG'),
(2594, 'product', 730, 'uploads/images/BX-A-01.JPG'),
(2596, 'product', 731, 'uploads/images/BX-A-03.JPG'),
(2597, 'product', 731, 'uploads/images/BX-C-03.JPG'),
(2598, 'product', 731, 'uploads/images/BX-S-03.JPG'),
(2599, 'product', 731, 'uploads/images/BX-T-03.JPG'),
(2603, 'product', 734, 'uploads/images/BX-A-80.JPG'),
(2608, 'product', 737, 'uploads/images/BX-A-126.JPG'),
(2609, 'product', 737, 'uploads/images/BX-C-126.JPG'),
(2611, 'product', 737, 'uploads/images/BX-T-126.JPG'),
(2616, 'product', 740, 'uploads/images/BX-A-82.JPG'),
(2617, 'product', 740, 'uploads/images/BX-T-82.JPG'),
(2618, 'product', 741, 'uploads/images/BX-A-97.JPG'),
(2619, 'product', 741, 'uploads/images/BX-S-97.JPG'),
(2620, 'product', 741, 'uploads/images/BX-T-97.JPG'),
(2621, 'product', 742, 'uploads/images/BX-A-15.JPG'),
(2624, 'product', 742, 'uploads/images/BX-T-15.JPG'),
(2625, 'EmailFile', 8, 'assets/backend/images/no_image.jpg'),
(2626, 'EmailFile', 9, 'assets/backend/images/no_image.jpg'),
(2627, 'EmailFile', 10, 'assets/backend/images/no_image.jpg'),
(2628, 'product', 743, 'uploads/images/638946406322020051111084810.jpg'),
(2637, 'EmailFile', 11, 'assets/backend/images/no_image.jpg'),
(2648, 'product', 746, 'uploads/images/413288169532020051211193004.jpg'),
(2649, 'product', 746, 'uploads/images/35432062162020051211403005.jpg'),
(2650, 'product', 746, 'uploads/images/711086626642020051211593006.jpg'),
(2651, 'product', 747, 'uploads/images/250763853952020051211474307.jpg'),
(2652, 'product', 747, 'uploads/images/690027339642020051211164408.jpg'),
(2653, 'product', 747, 'uploads/images/169619083082020051211364409.jpg'),
(2656, 'product', 748, 'uploads/images/571585294782020051312370810.jpg'),
(2657, 'product', 748, 'uploads/images/622857103112020051312560811.jpg'),
(2658, 'product', 748, 'uploads/images/207322811332020051312130912.jpg'),
(2659, 'product', 752, 'uploads/images/802824616582020051312471101.jpg'),
(2660, 'product', 752, 'uploads/images/636984871672020051312041202.jpg'),
(2661, 'product', 752, 'uploads/images/452131196682020051312231203.jpg'),
(2662, 'product', 754, 'uploads/images/894219088232020051312264001.jpg'),
(2663, 'product', 754, 'uploads/images/374602356592020051312454002.jpg'),
(2664, 'product', 754, 'uploads/images/69346955902020051312054103.jpg'),
(2666, 'product', 753, 'uploads/images/63713029512020051301531001.jpg'),
(2667, 'product', 753, 'uploads/images/380934826992020051301171102.jpg'),
(2668, 'product', 753, 'uploads/images/175714742852020051301331103.jpg'),
(2679, 'product', 756, 'uploads/images/35115606232020051306441101.jpg'),
(2680, 'product', 756, 'uploads/images/440194748432020051306581102.jpg'),
(2681, 'product', 756, 'uploads/images/433559167492020051306111203.jpg'),
(2683, 'product', 757, 'uploads/images/475430993662020051306203201.jpg'),
(2684, 'product', 757, 'uploads/images/647608349872020051306393202.jpg'),
(2685, 'product', 757, 'uploads/images/819104919132020051306543203.jpg'),
(2686, 'product', 762, 'uploads/images/846537625862020051306103401.jpg'),
(2687, 'product', 762, 'uploads/images/946268972252020051306293402.jpg'),
(2689, 'product', 755, 'uploads/images/547539890352020051306325401.jpg'),
(2690, 'product', 755, 'uploads/images/335129702352020051306445402.jpg'),
(2691, 'product', 755, 'uploads/images/962993300962020051306575403.jpg'),
(2692, 'product', 755, 'uploads/images/459938620662020051306085504.jpg'),
(2693, 'product', 763, 'uploads/images/515853309512020051306355601.jpg'),
(2694, 'product', 763, 'uploads/images/962811867232020051306505602.jpg'),
(2697, 'product', 758, 'uploads/images/144518848362020051307154502.jpg'),
(2698, 'product', 764, 'uploads/images/194529020672020051307574801.jpg'),
(2699, 'product', 764, 'uploads/images/804395325012020051307144902.jpg'),
(2700, 'product', 764, 'uploads/images/515960221142020051307314903.jpg'),
(2701, 'product', 764, 'uploads/images/295249159602020051307434904.jpg'),
(2702, 'product', 764, 'uploads/images/773787717602020051307564905.jpg'),
(2703, 'product', 760, 'uploads/images/500432496082020051307255901.jpg'),
(2704, 'product', 760, 'uploads/images/217611418102020051308040002.jpg'),
(2705, 'product', 760, 'uploads/images/381992099662020051308160003.jpg'),
(2706, 'product', 760, 'uploads/images/173689609592020051308290004.jpg'),
(2708, 'product', 766, 'uploads/images/8745147362020200513090053Untitled-23.jpg'),
(2710, 'product', 751, 'uploads/images/685699500372020051310501901.jpg'),
(2711, 'product', 751, 'uploads/images/737655521522020051310052002.jpg'),
(2712, 'product', 751, 'uploads/images/77027577522020051310172003.jpg'),
(2713, 'product', 751, 'uploads/images/254431940652020051310302004.jpg'),
(2714, 'product', 751, 'uploads/images/203083223252020051310442005.jpg'),
(2715, 'product', 758, 'uploads/images/304997402352020051310082401.jpg'),
(2718, 'product', 759, 'uploads/images/360599755442020051311301501.jpg'),
(2719, 'product', 759, 'uploads/images/968922674962020051311561502.jpg'),
(2720, 'product', 759, 'uploads/images/418224842712020051311151603.jpg'),
(2721, 'product', 759, 'uploads/images/117890919752020051311331604.jpg'),
(2725, 'product', 768, 'uploads/images/675916321852020051412314117.jpg'),
(2726, 'product', 768, 'uploads/images/349743993312020051412474118.jpg'),
(2728, 'product', 744, 'uploads/images/687156129712020051412204302.jpg'),
(2729, 'product', 744, 'uploads/images/558279673492020051412324301.jpg'),
(2730, 'product', 767, 'uploads/images/126640715412020051412404904.jpg'),
(2731, 'product', 767, 'uploads/images/749671470722020051412544903.jpg'),
(2732, 'product', 765, 'uploads/images/448378907722020051412465011.jpg'),
(2733, 'product', 765, 'uploads/images/704841861672020051412565012.jpg'),
(2734, 'product', 761, 'uploads/images/252707277642020051412455213.jpg'),
(2735, 'product', 761, 'uploads/images/471860001982020051412015314.jpg'),
(2736, 'product', 771, 'uploads/images/992318901532020051412515407.jpg'),
(2737, 'product', 771, 'uploads/images/579663197622020051412015508.jpg'),
(2738, 'product', 772, 'uploads/images/97488350602020051412055605.jpg'),
(2739, 'product', 772, 'uploads/images/69700193472020051412165606.jpg'),
(2740, 'product', 769, 'uploads/images/996000681002020051412065719.jpg'),
(2741, 'product', 769, 'uploads/images/726060448592020051412215720.jpg'),
(2742, 'product', 770, 'uploads/images/899853559442020051412285821.jpg'),
(2743, 'product', 770, 'uploads/images/359347213322020051412395822.jpg'),
(2744, 'product', 773, 'uploads/images/87239088022020051402252818.jpg'),
(2747, 'product', 776, 'uploads/images/5792234782020051402295009.jpg'),
(2748, 'product', 777, 'uploads/images/316777476902020051404405510.jpg'),
(2750, 'product', 779, 'uploads/images/39380240355202005140506071.jpg'),
(2756, 'product', 785, 'uploads/images/5971741343320200514052646p01.jpg'),
(2758, 'product', 750, 'uploads/images/831672567012020051405405606.jpg'),
(2759, 'product', 750, 'uploads/images/41863370562020051405585607.jpg'),
(2760, 'product', 750, 'uploads/images/579620884382020051405135708.jpg'),
(2762, 'product', 775, 'uploads/images/797180855902020051406340909.jpg'),
(2763, 'product', 775, 'uploads/images/970201369562020051406460910.jpg'),
(2764, 'product', 774, 'uploads/images/596257077382020051406121123.jpg'),
(2765, 'product', 774, 'uploads/images/236724416672020051406231124.jpg'),
(2766, 'product', 749, 'uploads/images/193749908882020051406092009.jpg'),
(2767, 'product', 749, 'uploads/images/188616390912020051406222010.jpg'),
(2768, 'product', 749, 'uploads/images/621598605182020051406362011.jpg'),
(2769, 'product', 745, 'uploads/images/854389710012020051406224312.jpg'),
(2770, 'product', 745, 'uploads/images/770884879952020051406414313.jpg'),
(2771, 'product', 745, 'uploads/images/371811390332020051406544314.jpg'),
(2772, 'product', 724, 'uploads/images/6310582669520200514061058BX_08_1.jpg'),
(2773, 'product', 726, 'uploads/images/1441743982820200514071602BX-A-49.jpg'),
(2774, 'product', 726, 'uploads/images/3851405354320200514072802BX-T-49.jpg'),
(2775, 'product', 727, 'uploads/images/3855356434020200514074611BX-A-62.jpg'),
(2777, 'product', 727, 'uploads/images/2442345690320200514071514BX-S-62.jpg'),
(2778, 'product', 725, 'uploads/images/307416675012020051407351801.jpg'),
(2779, 'product', 778, 'uploads/images/383766668992020051407272402.jpg'),
(2780, 'product', 778, 'uploads/images/261833279622020051407382401.jpg'),
(2781, 'product', 781, 'uploads/images/6923173717520200514071233Almond_A.jpg'),
(2782, 'product', 781, 'uploads/images/9755138988820200514072333Almond_T.jpg'),
(2783, 'product', 783, 'uploads/images/9325063761720200514072135Cashew_A.jpg'),
(2784, 'product', 783, 'uploads/images/2661018476720200514073735Cashew_T.jpg'),
(2785, 'product', 784, 'uploads/images/3384565515620200514073836Hazelnut_A.jpg'),
(2786, 'product', 784, 'uploads/images/1896900869820200514075136Hazelnut_T.jpg'),
(2787, 'product', 780, 'uploads/images/4343031544520200514074737Sesame_A.jpg'),
(2788, 'product', 780, 'uploads/images/8858132229720200514070138Sesame_T.jpg'),
(2793, 'product', 782, 'uploads/images/4081542813620200514100515Sohan_A.jpg'),
(2794, 'product', 782, 'uploads/images/9319277823020200514101915Sohan_T.jpg'),
(2800, 'product', 790, 'uploads/images/211699369482020051411215701.jpg'),
(2801, 'product', 790, 'uploads/images/441296547172020051411505702.jpg'),
(2802, 'product', 790, 'uploads/images/803102242422020051411185803.jpg'),
(2803, 'product', 794, 'uploads/images/822384310482020051512380324.jpg'),
(2804, 'product', 794, 'uploads/images/636353313962020051512000425.jpg'),
(2805, 'product', 794, 'uploads/images/999898222282020051512140426.jpg'),
(2806, 'product', 789, 'uploads/images/533855122092020051512470730.jpg'),
(2807, 'product', 789, 'uploads/images/536413470532020051512100831.jpg'),
(2808, 'product', 789, 'uploads/images/280740384682020051512280832.jpg'),
(2814, 'product', 786, 'uploads/images/301437134852020051512161613.jpg'),
(2815, 'product', 786, 'uploads/images/581470190022020051512361614.jpg'),
(2816, 'product', 786, 'uploads/images/619973840002020051512571615.jpg'),
(2817, 'product', 793, 'uploads/images/699479644432020051512122001.jpg'),
(2818, 'product', 793, 'uploads/images/580096318462020051512302002.jpg'),
(2819, 'product', 793, 'uploads/images/549401940192020051512442003.jpg'),
(2820, 'product', 792, 'uploads/images/216207918852020051512372415.jpg'),
(2821, 'product', 792, 'uploads/images/31349176532020051512572416.jpg'),
(2822, 'product', 792, 'uploads/images/156168600162020051512142517.jpg'),
(2823, 'product', 791, 'uploads/images/447270020232020051512252912.jpg'),
(2824, 'product', 791, 'uploads/images/601597313552020051512452913.jpg'),
(2825, 'product', 791, 'uploads/images/757486206972020051512562914.jpg'),
(2826, 'product', 787, 'uploads/images/99437445112020051512363311.jpg'),
(2827, 'product', 787, 'uploads/images/304688681982020051512523310.jpg'),
(2828, 'product', 788, 'uploads/images/386216934202020051512403633.jpg'),
(2829, 'product', 788, 'uploads/images/66711103262020051512553634.jpg'),
(2830, 'product', 788, 'uploads/images/650554372472020051512103735.jpg'),
(2832, 'product', 795, 'uploads/images/395691033342020051510270618.jpg'),
(2833, 'product', 795, 'uploads/images/233679262242020051510500615.jpg'),
(2834, 'product', 795, 'uploads/images/564986970462020051510040716.jpg'),
(2835, 'product', 795, 'uploads/images/102610915292020051510170717.jpg'),
(2856, 'product', 634, 'uploads/images/7853898485520200629042040CS-A-01.jpg'),
(2857, 'product', 634, 'uploads/images/2662777297820200629043040CS-C-01.jpg'),
(2858, 'product', 634, 'uploads/images/5878215155120200629044140CS-S-01.jpg'),
(2859, 'product', 634, 'uploads/images/6960023219120200629045840CS-T-01.jpg'),
(2865, 'product', 635, 'uploads/images/8109185097720200702111131CS-A-03.jpg'),
(2866, 'product', 635, 'uploads/images/7337328117220200702113335CS-C-03.jpg'),
(2867, 'product', 635, 'uploads/images/555402346820200702114635CS-S-03.jpg'),
(2868, 'product', 635, 'uploads/images/2149044743620200702110136CS-T-03.jpg'),
(2869, 'product', 636, 'uploads/images/2725230167620200702110437CS-A-05.jpg'),
(2870, 'product', 636, 'uploads/images/7689079049120200702111437CS-C-05.jpg'),
(2871, 'product', 636, 'uploads/images/2116550450520200702112637CS-S-05.jpg'),
(2872, 'product', 636, 'uploads/images/2085945475520200702113737CS-T-05.jpg'),
(2873, 'product', 637, 'uploads/images/4024468568620200702111239CS-A-06.jpg'),
(2874, 'product', 637, 'uploads/images/171811897420200702112239CS-C-06.jpg'),
(2875, 'product', 637, 'uploads/images/9494940330420200702113339CS-S-06.jpg'),
(2876, 'product', 637, 'uploads/images/3302094730620200702114639CS-T-06.jpg'),
(2877, 'product', 638, 'uploads/images/6523838092720200702114942CS-A-08.jpg'),
(2878, 'product', 638, 'uploads/images/1845704620220200702110443CS-C-08.jpg'),
(2879, 'product', 638, 'uploads/images/1632313279720200702111443CS-S-08.jpg'),
(2880, 'product', 638, 'uploads/images/2206072557520200702112543CS-T-08.jpg'),
(2881, 'product', 639, 'uploads/images/6007747918920200702111345CS-A-16.jpg'),
(2882, 'product', 639, 'uploads/images/6640048139420200702112445CS-C-16.jpg'),
(2883, 'product', 639, 'uploads/images/7516097544320200702113645CS-S-16.jpg'),
(2884, 'product', 639, 'uploads/images/9285229567120200702114445CS-T-16.jpg'),
(2885, 'product', 640, 'uploads/images/5479954984320200702113247CS-A-22.jpg'),
(2886, 'product', 640, 'uploads/images/5820948680520200702115147CS-C-22.jpg'),
(2887, 'product', 640, 'uploads/images/3080555170620200702110148CS-S-22.jpg'),
(2888, 'product', 640, 'uploads/images/5396035024220200702111248CS-T-22.jpg'),
(2889, 'product', 641, 'uploads/images/9548257685720200702112549CS-A-23.jpg'),
(2890, 'product', 641, 'uploads/images/6008925892820200702113449CS-C-23.jpg'),
(2891, 'product', 641, 'uploads/images/3110453458220200702114349CS-S-23.jpg'),
(2892, 'product', 641, 'uploads/images/3989324448920200702115249CS-T-23.jpg'),
(2893, 'product', 642, 'uploads/images/7006154206020200702115650CS-A-25.jpg'),
(2894, 'product', 642, 'uploads/images/339482624220200702110651CS-C-25.jpg'),
(2895, 'product', 642, 'uploads/images/1696310692020200702112751CS-S-25.jpg'),
(2896, 'product', 642, 'uploads/images/3740787512620200702113651CS-T-25.jpg'),
(2897, 'product', 643, 'uploads/images/4410560405920200702113952CS-A-26.jpg'),
(2898, 'product', 643, 'uploads/images/4561771353520200702114952CS-C-26.jpg'),
(2899, 'product', 643, 'uploads/images/5564821293720200702115952CS-S-26.jpg'),
(2900, 'product', 643, 'uploads/images/3726359846520200702110853CS-T-26.jpg'),
(2901, 'product', 645, 'uploads/images/2813832388720200702110655CS-A-33.jpg'),
(2902, 'product', 645, 'uploads/images/5472084806420200702111655CS-C-33.jpg'),
(2903, 'product', 645, 'uploads/images/9466090684120200702112455CS-S-33.jpg'),
(2904, 'product', 645, 'uploads/images/2650078627320200702113355CS-T-33.jpg'),
(2905, 'product', 646, 'uploads/images/3097120394120200702113357CS-A-35.jpg'),
(2906, 'product', 646, 'uploads/images/7088247363020200702114157CS-C-35.jpg'),
(2907, 'product', 646, 'uploads/images/1837585592920200702115057CS-S-35.jpg'),
(2908, 'product', 646, 'uploads/images/2005568033320200702115857CS-T-35.jpg'),
(2909, 'product', 647, 'uploads/images/5196376229320200702112359CS-A-38.jpg'),
(2910, 'product', 647, 'uploads/images/589992730220200702113159CS-C-38.jpg'),
(2911, 'product', 647, 'uploads/images/4945638503520200702114059CS-S-38.jpg'),
(2912, 'product', 647, 'uploads/images/8035034119120200702115059CS-T-38.jpg'),
(2913, 'product', 648, 'uploads/images/3713719085720200702124000CS-A-44.jpg'),
(2914, 'product', 648, 'uploads/images/2187678291220200702124700CS-S-44.jpg'),
(2915, 'product', 648, 'uploads/images/8990933814320200702125600CS-T-44.jpg'),
(2916, 'product', 649, 'uploads/images/4254700408120200702124502CS-A-45.jpg'),
(2917, 'product', 649, 'uploads/images/2863488203120200702125702CS-C-45.jpg'),
(2918, 'product', 649, 'uploads/images/2939519223720200702120703CS-S-45.jpg'),
(2919, 'product', 649, 'uploads/images/9040224596820200702121403CS-T-45.jpg'),
(2920, 'product', 650, 'uploads/images/4932347740120200702121604CS-A-47.jpg'),
(2921, 'product', 650, 'uploads/images/5901794377720200702122404CS-C-47.jpg'),
(2922, 'product', 650, 'uploads/images/8568194051020200702123304CS-S-47.jpg'),
(2923, 'product', 650, 'uploads/images/6756799703620200702124104CS-T-47.jpg'),
(2924, 'product', 651, 'uploads/images/2037263139920200702123905CS-A-48.jpg'),
(2925, 'product', 651, 'uploads/images/6178281754520200702124805CS-C-48.jpg'),
(2926, 'product', 651, 'uploads/images/1838097708520200702125605CS-S-48.jpg'),
(2927, 'product', 651, 'uploads/images/7967368399920200702120406CS-T-48.jpg'),
(2928, 'product', 652, 'uploads/images/6335545632420200702120207CS-A-49.jpg'),
(2929, 'product', 652, 'uploads/images/7923133371320200702120907CS-C-49.jpg'),
(2930, 'product', 652, 'uploads/images/5103310622020200702121707CS-S-49.jpg'),
(2931, 'product', 652, 'uploads/images/3381703198420200702122607CS-T-49.jpg'),
(2932, 'product', 653, 'uploads/images/1156692057320200702123008CS-A-50.jpg'),
(2933, 'product', 653, 'uploads/images/3680596410720200702123908CS-C-50.jpg'),
(2934, 'product', 653, 'uploads/images/12127056020200702124708CS-S-50.jpg'),
(2935, 'product', 653, 'uploads/images/2592159142020200702125808CS-T-50.jpg'),
(2936, 'product', 654, 'uploads/images/3873053824320200702121410CS-A-53.jpg'),
(2937, 'product', 654, 'uploads/images/5764232752620200702122210CS-C-53.jpg'),
(2938, 'product', 654, 'uploads/images/2072331729420200702123210CS-S-53.jpg'),
(2939, 'product', 654, 'uploads/images/9349353369120200702124010CS-T-53.jpg'),
(2940, 'product', 655, 'uploads/images/8241406719920200702124011CS-A-56.jpg'),
(2941, 'product', 655, 'uploads/images/8166692687020200702125211CS-C-56.jpg'),
(2942, 'product', 655, 'uploads/images/3516305038820200702120512CS-S-56.jpg'),
(2943, 'product', 655, 'uploads/images/8752037895820200702121312CS-T-56.jpg'),
(2944, 'product', 656, 'uploads/images/3340862784420200702122213CS-A-58.jpg'),
(2945, 'product', 656, 'uploads/images/2914026883220200702123513CS-C-58.jpg'),
(2946, 'product', 656, 'uploads/images/6164329603120200702124313CS-S-58.jpg'),
(2947, 'product', 656, 'uploads/images/65785103020200702125113CS-T-58.jpg'),
(2948, 'product', 657, 'uploads/images/3626571203820200702120315CS-A-59.jpg'),
(2949, 'product', 657, 'uploads/images/9418183772320200702121115CS-C-59.jpg'),
(2950, 'product', 657, 'uploads/images/8665896419620200702122015CS-S-59.jpg'),
(2951, 'product', 657, 'uploads/images/6428526484820200702122815CS-T-59.jpg'),
(2952, 'product', 658, 'uploads/images/5654934660020200702122716CS-A-60.jpg'),
(2954, 'product', 658, 'uploads/images/8322105854820200702125216CS-C-60.jpg'),
(2955, 'product', 658, 'uploads/images/7249006624620200702120117CS-S-60.jpg'),
(2956, 'product', 658, 'uploads/images/3175189120420200702120917CS-T-60.jpg'),
(2961, 'product', 660, 'uploads/images/5592311982220200702125819CS-A-63.jpg'),
(2962, 'product', 660, 'uploads/images/1592354423020200702120820CS-C-63.jpg'),
(2963, 'product', 660, 'uploads/images/4466867348220200702121620CS-S-63.jpg'),
(2964, 'product', 660, 'uploads/images/3809037445720200702122420CS-T-63.jpg'),
(2965, 'product', 661, 'uploads/images/8575932856520200702121822CS-A-64.jpg'),
(2966, 'product', 661, 'uploads/images/8299860295420200702122722CS-C-64.jpg'),
(2967, 'product', 661, 'uploads/images/9913850826420200702123522CS-S-64.jpg'),
(2968, 'product', 661, 'uploads/images/2908137428020200702124522CS-T-64.jpg'),
(2969, 'product', 739, 'uploads/images/236466706702020070510263916.jpg'),
(2970, 'product', 739, 'uploads/images/271081829682020070510383917.jpg'),
(2971, 'product', 739, 'uploads/images/862551496132020070510473918.jpg'),
(2972, 'product', 738, 'uploads/images/29826671502020070510544020.jpg'),
(2973, 'product', 738, 'uploads/images/411965183572020070510024121.jpg'),
(2974, 'product', 738, 'uploads/images/107118357312020070510114119.jpg'),
(2975, 'product', 733, 'uploads/images/712597847312020070510564110.jpg'),
(2976, 'product', 733, 'uploads/images/983488097572020070510134211.jpg'),
(2977, 'product', 733, 'uploads/images/940511173462020070510214212.jpg'),
(2981, 'product', 736, 'uploads/images/345602180112020070511071905.jpg'),
(2982, 'product', 736, 'uploads/images/228779161622020070511211906.jpg'),
(2983, 'product', 736, 'uploads/images/762456009162020070511521904.jpg'),
(2984, 'product', 735, 'uploads/images/928653835462020070511412013.jpg'),
(2985, 'product', 735, 'uploads/images/419119043612020070511002114.jpg'),
(2986, 'product', 735, 'uploads/images/929585605912020070511042215.jpg'),
(2987, 'product', 732, 'uploads/images/514289648402020070511192301.jpg'),
(2988, 'product', 732, 'uploads/images/915324595842020070511012402.jpg'),
(2989, 'product', 732, 'uploads/images/530597695052020070511592403.jpg'),
(2990, 'product', 708, 'uploads/images/3906514490220200705112129HR-A-07.jpg'),
(2991, 'product', 708, 'uploads/images/3804383133720200705114529HR-C-07.jpg'),
(2992, 'product', 708, 'uploads/images/9066073447720200705115529HR-S-07.jpg'),
(2993, 'product', 708, 'uploads/images/4632446408520200705110830HR-T-07.jpg'),
(2994, 'product', 711, 'uploads/images/8274799157120200705110332HR-A-10.jpg'),
(2995, 'product', 711, 'uploads/images/526935674320200705111332HR-C-10.jpg'),
(2996, 'product', 711, 'uploads/images/9824622528420200705112232HR-S-10.jpg'),
(2997, 'product', 711, 'uploads/images/6400212269720200705114932HR-T-10.jpg'),
(2998, 'product', 704, 'uploads/images/7456694103820200705111834HR-A-03.jpg'),
(2999, 'product', 704, 'uploads/images/610998387420200705113834HR-C-03.jpg'),
(3000, 'product', 704, 'uploads/images/4874440124520200705110435HR-S-03.jpg'),
(3001, 'product', 704, 'uploads/images/9228097873620200705111435HR-T-03.jpg'),
(3006, 'product', 707, 'uploads/images/2607625363020200705114739HR-A-06.jpg'),
(3007, 'product', 707, 'uploads/images/6715921999520200705110040HR-C-06.jpg'),
(3008, 'product', 707, 'uploads/images/9752444551820200705112240HR-S-06.jpg'),
(3009, 'product', 707, 'uploads/images/1025021554520200705114840HR-T-06.jpg'),
(3010, 'product', 705, 'uploads/images/1954978456420200705113342HR-A-04.jpg'),
(3011, 'product', 705, 'uploads/images/2685100734520200705115442HR-C-04.jpg'),
(3012, 'product', 705, 'uploads/images/8326887143420200705110943HR-S-04.jpg'),
(3013, 'product', 705, 'uploads/images/7781077509920200705111943HR-T-04.jpg'),
(3014, 'product', 706, 'uploads/images/4595393296520200705114644HR-A-05.jpg'),
(3015, 'product', 706, 'uploads/images/7586291534020200705115444HR-C-05.jpg'),
(3016, 'product', 706, 'uploads/images/182501048820200705110445HR-S-05.jpg'),
(3017, 'product', 706, 'uploads/images/4784839735220200705111445HR-T-05.jpg'),
(3018, 'product', 710, 'uploads/images/4614898323220200705111946HR-A-09.jpg'),
(3019, 'product', 710, 'uploads/images/6431650857520200705112846HR-C-09.jpg'),
(3020, 'product', 710, 'uploads/images/2957546725920200705114046HR-S-09.jpg'),
(3021, 'product', 710, 'uploads/images/7014607317320200705115946HR-T-09.jpg'),
(3022, 'product', 703, 'uploads/images/2183462897520200705115747HR-A-02.jpg'),
(3023, 'product', 703, 'uploads/images/3202806701620200705111548HR-C-02.jpg'),
(3024, 'product', 703, 'uploads/images/152245124120200705112748HR-S-02.jpg'),
(3025, 'product', 703, 'uploads/images/1382962595820200705113548HR-T-02.jpg'),
(3026, 'product', 702, 'uploads/images/593804963720200705114749HR-A-01.jpg'),
(3027, 'product', 702, 'uploads/images/5147667444220200705115649HR-C-01.jpg'),
(3028, 'product', 702, 'uploads/images/2640398740920200705110550HR-S-01.jpg'),
(3029, 'product', 702, 'uploads/images/4536013739720200705111650HR-T-01.jpg'),
(3030, 'product', 663, 'uploads/images/5700512981620200705124401RB-A-05.jpg'),
(3031, 'product', 663, 'uploads/images/3432660442820200705121602RB-C-05.jpg'),
(3032, 'product', 663, 'uploads/images/4334926319520200705122802RB-S-05.jpg'),
(3033, 'product', 663, 'uploads/images/4805393170220200705123802RB-T-05.jpg'),
(3034, 'product', 664, 'uploads/images/3280796992020200705125403RB-A-06.jpg'),
(3035, 'product', 664, 'uploads/images/2670249661320200705122604RB-C-06.jpg'),
(3036, 'product', 664, 'uploads/images/7169512630320200705123804RB-S-06.jpg'),
(3037, 'product', 664, 'uploads/images/8411985179820200705124904RB-T-06.jpg'),
(3038, 'product', 659, 'uploads/images/4792354748620200705124806CS-A-62.jpg'),
(3039, 'product', 659, 'uploads/images/5452101764520200705125506CS-C-62.jpg'),
(3040, 'product', 659, 'uploads/images/5703002406620200705120407CS-S-62.jpg'),
(3041, 'product', 659, 'uploads/images/6277088853220200705121307CS-T-62.jpg'),
(3042, 'product', 665, 'uploads/images/7568187262920200705122108RB-A-07.jpg'),
(3043, 'product', 665, 'uploads/images/6621860193720200705123508RB-C-07.jpg'),
(3044, 'product', 665, 'uploads/images/1047444870820200705124308RB-S-07.jpg'),
(3045, 'product', 665, 'uploads/images/2735891481720200705125208RB-T-07.jpg'),
(3046, 'product', 667, 'uploads/images/245273404120200705121010RB-A-09.jpg'),
(3047, 'product', 667, 'uploads/images/5323642945920200705122810RB-C-09.jpg'),
(3048, 'product', 667, 'uploads/images/5011514820200705123610RB-S-09.jpg'),
(3049, 'product', 667, 'uploads/images/3302388856220200705124510RB-T-09.jpg'),
(3050, 'product', 668, 'uploads/images/679112273020200705122012RB-A-10.jpg'),
(3051, 'product', 668, 'uploads/images/8365859464220200705123712RB-C-10.jpg'),
(3052, 'product', 668, 'uploads/images/9819922046120200705124512RB-S-10.jpg'),
(3053, 'product', 668, 'uploads/images/3618107913220200705125212RB-T-10.jpg'),
(3054, 'product', 662, 'uploads/images/4906827818420200705122514RB-A-01.jpg'),
(3055, 'product', 662, 'uploads/images/6270726505020200705123614RB-C-01.jpg'),
(3056, 'product', 662, 'uploads/images/9974060112420200705124614RB-S-01.jpg'),
(3057, 'product', 662, 'uploads/images/1615874702220200705125814RB-T-01.jpg'),
(3058, 'product', 669, 'uploads/images/8942581828220200705122016RB-A-12.jpg'),
(3060, 'product', 669, 'uploads/images/5044762442820200705125416RB-C-12.jpg'),
(3061, 'product', 669, 'uploads/images/141251015920200705120417RB-S-12.jpg'),
(3062, 'product', 669, 'uploads/images/3173385907820200705121117RB-T-12.jpg'),
(3063, 'product', 670, 'uploads/images/100954019220200705122618RB-A-13.jpg'),
(3064, 'product', 670, 'uploads/images/6275511230220200705123818RB-C-13.jpg'),
(3065, 'product', 670, 'uploads/images/7631130599720200705124618RB-S-13.jpg'),
(3066, 'product', 670, 'uploads/images/5074153345820200705120019RB-T-13.jpg'),
(3067, 'product', 666, 'uploads/images/9147155789220200705122420RB-A-08.jpg'),
(3068, 'product', 666, 'uploads/images/6395339394920200705124520RB-C-08.jpg'),
(3069, 'product', 666, 'uploads/images/3434701282420200705125220RB-S-08.jpg'),
(3070, 'product', 666, 'uploads/images/6369914030420200705120721RB-T-08.jpg'),
(3071, 'product', 671, 'uploads/images/6704962527120200705121722RB-A-14.jpg'),
(3072, 'product', 671, 'uploads/images/4081426798720200705124622RB-C-14.jpg'),
(3073, 'product', 671, 'uploads/images/4608996881920200705125222RB-S-14.jpg'),
(3074, 'product', 671, 'uploads/images/1285245395820200705120223RB-T-14.jpg'),
(3075, 'product', 709, 'uploads/images/7303538894720200728022845HR-A-08.jpg'),
(3077, 'product', 709, 'uploads/images/2006599510220200728025351HR-C-08.jpg'),
(3078, 'product', 709, 'uploads/images/8272476261920200728022253HR-S-08.jpg'),
(3079, 'product', 709, 'uploads/images/9628254496420200728024653HR-T-08.jpg'),
(3080, 'product', 796, 'uploads/images/2693056053920200802112619PC-A-01A.jpg'),
(3081, 'product', 796, 'uploads/images/1138694306220200802114619PC-C-01A.jpg'),
(3082, 'product', 796, 'uploads/images/3988140048820200802111320PC-S-01A.jpg'),
(3083, 'product', 796, 'uploads/images/7108975923920200802112520PC-T-01A.jpg'),
(3084, 'product', 690, 'uploads/images/5879060702820200802111122CRW-A-01.jpg'),
(3085, 'product', 690, 'uploads/images/4831170705020200802112422CRW-C-01.jpg'),
(3086, 'product', 690, 'uploads/images/9124180794720200802113422CRW-S-01.jpg'),
(3087, 'product', 690, 'uploads/images/9958577779520200802114322CRW-T-01.jpg'),
(3128, 'product', 807, 'uploads/images/CS-A-33.jpg'),
(3129, 'product', 807, 'uploads/images/CS-C-33.jpg'),
(3130, 'product', 807, 'uploads/images/CS-S-33.jpg'),
(3131, 'product', 807, 'uploads/images/CS-T-33.jpg'),
(3132, 'product', 808, 'uploads/images/CS-A-35.jpg'),
(3133, 'product', 808, 'uploads/images/CS-C-35.jpg'),
(3134, 'product', 808, 'uploads/images/CS-S-35.jpg'),
(3135, 'product', 808, 'uploads/images/CS-T-35.jpg'),
(3136, 'product', 809, 'uploads/images/CS-A-38.jpg'),
(3137, 'product', 809, 'uploads/images/CS-C-38.jpg'),
(3138, 'product', 809, 'uploads/images/CS-S-38.jpg'),
(3139, 'product', 809, 'uploads/images/CS-T-38.jpg'),
(3140, 'product', 810, 'uploads/images/CS-A-44.jpg'),
(3141, 'product', 810, 'uploads/images/CS-C-44.jpg'),
(3142, 'product', 810, 'uploads/images/CS-S-44.jpg'),
(3143, 'product', 810, 'uploads/images/CS-T-44.jpg'),
(3144, 'product', 811, 'uploads/images/CS-A-45.jpg'),
(3145, 'product', 811, 'uploads/images/CS-C-45.jpg'),
(3146, 'product', 811, 'uploads/images/CS-S-45.jpg'),
(3147, 'product', 811, 'uploads/images/CS-T-45.jpg'),
(3148, 'product', 812, 'uploads/images/CS-A-47.jpg'),
(3149, 'product', 812, 'uploads/images/CS-C-47.jpg'),
(3150, 'product', 812, 'uploads/images/CS-S-47.jpg'),
(3151, 'product', 812, 'uploads/images/CS-T-47.jpg'),
(3152, 'product', 813, 'uploads/images/CS-A-48.jpg'),
(3153, 'product', 813, 'uploads/images/CS-C-48.jpg'),
(3154, 'product', 813, 'uploads/images/CS-S-48.jpg'),
(3155, 'product', 813, 'uploads/images/CS-T-48.jpg'),
(3156, 'product', 814, 'uploads/images/CS-A-49.jpg'),
(3157, 'product', 814, 'uploads/images/CS-C-49.jpg'),
(3158, 'product', 814, 'uploads/images/CS-S-49.jpg'),
(3159, 'product', 814, 'uploads/images/CS-T-49.jpg'),
(3160, 'product', 815, 'uploads/images/CS-A-50.jpg'),
(3161, 'product', 815, 'uploads/images/CS-C-50.jpg'),
(3162, 'product', 815, 'uploads/images/CS-S-50.jpg'),
(3163, 'product', 815, 'uploads/images/CS-T-50.jpg'),
(3164, 'product', 816, 'uploads/images/CS-A-53.jpg'),
(3165, 'product', 816, 'uploads/images/CS-C-53.jpg'),
(3166, 'product', 816, 'uploads/images/CS-S-53.jpg'),
(3167, 'product', 816, 'uploads/images/CS-T-53.jpg'),
(3168, 'product', 817, 'uploads/images/CS-A-56.jpg'),
(3169, 'product', 817, 'uploads/images/CS-C-56.jpg'),
(3170, 'product', 817, 'uploads/images/CS-S-56.jpg'),
(3171, 'product', 817, 'uploads/images/CS-T-56.jpg'),
(3172, 'product', 818, 'uploads/images/CS-A-58.jpg'),
(3173, 'product', 818, 'uploads/images/CS-C-58.jpg'),
(3174, 'product', 818, 'uploads/images/CS-S-58.jpg'),
(3175, 'product', 818, 'uploads/images/CS-T-58.jpg'),
(3176, 'product', 819, 'uploads/images/CS-A-59.jpg'),
(3177, 'product', 819, 'uploads/images/CS-C-59.jpg'),
(3178, 'product', 819, 'uploads/images/CS-S-59.jpg'),
(3179, 'product', 819, 'uploads/images/CS-T-59.jpg'),
(3180, 'product', 820, 'uploads/images/CS-A-60.jpg'),
(3181, 'product', 820, 'uploads/images/CS-C-60.jpg'),
(3182, 'product', 820, 'uploads/images/CS-S-60.jpg'),
(3183, 'product', 820, 'uploads/images/CS-T-60.jpg'),
(3184, 'product', 821, 'uploads/images/CS-A-62.jpg'),
(3185, 'product', 821, 'uploads/images/CS-C-62.jpg'),
(3186, 'product', 821, 'uploads/images/CS-S-62.jpg'),
(3187, 'product', 821, 'uploads/images/CS-T-62.jpg'),
(3188, 'product', 822, 'uploads/images/CS-A-63.jpg'),
(3189, 'product', 822, 'uploads/images/CS-C-63.jpg'),
(3190, 'product', 822, 'uploads/images/CS-S-63.jpg'),
(3191, 'product', 822, 'uploads/images/CS-T-63.jpg'),
(3192, 'product', 823, 'uploads/images/CS-A-64.jpg'),
(3193, 'product', 823, 'uploads/images/CS-C-64.jpg'),
(3194, 'product', 823, 'uploads/images/CS-S-64.jpg'),
(3195, 'product', 823, 'uploads/images/CS-T-64.jpg'),
(3196, 'product', 824, 'uploads/images/RB-A-01.jpg'),
(3197, 'product', 824, 'uploads/images/RB-C-01.jpg'),
(3198, 'product', 824, 'uploads/images/RB-S-01.jpg'),
(3199, 'product', 824, 'uploads/images/RB-T-01.jpg'),
(3200, 'product', 825, 'uploads/images/RB-A-05.jpg'),
(3201, 'product', 825, 'uploads/images/RB-C-05.jpg'),
(3202, 'product', 825, 'uploads/images/RB-S-05.jpg'),
(3203, 'product', 825, 'uploads/images/RB-T-05.jpg'),
(3204, 'product', 826, 'uploads/images/RB-A-06.jpg'),
(3205, 'product', 826, 'uploads/images/RB-C-06.jpg'),
(3206, 'product', 826, 'uploads/images/RB-S-06.jpg'),
(3207, 'product', 826, 'uploads/images/RB-T-06.jpg'),
(3208, 'product', 827, 'uploads/images/RB-A-07.jpg'),
(3209, 'product', 827, 'uploads/images/RB-C-07.jpg'),
(3210, 'product', 827, 'uploads/images/RB-S-07.jpg'),
(3211, 'product', 827, 'uploads/images/RB-T-07.jpg'),
(3212, 'product', 828, 'uploads/images/RB-A-08.jpg'),
(3213, 'product', 828, 'uploads/images/RB-C-08.jpg'),
(3214, 'product', 828, 'uploads/images/RB-S-08.jpg'),
(3215, 'product', 828, 'uploads/images/RB-T-08.jpg'),
(3216, 'product', 829, 'uploads/images/RB-A-09.jpg'),
(3217, 'product', 829, 'uploads/images/RB-C-09.jpg'),
(3218, 'product', 829, 'uploads/images/RB-S-09.jpg'),
(3219, 'product', 829, 'uploads/images/RB-T-09.jpg'),
(3220, 'product', 830, 'uploads/images/RB-A-10.jpg'),
(3221, 'product', 830, 'uploads/images/RB-C-10.jpg'),
(3222, 'product', 830, 'uploads/images/RB-S-10.jpg'),
(3223, 'product', 830, 'uploads/images/RB-T-10.jpg'),
(3224, 'product', 831, 'uploads/images/RB-A-12.jpg'),
(3225, 'product', 831, 'uploads/images/RB-C-12.jpg'),
(3226, 'product', 831, 'uploads/images/RB-S-12.jpg'),
(3227, 'product', 831, 'uploads/images/RB-T-12.jpg'),
(3228, 'product', 832, 'uploads/images/RB-A-13.jpg'),
(3229, 'product', 832, 'uploads/images/RB-C-13.jpg'),
(3230, 'product', 832, 'uploads/images/RB-S-13.jpg'),
(3231, 'product', 832, 'uploads/images/RB-T-13.jpg'),
(3232, 'product', 833, 'uploads/images/RB-A-14.jpg'),
(3233, 'product', 833, 'uploads/images/RB-C-14.jpg'),
(3234, 'product', 833, 'uploads/images/RB-S-14.jpg'),
(3235, 'product', 833, 'uploads/images/RB-T-14.jpg'),
(3236, 'product', 834, 'uploads/images/ELG-A-02.jpg'),
(3237, 'product', 834, 'uploads/images/ELG-C-02.jpg'),
(3238, 'product', 834, 'uploads/images/ELG-S-02.jpg'),
(3239, 'product', 834, 'uploads/images/ELG-T-02.jpg'),
(3240, 'product', 835, 'uploads/images/ELG-A-04.jpg'),
(3241, 'product', 835, 'uploads/images/ELG-C-04.jpg'),
(3242, 'product', 835, 'uploads/images/ELG-S-04.jpg'),
(3243, 'product', 835, 'uploads/images/ELG-T-04.jpg'),
(3244, 'product', 836, 'uploads/images/ELG-A-05.jpg'),
(3245, 'product', 836, 'uploads/images/ELG-C-05.jpg'),
(3246, 'product', 836, 'uploads/images/ELG-S-05.jpg'),
(3247, 'product', 836, 'uploads/images/ELG-T-05.jpg'),
(3248, 'product', 837, 'uploads/images/ELG-A-06.jpg'),
(3249, 'product', 837, 'uploads/images/ELG-C-06.jpg'),
(3250, 'product', 837, 'uploads/images/ELG-S-06.jpg'),
(3251, 'product', 837, 'uploads/images/ELG-T-06.jpg'),
(3252, 'product', 838, 'uploads/images/ELG-A-07.jpg'),
(3253, 'product', 838, 'uploads/images/ELG-C-07.jpg'),
(3254, 'product', 838, 'uploads/images/ELG-S-07.jpg'),
(3255, 'product', 838, 'uploads/images/ELG-T-07.jpg'),
(3256, 'product', 839, 'uploads/images/ELG-A-12.jpg'),
(3257, 'product', 839, 'uploads/images/ELG-C-12.jpg'),
(3258, 'product', 839, 'uploads/images/ELG-S-12.jpg'),
(3259, 'product', 839, 'uploads/images/ELG-T-12.jpg'),
(3260, 'product', 840, 'uploads/images/ELG-A-15.jpg'),
(3261, 'product', 840, 'uploads/images/ELG-C-15.jpg'),
(3262, 'product', 840, 'uploads/images/ELG-S-15.jpg'),
(3263, 'product', 840, 'uploads/images/ELG-T-15.jpg'),
(3264, 'product', 841, 'uploads/images/ELG-A-19.jpg'),
(3265, 'product', 841, 'uploads/images/ELG-C-19.jpg'),
(3266, 'product', 841, 'uploads/images/ELG-S-19.jpg'),
(3267, 'product', 841, 'uploads/images/ELG-T-19.jpg'),
(3268, 'product', 842, 'uploads/images/ELG-A-20.jpg'),
(3269, 'product', 842, 'uploads/images/ELG-C-20.jpg'),
(3270, 'product', 842, 'uploads/images/ELG-S-20.jpg'),
(3271, 'product', 842, 'uploads/images/ELG-T-20.jpg'),
(3272, 'product', 843, 'uploads/images/ELG-A-23.jpg'),
(3273, 'product', 843, 'uploads/images/ELG-C-23.jpg'),
(3274, 'product', 843, 'uploads/images/ELG-S-23.jpg'),
(3275, 'product', 843, 'uploads/images/ELG-T-23.jpg'),
(3276, 'product', 844, 'uploads/images/ELG-A-24.jpg'),
(3277, 'product', 844, 'uploads/images/ELG-C-24.jpg'),
(3278, 'product', 844, 'uploads/images/ELG-S-24.jpg'),
(3279, 'product', 844, 'uploads/images/ELG-T-24.jpg'),
(3280, 'product', 845, 'uploads/images/ELG-A-25.jpg'),
(3281, 'product', 845, 'uploads/images/ELG-C-25.jpg'),
(3282, 'product', 845, 'uploads/images/ELG-S-25.jpg'),
(3283, 'product', 845, 'uploads/images/ELG-T-25.jpg'),
(3284, 'product', 846, 'uploads/images/ELG-A-37.jpg'),
(3285, 'product', 846, 'uploads/images/ELG-C-37.jpg'),
(3286, 'product', 846, 'uploads/images/ELG-S-37.jpg'),
(3287, 'product', 846, 'uploads/images/ELG-T-37.jpg'),
(3288, 'product', 847, 'uploads/images/ELG-A-41.jpg'),
(3289, 'product', 847, 'uploads/images/ELG-C-41.jpg'),
(3290, 'product', 847, 'uploads/images/ELG-S-41.jpg'),
(3291, 'product', 847, 'uploads/images/ELG-T-41.jpg'),
(3292, 'product', 848, 'uploads/images/ELG-A-42.jpg'),
(3293, 'product', 848, 'uploads/images/ELG-C-42.jpg'),
(3294, 'product', 848, 'uploads/images/ELG-S-42.jpg'),
(3295, 'product', 848, 'uploads/images/ELG-T-42.jpg'),
(3296, 'product', 849, 'uploads/images/ELG-A-43.jpg'),
(3297, 'product', 849, 'uploads/images/ELG-C-43.jpg'),
(3298, 'product', 849, 'uploads/images/ELG-S-43.jpg'),
(3299, 'product', 849, 'uploads/images/ELG-T-43.jpg'),
(3300, 'product', 850, 'uploads/images/ELG-A-44.jpg'),
(3301, 'product', 850, 'uploads/images/ELG-C-44.jpg'),
(3302, 'product', 850, 'uploads/images/ELG-S-44.jpg'),
(3303, 'product', 850, 'uploads/images/ELG-T-44.jpg'),
(3304, 'product', 851, 'uploads/images/ELG-A-45.jpg'),
(3305, 'product', 851, 'uploads/images/ELG-C-45.jpg'),
(3306, 'product', 851, 'uploads/images/ELG-S-45.jpg'),
(3307, 'product', 851, 'uploads/images/ELG-T-45.jpg'),
(3308, 'product', 852, 'uploads/images/SFS-A-01.jpg'),
(3309, 'product', 852, 'uploads/images/SFS-C-01.jpg'),
(3310, 'product', 852, 'uploads/images/SFS-S-01.jpg'),
(3311, 'product', 852, 'uploads/images/SFS-T-01.jpg'),
(3312, 'product', 853, 'uploads/images/SFS-A-02.jpg'),
(3313, 'product', 853, 'uploads/images/SFS-C-02.jpg'),
(3314, 'product', 853, 'uploads/images/SFS-S-02.jpg'),
(3315, 'product', 853, 'uploads/images/SFS-T-02.jpg'),
(3316, 'product', 854, 'uploads/images/SFS-A-03.jpg'),
(3317, 'product', 854, 'uploads/images/SFS-C-03.jpg'),
(3318, 'product', 854, 'uploads/images/SFS-S-03.jpg'),
(3319, 'product', 854, 'uploads/images/SFS-T-03.jpg'),
(3320, 'product', 855, 'uploads/images/SFS-A-04.jpg'),
(3321, 'product', 855, 'uploads/images/SFS-C-04.jpg'),
(3322, 'product', 855, 'uploads/images/SFS-S-04.jpg'),
(3323, 'product', 855, 'uploads/images/SFS-T-04.jpg'),
(3324, 'product', 856, 'uploads/images/SFS-A-05.jpg'),
(3325, 'product', 856, 'uploads/images/SFS-C-05.jpg'),
(3326, 'product', 856, 'uploads/images/SFS-S-05.jpg'),
(3327, 'product', 856, 'uploads/images/SFS-T-05.jpg'),
(3328, 'product', 857, 'uploads/images/SFS-A-06.jpg'),
(3329, 'product', 857, 'uploads/images/SFS-C-06.jpg'),
(3330, 'product', 857, 'uploads/images/SFS-S-06.jpg'),
(3331, 'product', 857, 'uploads/images/SFS-T-06.jpg'),
(3332, 'product', 858, 'uploads/images/SFS-A-07.jpg'),
(3333, 'product', 858, 'uploads/images/SFS-C-07.jpg'),
(3334, 'product', 858, 'uploads/images/SFS-S-07.jpg'),
(3335, 'product', 858, 'uploads/images/SFS-T-07.jpg'),
(3336, 'product', 859, 'uploads/images/SFS-A-08.jpg'),
(3337, 'product', 859, 'uploads/images/SFS-C-08.jpg'),
(3338, 'product', 859, 'uploads/images/SFS-S-08.jpg'),
(3339, 'product', 859, 'uploads/images/SFS-T-08.jpg'),
(3340, 'product', 860, 'uploads/images/SFS-A-09.jpg'),
(3341, 'product', 860, 'uploads/images/SFS-C-09.jpg'),
(3342, 'product', 860, 'uploads/images/SFS-S-09.jpg'),
(3343, 'product', 860, 'uploads/images/SFS-T-09.jpg'),
(3344, 'product', 861, 'uploads/images/SFS-A-10.jpg'),
(3345, 'product', 861, 'uploads/images/SFS-C-10.jpg'),
(3346, 'product', 861, 'uploads/images/SFS-S-10.jpg'),
(3347, 'product', 861, 'uploads/images/SFS-T-10.jpg'),
(3348, 'product', 862, 'uploads/images/SFS-A-11.jpg'),
(3349, 'product', 862, 'uploads/images/SFS-C-11.jpg'),
(3350, 'product', 862, 'uploads/images/SFS-S-11.jpg'),
(3351, 'product', 862, 'uploads/images/SFS-T-11.jpg'),
(3352, 'product', 863, 'uploads/images/SFS-A-12.jpg'),
(3353, 'product', 863, 'uploads/images/SFS-C-12.jpg'),
(3354, 'product', 863, 'uploads/images/SFS-S-12.jpg'),
(3355, 'product', 863, 'uploads/images/SFS-T-12.jpg'),
(3356, 'product', 864, 'uploads/images/CRW-A-01.jpg'),
(3357, 'product', 864, 'uploads/images/CRW-C-01.jpg'),
(3358, 'product', 864, 'uploads/images/CRW-S-01.jpg'),
(3359, 'product', 864, 'uploads/images/CRW-T-01.jpg'),
(3360, 'product', 865, 'uploads/images/CRW-A-04.jpg'),
(3361, 'product', 865, 'uploads/images/CRW-C-04.jpg'),
(3362, 'product', 865, 'uploads/images/CRW-S-04.jpg'),
(3363, 'product', 865, 'uploads/images/CRW-T-04.jpg'),
(3364, 'product', 866, 'uploads/images/CRW-A-13.jpg'),
(3365, 'product', 866, 'uploads/images/CRW-C-13.jpg'),
(3366, 'product', 866, 'uploads/images/CRW-S-13.jpg'),
(3367, 'product', 866, 'uploads/images/CRW-T-13.jpg'),
(3368, 'product', 867, 'uploads/images/CRW-A-18.jpg'),
(3369, 'product', 867, 'uploads/images/CRW-C-18.jpg'),
(3370, 'product', 867, 'uploads/images/CRW-S-18.jpg'),
(3371, 'product', 867, 'uploads/images/CRW-T-18.jpg'),
(3372, 'product', 868, 'uploads/images/CRW-A-26.jpg'),
(3373, 'product', 868, 'uploads/images/CRW-C-26.jpg'),
(3374, 'product', 868, 'uploads/images/CRW-S-26.jpg'),
(3375, 'product', 868, 'uploads/images/CRW-T-26.jpg'),
(3376, 'product', 869, 'uploads/images/CRW-A-27.jpg'),
(3377, 'product', 869, 'uploads/images/CRW-C-27.jpg'),
(3378, 'product', 869, 'uploads/images/CRW-S-27.jpg'),
(3379, 'product', 869, 'uploads/images/CRW-T-27.jpg'),
(3380, 'product', 870, 'uploads/images/CRW-A-29.jpg'),
(3381, 'product', 870, 'uploads/images/CRW-C-29.jpg'),
(3382, 'product', 870, 'uploads/images/CRW-S-29.jpg'),
(3383, 'product', 870, 'uploads/images/CRW-T-29.jpg'),
(3384, 'product', 871, 'uploads/images/CRW-A-30.jpg'),
(3385, 'product', 871, 'uploads/images/CRW-C-30.jpg'),
(3386, 'product', 871, 'uploads/images/CRW-S-30.jpg'),
(3387, 'product', 871, 'uploads/images/CRW-T-30.jpg'),
(3388, 'product', 872, 'uploads/images/CRW-A-32.jpg'),
(3389, 'product', 872, 'uploads/images/CRW-C-32.jpg'),
(3390, 'product', 872, 'uploads/images/CRW-S-32.jpg'),
(3391, 'product', 872, 'uploads/images/CRW-T-32.jpg'),
(3392, 'product', 873, 'uploads/images/CRW-A-33.jpg'),
(3393, 'product', 873, 'uploads/images/CRW-C-33.jpg'),
(3394, 'product', 873, 'uploads/images/CRW-S-33.jpg'),
(3395, 'product', 873, 'uploads/images/CRW-T-33.jpg'),
(3396, 'product', 874, 'uploads/images/CRB-A-02.jpg'),
(3397, 'product', 874, 'uploads/images/CRB-C-02.jpg'),
(3398, 'product', 874, 'uploads/images/CRB-S-02.jpg'),
(3399, 'product', 874, 'uploads/images/CRB-T-02.jpg'),
(3400, 'product', 875, 'uploads/images/CRB-A-03.jpg'),
(3401, 'product', 875, 'uploads/images/CRB-C-03.jpg'),
(3402, 'product', 875, 'uploads/images/CRB-S-03.jpg'),
(3403, 'product', 875, 'uploads/images/CRB-T-03.jpg'),
(3404, 'product', 876, 'uploads/images/CRB-A-05.jpg'),
(3405, 'product', 876, 'uploads/images/CRB-C-05.jpg'),
(3406, 'product', 876, 'uploads/images/CRB-S-05.jpg'),
(3407, 'product', 876, 'uploads/images/CRB-T-05.jpg'),
(3408, 'product', 877, 'uploads/images/CRB-A-06.jpg'),
(3409, 'product', 877, 'uploads/images/CRB-C-06.jpg'),
(3410, 'product', 877, 'uploads/images/CRB-S-06.jpg'),
(3411, 'product', 877, 'uploads/images/CRB-T-06.jpg'),
(3412, 'product', 878, 'uploads/images/CRB-A-07.jpg'),
(3413, 'product', 878, 'uploads/images/CRB-C-07.jpg'),
(3414, 'product', 878, 'uploads/images/CRB-S-07.jpg'),
(3415, 'product', 878, 'uploads/images/CRB-T-07.jpg'),
(3416, 'product', 879, 'uploads/images/CRB-A-10.jpg'),
(3417, 'product', 879, 'uploads/images/CRB-C-10.jpg'),
(3418, 'product', 879, 'uploads/images/CRB-S-10.jpg'),
(3419, 'product', 879, 'uploads/images/CRB-T-10.jpg'),
(3420, 'product', 880, 'uploads/images/CRB-A-10.jpg'),
(3421, 'product', 880, 'uploads/images/CRB-C-10.jpg'),
(3422, 'product', 880, 'uploads/images/CRB-S-10.jpg'),
(3423, 'product', 880, 'uploads/images/CRB-T-10.jpg'),
(3424, 'product', 881, 'uploads/images/CRB-A-24.jpg'),
(3425, 'product', 881, 'uploads/images/CRB-C-24.jpg'),
(3426, 'product', 881, 'uploads/images/CRB-S-24.jpg'),
(3427, 'product', 881, 'uploads/images/CRB-T-24.jpg'),
(3428, 'product', 882, 'uploads/images/CRB-A-26.jpg');
INSERT INTO `site_images` (`SiteImageID`, `ImageType`, `FileID`, `ImageName`) VALUES
(3429, 'product', 882, 'uploads/images/CRB-C-26.jpg'),
(3430, 'product', 882, 'uploads/images/CRB-S-26.jpg'),
(3431, 'product', 882, 'uploads/images/CRB-T-26.jpg'),
(3432, 'product', 883, 'uploads/images/CRB-A-27.jpg'),
(3433, 'product', 883, 'uploads/images/CRB-C-27.jpg'),
(3434, 'product', 883, 'uploads/images/CRB-S-27.jpg'),
(3435, 'product', 883, 'uploads/images/CRB-T-27.jpg'),
(3436, 'product', 884, 'uploads/images/PC-A-01A.jpg'),
(3437, 'product', 884, 'uploads/images/PC-C-01A.jpg'),
(3438, 'product', 884, 'uploads/images/PC-S-01A.jpg'),
(3439, 'product', 884, 'uploads/images/PC-T-01A.jpg'),
(3440, 'product', 885, 'uploads/images/PC-A-01B.jpg'),
(3441, 'product', 885, 'uploads/images/PC-C-01B.jpg'),
(3442, 'product', 885, 'uploads/images/PC-S-01B.jpg'),
(3443, 'product', 885, 'uploads/images/PC-T-01B.jpg'),
(3444, 'product', 886, 'uploads/images/PC-A-01C.jpg'),
(3445, 'product', 886, 'uploads/images/PC-C-01C.jpg'),
(3446, 'product', 886, 'uploads/images/PC-S-01C.jpg'),
(3447, 'product', 886, 'uploads/images/PC-T-01C.jpg'),
(3448, 'product', 887, 'uploads/images/PC-A-02A.jpg'),
(3449, 'product', 887, 'uploads/images/PC-C-02A.jpg'),
(3450, 'product', 887, 'uploads/images/PC-S-02A.jpg'),
(3451, 'product', 887, 'uploads/images/PC-T-02A.jpg'),
(3452, 'product', 888, 'uploads/images/PC-A-02B.jpg'),
(3453, 'product', 888, 'uploads/images/PC-C-02B.jpg'),
(3454, 'product', 888, 'uploads/images/PC-S-02B.jpg'),
(3455, 'product', 888, 'uploads/images/PC-T-02B.jpg'),
(3456, 'product', 889, 'uploads/images/PC-A-02C.jpg'),
(3457, 'product', 889, 'uploads/images/PC-C-02C.jpg'),
(3458, 'product', 889, 'uploads/images/PC-S-02C.jpg'),
(3459, 'product', 889, 'uploads/images/PC-T-02C.jpg'),
(3460, 'product', 890, 'uploads/images/PC-A-03A.jpg'),
(3461, 'product', 890, 'uploads/images/PC-C-03A.jpg'),
(3462, 'product', 890, 'uploads/images/PC-S-03A.jpg'),
(3463, 'product', 890, 'uploads/images/PC-T-03A.jpg'),
(3464, 'product', 891, 'uploads/images/PC-A-03B.jpg'),
(3465, 'product', 891, 'uploads/images/PC-C-03B.jpg'),
(3466, 'product', 891, 'uploads/images/PC-S-03B.jpg'),
(3467, 'product', 891, 'uploads/images/PC-T-03B.jpg'),
(3468, 'product', 892, 'uploads/images/PC-A-03C.jpg'),
(3469, 'product', 892, 'uploads/images/PC-C-03C.jpg'),
(3470, 'product', 892, 'uploads/images/PC-S-03C.jpg'),
(3471, 'product', 892, 'uploads/images/PC-T-03C.jpg'),
(3472, 'product', 893, 'uploads/images/PC-A-04A.jpg'),
(3473, 'product', 893, 'uploads/images/PC-C-04A.jpg'),
(3474, 'product', 893, 'uploads/images/PC-S-04A.jpg'),
(3475, 'product', 893, 'uploads/images/PC-T-04A.jpg'),
(3476, 'product', 894, 'uploads/images/PC-A-04B.jpg'),
(3477, 'product', 894, 'uploads/images/PC-C-04B.jpg'),
(3478, 'product', 894, 'uploads/images/PC-S-04B.jpg'),
(3479, 'product', 894, 'uploads/images/PC-T-04B.jpg'),
(3480, 'product', 895, 'uploads/images/PC-A-04C.jpg'),
(3481, 'product', 895, 'uploads/images/PC-C-04C.jpg'),
(3482, 'product', 895, 'uploads/images/PC-S-04C.jpg'),
(3483, 'product', 895, 'uploads/images/PC-T-04C.jpg'),
(3484, 'product', 896, 'uploads/images/PC-A-05A.jpg'),
(3485, 'product', 896, 'uploads/images/PC-C-05A.jpg'),
(3486, 'product', 896, 'uploads/images/PC-S-05A.jpg'),
(3487, 'product', 896, 'uploads/images/PC-T-05A.jpg'),
(3488, 'product', 897, 'uploads/images/PC-A-05B.jpg'),
(3489, 'product', 897, 'uploads/images/PC-C-05B.jpg'),
(3490, 'product', 897, 'uploads/images/PC-S-05B.jpg'),
(3491, 'product', 897, 'uploads/images/PC-T-05B.jpg'),
(3492, 'product', 898, 'uploads/images/PC-A-05C.jpg'),
(3493, 'product', 898, 'uploads/images/PC-C-05C.jpg'),
(3494, 'product', 898, 'uploads/images/PC-S-05C.jpg'),
(3495, 'product', 898, 'uploads/images/PC-T-05C.jpg'),
(3496, 'product', 899, 'uploads/images/PC-A-06A.jpg'),
(3497, 'product', 899, 'uploads/images/PC-C-06A.jpg'),
(3498, 'product', 899, 'uploads/images/PC-S-06A.jpg'),
(3499, 'product', 899, 'uploads/images/PC-T-06A.jpg'),
(3500, 'product', 900, 'uploads/images/PC-A-06B.jpg'),
(3501, 'product', 900, 'uploads/images/PC-C-06B.jpg'),
(3502, 'product', 900, 'uploads/images/PC-S-06B.jpg'),
(3503, 'product', 900, 'uploads/images/PC-T-06B.jpg'),
(3504, 'product', 901, 'uploads/images/PC-A-06C.jpg'),
(3505, 'product', 901, 'uploads/images/PC-C-06C.jpg'),
(3506, 'product', 901, 'uploads/images/PC-S-06C.jpg'),
(3507, 'product', 901, 'uploads/images/PC-T-06C.jpg'),
(3508, 'product', 902, 'uploads/images/PC-A-07A.jpg'),
(3509, 'product', 902, 'uploads/images/PC-C-07A.jpg'),
(3510, 'product', 902, 'uploads/images/PC-S-07A.jpg'),
(3511, 'product', 902, 'uploads/images/PC-T-07A.jpg'),
(3512, 'product', 903, 'uploads/images/PC-A-07B.jpg'),
(3513, 'product', 903, 'uploads/images/PC-C-07B.jpg'),
(3514, 'product', 903, 'uploads/images/PC-S-07B.jpg'),
(3515, 'product', 903, 'uploads/images/PC-T-07B.jpg'),
(3516, 'product', 904, 'uploads/images/PC-A-07C.jpg'),
(3517, 'product', 904, 'uploads/images/PC-C-07C.jpg'),
(3518, 'product', 904, 'uploads/images/PC-S-07C.jpg'),
(3519, 'product', 904, 'uploads/images/PC-T-07C.jpg'),
(3520, 'product', 905, 'uploads/images/PC-A-08A.jpg'),
(3521, 'product', 905, 'uploads/images/PC-C-08A.jpg'),
(3522, 'product', 905, 'uploads/images/PC-S-08A.jpg'),
(3523, 'product', 905, 'uploads/images/PC-T-08A.jpg'),
(3524, 'product', 906, 'uploads/images/PC-A-08B.jpg'),
(3525, 'product', 906, 'uploads/images/PC-C-08B.jpg'),
(3526, 'product', 906, 'uploads/images/PC-S-08B.jpg'),
(3527, 'product', 906, 'uploads/images/PC-T-08B.jpg'),
(3528, 'product', 907, 'uploads/images/PC-A-08C.jpg'),
(3529, 'product', 907, 'uploads/images/PC-C-08C.jpg'),
(3530, 'product', 907, 'uploads/images/PC-S-08C.jpg'),
(3531, 'product', 907, 'uploads/images/PC-T-08C.jpg'),
(3532, 'product', 908, 'uploads/images/HR-A-01.jpg'),
(3533, 'product', 908, 'uploads/images/HR-C-01.jpg'),
(3534, 'product', 908, 'uploads/images/HR-S-01.jpg'),
(3535, 'product', 908, 'uploads/images/HR-T-01.jpg'),
(3536, 'product', 909, 'uploads/images/HR-A-02.jpg'),
(3537, 'product', 909, 'uploads/images/HR-C-02.jpg'),
(3538, 'product', 909, 'uploads/images/HR-S-02.jpg'),
(3539, 'product', 909, 'uploads/images/HR-T-02.jpg'),
(3540, 'product', 910, 'uploads/images/HR-A-03.jpg'),
(3541, 'product', 910, 'uploads/images/HR-C-03.jpg'),
(3542, 'product', 910, 'uploads/images/HR-S-03.jpg'),
(3543, 'product', 910, 'uploads/images/HR-T-03.jpg'),
(3544, 'product', 911, 'uploads/images/HR-A-04.jpg'),
(3545, 'product', 911, 'uploads/images/HR-C-04.jpg'),
(3546, 'product', 911, 'uploads/images/HR-S-04.jpg'),
(3547, 'product', 911, 'uploads/images/HR-T-04.jpg'),
(3548, 'product', 912, 'uploads/images/HR-A-05.jpg'),
(3549, 'product', 912, 'uploads/images/HR-C-05.jpg'),
(3550, 'product', 912, 'uploads/images/HR-S-05.jpg'),
(3551, 'product', 912, 'uploads/images/HR-T-05.jpg'),
(3552, 'product', 913, 'uploads/images/HR-A-06.jpg'),
(3553, 'product', 913, 'uploads/images/HR-C-06.jpg'),
(3554, 'product', 913, 'uploads/images/HR-S-06.jpg'),
(3555, 'product', 913, 'uploads/images/HR-T-06.jpg'),
(3556, 'product', 914, 'uploads/images/HR-A-07.jpg'),
(3557, 'product', 914, 'uploads/images/HR-C-07.jpg'),
(3558, 'product', 914, 'uploads/images/HR-S-07.jpg'),
(3559, 'product', 914, 'uploads/images/HR-T-07.jpg'),
(3560, 'product', 915, 'uploads/images/HR-A-08.jpg'),
(3561, 'product', 915, 'uploads/images/HR-C-08.jpg'),
(3562, 'product', 915, 'uploads/images/HR-S-08.jpg'),
(3563, 'product', 915, 'uploads/images/HR-T-08.jpg'),
(3564, 'product', 916, 'uploads/images/HR-A-09.jpg'),
(3565, 'product', 916, 'uploads/images/HR-C-09.jpg'),
(3566, 'product', 916, 'uploads/images/HR-S-09.jpg'),
(3567, 'product', 916, 'uploads/images/HR-T-09.jpg'),
(3568, 'product', 917, 'uploads/images/HR-A-10.jpg'),
(3569, 'product', 917, 'uploads/images/HR-C-10.jpg'),
(3570, 'product', 917, 'uploads/images/HR-S-10.jpg'),
(3571, 'product', 917, 'uploads/images/HR-T-10.jpg'),
(3572, 'product', 918, 'uploads/images/DC-A-01.jpg'),
(3573, 'product', 918, 'uploads/images/DC-C-01.jpg'),
(3574, 'product', 918, 'uploads/images/DC-S-01.jpg'),
(3575, 'product', 918, 'uploads/images/DC-T-01.jpg'),
(3576, 'product', 919, 'uploads/images/DC-A-02.jpg'),
(3577, 'product', 919, 'uploads/images/DC-C-02.jpg'),
(3578, 'product', 919, 'uploads/images/DC-S-02.jpg'),
(3579, 'product', 919, 'uploads/images/DC-T-02.jpg'),
(3580, 'product', 920, 'uploads/images/DC-A-03.jpg'),
(3581, 'product', 920, 'uploads/images/DC-C-03.jpg'),
(3582, 'product', 920, 'uploads/images/DC-S-03.jpg'),
(3583, 'product', 920, 'uploads/images/DC-T-03.jpg'),
(3584, 'product', 921, 'uploads/images/DC-A-04.jpg'),
(3585, 'product', 921, 'uploads/images/DC-C-04.jpg'),
(3586, 'product', 921, 'uploads/images/DC-S-04.jpg'),
(3587, 'product', 921, 'uploads/images/DC-T-04.jpg'),
(3588, 'product', 922, 'uploads/images/DC-A-05.jpg'),
(3589, 'product', 922, 'uploads/images/DC-C-05.jpg'),
(3590, 'product', 922, 'uploads/images/DC-S-05.jpg'),
(3591, 'product', 922, 'uploads/images/DC-T-05.jpg'),
(3592, 'product', 923, 'uploads/images/DC-A-06.jpg'),
(3593, 'product', 923, 'uploads/images/DC-C-06.jpg'),
(3594, 'product', 923, 'uploads/images/DC-S-06.jpg'),
(3595, 'product', 923, 'uploads/images/DC-T-06.jpg'),
(3596, 'product', 924, 'uploads/images/DC-A-07.jpg'),
(3597, 'product', 924, 'uploads/images/DC-C-07.jpg'),
(3598, 'product', 924, 'uploads/images/DC-S-07.jpg'),
(3599, 'product', 924, 'uploads/images/DC-T-07.jpg'),
(3600, 'product', 925, 'uploads/images/DC-A-08.jpg'),
(3601, 'product', 925, 'uploads/images/DC-C-08.jpg'),
(3602, 'product', 925, 'uploads/images/DC-S-08.jpg'),
(3603, 'product', 925, 'uploads/images/DC-T-08.jpg'),
(3604, 'product', 926, 'uploads/images/DC-A-09.jpg'),
(3605, 'product', 926, 'uploads/images/DC-C-09.jpg'),
(3606, 'product', 926, 'uploads/images/DC-S-09.jpg'),
(3607, 'product', 926, 'uploads/images/DC-T-09.jpg'),
(3608, 'product', 927, 'uploads/images/DC-A-10.jpg'),
(3609, 'product', 927, 'uploads/images/DC-C-10.jpg'),
(3610, 'product', 927, 'uploads/images/DC-S-10.jpg'),
(3611, 'product', 927, 'uploads/images/DC-T-10.jpg'),
(3612, 'product', 928, 'uploads/images/DC-A-11.jpg'),
(3613, 'product', 928, 'uploads/images/DC-C-11.jpg'),
(3614, 'product', 928, 'uploads/images/DC-S-11.jpg'),
(3615, 'product', 928, 'uploads/images/DC-T-11.jpg'),
(3616, 'product', 929, 'uploads/images/DC-A-12.jpg'),
(3617, 'product', 929, 'uploads/images/DC-C-12.jpg'),
(3618, 'product', 929, 'uploads/images/DC-S-12.jpg'),
(3619, 'product', 929, 'uploads/images/DC-T-12.jpg'),
(3620, 'product', 930, 'uploads/images/BX-A-08.jpg'),
(3621, 'product', 930, 'uploads/images/BX-C-08.jpg'),
(3622, 'product', 930, 'uploads/images/BX-T-08.jpg'),
(3623, 'product', 931, 'uploads/images/BX-A-62.jpg'),
(3624, 'product', 931, 'uploads/images/BX-C-62.jpg'),
(3625, 'product', 931, 'uploads/images/BX-T-62.jpg'),
(3626, 'product', 932, 'uploads/images/BX-A-141B.jpg'),
(3627, 'product', 932, 'uploads/images/BX-C-141B.jpg'),
(3628, 'product', 932, 'uploads/images/BX-T-141B.jpg'),
(3629, 'product', 933, 'uploads/images/BX-A-141G.jpg'),
(3630, 'product', 933, 'uploads/images/BX-C-141G.jpg'),
(3631, 'product', 933, 'uploads/images/BX-T-141G.jpg'),
(3632, 'product', 934, 'uploads/images/BX-A-141O.jpg'),
(3633, 'product', 934, 'uploads/images/BX-C-141O.jpg'),
(3634, 'product', 934, 'uploads/images/BX-T-141O.jpg'),
(3635, 'product', 935, 'uploads/images/BX-A-141P.jpg'),
(3636, 'product', 935, 'uploads/images/BX-C-141P.jpg'),
(3637, 'product', 935, 'uploads/images/BX-T-141P.jpg'),
(3638, 'product', 936, 'uploads/images/BX-A-141Y.jpg'),
(3639, 'product', 936, 'uploads/images/BX-C-141Y.jpg'),
(3640, 'product', 936, 'uploads/images/BX-T-141Y.jpg'),
(3641, 'product', 937, 'uploads/images/BX-A-65.jpg'),
(3642, 'product', 937, 'uploads/images/BX-S-65.jpg'),
(3643, 'product', 937, 'uploads/images/BX-T-65.jpg'),
(3644, 'product', 938, 'uploads/images/BX-A-79.jpg'),
(3645, 'product', 938, 'uploads/images/BX-S-79.jpg'),
(3646, 'product', 938, 'uploads/images/BX-T-79.jpg'),
(3647, 'product', 939, 'uploads/images/BX-A-99.jpg'),
(3648, 'product', 939, 'uploads/images/BX-S-99.jpg'),
(3649, 'product', 939, 'uploads/images/BX-T-99.jpg'),
(3650, 'product', 940, 'uploads/images/BX-A-102.jpg'),
(3651, 'product', 940, 'uploads/images/BX-S-102.jpg'),
(3652, 'product', 940, 'uploads/images/BX-T-102.jpg'),
(3653, 'product', 941, 'uploads/images/BX-A-126.jpg'),
(3654, 'product', 941, 'uploads/images/BX-C-126.jpg'),
(3655, 'product', 941, 'uploads/images/BX-S-126.jpg'),
(3656, 'product', 941, 'uploads/images/BX-T-126.jpg'),
(3657, 'product', 942, 'uploads/images/BX-A-129.jpg'),
(3658, 'product', 942, 'uploads/images/BX-S-129.jpg'),
(3659, 'product', 942, 'uploads/images/BX-T-129.jpg'),
(3660, 'product', 943, 'uploads/images/BX-A-130.jpg'),
(3661, 'product', 943, 'uploads/images/BX-S-130.jpg'),
(3662, 'product', 943, 'uploads/images/BX-T-130.jpg'),
(3663, 'product', 944, 'uploads/images/BX-A-82.jpg'),
(3664, 'product', 944, 'uploads/images/BX-C-82.jpg'),
(3665, 'product', 944, 'uploads/images/BX-T-82.jpg'),
(3666, 'product', 945, 'uploads/images/BX-A-42.jpg'),
(3667, 'product', 945, 'uploads/images/BX-S-42.jpg'),
(3668, 'product', 945, 'uploads/images/BX-T-42.jpg'),
(3669, 'product', 946, 'uploads/images/BX-A-47P.jpg'),
(3670, 'product', 946, 'uploads/images/BX-C-47P.jpg'),
(3671, 'product', 946, 'uploads/images/BX-T-47P.jpg'),
(3672, 'product', 947, 'uploads/images/BX-A-47B.jpg'),
(3673, 'product', 947, 'uploads/images/BX-C-47B.jpg'),
(3674, 'product', 947, 'uploads/images/BX-T-47B.jpg'),
(3675, 'product', 948, 'uploads/images/BX-A-76.jpg'),
(3676, 'product', 948, 'uploads/images/BX-S-76.jpg'),
(3677, 'product', 948, 'uploads/images/BX-T-76.jpg'),
(3678, 'product', 949, 'uploads/images/BX-A-97.jpg'),
(3679, 'product', 949, 'uploads/images/BX-C-97.jpg'),
(3680, 'product', 949, 'uploads/images/BX-T-97.jpg'),
(3681, 'product', 950, 'uploads/images/BX-A-118.jpg'),
(3682, 'product', 950, 'uploads/images/BX-C-118.jpg'),
(3683, 'product', 950, 'uploads/images/BX-T-118.jpg'),
(3684, 'product', 951, 'uploads/images/BX-A-15.jpg'),
(3685, 'product', 951, 'uploads/images/BX-C-15.jpg'),
(3686, 'product', 951, 'uploads/images/BX-T-15.jpg'),
(3687, 'product', 952, 'uploads/images/BX-A-30B.jpg'),
(3688, 'product', 952, 'uploads/images/BX-C-30B.jpg'),
(3689, 'product', 952, 'uploads/images/BX-T-30B.jpg'),
(3690, 'product', 953, 'uploads/images/BX-A-30P.jpg'),
(3691, 'product', 953, 'uploads/images/BX-C-30P.jpg'),
(3692, 'product', 953, 'uploads/images/BX-T-30P.jpg'),
(3693, 'product', 954, 'uploads/images/BX-A-30G.jpg'),
(3694, 'product', 954, 'uploads/images/BX-C-30G.jpg'),
(3695, 'product', 954, 'uploads/images/BX-T-30G.jpg'),
(3696, 'product', 955, 'uploads/images/BX-A-131.jpg'),
(3697, 'product', 955, 'uploads/images/BX-C-131.jpg'),
(3698, 'product', 955, 'uploads/images/BX-T-131.jpg'),
(3721, 'product', 959, 'uploads/images/9007293462320201004124751PC-A-09.png'),
(3722, 'product', 959, 'uploads/images/6833365694620201004124052PC-T-09.png'),
(3724, 'product', 958, 'uploads/images/2717962690420201004025240CS-A-68.jpg.png'),
(3725, 'product', 958, 'uploads/images/3086841015320201004020941CS-T-68.png'),
(3726, 'product', 956, 'uploads/images/5112419887220201004021050SFS-A-13.png'),
(3727, 'product', 956, 'uploads/images/153299665220201004022450SFS-T-13.png'),
(3728, 'product', 957, 'uploads/images/9043191725120201004031309DC-A-13.png'),
(3729, 'product', 957, 'uploads/images/7813509520820201004033009DC-T-13.png'),
(3730, 'product', 960, 'uploads/images/164028155620201004032244CRW-A-34.png'),
(3731, 'product', 960, 'uploads/images/3528927815820201004033244CRW-T-34.png'),
(3732, 'product', 961, 'uploads/images/180279691020201004042112CRB-A-29.png'),
(3733, 'product', 961, 'uploads/images/1847426733220201004043112CRB-T-29.png'),
(3736, 'product', 962, 'uploads/images/9039700201820201004043638RB-A-16.png'),
(3737, 'product', 962, 'uploads/images/4046985641220201004045138RB-T-16.png'),
(3738, 'product', 963, 'uploads/images/497258324420201006101533HR-A-11.jpg'),
(3739, 'product', 963, 'uploads/images/2289540979820201006102633HR-T-11.jpg'),
(3745, 'product', 964, 'uploads/images/6941638321920201008123311ELG-A-48.jpg.png'),
(3746, 'product', 964, 'uploads/images/2783285528220201008124811ELG-T-48.jpg.png'),
(3747, 'product', 965, 'uploads/images/56095182533202010260114561.jpeg'),
(3748, 'content_type_sub_image', 2, 'uploads/content_type_sub/3809846162120210129034409download.jpeg'),
(3749, 'content_type_sub_image', 4, 'uploads/content_type_sub/9113013255320210201122804almond.jpg'),
(3750, 'content_type_sub_image', 5, 'uploads/content_type_sub/7530438699620210201124004almond.jpg'),
(3751, 'content_type_sub_image', 6, 'uploads/content_type_sub/1662876448520210201123905almond.jpg'),
(3752, 'content_type_sub_image', 7, 'uploads/content_type_sub/9596793953320210201120818almond.jpg'),
(3753, 'content_type_sub_image', 7, 'uploads/content_type_sub/2181994672120210201120818box-18.png'),
(3754, 'content_type_sub_image', 7, 'uploads/content_type_sub/2699281619320210201120818red.png'),
(3755, 'content_type_sub_image', 8, 'uploads/content_type_sub/7570003258720210201122522almond.jpg'),
(3756, 'content_type_sub_image', 8, 'uploads/content_type_sub/256341530420210201122522box-18.png'),
(3757, 'content_type_sub_image', 8, 'uploads/content_type_sub/3583468874020210201122522red.png'),
(3758, 'content_type_sub_image', 9, 'uploads/content_type_sub/8722761887320210201125639almond.jpg'),
(3759, 'content_type_sub_image', 9, 'uploads/content_type_sub/3431076438020210201125639box-18.png'),
(3760, 'content_type_sub_image', 9, 'uploads/content_type_sub/2346336622320210201125639red.png'),
(3761, 'content_type_sub_image', 10, 'uploads/content_type_sub/6235580066120210201121040almond.jpg'),
(3762, 'content_type_sub_image', 10, 'uploads/content_type_sub/3299619146020210201121040box-18.png'),
(3763, 'content_type_sub_image', 10, 'uploads/content_type_sub/1465545128820210201121040red.png'),
(3764, 'content_type_sub_image', 11, 'uploads/content_type_sub/1468794919520210201123342almond.jpg'),
(3765, 'content_type_sub_image', 11, 'uploads/content_type_sub/1758086346720210201123342box-18.png'),
(3773, 'choco_box_printable_upload_image', 0, 'uploads/content_type_sub/2420522176120210211044024download.jpeg'),
(3777, 'content_type_sub_image', 18, 'uploads/content_type_sub/8349572949520210218093925none.png'),
(3779, 'choco_shape_upload_image', 0, 'uploads/choco_shape_upload_image/2174355832620210219045234aboutus-sec1-img1.png'),
(3793, 'choco_shape_upload_image', 0, 'uploads/choco_shape_upload_image/8626200431020210320062553Eid_Mubarak_With_Islamic_Calligraphy_Greeting_Card.jpg'),
(3794, 'product', 966, 'uploads/images/1048654267220210411064444BX-T-08.jpg'),
(3797, 'content_type_sub_image', 17, 'uploads/content_type_sub/3076942821920210615110540name_and_photo.png'),
(3799, 'content_type_sub_image', 19, 'uploads/content_type_sub/770410117520210615110641baby_1.png'),
(3800, 'content_type_sub_image', 19, 'uploads/content_type_sub/888422322620210615110641baby_2.png'),
(3801, 'content_type_sub_image', 20, 'uploads/content_type_sub/5158065096120210615114942graduating_2.png'),
(3802, 'content_type_sub_image', 20, 'uploads/content_type_sub/7255769101020210615114942graduating.png'),
(3803, 'choco_shape_upload_image', 0, 'uploads/choco_shape_upload_image/6413686959920210615121646blogsb.7f7e1f9e.png'),
(3806, 'content_type_sub_image', 13, 'uploads/content_type_sub/2150650561720210615033311font_2.png'),
(3807, 'content_type_sub_image', 13, 'uploads/content_type_sub/6665678531220210615033311name_only.png'),
(3808, 'content_type_sub_image', 14, 'uploads/content_type_sub/8272163678220210615034212baby_1.png'),
(3809, 'content_type_sub_image', 14, 'uploads/content_type_sub/1382624026720210615034212baby_2.png'),
(3810, 'content_type_sub_image', 15, 'uploads/content_type_sub/9999079790720210615032814graduating_2.png'),
(3811, 'content_type_sub_image', 15, 'uploads/content_type_sub/3268603545120210615032814graduating.png'),
(3812, 'content_type_sub_image', 21, 'uploads/content_type_sub/6206517820620210615034315name_and_photo.png'),
(3813, 'content_type_sub_image', 21, 'uploads/content_type_sub/358365247720210615034315wedding_2.png'),
(3814, 'choco_box_printable_upload_image', 0, 'uploads/choco_box_printable_upload_image/9935307371720210615031616circle.png'),
(3816, 'content_type_sub_image', 16, 'uploads/content_type_sub/6077112301720210616011500WhatsApp_Image_2021-06-15_at_3.50.46_PM_(2).jpeg'),
(3817, 'content_type_sub_image', 16, 'uploads/content_type_sub/4331458861220210616011500WhatsApp_Image_2021-06-15_at_3.50.48_PM_(1).jpeg'),
(3818, 'product', 797, 'uploads/images/3946591109920210622032739CS-A-01.jpg'),
(3819, 'product', 797, 'uploads/images/6873012442920210622032739CS-C-01.jpg'),
(3820, 'product', 797, 'uploads/images/8596840456120210622032739CS-S-01.jpg'),
(3821, 'product', 797, 'uploads/images/6522680250820210622032739CS-T-01.jpg'),
(3823, 'product', 798, 'uploads/images/4457410156620210622031341CS-A-03.jpg'),
(3824, 'product', 798, 'uploads/images/6693361700820210622031341CS-C-03.jpg'),
(3825, 'product', 798, 'uploads/images/3493338916420210622031341CS-S-03.jpg'),
(3826, 'product', 798, 'uploads/images/2223938228320210622031341CS-T-03.jpg'),
(3827, 'product', 800, 'uploads/images/5840318731820210622031256CS-A-06.jpg'),
(3828, 'product', 800, 'uploads/images/1896619697220210622031256CS-C-06.jpg'),
(3829, 'product', 800, 'uploads/images/7490883971820210622031256CS-S-06.jpg'),
(3830, 'product', 800, 'uploads/images/3677804019520210622031256CS-T-06.jpg'),
(3831, 'product', 801, 'uploads/images/7992671983220210622031458CS-A-08.jpg'),
(3832, 'product', 801, 'uploads/images/6639696272720210622031458CS-C-08.jpg'),
(3833, 'product', 801, 'uploads/images/3516465680420210622031458CS-S-08.jpg'),
(3834, 'product', 801, 'uploads/images/2858828919520210622031458CS-T-08.jpg'),
(3835, 'product', 802, 'uploads/images/9720149136920210622032859CS-A-16.jpg'),
(3836, 'product', 802, 'uploads/images/3349400034520210622032859CS-C-16.jpg'),
(3837, 'product', 802, 'uploads/images/3782951053320210622032859CS-S-16.jpg'),
(3838, 'product', 802, 'uploads/images/1371570518520210622032859CS-T-16.jpg'),
(3839, 'product', 803, 'uploads/images/9927069681120210622042801CS-A-22.jpg'),
(3840, 'product', 803, 'uploads/images/7998257866320210622042801CS-C-22.jpg'),
(3841, 'product', 803, 'uploads/images/6508081132220210622042801CS-S-22.jpg'),
(3842, 'product', 803, 'uploads/images/2062538194020210622042801CS-T-22.jpg'),
(3843, 'product', 804, 'uploads/images/6235615695220210622045002CS-A-23.jpg'),
(3844, 'product', 804, 'uploads/images/7335478080520210622045002CS-C-23.jpg'),
(3845, 'product', 804, 'uploads/images/2120659530520210622045002CS-S-23.jpg'),
(3846, 'product', 804, 'uploads/images/8405934925320210622045002CS-T-23.jpg'),
(3847, 'product', 805, 'uploads/images/3286344059820210622045303CS-A-25.jpg'),
(3848, 'product', 805, 'uploads/images/5198414609920210622045303CS-C-25.jpg'),
(3849, 'product', 805, 'uploads/images/112830941020210622045403CS-S-25.jpg'),
(3850, 'product', 805, 'uploads/images/5588433831320210622045403CS-T-25.jpg'),
(3851, 'product', 806, 'uploads/images/4930843962120210622045004CS-A-26.jpg'),
(3852, 'product', 806, 'uploads/images/7465037866720210622045004CS-C-26.jpg'),
(3853, 'product', 806, 'uploads/images/3201453789020210622045004CS-S-26.jpg'),
(3854, 'product', 806, 'uploads/images/1834161723320210622045004CS-T-26.jpg'),
(3855, 'product', 799, 'uploads/images/5213280189920210622045241CS-A-05.jpg'),
(3857, 'product', 799, 'uploads/images/762974040120210622042442CS-C-05.jpg'),
(3858, 'product', 799, 'uploads/images/8880883811720210622042442CS-S-05.jpg'),
(3859, 'product', 799, 'uploads/images/1746252154920210622042442CS-T-05.jpg'),
(3860, 'content_type_sub_image', 22, 'uploads/content_type_sub/2799105439620210701100420download.jpg'),
(3861, 'content_type_sub_image', 23, 'uploads/content_type_sub/7038321473420210701105533download.jpg'),
(3862, 'content_type_sub_image', 24, 'uploads/content_type_sub/8196140605520210701112048download.jpg'),
(3863, 'content_type_sub_image', 25, 'uploads/content_type_sub/2747924101920210712090309123915558_185817976454376_8101216688215988170_o.jpg'),
(3864, 'choco_shape_upload_image', 0, 'uploads/choco_shape_upload_image/68018874940202108070551483b9c41eafabb6a457322456b74c1cabe.jpg');

-- --------------------------------------------------------

--
-- Table structure for table `site_settings`
--

CREATE TABLE `site_settings` (
  `SiteSettingID` int(11) NOT NULL,
  `SiteName` varchar(255) NOT NULL,
  `SiteImage` varchar(255) NOT NULL,
  `Email` varchar(255) NOT NULL,
  `Whatsapp` varchar(255) NOT NULL,
  `Skype` varchar(255) NOT NULL,
  `PhoneNumber` varchar(255) NOT NULL,
  `Fax` varchar(255) NOT NULL,
  `OpenTime` varchar(255) NOT NULL,
  `CloseTime` varchar(255) NOT NULL,
  `FacebookUrl` varchar(255) NOT NULL,
  `GoogleUrl` varchar(255) NOT NULL,
  `LinkedInUrl` varchar(255) NOT NULL,
  `TwitterUrl` varchar(255) NOT NULL,
  `InstagramUrl` varchar(255) NOT NULL,
  `YoutubeUrl` varchar(255) NOT NULL,
  `VatNumber` varchar(255) NOT NULL,
  `VatPercentage` decimal(10,2) NOT NULL,
  `CrNumber` varchar(255) DEFAULT NULL,
  `LoyaltyFactor` int(11) NOT NULL COMMENT 'Defines 1 SAR is equal to how many loyalty points',
  `DaysToDeliver` int(11) NOT NULL,
  `CreatedAt` datetime NOT NULL,
  `UpdatedAt` datetime NOT NULL
) ENGINE=InnoDB DEFAULT CHARSET=utf8;

--
-- Dumping data for table `site_settings`
--

INSERT INTO `site_settings` (`SiteSettingID`, `SiteName`, `SiteImage`, `Email`, `Whatsapp`, `Skype`, `PhoneNumber`, `Fax`, `OpenTime`, `CloseTime`, `FacebookUrl`, `GoogleUrl`, `LinkedInUrl`, `TwitterUrl`, `InstagramUrl`, `YoutubeUrl`, `VatNumber`, `VatPercentage`, `CrNumber`, `LoyaltyFactor`, `DaysToDeliver`, `CreatedAt`, `UpdatedAt`) VALUES
(1, 'Chocomood', 'uploads/5602750077020191126043459g.jpg', 'Suport@chocomood.com', '+966501212180', '', '+966531610061/+966501212180', '+966126111114', '1545300000', '1545332400', 'https://www.facebook.com/chocmood/', 'https://goo.gl/maps/Jgz9wxNEXuLW2vSR8', '', 'https://twitter.com/chocmood?s=20', 'https://www.instagram.com/chocmood/', '', '310418861300', '0.00', '4030267893', 20, 5, '2018-04-03 14:33:23', '2020-10-13 12:24:41');

-- --------------------------------------------------------

--
-- Table structure for table `stores`
--

CREATE TABLE `stores` (
  `StoreID` int(11) NOT NULL,
  `VatNo` varchar(100) DEFAULT NULL,
  `WorkingHoursSaturdayToThursdayFrom1` varchar(100) DEFAULT NULL,
  `WorkingHoursSaturdayToThursdayFrom` varchar(100) NOT NULL,
  `WorkingHoursSaturdayToThursdayTo` varchar(100) NOT NULL,
  `WorkingHoursSaturdayToThursdayTo1` varchar(100) DEFAULT NULL,
  `WorkingHoursFridayFrom` varchar(100) NOT NULL,
  `WorkingHoursFridayFrom1` varchar(100) DEFAULT NULL,
  `WorkingHoursFridayTo` varchar(100) NOT NULL,
  `WorkingHoursFridayTo1` varchar(100) DEFAULT NULL,
  `phone` text NOT NULL,
  `ShippingID` varchar(255) DEFAULT NULL,
  `PaymentID` varchar(255) DEFAULT NULL,
  `CityID` int(11) NOT NULL,
  `DistrictID` varchar(10000) NOT NULL,
  `Latitude` double NOT NULL,
  `Longitude` double NOT NULL,
  `SortOrder` int(11) NOT NULL,
  `Hide` tinyint(4) NOT NULL,
  `isCustomize` int(11) DEFAULT 0,
  `IsActive` tinyint(4) NOT NULL,
  `CreatedAt` datetime NOT NULL,
  `UpdatedAt` datetime NOT NULL,
  `CreatedBy` int(11) NOT NULL,
  `UpdatedBy` int(11) NOT NULL
) ENGINE=InnoDB DEFAULT CHARSET=utf8;

--
-- Dumping data for table `stores`
--

INSERT INTO `stores` (`StoreID`, `VatNo`, `WorkingHoursSaturdayToThursdayFrom1`, `WorkingHoursSaturdayToThursdayFrom`, `WorkingHoursSaturdayToThursdayTo`, `WorkingHoursSaturdayToThursdayTo1`, `WorkingHoursFridayFrom`, `WorkingHoursFridayFrom1`, `WorkingHoursFridayTo`, `WorkingHoursFridayTo1`, `phone`, `ShippingID`, `PaymentID`, `CityID`, `DistrictID`, `Latitude`, `Longitude`, `SortOrder`, `Hide`, `isCustomize`, `IsActive`, `CreatedAt`, `UpdatedAt`, `CreatedBy`, `UpdatedBy`) VALUES
(1, '310418861300003', '', '03:00 PM', '11:00 PM', '', '03:00 PM', '', '11:00 PM', '', '', '2', '1', 1337, '49613,49720,49628,49724,49632,49728,49637,49732,49641,49736,49645,49743,49651,49747,49655,49753,49662,49758,49666,49765,49670,49770,49675,49780,49680,49784,49685,49788,49689,49792,49695,49797,49699,49801,49703,49807,49709,49715,49616,49721,49629,49725,49633,49729,49638,49733,49642,49738,49646,49744,49652,49748,49656,49754,49663,49759,49667,49766,49672,49775,49676,49781,49681,49785,49686,49789,49690,49794,49696,49798,49700,49802,49704,49873,49711,49717,49718,49626,49722,49630,49726,49634,49730,49639,49734,49643,49739,49649,49745,49653,49749,49658,49755,49664,49760,49668,49767,49673,49776,49677,49782,49683,49786,49687,49790,49691,49795,49697,49799,49701,49805,49706,49879,49712,49608,49719,49627,49723,49631,49727,49635,49731,49640,49735,49644,49741,49650,49746,49654,49752,49660,49756,49665,49763,49669,49769,49674,49779,49678,49783,49684,49787,49688,49791,49693,49796,49698,49800,49702,49806,49707,49713,49931,49932,49933', 21.5616456, 39.1430081, 0, 0, 0, 1, '2019-11-27 00:11:07', '2021-04-12 09:57:32', 1, 1),
(2, '123434', '', '03:00 PM', '11:00 PM', '', '03:00 PM', '', '11:00 PM', '', '', '0,1,2,3', NULL, 1337, '49791,49693,49796,49698,49800,49702,49806,49707,49713,49608,49719,49627,49723,49631,49727,49635,49731,49640,49735,49644,49741,49650,49746,49654,49752,49660,49756,49665,49763,49669,49769,49674,49779,49678,49783,49684,49787,49688,49655,49753,49662,49758', 21.5214222, 39.1603097, 1, 0, 0, 1, '2020-03-09 09:46:47', '2021-04-06 13:36:42', 1, 1),
(3, '123434', NULL, '03:00 PM', '11:00 PM', NULL, '03:00 PM', NULL, '11:00 PM', NULL, '', NULL, NULL, 1337, '49699,49801,49703,49807,49709,49715,49613,49720,49628,49724,49632,49728,49637,49732,49641,49736,49645,49743,49651,49747,49655,49753,49662,49758,49666,49765,49670,49770,49675,49780,49680,49784,49685,49788,49689,49792,49695,49797,49700,49802,49704,49873,497', 21.7394254, 39.1920063, 2, 0, 0, 1, '2020-03-22 22:49:21', '2020-07-16 11:01:06', 1, 1),
(4, '123434', '', '02:30 PM', '11:30 PM', '', '04:30 PM', '', '11:30 PM', '', '', '0,1,2,3', '1', 1344, '49761,49810,49897,1395,49762,49811,49904,49614,49764,49815,49659,49809,49854,49925,49926,49927,49956', 24.486078333000556, 39.57702134522475, 3, 0, 0, 1, '2020-03-22 22:59:18', '2020-11-13 11:01:59', 1, 1),
(5, '123434', '', '04:30 PM', '10:30 PM', '', '04:30 PM', '', '11:30 PM', '', '', NULL, NULL, 1339, '', 21.52272453512591, 39.92167753114013, 4, 0, 0, 1, '2020-03-22 23:01:25', '2020-11-12 11:49:10', 1, 1),
(6, '123434', '', '04:00 PM', '11:00 PM', '', '04:00 PM', '', '11:00 PM', '', '', NULL, NULL, 1339, '0,49840,49847,49874,49886,49905,49841,49851,49875,49892,49820,49844,49858,49876,49893,49839,49846,49872,49885,49894,49943,49944,49945,49946,49947,49948', 21.41064861684999, 40.48744613318788, 5, 0, 0, 1, '2020-03-22 23:15:22', '2020-11-12 12:05:54', 1, 1),
(7, 'xsfgds', '09:00 AM', '09:00 AM', '09:00 AM', '09:00 AM', '09:00 AM', '', '09:00 AM', '10:00 AM', '', NULL, NULL, 1337, '49779', 24.7135517, 46.6752957, 6, 0, 0, 1, '2020-10-12 13:54:59', '2020-10-12 13:54:59', 1, 1),
(8, 'sddfs', '11:00 AM', '10:30 AM', '11:30 AM', '11:30 AM', '10:30 AM', '12:00 PM', '12:00 PM', '05:30 PM', '', NULL, NULL, 1337, '49669', 24.7135517, 46.6752957, 7, 0, 0, 1, '2020-10-12 14:07:56', '2020-10-12 14:32:05', 1, 1),
(9, '565fd', '11:00 AM', '09:00 AM', '09:00 AM', '11:30 AM', '09:00 AM', '11:00 AM', '09:00 AM', '05:30 PM', '', '1,2', '1', 1337, '49660,49756,49665,49763,49669,49769,49674,49779,49678,49783,49684,49787,49688,49791,49693,49796,49698,49800,49702,49806,49707,49713,49608,49719,49627,49723,49631,49727,49635,49731,49640,49735,49644,49741,49650,49746,49654,49752,49753,49662,49758,49666,49765,49670,49770,49675,49780,49680,49784,49685,49788,49689,49792,49695,49797,49699,49801,49703,49807,49709,49715,49613,49720,49628,49724,49632,49728,49637,49732,49641,49736,49645,49743,49651,49747,49655,49754,49663,49759,49667,49766,49672,49775,49676,49781,49681,49785,49686,49789,49690,49794,49696,49798,49700,49802,49704,49873,49711,49717,49616,49721,49629,49725,49633,49729,49638,49733,49642,49738,49646,49744,49652,49748,49656,49658,49755,49664,49760,49668,49767,49673,49776,49677,49782,49683,49786,49687,49790,49691,49795,49697,49799,49701,49805,49706,49879,49712,49718,49626,49722,49630,49726,49634,49730,49639,49734,49643,49739,49649,49745,49653,49749,49931,49932,49933,49957', 21.443818473724292, 39.398346234375, 8, 0, 0, 1, '2020-11-12 11:25:40', '2020-11-12 11:43:21', 1, 1),
(10, '51351313', '09:00 AM', '09:00 AM', '12:00 PM', '08:00 PM', '02:00 PM', '02:00 PM', '10:00 PM', '10:00 PM', '3452201069', '1', '1,2', 1337, '0,49608,49613,49616,49626,49627,49628,49629,49630,49631,49632,49633,49634,49635,49637,49638,49639,49640,49641,49642,49643,49644,49645,49646,49649,49650,49651,49652,49653,49654,49655,49656,49658,49660,49662,49663,49664,49665,49666,49667,49668,49669,49670,49672,49673,49674,49675,49676,49677,49678,49680,49681,49683,49684,49685,49686,49687,49688,49689,49690,49691,49693,49695,49696,49697,49698,49699,49700,49701,49702,49703,49704,49706,49707,49709,49711,49712,49713,49715,49717,49718,49719,49720,49721,49722,49723,49724,49725,49726,49727,49728,49729,49730,49731,49732,49733,49734,49735,49736,49738,49739,49741,49743,49744,49745,49746,49747,49748,49749,49752,49753,49754,49755,49756,49758,49759,49760,49763,49765,49766,49767,49769,49770,49775,49776,49779,49780,49781,49782,49783,49784,49785,49786,49787,49788,49789,49790,49791,49792,49794,49795,49796,49797,49798,49799,49800,49801,49802,49805,49806,49807,49873,49879,49931,49932,49933', 21.616579336740607, 46.05468749999996, 9, 0, 1, 1, '2021-02-15 15:09:17', '2021-02-15 17:16:58', 1, 1);

-- --------------------------------------------------------

--
-- Table structure for table `stores_text`
--

CREATE TABLE `stores_text` (
  `StoreTextID` int(11) NOT NULL,
  `StoreID` int(11) NOT NULL,
  `Title` varchar(255) NOT NULL,
  `Address` text NOT NULL,
  `WorkingHours` text NOT NULL,
  `DeliveryTime` text NOT NULL,
  `SystemLanguageID` int(11) NOT NULL,
  `CreatedAt` datetime NOT NULL,
  `UpdatedAt` datetime NOT NULL,
  `CreatedBy` int(11) NOT NULL,
  `UpdatedBy` int(11) NOT NULL
) ENGINE=InnoDB DEFAULT CHARSET=utf8;

--
-- Dumping data for table `stores_text`
--

INSERT INTO `stores_text` (`StoreTextID`, `StoreID`, `Title`, `Address`, `WorkingHours`, `DeliveryTime`, `SystemLanguageID`, `CreatedAt`, `UpdatedAt`, `CreatedBy`, `UpdatedBy`) VALUES
(7, 1, 'Prince Sultan Rd', 'Prince Sultan Rd, Al-Rawdah, Jeddah\r\nMob: 0530067474\r\n', '9:30 AM – 12:30 PM \r\n4:30 PM – 11:00 PM', '03:00 PM – 11:00 PM', 1, '2019-11-27 00:11:07', '2021-04-12 09:57:32', 1, 1),
(8, 1, ' طريق الامير سلطان', 'طريق الأمير سلطان ,الروضة ,جدة\r\nجوال: 0530067474', '9:30 AM – 12:30 PM \r\n4:30 PM – 11:00 PM', '03:00 PM – 11:00 PM', 2, '2019-11-27 00:11:07', '2020-06-30 12:17:04', 1, 1),
(9, 2, 'Palestine Street', 'Falastin St, Al-Hamra\'a, Jeddah\r\nMob: 0530067272', '0', '03:00 PM - 11:00 PM', 1, '2020-03-09 09:46:47', '2021-04-06 13:36:42', 1, 1),
(10, 2, 'شارع فلسطين', 'شارع فلسطين ,الحمراء ,جدة\r\nجوال: 0530067272', '0', '03:00 PM - 11:00 PM ', 2, '2020-03-09 09:46:47', '2020-06-30 12:19:25', 1, 1),
(13, 3, 'Alhamdaniya', 'Al-Hamadaniyah St, Al-Hamadaniyah, Jeddah\r\nMob: 0535390400', '', '03:00 PM – 11:00 PM ', 1, '2020-03-22 22:49:21', '2020-07-16 11:01:06', 1, 1),
(14, 3, 'الحمدانية', 'جدة - الحمدانية - طريق الحمدانية العام\r\nتلفون : 0535390400', '', '10:00 AM – 04:00 PM ', 2, '2020-03-22 22:49:21', '2020-06-30 12:20:09', 1, 1),
(15, 4, 'Khalid Ibn Al Walid Rd', 'Khalid Ibn Al Walid Rd, Bir Uthman, Medina\r\nMob: 0530068484', '', '2:30 PM - 11:30 PM', 1, '2020-03-22 22:59:18', '2020-11-13 11:01:59', 1, 1),
(16, 4, 'طريق خالد بن الوليد', 'طريق خالد بن الوليد ,بئر عثمان ,المدينة المنورة\r\nجوال: 0530068484', '', '2:30 PM - 11:30 PM', 2, '2020-03-22 22:59:18', '2020-06-30 12:21:31', 1, 1),
(17, 5, 'Al Shoqiyah', '4859, Makkah 24435 8290, Saudi Arabia', 'o', '04:30 AM – 10:30 PM ', 1, '2020-03-22 23:01:25', '2020-11-12 11:49:10', 1, 1),
(18, 5, 'الشوقية', 'طريق الدكتور عبدالقادر كوشك ,الشوقية ,مكة المكرمة\r\nجوال: 0539223444\r\n\r\nساعة الإفتتاح\r\nSaturday-Thursday : 10:00 AM - 12:00 PM', 'o', '04:30 AM – 10:30 PM ', 2, '2020-03-22 23:01:25', '2020-06-30 12:58:10', 1, 1),
(19, 6, 'Al-Sharayea', '3088، الحوية، At Taif 26559 7625, Saudi Arabia', 'ad', '04:00 PM - 11:00 PM', 1, '2020-03-22 23:15:22', '2020-11-12 12:05:54', 1, 1),
(20, 6, 'الشرائع', 'شارع الفردوس, الشرائع, مكة المكرمة\r\nجوال: 0553131125\r\n\r\nساعة الإفتتاح\r\nSaturday-Thursday : 10:00 AM - 12:00 PM', 'ad', '04:00 PM - 11:00 PM', 2, '2020-03-22 23:15:22', '2020-06-30 12:51:35', 1, 1),
(21, 7, 'test', 'Riyadh Saudi Arabia', '', '21321', 1, '2020-10-12 13:54:59', '2020-10-12 13:54:59', 1, 1),
(22, 7, 'test', 'Riyadh Saudi Arabia', '', '21321', 2, '2020-10-12 13:54:59', '2020-10-12 13:54:59', 1, 1),
(23, 8, 'test3443', 'Riyadh Saudi Arabia', '', '4', 1, '2020-10-12 14:07:56', '2020-10-12 14:32:05', 1, 1),
(24, 8, 'test3443', 'Riyadh Saudi Arabia', '', '4', 2, '2020-10-12 14:07:56', '2020-10-12 14:07:56', 1, 1),
(25, 9, 'test store', 'Unnamed Road, Almahameed 22387, Saudi Arabia', '', '12', 1, '2020-11-12 11:25:40', '2020-11-12 11:43:21', 1, 1),
(26, 9, 'test store', 'Unnamed Road, Almahameed 22387, Saudi Arabia', '', '12', 2, '2020-11-12 11:25:40', '2020-11-12 11:25:40', 1, 1),
(27, 10, 'Workshop', '16953, Saudi Arabia', '', '5 pm', 1, '2021-02-15 15:09:17', '2021-02-15 17:16:58', 1, 1),
(28, 10, 'Workshop', 'Office No 303, Business Forum', '', '5 pm', 2, '2021-02-15 15:09:17', '2021-02-15 15:09:17', 1, 1);

-- --------------------------------------------------------

--
-- Table structure for table `system_languages`
--

CREATE TABLE `system_languages` (
  `SystemLanguageID` int(11) NOT NULL,
  `SystemLanguageTitle` varchar(255) NOT NULL,
  `ShortCode` varchar(255) NOT NULL,
  `IsDefault` tinyint(4) NOT NULL,
  `IsActive` tinyint(4) NOT NULL DEFAULT 1,
  `Hide` tinyint(4) NOT NULL DEFAULT 0,
  `CreatedAt` datetime NOT NULL,
  `UpdatedAt` datetime NOT NULL,
  `CreatedBy` int(11) NOT NULL,
  `UpdatedBy` int(11) NOT NULL
) ENGINE=InnoDB DEFAULT CHARSET=utf8;

--
-- Dumping data for table `system_languages`
--

INSERT INTO `system_languages` (`SystemLanguageID`, `SystemLanguageTitle`, `ShortCode`, `IsDefault`, `IsActive`, `Hide`, `CreatedAt`, `UpdatedAt`, `CreatedBy`, `UpdatedBy`) VALUES
(1, 'English', 'EN', 1, 0, 0, '2018-04-09 00:00:00', '2018-07-04 16:09:38', 0, 1),
(2, 'Arabic', 'AR', 0, 0, 0, '2018-04-09 00:00:00', '2018-07-04 16:07:19', 0, 1);

-- --------------------------------------------------------

--
-- Table structure for table `tags`
--

CREATE TABLE `tags` (
  `TagID` int(11) NOT NULL,
  `SortOrder` int(11) NOT NULL,
  `Hide` tinyint(4) NOT NULL,
  `IsActive` tinyint(4) NOT NULL,
  `CreatedAt` datetime NOT NULL,
  `UpdatedAt` datetime NOT NULL,
  `CreatedBy` int(11) NOT NULL,
  `UpdatedBy` int(11) NOT NULL
) ENGINE=MyISAM DEFAULT CHARSET=utf8;

--
-- Dumping data for table `tags`
--

INSERT INTO `tags` (`TagID`, `SortOrder`, `Hide`, `IsActive`, `CreatedAt`, `UpdatedAt`, `CreatedBy`, `UpdatedBy`) VALUES
(100, 39, 0, 1, '2020-05-10 01:34:53', '2020-05-10 01:34:53', 1, 1),
(103, 42, 0, 1, '2020-05-10 01:37:42', '2020-05-10 01:37:42', 1, 1),
(102, 41, 0, 1, '2020-05-10 01:36:56', '2020-05-10 01:36:56', 1, 1),
(104, 43, 0, 1, '2020-05-10 01:38:33', '2020-05-10 01:38:33', 1, 1),
(105, 44, 0, 1, '2020-05-10 01:39:33', '2020-05-10 01:39:33', 1, 1),
(101, 40, 0, 1, '2020-05-10 01:35:45', '2020-05-10 01:35:52', 1, 1),
(99, 38, 0, 1, '2020-05-10 01:33:41', '2020-05-10 01:33:41', 1, 1),
(98, 37, 0, 1, '2020-05-10 01:32:56', '2020-05-10 01:32:56', 1, 1),
(97, 36, 0, 1, '2020-05-10 01:32:10', '2020-05-10 01:32:10', 1, 1),
(93, 32, 0, 1, '2020-05-10 01:27:37', '2020-05-10 01:27:37', 1, 1),
(86, 25, 0, 1, '2020-05-10 01:21:01', '2020-05-10 01:21:01', 1, 1),
(92, 31, 0, 1, '2020-05-10 01:26:45', '2020-05-10 01:26:45', 1, 1),
(85, 24, 0, 1, '2020-05-10 01:19:27', '2020-05-10 01:19:27', 1, 1),
(91, 30, 0, 1, '2020-05-10 01:26:00', '2020-05-10 01:26:00', 1, 1),
(84, 23, 0, 1, '2020-05-10 01:18:28', '2020-05-10 01:18:28', 1, 1),
(96, 35, 0, 1, '2020-05-10 01:30:45', '2020-05-10 01:30:45', 1, 1),
(90, 29, 0, 1, '2020-05-10 01:24:41', '2020-05-10 01:24:41', 1, 1),
(89, 28, 0, 1, '2020-05-10 01:23:49', '2020-05-10 01:23:49', 1, 1),
(95, 34, 0, 1, '2020-05-10 01:30:05', '2020-05-10 01:30:05', 1, 1),
(88, 27, 0, 1, '2020-05-10 01:22:54', '2020-05-10 01:22:54', 1, 1),
(87, 26, 0, 1, '2020-05-10 01:21:58', '2020-05-10 01:21:58', 1, 1),
(94, 33, 0, 1, '2020-05-10 01:28:35', '2020-05-10 01:28:35', 1, 1),
(83, 22, 0, 1, '2020-05-10 01:17:20', '2020-05-10 01:17:20', 1, 1),
(82, 21, 0, 1, '2020-05-10 01:16:13', '2020-05-10 01:16:13', 1, 1),
(81, 20, 0, 1, '2020-05-10 01:15:31', '2020-05-10 01:15:31', 1, 1),
(80, 19, 0, 1, '2020-05-10 01:14:07', '2020-05-10 01:14:07', 1, 1),
(79, 18, 0, 1, '2020-05-10 01:12:57', '2020-05-10 01:12:57', 1, 1),
(78, 17, 0, 1, '2020-05-10 01:11:42', '2020-05-10 01:11:42', 1, 1),
(77, 16, 0, 1, '2020-05-10 01:09:28', '2020-05-10 01:09:28', 1, 1),
(67, 6, 0, 1, '2020-05-10 00:51:45', '2020-05-10 00:51:45', 1, 1),
(68, 7, 0, 1, '2020-05-10 00:52:56', '2020-05-10 00:52:56', 1, 1),
(69, 8, 0, 1, '2020-05-10 00:54:10', '2020-05-10 00:54:10', 1, 1),
(70, 9, 0, 1, '2020-05-10 00:55:09', '2020-05-10 00:55:09', 1, 1),
(71, 10, 0, 1, '2020-05-10 00:56:46', '2020-05-10 00:56:46', 1, 1),
(72, 11, 0, 1, '2020-05-10 00:58:13', '2020-05-10 00:58:13', 1, 1),
(73, 12, 0, 1, '2020-05-10 00:59:49', '2020-05-10 00:59:49', 1, 1),
(74, 13, 0, 1, '2020-05-10 01:01:45', '2020-05-10 01:01:45', 1, 1),
(76, 15, 0, 1, '2020-05-10 01:06:11', '2020-05-10 01:06:11', 1, 1),
(75, 14, 0, 1, '2020-05-10 01:04:47', '2020-05-10 01:04:47', 1, 1),
(66, 5, 0, 1, '2020-05-10 00:50:41', '2020-05-10 00:50:41', 1, 1),
(65, 4, 0, 1, '2020-05-10 00:49:22', '2020-05-10 00:49:22', 1, 1),
(64, 3, 0, 1, '2020-05-10 00:48:12', '2020-05-10 00:48:12', 1, 1),
(63, 2, 0, 1, '2020-05-10 00:47:11', '2020-05-10 00:47:11', 1, 1),
(62, 1, 0, 1, '2020-05-10 00:45:04', '2020-05-10 00:45:04', 1, 1),
(61, 0, 0, 1, '2020-05-10 00:43:36', '2020-05-10 00:43:36', 1, 1),
(106, 45, 0, 1, '2020-07-29 11:54:28', '2020-07-29 11:54:28', 1, 1),
(107, 46, 0, 1, '2020-07-29 11:55:00', '2020-07-29 11:55:00', 1, 1),
(108, 47, 0, 1, '2020-07-29 11:55:32', '2020-07-29 11:55:32', 1, 1),
(109, 48, 0, 1, '2020-07-29 11:55:55', '2020-07-29 11:55:55', 1, 1),
(110, 49, 0, 1, '2020-07-29 11:58:45', '2020-07-29 11:58:45', 1, 1),
(111, 50, 0, 1, '2020-07-29 11:59:30', '2020-07-29 11:59:30', 1, 1),
(112, 51, 0, 1, '2020-07-29 12:00:13', '2020-07-29 12:00:13', 1, 1),
(113, 52, 0, 1, '2020-07-29 12:00:43', '2020-07-29 12:00:43', 1, 1),
(114, 53, 0, 1, '2020-07-29 12:02:06', '2020-07-29 12:02:06', 1, 1),
(115, 54, 0, 1, '2020-07-29 12:02:41', '2020-07-29 12:02:41', 1, 1),
(116, 55, 0, 1, '2020-07-29 12:03:29', '2020-07-29 12:03:29', 1, 1),
(117, 56, 0, 1, '2020-09-05 19:11:41', '2020-09-05 19:11:41', 1, 1),
(118, 57, 0, 1, '2020-09-05 19:12:29', '2020-09-05 19:12:29', 1, 1),
(119, 58, 0, 1, '2020-09-05 19:13:02', '2020-09-05 19:13:02', 1, 1),
(120, 59, 0, 1, '2020-09-05 19:13:23', '2020-09-05 19:13:23', 1, 1),
(121, 60, 0, 1, '2020-09-05 19:15:50', '2020-09-05 19:15:50', 1, 1),
(122, 61, 0, 1, '2020-09-05 19:16:01', '2020-09-05 19:16:01', 1, 1),
(123, 62, 0, 1, '2020-09-05 19:17:34', '2020-09-05 19:17:34', 1, 1),
(124, 63, 0, 1, '2020-09-05 19:19:03', '2020-09-05 19:19:03', 1, 1),
(125, 64, 0, 1, '2020-09-05 19:20:13', '2020-09-05 19:20:13', 1, 1),
(126, 65, 0, 1, '2020-09-05 19:20:28', '2020-09-05 19:20:28', 1, 1),
(127, 66, 0, 1, '2020-09-05 19:21:48', '2020-09-05 19:21:48', 1, 1),
(128, 67, 0, 1, '2020-09-05 19:22:16', '2020-09-05 19:22:16', 1, 1),
(129, 68, 0, 1, '2020-09-05 19:23:11', '2020-09-05 19:23:11', 1, 1),
(130, 69, 0, 1, '2020-09-05 19:23:25', '2020-09-05 19:23:25', 1, 1),
(131, 70, 0, 1, '2020-09-05 19:24:32', '2020-09-05 19:24:32', 1, 1),
(132, 71, 0, 1, '2020-09-05 19:26:13', '2020-09-05 19:26:13', 1, 1),
(133, 72, 0, 1, '2020-09-05 19:26:47', '2020-09-05 19:26:47', 1, 1),
(134, 73, 0, 1, '2020-09-05 19:27:20', '2020-09-05 19:27:20', 1, 1),
(135, 74, 0, 1, '2020-09-05 19:29:13', '2020-09-05 19:29:13', 1, 1),
(136, 75, 0, 1, '2020-09-05 19:33:46', '2020-09-05 19:33:46', 1, 1),
(137, 76, 0, 1, '2020-09-05 19:34:22', '2020-09-05 19:34:22', 1, 1),
(138, 77, 0, 1, '2020-09-05 19:34:35', '2020-09-05 19:34:35', 1, 1),
(139, 78, 0, 1, '2020-09-05 19:34:52', '2020-09-05 19:34:52', 1, 1),
(140, 79, 0, 1, '2020-09-05 19:35:24', '2020-09-05 19:35:24', 1, 1),
(141, 80, 0, 1, '2020-09-05 19:35:37', '2020-09-05 19:35:37', 1, 1),
(142, 81, 0, 1, '2020-09-05 19:46:45', '2020-09-05 19:46:45', 1, 1),
(143, 82, 0, 1, '2020-09-05 20:02:00', '2020-09-05 20:02:00', 1, 1),
(144, 83, 0, 1, '2020-09-05 20:23:41', '2020-09-05 20:23:41', 1, 1),
(145, 84, 0, 1, '2020-09-05 20:23:53', '2020-09-05 20:23:53', 1, 1),
(146, 85, 0, 1, '2020-09-05 20:24:05', '2020-09-05 20:24:05', 1, 1),
(147, 86, 0, 1, '2020-09-05 20:24:23', '2020-09-05 20:24:23', 1, 1),
(148, 87, 0, 1, '2020-09-05 20:28:19', '2020-09-05 20:28:19', 1, 1),
(149, 88, 0, 1, '2020-09-05 20:47:22', '2020-09-05 20:47:22', 1, 1),
(150, 89, 0, 1, '2020-09-05 20:48:45', '2020-09-05 20:48:45', 1, 1),
(151, 90, 0, 1, '2020-09-05 20:49:16', '2020-09-05 20:49:16', 1, 1),
(152, 91, 0, 1, '2020-09-05 21:31:30', '2020-09-05 21:31:30', 1, 1),
(153, 92, 0, 1, '2020-09-05 22:11:56', '2020-09-05 22:11:56', 1, 1),
(154, 93, 0, 1, '2020-09-05 23:13:46', '2020-09-05 23:13:46', 1, 1),
(155, 94, 0, 1, '2020-09-05 23:16:16', '2020-09-05 23:16:16', 1, 1),
(156, 95, 0, 1, '2020-09-05 23:28:25', '2020-09-05 23:28:25', 1, 1),
(157, 96, 0, 1, '2020-09-05 23:42:17', '2020-09-05 23:42:17', 1, 1),
(158, 97, 0, 1, '2020-09-05 23:42:35', '2020-09-05 23:42:35', 1, 1),
(159, 98, 0, 1, '2020-09-05 23:55:37', '2020-09-05 23:55:37', 1, 1),
(160, 99, 0, 1, '2020-09-05 23:57:26', '2020-09-05 23:57:26', 1, 1),
(161, 100, 0, 1, '2020-09-05 23:57:47', '2020-09-05 23:57:47', 1, 1),
(162, 101, 0, 1, '2020-09-05 23:57:59', '2020-09-05 23:57:59', 1, 1),
(163, 102, 0, 1, '2020-09-06 00:27:53', '2020-09-06 00:27:53', 1, 1),
(164, 103, 0, 1, '2020-09-06 00:31:38', '2020-09-06 00:31:38', 1, 1),
(165, 104, 0, 1, '2020-09-06 00:56:18', '2020-09-06 00:56:18', 1, 1),
(166, 105, 0, 1, '2020-09-06 01:16:56', '2020-09-06 01:16:56', 1, 1),
(167, 106, 0, 1, '2020-09-06 01:17:42', '2020-09-06 01:17:42', 1, 1),
(168, 107, 0, 1, '2020-09-06 01:57:52', '2020-09-06 01:57:52', 1, 1);

-- --------------------------------------------------------

--
-- Table structure for table `tags_text`
--

CREATE TABLE `tags_text` (
  `TagTextID` int(11) NOT NULL,
  `TagID` int(11) NOT NULL,
  `Title` varchar(255) NOT NULL,
  `SystemLanguageID` int(11) NOT NULL,
  `CreatedAt` datetime NOT NULL,
  `UpdatedAt` datetime NOT NULL,
  `CreatedBy` int(11) NOT NULL,
  `UpdatedBy` int(11) NOT NULL
) ENGINE=MyISAM DEFAULT CHARSET=utf8;

--
-- Dumping data for table `tags_text`
--

INSERT INTO `tags_text` (`TagTextID`, `TagID`, `Title`, `SystemLanguageID`, `CreatedAt`, `UpdatedAt`, `CreatedBy`, `UpdatedBy`) VALUES
(197, 99, 'Milk Chocolate ', 1, '2020-05-10 01:33:41', '2020-05-10 01:33:41', 1, 1),
(181, 91, 'Silver', 1, '2020-05-10 01:26:00', '2020-05-10 01:26:00', 1, 1),
(182, 91, 'فضي', 2, '2020-05-10 01:26:00', '2020-05-10 01:26:13', 1, 1),
(183, 92, 'Pralines ', 1, '2020-05-10 01:26:45', '2020-05-10 01:26:45', 1, 1),
(184, 92, 'حلوى البرالين', 2, '2020-05-10 01:26:45', '2020-05-10 01:27:22', 1, 1),
(185, 93, 'Pastry', 1, '2020-05-10 01:27:37', '2020-05-10 01:27:37', 1, 1),
(186, 93, 'معجنات', 2, '2020-05-10 01:27:37', '2020-05-10 01:29:17', 1, 1),
(187, 94, 'Dates ', 1, '2020-05-10 01:28:35', '2020-05-10 01:28:35', 1, 1),
(188, 94, 'تمور', 2, '2020-05-10 01:28:35', '2020-05-10 01:28:47', 1, 1),
(189, 95, 'Cardamom ', 1, '2020-05-10 01:30:05', '2020-05-10 01:30:05', 1, 1),
(190, 95, 'هيل', 2, '2020-05-10 01:30:05', '2020-05-10 01:30:13', 1, 1),
(191, 96, 'Caramel ', 1, '2020-05-10 01:30:45', '2020-05-10 01:30:45', 1, 1),
(192, 96, 'كراميل', 2, '2020-05-10 01:30:45', '2020-05-10 01:30:59', 1, 1),
(193, 97, 'cookies ', 1, '2020-05-10 01:32:10', '2020-05-10 01:32:10', 1, 1),
(194, 97, 'بسكويت', 2, '2020-05-10 01:32:10', '2020-05-10 01:32:18', 1, 1),
(195, 98, 'Suger Free', 1, '2020-05-10 01:32:56', '2020-05-10 01:32:56', 1, 1),
(196, 98, ' خالي من السكر', 2, '2020-05-10 01:32:56', '2020-05-10 01:33:06', 1, 1),
(180, 90, ' ذهبي', 2, '2020-05-10 01:24:41', '2020-05-10 01:25:03', 1, 1),
(179, 90, 'Golden', 1, '2020-05-10 01:24:41', '2020-05-10 01:24:41', 1, 1),
(178, 89, ' العائلة', 2, '2020-05-10 01:23:49', '2020-05-10 01:24:00', 1, 1),
(177, 89, 'Family', 1, '2020-05-10 01:23:49', '2020-05-10 01:23:49', 1, 1),
(176, 88, ' جدتي', 2, '2020-05-10 01:22:54', '2020-05-10 01:23:06', 1, 1),
(175, 88, 'Grandmother', 1, '2020-05-10 01:22:54', '2020-05-10 01:22:54', 1, 1),
(174, 87, ' جدي', 2, '2020-05-10 01:21:58', '2020-05-10 01:22:33', 1, 1),
(171, 86, 'Father', 1, '2020-05-10 01:21:01', '2020-05-10 01:21:01', 1, 1),
(172, 86, ' ابي', 2, '2020-05-10 01:21:01', '2020-05-10 01:21:10', 1, 1),
(173, 87, 'Grand father', 1, '2020-05-10 01:21:58', '2020-05-10 01:21:58', 1, 1),
(168, 84, ' أطفال', 2, '2020-05-10 01:18:28', '2020-05-10 01:18:38', 1, 1),
(169, 85, 'Mother', 1, '2020-05-10 01:19:27', '2020-05-10 01:19:27', 1, 1),
(170, 85, ' امي', 2, '2020-05-10 01:19:27', '2020-05-10 01:20:11', 1, 1),
(167, 84, 'Kids', 1, '2020-05-10 01:18:28', '2020-05-10 01:18:28', 1, 1),
(154, 77, 'يوم المولد النبوي', 2, '2020-05-10 01:09:28', '2020-05-10 01:11:03', 1, 1),
(155, 78, 'New Year\'s Eve', 1, '2020-05-10 01:11:42', '2020-05-10 01:11:42', 1, 1),
(156, 78, 'رأس السنة الميلادية', 2, '2020-05-10 01:11:42', '2020-05-10 01:12:02', 1, 1),
(157, 79, 'Thank you ', 1, '2020-05-10 01:12:57', '2020-05-10 01:12:57', 1, 1),
(158, 79, 'شكراً لك / لكي', 2, '2020-05-10 01:12:57', '2020-05-10 01:13:46', 1, 1),
(159, 80, 'I apologize', 1, '2020-05-10 01:14:07', '2020-05-10 01:14:07', 1, 1),
(160, 80, 'اُقدم اعتذاري', 2, '2020-05-10 01:14:07', '2020-05-10 01:14:28', 1, 1),
(161, 81, 'Get Well', 1, '2020-05-10 01:15:31', '2020-05-10 01:15:31', 1, 1),
(162, 81, ' تعافى قريبا', 2, '2020-05-10 01:15:31', '2020-05-10 01:15:46', 1, 1),
(163, 82, 'Him	', 1, '2020-05-10 01:16:13', '2020-05-10 01:16:13', 1, 1),
(164, 82, 'له', 2, '2020-05-10 01:16:13', '2020-05-10 01:16:31', 1, 1),
(165, 83, 'Her ', 1, '2020-05-10 01:17:20', '2020-05-10 01:17:20', 1, 1),
(166, 83, 'لها', 2, '2020-05-10 01:17:20', '2020-05-10 01:17:28', 1, 1),
(153, 77, 'Prophet\'s Day ', 1, '2020-05-10 01:09:28', '2020-05-10 01:09:28', 1, 1),
(152, 76, 'رأس السنة الهجرية', 2, '2020-05-10 01:06:11', '2020-05-10 01:06:37', 1, 1),
(151, 76, ' Islamic New Year', 1, '2020-05-10 01:06:11', '2020-05-10 01:06:11', 1, 1),
(150, 75, 'شهر رمضان', 2, '2020-05-10 01:04:47', '2020-05-10 01:05:22', 1, 1),
(149, 75, 'blessed month of Ramadan', 1, '2020-05-10 01:04:47', '2020-05-10 01:04:47', 1, 1),
(148, 74, 'عيد الأضحى', 2, '2020-05-10 01:01:45', '2020-05-10 01:02:11', 1, 1),
(147, 74, ' Eid al-Adha', 1, '2020-05-10 01:01:45', '2020-05-10 01:01:45', 1, 1),
(146, 73, 'عيد الفطر', 2, '2020-05-10 00:59:49', '2020-05-10 00:59:59', 1, 1),
(145, 73, ' Eid al-Fitr', 1, '2020-05-10 00:59:49', '2020-05-10 00:59:49', 1, 1),
(131, 66, 'Anniversary ', 1, '2020-05-10 00:50:41', '2020-05-10 00:50:41', 1, 1),
(132, 66, 'ذكرى سنوية', 2, '2020-05-10 00:50:41', '2020-05-10 00:50:57', 1, 1),
(133, 67, 'Marriage Anniversary ', 1, '2020-05-10 00:51:45', '2020-05-10 00:51:45', 1, 1),
(134, 67, 'ذكرى الزواج', 2, '2020-05-10 00:51:45', '2020-05-10 00:51:58', 1, 1),
(135, 68, 'New baby', 1, '2020-05-10 00:52:56', '2020-05-10 00:52:56', 1, 1),
(136, 68, ' المولود الجديد', 2, '2020-05-10 00:52:56', '2020-05-10 00:53:07', 1, 1),
(137, 69, 'First Child ', 1, '2020-05-10 00:54:10', '2020-05-10 00:54:10', 1, 1),
(138, 69, 'المولود الأول', 2, '2020-05-10 00:54:10', '2020-05-10 00:54:50', 1, 1),
(139, 70, 'Graduation ', 1, '2020-05-10 00:55:09', '2020-05-10 00:55:09', 1, 1),
(140, 70, 'تخرج', 2, '2020-05-10 00:55:09', '2020-05-10 00:55:31', 1, 1),
(141, 71, 'School Event', 1, '2020-05-10 00:56:46', '2020-05-10 00:56:46', 1, 1),
(142, 71, ' حفل مدرسي', 2, '2020-05-10 00:56:46', '2020-05-10 00:57:14', 1, 1),
(143, 72, 'National day', 1, '2020-05-10 00:58:13', '2020-05-10 00:58:13', 1, 1),
(144, 72, 'العيد الوطني', 2, '2020-05-10 00:58:13', '2020-05-10 00:58:32', 1, 1),
(130, 65, 'أعياد ميلاد', 2, '2020-05-10 00:49:22', '2020-05-10 00:49:34', 1, 1),
(129, 65, 'Birthdays ', 1, '2020-05-10 00:49:22', '2020-05-10 00:49:22', 1, 1),
(128, 64, ' عقد قران', 2, '2020-05-10 00:48:12', '2020-05-10 00:48:27', 1, 1),
(127, 64, 'Marriage', 1, '2020-05-10 00:48:12', '2020-05-10 00:48:12', 1, 1),
(126, 63, 'خطوبة	', 2, '2020-05-10 00:47:11', '2020-05-10 00:47:20', 1, 1),
(125, 63, 'Engagement 	', 1, '2020-05-10 00:47:11', '2020-05-10 00:47:11', 1, 1),
(124, 62, 'مولود', 2, '2020-05-10 00:45:04', '2020-05-10 00:45:17', 1, 1),
(123, 62, 'Birth ', 1, '2020-05-10 00:45:04', '2020-05-10 00:45:04', 1, 1),
(122, 61, 'اعراس', 2, '2020-05-10 00:43:36', '2020-05-10 00:43:46', 1, 1),
(121, 61, 'Wedding ', 1, '2020-05-10 00:43:36', '2020-05-10 00:43:36', 1, 1),
(198, 99, 'شوكلاتة حليب', 2, '2020-05-10 01:33:41', '2020-05-10 01:33:51', 1, 1),
(199, 100, 'White Chocolate', 1, '2020-05-10 01:34:53', '2020-05-10 01:34:53', 1, 1),
(200, 100, 'شوكلاتة بيضاء', 2, '2020-05-10 01:34:53', '2020-05-10 01:35:03', 1, 1),
(201, 101, 'Dark chocolate', 1, '2020-05-10 01:35:45', '2020-05-10 01:35:52', 1, 1),
(202, 101, 'شوكلاتة داكنة', 2, '2020-05-10 01:35:45', '2020-05-10 01:36:13', 1, 1),
(203, 102, 'Nuts ', 1, '2020-05-10 01:36:56', '2020-05-10 01:36:56', 1, 1),
(204, 102, 'مكسرات', 2, '2020-05-10 01:36:56', '2020-05-10 01:37:27', 1, 1),
(205, 103, 'Flavors', 1, '2020-05-10 01:37:42', '2020-05-10 01:37:42', 1, 1),
(206, 103, ' نكهات', 2, '2020-05-10 01:37:42', '2020-05-10 01:37:53', 1, 1),
(207, 104, 'Nougat ', 1, '2020-05-10 01:38:33', '2020-05-10 01:38:33', 1, 1),
(208, 104, 'حشوة نوقا', 2, '2020-05-10 01:38:33', '2020-05-10 01:38:40', 1, 1),
(209, 105, 'Shaped Chocolates', 1, '2020-05-10 01:39:33', '2020-05-10 01:39:33', 1, 1),
(210, 105, ' قوالب و أشكال', 2, '2020-05-10 01:39:33', '2020-05-10 01:39:45', 1, 1),
(211, 106, 'Almond', 1, '2020-07-29 11:54:28', '2020-07-29 11:54:28', 1, 1),
(212, 106, 'لوز', 2, '2020-07-29 11:54:28', '2020-07-29 11:54:37', 1, 1),
(213, 107, 'Pistachio', 1, '2020-07-29 11:55:00', '2020-07-29 11:55:00', 1, 1),
(214, 107, 'فستق', 2, '2020-07-29 11:55:00', '2020-07-29 11:55:08', 1, 1),
(215, 108, 'Hazelnut', 1, '2020-07-29 11:55:32', '2020-07-29 11:55:32', 1, 1),
(216, 108, 'بندق', 2, '2020-07-29 11:55:32', '2020-07-29 11:55:40', 1, 1),
(217, 109, 'Praline', 1, '2020-07-29 11:55:55', '2020-07-29 11:55:55', 1, 1),
(218, 109, 'كريمة بندق', 2, '2020-07-29 11:55:55', '2020-07-29 11:57:08', 1, 1),
(219, 110, 'Brown Chocolate', 1, '2020-07-29 11:58:45', '2020-07-29 11:58:45', 1, 1),
(220, 110, 'شوكولاتة بني', 2, '2020-07-29 11:58:45', '2020-07-29 11:59:06', 1, 1),
(221, 111, 'Oreo', 1, '2020-07-29 11:59:30', '2020-07-29 11:59:30', 1, 1),
(222, 111, 'اوريو', 2, '2020-07-29 11:59:30', '2020-07-29 11:59:42', 1, 1),
(223, 112, 'Burnt Sugar', 1, '2020-07-29 12:00:13', '2020-07-29 12:00:13', 1, 1),
(224, 112, 'سكر محروق', 2, '2020-07-29 12:00:13', '2020-07-29 12:00:23', 1, 1),
(225, 113, 'Croquant', 1, '2020-07-29 12:00:43', '2020-07-29 12:00:43', 1, 1),
(226, 113, 'كروكان', 2, '2020-07-29 12:00:43', '2020-07-29 12:00:53', 1, 1),
(227, 114, 'Wafer', 1, '2020-07-29 12:02:06', '2020-07-29 12:02:06', 1, 1),
(228, 114, 'ويفر', 2, '2020-07-29 12:02:06', '2020-07-29 12:02:13', 1, 1),
(229, 115, 'Corn Flakes', 1, '2020-07-29 12:02:41', '2020-07-29 12:02:41', 1, 1),
(230, 115, 'كورن فليكس', 2, '2020-07-29 12:02:41', '2020-07-29 12:02:58', 1, 1),
(231, 116, 'Hazelnut Cream', 1, '2020-07-29 12:03:29', '2020-07-29 12:03:29', 1, 1),
(232, 116, 'كريمة بندق', 2, '2020-07-29 12:03:29', '2020-07-29 12:03:41', 1, 1),
(233, 117, 'Mini Mushroom', 1, '2020-09-05 19:11:41', '2020-09-05 19:11:41', 1, 1),
(234, 117, 'Mini Mushroom', 2, '2020-09-05 19:11:41', '2020-09-05 19:11:41', 1, 1),
(235, 118, 'Mushroom', 1, '2020-09-05 19:12:29', '2020-09-05 19:12:29', 1, 1),
(236, 118, 'Mushroom', 2, '2020-09-05 19:12:29', '2020-09-05 19:12:29', 1, 1),
(237, 119, 'Salted', 1, '2020-09-05 19:13:02', '2020-09-05 19:13:02', 1, 1),
(238, 119, 'Salted', 2, '2020-09-05 19:13:02', '2020-09-05 19:13:02', 1, 1),
(239, 120, 'Pettifor', 1, '2020-09-05 19:13:23', '2020-09-05 19:13:23', 1, 1),
(240, 120, 'Pettifor', 2, '2020-09-05 19:13:23', '2020-09-05 19:13:23', 1, 1),
(241, 121, 'baby', 1, '2020-09-05 19:15:50', '2020-09-05 19:15:50', 1, 1),
(242, 121, 'baby', 2, '2020-09-05 19:15:50', '2020-09-05 19:15:50', 1, 1),
(243, 122, 'blue', 1, '2020-09-05 19:16:01', '2020-09-05 19:16:01', 1, 1),
(244, 122, 'blue', 2, '2020-09-05 19:16:01', '2020-09-05 19:16:01', 1, 1),
(245, 123, 'Pink', 1, '2020-09-05 19:17:34', '2020-09-05 19:17:34', 1, 1),
(246, 123, 'Pink', 2, '2020-09-05 19:17:34', '2020-09-05 19:17:34', 1, 1),
(247, 124, 'Printed', 1, '2020-09-05 19:19:03', '2020-09-05 19:19:03', 1, 1),
(248, 124, 'Printed', 2, '2020-09-05 19:19:03', '2020-09-05 19:19:03', 1, 1),
(249, 125, '900g', 1, '2020-09-05 19:20:13', '2020-09-05 19:20:13', 1, 1),
(250, 125, '900g', 2, '2020-09-05 19:20:13', '2020-09-05 19:20:13', 1, 1),
(251, 126, 'Date', 1, '2020-09-05 19:20:28', '2020-09-05 19:20:28', 1, 1),
(252, 126, 'Date', 2, '2020-09-05 19:20:28', '2020-09-05 19:20:28', 1, 1),
(253, 127, '1000g', 1, '2020-09-05 19:21:48', '2020-09-05 19:21:48', 1, 1),
(254, 127, '1000g', 2, '2020-09-05 19:21:48', '2020-09-05 19:21:48', 1, 1),
(255, 128, 'Cremola', 1, '2020-09-05 19:22:16', '2020-09-05 19:22:16', 1, 1),
(256, 128, 'Cremola', 2, '2020-09-05 19:22:16', '2020-09-05 19:22:16', 1, 1),
(257, 129, '250g', 1, '2020-09-05 19:23:11', '2020-09-05 19:23:11', 1, 1),
(258, 129, '250g', 2, '2020-09-05 19:23:11', '2020-09-05 19:23:11', 1, 1),
(259, 130, '550g', 1, '2020-09-05 19:23:25', '2020-09-05 19:23:25', 1, 1),
(260, 130, '550g', 2, '2020-09-05 19:23:25', '2020-09-05 19:23:25', 1, 1),
(261, 131, '500g', 1, '2020-09-05 19:24:32', '2020-09-05 19:24:32', 1, 1),
(262, 131, '500g', 2, '2020-09-05 19:24:32', '2020-09-05 19:24:32', 1, 1),
(263, 132, '350g', 1, '2020-09-05 19:26:13', '2020-09-05 19:26:13', 1, 1),
(264, 132, '350g', 2, '2020-09-05 19:26:13', '2020-09-05 19:26:13', 1, 1),
(265, 133, '280g', 1, '2020-09-05 19:26:47', '2020-09-05 19:26:47', 1, 1),
(266, 133, '280g', 2, '2020-09-05 19:26:47', '2020-09-05 19:26:47', 1, 1),
(267, 134, 'Double Door', 1, '2020-09-05 19:27:20', '2020-09-05 19:27:20', 1, 1),
(268, 134, 'Double Door', 2, '2020-09-05 19:27:20', '2020-09-05 19:27:20', 1, 1),
(269, 135, 'Prestige', 1, '2020-09-05 19:29:13', '2020-09-05 19:29:13', 1, 1),
(270, 135, 'Prestige', 2, '2020-09-05 19:29:13', '2020-09-05 19:29:13', 1, 1),
(271, 136, 'Coffe', 1, '2020-09-05 19:33:46', '2020-09-05 19:33:46', 1, 1),
(272, 136, 'Coffe', 2, '2020-09-05 19:33:46', '2020-09-05 19:33:46', 1, 1),
(273, 137, 'Chocomood Box', 1, '2020-09-05 19:34:22', '2020-09-05 19:34:22', 1, 1),
(274, 137, 'Chocomood Box', 2, '2020-09-05 19:34:22', '2020-09-05 19:34:22', 1, 1),
(275, 138, '950g', 1, '2020-09-05 19:34:35', '2020-09-05 19:34:35', 1, 1),
(276, 138, '950g', 2, '2020-09-05 19:34:35', '2020-09-05 19:34:35', 1, 1),
(277, 139, 'Calm', 1, '2020-09-05 19:34:52', '2020-09-05 19:34:52', 1, 1),
(278, 139, 'Calm', 2, '2020-09-05 19:34:52', '2020-09-05 19:34:52', 1, 1),
(279, 140, 'Dark', 1, '2020-09-05 19:35:24', '2020-09-05 19:35:24', 1, 1),
(280, 140, 'Dark', 2, '2020-09-05 19:35:24', '2020-09-05 19:35:24', 1, 1),
(281, 141, 'Plain', 1, '2020-09-05 19:35:37', '2020-09-05 19:35:37', 1, 1),
(282, 141, 'Plain', 2, '2020-09-05 19:35:37', '2020-09-05 19:35:37', 1, 1),
(283, 142, 'Lotus', 1, '2020-09-05 19:46:45', '2020-09-05 19:46:45', 1, 1),
(284, 142, 'Lotus', 2, '2020-09-05 19:46:45', '2020-09-05 19:46:45', 1, 1),
(285, 143, 'Harmony', 1, '2020-09-05 20:02:00', '2020-09-05 20:02:00', 1, 1),
(286, 143, 'Harmony', 2, '2020-09-05 20:02:00', '2020-09-05 20:02:00', 1, 1),
(287, 144, 'Nesquick', 1, '2020-09-05 20:23:41', '2020-09-05 20:23:41', 1, 1),
(288, 144, 'Nesquick', 2, '2020-09-05 20:23:41', '2020-09-05 20:23:41', 1, 1),
(289, 145, 'Francy', 1, '2020-09-05 20:23:53', '2020-09-05 20:23:53', 1, 1),
(290, 145, 'Francy', 2, '2020-09-05 20:23:53', '2020-09-05 20:23:53', 1, 1),
(291, 146, 'Rice', 1, '2020-09-05 20:24:05', '2020-09-05 20:24:05', 1, 1),
(292, 146, 'Rice', 2, '2020-09-05 20:24:05', '2020-09-05 20:24:05', 1, 1),
(293, 147, 'Ruby', 1, '2020-09-05 20:24:23', '2020-09-05 20:24:23', 1, 1),
(294, 147, 'Ruby', 2, '2020-09-05 20:24:23', '2020-09-05 20:24:23', 1, 1),
(295, 148, 'crispy', 1, '2020-09-05 20:28:19', '2020-09-05 20:28:19', 1, 1),
(296, 148, 'crispy', 2, '2020-09-05 20:28:19', '2020-09-05 20:28:19', 1, 1),
(297, 149, 'Digestive', 1, '2020-09-05 20:47:22', '2020-09-05 20:47:22', 1, 1),
(298, 149, 'Digestive', 2, '2020-09-05 20:47:22', '2020-09-05 20:47:22', 1, 1),
(299, 150, 'Powder', 1, '2020-09-05 20:48:45', '2020-09-05 20:48:45', 1, 1),
(300, 150, 'Powder', 2, '2020-09-05 20:48:45', '2020-09-05 20:48:45', 1, 1),
(301, 151, 'Gianduja', 1, '2020-09-05 20:49:16', '2020-09-05 20:49:16', 1, 1),
(302, 151, 'Gianduja', 2, '2020-09-05 20:49:16', '2020-09-05 20:49:16', 1, 1),
(303, 152, 'Cappucino', 1, '2020-09-05 21:31:30', '2020-09-05 21:31:30', 1, 1),
(304, 152, 'Cappucino', 2, '2020-09-05 21:31:30', '2020-09-05 21:31:30', 1, 1),
(305, 153, 'Ringo', 1, '2020-09-05 22:11:56', '2020-09-05 22:11:56', 1, 1),
(306, 153, 'Ringo', 2, '2020-09-05 22:11:56', '2020-09-05 22:11:56', 1, 1),
(307, 154, 'Biscuit', 1, '2020-09-05 23:13:46', '2020-09-05 23:13:46', 1, 1),
(308, 154, 'Biscuit', 2, '2020-09-05 23:13:46', '2020-09-05 23:13:46', 1, 1),
(309, 155, 'Nescafe', 1, '2020-09-05 23:16:16', '2020-09-05 23:16:16', 1, 1),
(310, 155, 'Nescafe', 2, '2020-09-05 23:16:16', '2020-09-05 23:16:16', 1, 1),
(311, 156, 'Milk', 1, '2020-09-05 23:28:25', '2020-09-05 23:28:25', 1, 1),
(312, 156, 'Milk', 2, '2020-09-05 23:28:25', '2020-09-05 23:28:25', 1, 1),
(313, 157, 'crepe', 1, '2020-09-05 23:42:17', '2020-09-05 23:42:17', 1, 1),
(314, 157, 'crepe', 2, '2020-09-05 23:42:17', '2020-09-05 23:42:17', 1, 1),
(315, 158, 'Wafer Roll', 1, '2020-09-05 23:42:35', '2020-09-05 23:42:35', 1, 1),
(316, 158, 'Wafer Roll', 2, '2020-09-05 23:42:35', '2020-09-05 23:42:35', 1, 1),
(317, 159, 'Brownie', 1, '2020-09-05 23:55:37', '2020-09-05 23:55:37', 1, 1),
(318, 159, 'Brownie', 2, '2020-09-05 23:55:37', '2020-09-05 23:55:37', 1, 1),
(319, 160, 'Strawberry', 1, '2020-09-05 23:57:26', '2020-09-05 23:57:26', 1, 1),
(320, 160, 'Strawberry', 2, '2020-09-05 23:57:26', '2020-09-05 23:57:26', 1, 1),
(321, 161, 'Cheese Cake', 1, '2020-09-05 23:57:47', '2020-09-05 23:57:47', 1, 1),
(322, 161, 'Cheese Cake', 2, '2020-09-05 23:57:47', '2020-09-05 23:57:47', 1, 1),
(323, 162, 'Rocher', 1, '2020-09-05 23:57:59', '2020-09-05 23:57:59', 1, 1),
(324, 162, 'Rocher', 2, '2020-09-05 23:57:59', '2020-09-05 23:57:59', 1, 1),
(325, 163, 'Caramel Chocolate ', 1, '2020-09-06 00:27:53', '2020-09-06 00:27:53', 1, 1),
(326, 163, 'Caramel Chocolate ', 2, '2020-09-06 00:27:53', '2020-09-06 00:27:53', 1, 1),
(327, 164, 'Ganache', 1, '2020-09-06 00:31:38', '2020-09-06 00:31:38', 1, 1),
(328, 164, 'Ganache', 2, '2020-09-06 00:31:38', '2020-09-06 00:31:38', 1, 1),
(329, 165, 'Peanut', 1, '2020-09-06 00:56:18', '2020-09-06 00:56:18', 1, 1),
(330, 165, 'Peanut', 2, '2020-09-06 00:56:18', '2020-09-06 00:56:18', 1, 1),
(331, 166, 'Honey', 1, '2020-09-06 01:16:56', '2020-09-06 01:16:56', 1, 1),
(332, 166, 'Honey', 2, '2020-09-06 01:16:56', '2020-09-06 01:16:56', 1, 1),
(333, 167, 'Panda', 1, '2020-09-06 01:17:42', '2020-09-06 01:17:42', 1, 1),
(334, 167, 'Panda', 2, '2020-09-06 01:17:42', '2020-09-06 01:17:42', 1, 1),
(335, 168, 'Twix', 1, '2020-09-06 01:57:52', '2020-09-06 01:57:52', 1, 1),
(336, 168, 'Twix', 2, '2020-09-06 01:57:52', '2020-09-06 01:57:52', 1, 1);

-- --------------------------------------------------------

--
-- Table structure for table `tax_shipment_charges`
--

CREATE TABLE `tax_shipment_charges` (
  `TaxShipmentChargesID` int(11) NOT NULL,
  `ChargesType` enum('Tax','Shipment') NOT NULL DEFAULT 'Tax',
  `Amount` double NOT NULL,
  `Type` enum('Fixed','Percentage') NOT NULL DEFAULT 'Fixed',
  `Image` varchar(255) NOT NULL,
  `SortOrder` int(11) NOT NULL,
  `Hide` tinyint(4) NOT NULL,
  `IsActive` tinyint(4) NOT NULL,
  `IsDefault` int(11) NOT NULL COMMENT 'Only to be used for shipment methods',
  `CreatedAt` datetime NOT NULL,
  `UpdatedAt` datetime NOT NULL,
  `CreatedBy` int(11) NOT NULL,
  `UpdatedBy` int(11) NOT NULL
) ENGINE=MyISAM DEFAULT CHARSET=utf8;

--
-- Dumping data for table `tax_shipment_charges`
--

INSERT INTO `tax_shipment_charges` (`TaxShipmentChargesID`, `ChargesType`, `Amount`, `Type`, `Image`, `SortOrder`, `Hide`, `IsActive`, `IsDefault`, `CreatedAt`, `UpdatedAt`, `CreatedBy`, `UpdatedBy`) VALUES
(2, 'Tax', 15, 'Percentage', '', 1, 0, 1, 0, '2019-02-28 14:45:36', '2020-10-26 12:45:50', 1, 1),
(8, 'Shipment', 40, 'Fixed', '', 2, 0, 1, 0, '2020-06-25 12:22:35', '2020-12-01 13:51:42', 1, 1);

-- --------------------------------------------------------

--
-- Table structure for table `tax_shipment_charges_text`
--

CREATE TABLE `tax_shipment_charges_text` (
  `TaxShipmentChargesTextID` int(11) NOT NULL,
  `TaxShipmentChargesID` int(11) NOT NULL,
  `Title` varchar(255) NOT NULL,
  `Description` text NOT NULL,
  `Notes` text DEFAULT NULL,
  `SystemLanguageID` int(11) NOT NULL,
  `CreatedAt` datetime NOT NULL,
  `UpdatedAt` datetime NOT NULL,
  `CreatedBy` int(11) NOT NULL,
  `UpdatedBy` int(11) NOT NULL
) ENGINE=MyISAM DEFAULT CHARSET=utf8;

--
-- Dumping data for table `tax_shipment_charges_text`
--

INSERT INTO `tax_shipment_charges_text` (`TaxShipmentChargesTextID`, `TaxShipmentChargesID`, `Title`, `Description`, `Notes`, `SystemLanguageID`, `CreatedAt`, `UpdatedAt`, `CreatedBy`, `UpdatedBy`) VALUES
(4, 2, 'رسوم الشحن نوع 1', 'This is VAT', 'رسوم الشحن نوع 1', 2, '2019-02-28 14:45:55', '2020-10-26 12:46:07', 1, 1),
(3, 2, 'VAT ', 'This is VAT', 'demo notes', 1, '2019-02-28 14:45:36', '2020-10-26 12:45:50', 1, 1),
(15, 8, 'Express', 'please is you live out side Jeddah consider 2 days', 'demo text', 1, '2020-06-25 12:22:35', '2020-12-01 13:51:42', 1, 1),
(16, 8, 'Long Distance', 'please is you live out side Jeddah consider 2 days', 'رسوم الشحن نوع 1', 2, '2020-06-25 12:22:35', '2020-10-26 12:46:45', 1, 1);

-- --------------------------------------------------------

--
-- Table structure for table `temp_orders`
--

CREATE TABLE `temp_orders` (
  `TempOrderID` int(11) NOT NULL,
  `UserID` int(11) NOT NULL,
  `ProductID` int(11) NOT NULL COMMENT 'If ItemType is product then this column has Product ID else if ItemType column has Collection then its Collection ID',
  `Quantity` float NOT NULL,
  `TempItemPrice` decimal(10,2) NOT NULL,
  `ItemType` enum('Product','Collection','Choco Box','Choco Message','Choco Shape') NOT NULL,
  `CustomizedOrderProductIDs` text NOT NULL COMMENT 'It will only be having values in case of choco box and choco msg',
  `CustomizedShapeImage` text NOT NULL COMMENT 'This will be having value if Item Type is customized shape',
  `CustomizedBoxID` int(11) NOT NULL COMMENT 'This will be having values only for choco message and choco box item types',
  `BoxPrintable` text NOT NULL,
  `IsCorporateItem` int(11) NOT NULL,
  `Ribbon` text NOT NULL,
  `Wrapping` text NOT NULL,
  `Fillings` text NOT NULL,
  `FillColor` text NOT NULL,
  `PowderColor` text NOT NULL,
  `content_type_id` text NOT NULL,
  `content_type_sub_id` text NOT NULL,
  `content_text` text NOT NULL,
  `content_type_sub_image_id` text NOT NULL,
  `Package` int(11) DEFAULT NULL,
  `Weight` double DEFAULT NULL,
  `DiscountType` text NOT NULL,
  `Discount` decimal(10,2) NOT NULL
) ENGINE=MyISAM DEFAULT CHARSET=latin1;

--
-- Dumping data for table `temp_orders`
--

INSERT INTO `temp_orders` (`TempOrderID`, `UserID`, `ProductID`, `Quantity`, `TempItemPrice`, `ItemType`, `CustomizedOrderProductIDs`, `CustomizedShapeImage`, `CustomizedBoxID`, `BoxPrintable`, `IsCorporateItem`, `Ribbon`, `Wrapping`, `Fillings`, `FillColor`, `PowderColor`, `content_type_id`, `content_type_sub_id`, `content_text`, `content_type_sub_image_id`, `Package`, `Weight`, `DiscountType`, `Discount`) VALUES
(1, 1589925017, 725, 2, '33.00', 'Product', '', '', 0, '', 0, '', '', '', '', '', '', '', '', '', NULL, NULL, '', '0.00'),
(88, 1590262780, 683, 1, '166.00', 'Product', '', '', 0, '', 0, '', '', '', '', '', '', '', '', '', NULL, NULL, '', '0.00'),
(11, 107, 724, 1, '148.00', 'Product', '', '', 0, '', 0, '', '', '', '', '', '', '', '', '', NULL, NULL, '', '0.00'),
(17, 109, 725, 10, '33.00', 'Product', '', '', 0, '', 0, '', '', '', '', '', '', '', '', '', NULL, NULL, '', '0.00'),
(61, 1591870729, 724, 6, '148.00', 'Product', '', '', 0, '', 0, '', '', '', '', '', '', '', '', '', NULL, NULL, '', '0.00'),
(19, 110, 786, 1, '133.33', 'Product', '', '', 0, '', 0, '', '', '', '', '', '', '', '', '', NULL, NULL, '', '0.00'),
(20, 110, 763, 2, '9.52', 'Product', '', '', 0, '', 0, '', '', '', '', '', '', '', '', '', NULL, NULL, '', '0.00'),
(38, 1592405555, 729, 1, '38.00', 'Product', '', '', 0, '', 0, '', '', '', '', '', '', '', '', '', NULL, NULL, '', '0.00'),
(25, 111, 667, 2, '114.00', 'Product', '', '', 0, '', 0, '', '', '', '', '', '', '', '', '', NULL, NULL, '', '0.00'),
(42, 1592818766, 681, 0.25, '166.00', 'Product', '', '', 0, '', 0, '', '', '', '', '', '', '', '', '', NULL, NULL, '', '0.00'),
(33, 1590348794, 658, 1.75, '133.00', 'Product', '', '', 0, '', 0, '', '', '', '', '', '', '', '', '', NULL, NULL, '', '0.00'),
(91, 1597658514, 781, 0.25, '76.19', 'Product', '', '', 0, '', 0, '', '', '', '', '', '', '', '', '', NULL, NULL, '', '0.00'),
(64, 1594740750, 725, 1, '33.00', 'Product', '', '', 0, '', 0, '', '', '', '', '', '', '', '', '', NULL, NULL, '', '0.00'),
(85, 395, 724, 1, '175.00', 'Product', '', '', 0, '', 0, '', '', '', '', '', '', '', '', '', NULL, NULL, '', '0.00'),
(84, 1595954881, 742, 1, '95.00', 'Product', '', '', 0, '', 0, '', '', '', '', '', '', '', '', '', NULL, NULL, '', '0.00'),
(90, 1598875716, 724, 1, '175.00', 'Product', '', '', 0, '', 0, '', '', '', '', '', '', '', '', '', NULL, NULL, '', '0.00'),
(92, 413, 737, 1, '71.00', 'Product', '', '', 0, '', 0, '', '', '', '', '', '', '', '', '', NULL, NULL, '', '0.00'),
(93, 1597972906, 738, 1, '86.00', 'Product', '', '', 0, '', 0, '', '', '', '', '', '', '', '', '', NULL, NULL, '', '0.00'),
(94, 1597946450, 737, 1, '71.00', 'Product', '', '', 0, '', 0, '', '', '', '', '', '', '', '', '', NULL, NULL, '', '0.00'),
(98, 1590348794, 739, 1, '171.00', 'Product', '', '', 0, '', 0, '', '', '', '', '', '', '', '', '', NULL, NULL, '', '0.00'),
(97, 1598350366, 724, 1, '175.00', 'Product', '', '', 0, '', 0, '', '', '', '', '', '', '', '', '', NULL, NULL, '', '0.00'),
(100, 1598875716, 800, 14, '35.87', 'Product', '', '', 0, '', 0, '', '', '', '', '', '', '', '', '', 499, NULL, '', '0.00'),
(106, 1598875716, 800, 2, '35.87', 'Product', '', '', 0, '', 0, '', '', '', '', '', '', '', '', '', 499, NULL, '', '0.00'),
(107, 1598875716, 930, 4, '152.17', 'Product', '', '', 0, '', 0, '', '', '', '', '', '', '', '', '', 0, NULL, '', '0.00'),
(117, 1598875716, 884, 2, '47.83', 'Product', '', '', 0, '', 0, '', '', '', '', '', '', '', '', '', 202, NULL, '', '0.00'),
(118, 1594740750, 823, 1, '35.87', 'Product', '', '', 0, '', 0, '', '', '', '', '', '', '', '', '', 403, NULL, '', '0.00'),
(115, 1598875716, 823, 1, '35.87', 'Product', '', '', 0, '', 0, '', '', '', '', '', '', '', '', '', 403, NULL, '', '0.00'),
(114, 1598875716, 959, 5, '191.30', 'Product', '', '', 0, '', 0, '', '', '', '', '', '', '', '', '', 576, NULL, '', '0.00'),
(119, 1594740750, 799, 1, '35.87', 'Product', '', '', 0, '', 0, '', '', '', '', '', '', '', '', '', 478, NULL, '', '0.00'),
(120, 1594740750, 884, 1, '47.83', 'Product', '', '', 0, '', 0, '', '', '', '', '', '', '', '', '', 202, NULL, '', '0.00'),
(127, 1601902598, 798, 1, '35.87', 'Product', '', '', 0, '', 0, '', '', '', '', '', '', '', '', '', 481, NULL, '', '0.00'),
(122, 1593070927, 884, 4, '47.83', 'Product', '', '', 0, '', 0, '', '', '', '', '', '', '', '', '', 202, NULL, '', '0.00'),
(123, 1593070927, 933, 3, '69.57', 'Product', '', '', 0, '', 0, '', '', '', '', '', '', '', '', '', 0, NULL, '', '0.00'),
(128, 1601728207, 913, 1, '43.48', 'Product', '', '', 0, '', 0, '', '', '', '', '', '', '', '', '', 94, NULL, '', '0.00'),
(129, 1601276551, 798, 1, '35.87', 'Product', '', '', 0, '', 0, '', '', '', '', '', '', '', '', '', 481, NULL, '', '0.00'),
(130, 1602075885, 863, 1, '52.18', 'Product', '', '', 0, '', 0, '', '', '', '', '', '', '', '', '', 271, NULL, '', '0.00'),
(181, 1607318526, 800, 1, '143.48', 'Product', '', '', 0, '', 0, '', '', '', '', '', '', '', '', '', 717, NULL, '', '0.00'),
(269, 1623752844, 0, 1, '62.00', 'Choco Message', '4,6,6,4,4,6,6,5,5,5', '', 8, '', 0, '1', '', '', '', '', '', '', '', '', NULL, NULL, '', '0.00'),
(270, 1623752844, 0, 1, '50.00', 'Choco Box', '799,799,799,799,798,798,798,798,797,797,797,797,797,797', '', 6, '1', 0, '2', '6', '', '', '', '2', '13', '', '3806', NULL, NULL, '', '0.00'),
(259, 395, 0, 1, '767.40', 'Choco Box', '798,798,798,798,798', '', 3, '1', 0, '1', '5', '', '', '', '3', '13', '', '3806', NULL, NULL, '', '0.00'),
(252, 1617628658, 931, 1, '86.96', 'Product', '', '', 0, '', 0, '', '', '', '', '', '', '', '', '', 0, 0, '', '0.00'),
(253, 395, 943, 1, '173.91', 'Product', '', '', 0, '', 0, '', '', '', '', '', '', '', '', '', 0, 0, '', '0.00'),
(258, 395, 0, 1, '2315.68', 'Choco Box', '798,798,798,798,798,798,798,798,798,798,798,798,798,798,798,798', '', 10, '', 0, '', '', '', '', '', '', '', '', '', NULL, NULL, '', '0.00'),
(267, 1598426908, 0, 1, '30.00', 'Choco Shape', '2', 'uploads/images/5793831308720210615114327square.png', 0, '', 0, '', '6', '5', '4', '2', '4', '16', 'Happy', '', NULL, NULL, '', '0.00'),
(265, 1, 0, 1, '70.00', 'Choco Message', '4,4,4,4,4,6,6,6,6,6,6,5,5,5,5,5', '', 8, '', 0, '1', '', '', '', '', '', '', '', '', NULL, NULL, '', '0.00'),
(266, 1623752844, 0, 1, '351.00', 'Choco Message', '4,6,4,4,4,4,4,4,4,4,4,4,4,4,4,4,4,6,6,6,6,6,6,6,6,6,5,5,5,5', '', 13, '', 0, '1', '', '', '', '', '', '', '', '', NULL, NULL, '', '0.00'),
(264, 1, 930, 1, '80.00', 'Product', '', '', 0, '', 0, '', '', '', '', '', '', '', '', '', 0, 0, '', '0.00'),
(271, 1623752844, 0, 1, '30.00', 'Choco Shape', '2', 'uploads/images/5793831308720210615114327square.png', 0, '', 0, '', '6', '3', '3', '1', '4', '16', 'waqar', '', NULL, NULL, '', '0.00');

-- --------------------------------------------------------

--
-- Table structure for table `tickets`
--

CREATE TABLE `tickets` (
  `TicketID` int(11) NOT NULL,
  `OrderID` int(11) NOT NULL,
  `TicketNumber` varchar(255) NOT NULL,
  `IsClosed` int(11) NOT NULL COMMENT '0 means ongoing, 1 means closed ticket, 2 means reopened',
  `CreatedAt` datetime NOT NULL
) ENGINE=MyISAM DEFAULT CHARSET=latin1;

-- --------------------------------------------------------

--
-- Table structure for table `ticket_comments`
--

CREATE TABLE `ticket_comments` (
  `CommentID` int(11) NOT NULL,
  `TicketID` int(11) NOT NULL,
  `UserID` int(11) NOT NULL,
  `Message` text CHARACTER SET utf8 NOT NULL,
  `IsRead` int(11) NOT NULL,
  `CreatedAt` datetime NOT NULL
) ENGINE=MyISAM DEFAULT CHARSET=latin1;

-- --------------------------------------------------------

--
-- Table structure for table `users`
--

CREATE TABLE `users` (
  `UserID` int(11) NOT NULL,
  `RoleID` int(11) NOT NULL,
  `StoreID` int(11) NOT NULL,
  `SocialID` varchar(100) NOT NULL,
  `FromSocial` varchar(100) NOT NULL,
  `Mobile` varchar(255) NOT NULL,
  `CityID` int(11) DEFAULT NULL,
  `DistrictID` text NOT NULL,
  `UserType` enum('','individual','company') NOT NULL,
  `Code` int(4) NOT NULL,
  `Email` varchar(255) NOT NULL,
  `Gender` enum('Male','Female') DEFAULT NULL,
  `SecondaryEmail` varchar(255) NOT NULL,
  `CompressedImage` varchar(255) NOT NULL,
  `Password` varchar(255) NOT NULL,
  `DateOfBirth` date DEFAULT NULL,
  `Image` varchar(500) NOT NULL,
  `DeviceType` varchar(50) NOT NULL,
  `DeviceToken` varchar(255) NOT NULL,
  `Hide` tinyint(4) NOT NULL DEFAULT 0,
  `IsActive` tinyint(4) NOT NULL DEFAULT 1,
  `IsMobileVerified` tinyint(4) NOT NULL DEFAULT 0,
  `Notification` enum('on','off') NOT NULL DEFAULT 'on',
  `OnlineStatus` enum('Offline','Online') NOT NULL DEFAULT 'Offline',
  `LastUnsuccessfulLogin` datetime NOT NULL,
  `TempUserKey` text NOT NULL,
  `CompanyName` varchar(255) NOT NULL,
  `LoyaltyPoints` int(11) NOT NULL,
  `TermsAccepted` tinyint(4) NOT NULL,
  `SortOrder` int(11) NOT NULL,
  `PreferredLang` tinyint(1) NOT NULL DEFAULT 0,
  `CreatedAt` varchar(255) NOT NULL,
  `CreatedBy` int(11) NOT NULL,
  `UpdatedAt` varchar(255) NOT NULL,
  `UpdatedBy` int(11) NOT NULL
) ENGINE=InnoDB DEFAULT CHARSET=utf8;

--
-- Dumping data for table `users`
--

INSERT INTO `users` (`UserID`, `RoleID`, `StoreID`, `SocialID`, `FromSocial`, `Mobile`, `CityID`, `DistrictID`, `UserType`, `Code`, `Email`, `Gender`, `SecondaryEmail`, `CompressedImage`, `Password`, `DateOfBirth`, `Image`, `DeviceType`, `DeviceToken`, `Hide`, `IsActive`, `IsMobileVerified`, `Notification`, `OnlineStatus`, `LastUnsuccessfulLogin`, `TempUserKey`, `CompanyName`, `LoyaltyPoints`, `TermsAccepted`, `SortOrder`, `PreferredLang`, `CreatedAt`, `CreatedBy`, `UpdatedAt`, `UpdatedBy`) VALUES
(1, 1, 0, '', '', '', 1, '', '', 0, 'admin@chocomood.com', '', '', '', '34538b63b3e05294bea1b40178aeac18', '2020-11-23', '', '', '', 0, 1, 1, 'on', 'Offline', '2021-04-12 09:51:56', '', '', 5000, 0, 0, 0, '1543388192', 0, '2022-07-28 15:28:56', 1),
(71, 5, 0, '', '', '541579273', 1337, '', '', 0, 'developer@henka.com.sa', NULL, '', '', '1962d48467ec5d9dcfa1018795a04fac', '2020-11-23', '', '', '', 0, 1, 1, 'on', 'Offline', '2021-08-06 10:07:51', '1617214783', '', 0, 1, 0, 1, '', 0, '2021-06-02 07:43:09', 0),
(98, 4, 4, '', '', '+966530068484', 1344, '', '', 0, 'Abdelrahim_md@chocomood.com', NULL, '', '', '34538b63b3e05294bea1b40178aeac18', '2020-11-23', '', '', '', 0, 1, 0, 'on', 'Offline', '2020-10-07 17:13:14', '', '', 0, 0, 4, 0, '2020-05-15 21:27:09', 1, '2020-05-15 22:30:58', 1),
(99, 4, 6, '', '', '+966553131125', 1339, '', '', 0, 'Omar_har@chocomood.com', NULL, '', '', 'b682ecc931ad5903ca9da5581a6def24', '2020-11-23', '', '', '', 0, 1, 0, 'on', 'Offline', '2020-10-07 17:13:14', '', '', 0, 0, 5, 0, '2020-05-15 21:33:32', 1, '2020-05-15 22:31:30', 1),
(100, 4, 5, '', '', '+966539223444', 1339, '', '', 0, 'Abdallah_shq@chocomood.com', NULL, '', '', '262c05655d1795da9fff3b19becaeca0', '2020-11-23', '', '', '', 0, 1, 0, 'on', 'Offline', '2020-10-07 17:13:14', '', '', 0, 0, 6, 0, '2020-05-15 21:36:31', 1, '2020-05-15 22:31:56', 1),
(102, 4, 3, '', '', '+966535390400', 1337, '', '', 0, 'Rasha_hm@chocomood.com', NULL, '', '', '37bc4da7303621ac56215935bf20f6a1', '2020-11-23', '', '', '', 0, 1, 0, 'on', 'Offline', '2020-10-07 17:13:14', '', '', 0, 0, 7, 0, '2020-05-15 21:41:15', 1, '2020-05-15 22:32:15', 1),
(103, 4, 2, '', '', '+966530067272', 1337, '', '', 0, 'abdelrahman_pl@Chocomood.com', NULL, '', '', '1d9a0329e8d1158a3cab788a0befbecf', '2020-11-23', '', '', '', 0, 1, 0, 'on', 'Offline', '2020-10-07 17:13:14', '', '', 0, 0, 8, 0, '2020-05-15 21:42:53', 1, '2020-05-21 22:38:45', 1),
(104, 5, 0, '', '', '+966507149517', 1337, '', '', 0, 'elsakkaa@gmail.com', NULL, '', '', '25d55ad283aa400af464c76d713c07ad', '2020-11-23', '', '', '', 0, 1, 1, 'on', 'Offline', '2020-10-07 17:13:14', '1590070614', '', 0, 0, 0, 0, '', 0, '', 0),
(107, 5, 0, '', '', '+966507149517', 1337, '', '', 0, 'elsakkaa@gmail.com', NULL, '', '', '25d55ad283aa400af464c76d713c07ad', '2020-11-23', '', '', '', 0, 1, 1, 'on', 'Offline', '2020-10-07 17:13:14', '1590058948', '', 0, 0, 0, 0, '', 0, '', 0),
(108, 5, 0, '', '', '+966564017479', 1337, '', '', 0, 'a_y_badri@hotmail.com', NULL, '', '', '63acca61b24973e718746dd716a3fb0d', '2020-11-23', '', '', '', 0, 1, 1, 'on', 'Offline', '2020-10-07 17:13:14', '1590065812', '', 0, 0, 0, 0, '', 0, '', 0),
(110, 5, 0, '', '', '+966591820892', 1337, '', '', 0, 'rooz-adoor@hotmail.com', NULL, '', '', 'a955c3eac1838cf392577a8a681a0ac5', '2020-11-23', '', '', '', 0, 1, 1, 'on', 'Offline', '2020-10-07 17:13:14', '1590256196', '', 0, 0, 0, 0, '', 0, '', 0),
(395, 5, 0, '', '', '+966530201201', 1337, '', '', 0, 'hkh1414@hotmail.com', NULL, '', '', 'e10adc3949ba59abbe56e057f20f883e', '2020-11-23', '', '', '', 0, 1, 1, 'on', 'Offline', '2021-06-15 15:19:38', '1623759884', '', 0, 1, 0, 0, '', 0, '2021-06-15 16:52:03', 0),
(404, 3, 1, '', '', '+966583177115', 1337, '0,49638,49733,49642,49738,49646,49744,49652,49748,49656,49754,49663,49759,49667,49766,49672,49775,49676,49781,49681,49785,49686,49789,49690,49794,49696,49798,49700,49802,49704,49873,49711,49717,49616,49721,49629,49725,49633,49729,49730,49639,49734,49643,4', '', 0, 'ali@chocomood.com', NULL, '', '', '25d55ad283aa400af464c76d713c07ad', '2020-11-23', '', '', '', 0, 1, 0, 'on', 'Offline', '2020-10-07 17:13:14', '', '', 0, 0, 9, 0, '2020-07-16 12:56:16', 1, '2020-09-29 22:52:49', 1),
(405, 5, 0, '', '', '+966562772920', 1337, '', '', 0, 'abadyjoyo@gmail.com', NULL, '', '', '4da77ff633c2abe795d4ff8c34f35338', '2020-11-23', '', '', '', 0, 1, 1, 'on', 'Offline', '2020-10-07 17:13:14', '1595426459', '', 0, 0, 0, 0, '', 0, '', 0),
(412, 5, 0, '', '', '557607407', 1337, '', '', 0, 'az.azz15@yahoo.com', NULL, '', '', 'f2f5d434b95d922cbe987ac1fb454688', '2020-11-23', '', '', '', 0, 1, 1, 'on', 'Offline', '2020-10-07 17:13:14', '1598875716', '', 0, 0, 0, 0, '', 0, '2020-10-05 11:55:45', 0),
(413, 5, 0, '', '', '+966533003112', 1344, '', '', 0, 'maryiahamdan121@hotmail.com', NULL, '', '', 'e106df1b16b2ab54c111e432e5d399ed', '2020-11-23', '', '', '', 0, 1, 1, 'on', 'Offline', '2020-10-07 17:13:14', '1597937805', '', 0, 0, 0, 0, '', 0, '', 0),
(414, 5, 0, '', '', '+966504775610', 1337, '', '', 0, 'esamanae@gmail.com', NULL, '', '', '25d55ad283aa400af464c76d713c07ad', '2020-11-23', '', '', '', 0, 1, 1, 'on', 'Offline', '2020-10-07 17:13:14', '1598639451', '', 0, 0, 0, 0, '', 0, '', 0),
(415, 5, 0, '', '', '+966538171329', 1337, '', '', 0, 'aboode120@yahoo.com', NULL, '', '', '05a3699379b0a4f50cc0bb28e888ba52', '2020-11-23', '', '', '', 0, 1, 1, 'on', 'Offline', '2020-10-07 17:13:14', '1593070927', '', 0, 0, 0, 1, '', 0, '2020-09-27 12:50:30', 0),
(416, 5, 0, '', '', '+966508074066', 1337, '', '', 0, 'rami@henka.com.sa', NULL, '', '', '560970c7a82523f66d4977d02db20dcc', '2020-11-23', '', '', '', 0, 1, 1, 'on', 'Offline', '2021-07-26 15:30:52', '1601728207', '', 0, 0, 0, 1, '', 0, '2020-10-05 12:34:51', 0),
(417, 5, 0, '', '', '+966531610061', 1337, '', '', 0, 'tariqh_2000@yahoo.com', NULL, '', '', '25d55ad283aa400af464c76d713c07ad', '2020-11-23', '', '', '', 0, 1, 1, 'on', 'Offline', '2020-10-07 17:13:14', '1601460307', '', 0, 0, 0, 0, '', 0, '2020-09-30 15:16:38', 0),
(418, 4, 1, '', '', '0530067474', 1337, '', '', 0, 'Samar_sul@chocomood.com', NULL, '', '', '34538b63b3e05294bea1b40178aeac18', '2020-11-23', '', '', '', 0, 1, 0, 'on', 'Offline', '2020-10-07 17:13:14', '', '', 0, 0, 1, 0, '2020-09-30 16:07:25', 1, '2021-02-15 10:46:03', 1),
(419, 4, 1, '', '', '0530067474', 1337, '', '', 0, 'Tagreed_sul@chocomood.com', NULL, '', '', '90033dabbdbd9b4932407f8a4332193e', '2020-11-23', '', '', '', 0, 1, 0, 'on', 'Offline', '2020-10-07 17:13:14', '', '', 0, 0, 2, 0, '2020-09-30 16:09:15', 1, '2020-09-30 16:09:19', 1),
(420, 4, 2, '', '', '0530067272', 1337, '', '', 0, 'Abdalrahman_pal@chocomood.com', NULL, '', '', '1d9a0329e8d1158a3cab788a0befbecf', '2020-11-23', '', '', '', 0, 1, 0, 'on', 'Offline', '2020-10-07 17:13:14', '', '', 0, 0, 3, 0, '2020-09-30 16:11:33', 1, '2020-09-30 16:11:38', 1),
(421, 4, 3, '', '', '0535390400', 1337, '', '', 0, 'Rasha_hmd@chocomood.com', NULL, '', '', '37bc4da7303621ac56215935bf20f6a1', '2020-11-23', '', '', '', 0, 1, 0, 'on', 'Offline', '2020-10-07 17:13:14', '', '', 0, 0, 4, 0, '2020-09-30 16:13:46', 1, '2020-09-30 16:13:51', 1),
(422, 4, 0, '', '', '0553131125', 1339, '', '', 0, 'Omer_shq_shr@chocomood.com', NULL, '', '', 'f450793bda8494e9e49eca05bc91f1db', '2020-11-23', '', '', '', 0, 1, 0, 'on', 'Offline', '2020-10-07 17:13:14', '', '', 0, 0, 5, 0, '2020-09-30 16:17:07', 1, '2020-10-04 14:40:50', 1),
(423, 3, 1, '', '', '0562772920', 1337, '49675,49780,49680,49784,49688,49791,49693,49796,49698,49800,49702,49806,49707,49713,49608,49719,49627,49723,49631,49727,49635,49731,49640,49735,49644,49741,49650,49746,49654,49752,49660,49756,49665,49763,49669,49769,49674,49779,49678,49783,49684,49787', '', 0, 'Abdalrahman_drv@chocomood.com', NULL, '', '', '25d55ad283aa400af464c76d713c07ad', '2020-11-23', '', '', '', 0, 1, 0, 'on', 'Offline', '2020-10-07 17:13:14', '', '', 0, 0, 6, 0, '2020-10-04 14:49:48', 1, '2020-11-30 14:25:40', 1),
(424, 3, 5, '', '', '0562133172', 1339, '0,49839,49905,49894,49893,49892,49886,49885,49876,49875,49874,49872,49858,49851,49847,49846,49844,49841,49840,49820,49943,49944,49945,49946,49947,49948', '', 0, 'Omer_Drv@chocomood.com', NULL, '', '', 'f450793bda8494e9e49eca05bc91f1db', '2020-11-23', '', '', '', 0, 1, 0, 'on', 'Offline', '2020-10-07 17:13:14', '', '', 0, 0, 7, 0, '2020-10-04 14:53:24', 1, '2020-11-23 12:03:26', 1),
(425, 3, 0, '', '', '26564649784', 1344, '0,49614,49904,49897,49854,49815,49811,49810,49809,49764,49762,49761,49659,1395,49925,49926,49927,49956,49958,49959', '', 0, 'jed@test.conn', NULL, '', '', '25d55ad283aa400af464c76d713c07ad', NULL, '', '', '', 0, 1, 0, 'on', 'Offline', '0000-00-00 00:00:00', '', '', 0, 0, 8, 0, '2020-11-30 11:35:13', 1, '2020-11-30 11:49:02', 1),
(426, 3, 4, '', '', '9235415161', 1344, '49854', '', 0, 'lang@chocomood.com', NULL, '', '', '25d55ad283aa400af464c76d713c07ad', NULL, '', '', '', 0, 1, 0, 'on', 'Offline', '0000-00-00 00:00:00', '', '', 0, 0, 9, 0, '2020-12-08 14:58:19', 1, '2020-12-08 15:08:49', 1),
(427, 6, 10, '', '', '51531351', 1337, '', '', 0, 'admin_custom@chocomood.com', 'Male', '', '', '34538b63b3e05294bea1b40178aeac18', '2020-11-23', '', '', '', 0, 1, 1, 'on', 'Offline', '2021-02-11 13:46:33', '', '', 5000, 0, 0, 1, '1543388192', 0, '2021-02-18 08:46:49', 1);

-- --------------------------------------------------------

--
-- Table structure for table `users_text`
--

CREATE TABLE `users_text` (
  `UserTextID` int(11) NOT NULL,
  `UserID` int(11) NOT NULL,
  `FullName` varchar(255) NOT NULL,
  `Bio` text NOT NULL,
  `SystemLanguageID` int(11) NOT NULL
) ENGINE=InnoDB DEFAULT CHARSET=utf8;

--
-- Dumping data for table `users_text`
--

INSERT INTO `users_text` (`UserTextID`, `UserID`, `FullName`, `Bio`, `SystemLanguageID`) VALUES
(6, 1, 'Admin', '', 1),
(196, 64, 'Henka Developer', '', 1),
(208, 71, 'Henka Developer', '', 1),
(548, 395, 'Hamza Harbi', '', 1),
(578, 412, 'Mutaz Adam Daw elnour Musa', '', 1),
(582, 416, 'Rami Youssef Khalil', '', 1),
(584, 417, 'Tariq AlHarbi', '', 1),
(585, 418, 'Samar_Sultan', '', 1),
(586, 418, 'Samar_Sultan', '', 2),
(587, 419, 'Tagreed Sultan', '', 1),
(588, 419, 'Tagreed Sultan', '', 2),
(589, 420, 'Abdalrahman Palestine', '', 1),
(590, 420, 'Abdalrahman Palestine', '', 2),
(591, 421, 'Rasha Alhamdaniya', '', 1),
(592, 421, 'Rasha Alhamdaniya', '', 2),
(593, 422, 'Omer Alshoqiyah + Alsharayea', '', 1),
(594, 422, 'Omer Alshoqiyah + Alsharayea', '', 2),
(595, 423, 'Abdalrahman', '', 1),
(596, 423, 'Abdalrahman', '', 2),
(597, 424, 'Omer_Drv', '', 1),
(598, 424, 'Omer_Drv', '', 2),
(599, 425, 'driver', '', 1),
(600, 425, 'driver', '', 2),
(601, 426, 'lang', '', 1),
(602, 426, 'lang', '', 2),
(603, 427, 'Custom Store Admin', '', 2),
(604, 427, 'Custom Store Admin', '', 1);

-- --------------------------------------------------------

--
-- Table structure for table `user_address`
--

CREATE TABLE `user_address` (
  `AddressID` int(11) NOT NULL,
  `UserID` int(11) NOT NULL,
  `RecipientName` varchar(255) CHARACTER SET utf8 NOT NULL,
  `MobileNo` varchar(255) CHARACTER SET utf8 NOT NULL,
  `Email` varchar(255) NOT NULL,
  `CityID` int(11) NOT NULL,
  `DistrictID` int(11) NOT NULL,
  `BuildingNo` varchar(255) CHARACTER SET utf8 NOT NULL,
  `Street` varchar(255) CHARACTER SET utf8 NOT NULL,
  `POBox` varchar(255) CHARACTER SET utf8 NOT NULL,
  `ZipCode` varchar(255) CHARACTER SET utf8 NOT NULL,
  `Latitude` double NOT NULL,
  `Longitude` double NOT NULL,
  `AddressType` varchar(255) NOT NULL,
  `IsDefault` int(11) NOT NULL,
  `UseForPaymentCollection` int(11) NOT NULL
) ENGINE=MyISAM DEFAULT CHARSET=latin1;

--
-- Dumping data for table `user_address`
--

INSERT INTO `user_address` (`AddressID`, `UserID`, `RecipientName`, `MobileNo`, `Email`, `CityID`, `DistrictID`, `BuildingNo`, `Street`, `POBox`, `ZipCode`, `Latitude`, `Longitude`, `AddressType`, `IsDefault`, `UseForPaymentCollection`) VALUES
(27, 395, 'Hamza Harbi', '+966530201201', 'hkh1414@hotmail.com', 1337, 49722, '', '4539 عبدالرحمن بن خميس، حي الروضة، جدة 23432 7399، السعودية', '', '', 21.560972374805644, 39.16736766941771, 'Work', 1, 1),
(36, 417, 'Tariq AlHarbi', '531610061', 'tariqh_2000@yahoo.com', 1337, 49662, '', '6872 Al Andalus, Al Hamra District, Jeddah 23321 3243, Saudi Arabia', '', '', 21.526240792387572, 39.16231184106445, 'Work', 1, 1),
(33, 416, 'Rami Youssef Khalil', '+966508074066', 'rami@henak.com.sa', 1337, 49722, '', '6673 Prince Mutaib bin Abdulaziz Rd, As Safa District, Jeddah 23455 3586, Saudi Arabia', '', '', 21.585710555022757, 39.207280619364646, 'Home', 1, 1),
(37, 71, 'Henka Developer', '541579273', 'developer@henka.com.sa', 1344, 49659, '', '7255 بشر بن حنظله، Al Barakah, Medina 42333 2430, Saudi Arabia', '', '', 24.524688363180097, 39.56948718961868, 'Work', 1, 1);

-- --------------------------------------------------------

--
-- Table structure for table `user_notifications`
--

CREATE TABLE `user_notifications` (
  `UserNotificationID` int(11) NOT NULL,
  `UserID` int(11) NOT NULL,
  `NotificationType` varchar(255) NOT NULL,
  `NotificationTitleEn` varchar(255) CHARACTER SET utf8 NOT NULL,
  `NotificationTextEn` text CHARACTER SET utf16 NOT NULL,
  `NotificationTitleAr` varchar(255) CHARACTER SET utf8 NOT NULL,
  `NotificationTextAr` text CHARACTER SET utf8 NOT NULL,
  `BookingID` int(11) NOT NULL,
  `NotificationCreatedAt` varchar(255) NOT NULL
) ENGINE=MyISAM DEFAULT CHARSET=latin1;

-- --------------------------------------------------------

--
-- Table structure for table `user_wishlist`
--

CREATE TABLE `user_wishlist` (
  `WishlistID` int(11) NOT NULL,
  `UserID` int(11) NOT NULL,
  `ItemID` int(11) NOT NULL,
  `ItemType` varchar(255) NOT NULL
) ENGINE=MyISAM DEFAULT CHARSET=latin1;

--
-- Dumping data for table `user_wishlist`
--

INSERT INTO `user_wishlist` (`WishlistID`, `UserID`, `ItemID`, `ItemType`) VALUES
(17, 75, 724, 'Product'),
(16, 75, 704, 'Product'),
(15, 71, 724, 'Product'),
(14, 86, 652, 'Product'),
(12, 75, 759, 'Product'),
(11, 94, 764, 'Product'),
(18, 75, 726, 'Product'),
(19, 105, 661, 'Product'),
(20, 105, 644, 'Product'),
(21, 105, 653, 'Product'),
(22, 415, 800, 'Product'),
(24, 71, 800, 'kg');

-- --------------------------------------------------------

--
-- Table structure for table `wrappings`
--

CREATE TABLE `wrappings` (
  `WrappingID` int(11) NOT NULL,
  `WrappingPrice` decimal(10,2) NOT NULL,
  `WrappingSKU` varchar(255) DEFAULT NULL,
  `WrappingInventory` int(11) NOT NULL,
  `WrappingImage` text NOT NULL,
  `SortOrder` int(11) NOT NULL,
  `Hide` tinyint(4) NOT NULL,
  `IsActive` tinyint(4) NOT NULL,
  `CreatedAt` datetime NOT NULL,
  `UpdatedAt` datetime NOT NULL,
  `CreatedBy` int(11) NOT NULL,
  `UpdatedBy` int(11) NOT NULL
) ENGINE=MyISAM DEFAULT CHARSET=utf8;

--
-- Dumping data for table `wrappings`
--

INSERT INTO `wrappings` (`WrappingID`, `WrappingPrice`, `WrappingSKU`, `WrappingInventory`, `WrappingImage`, `SortOrder`, `Hide`, `IsActive`, `CreatedAt`, `UpdatedAt`, `CreatedBy`, `UpdatedBy`) VALUES
(5, '20.00', 'RB-112', 0, 'uploads/images/9219208845820210320064819WhatsApp_Image_2021-03-20_at_6.18.12_PM.jpeg', 2, 0, 0, '2020-12-17 11:24:23', '2021-06-15 16:51:45', 1, 1),
(6, '10.00', '520', 50, 'uploads/images/4737756706720210320061420WhatsApp_Image_2021-03-20_at_6.18.13_PM.jpeg', 3, 0, 1, '2021-01-18 17:10:27', '2021-06-18 17:17:07', 1, 1);

-- --------------------------------------------------------

--
-- Table structure for table `wrappings_text`
--

CREATE TABLE `wrappings_text` (
  `WrappingTextID` int(11) NOT NULL,
  `WrappingID` int(11) NOT NULL,
  `Title` varchar(255) NOT NULL,
  `SystemLanguageID` int(11) NOT NULL,
  `CreatedAt` datetime NOT NULL,
  `UpdatedAt` datetime NOT NULL,
  `CreatedBy` int(11) NOT NULL,
  `UpdatedBy` int(11) NOT NULL
) ENGINE=MyISAM DEFAULT CHARSET=utf8;

--
-- Dumping data for table `wrappings_text`
--

INSERT INTO `wrappings_text` (`WrappingTextID`, `WrappingID`, `Title`, `SystemLanguageID`, `CreatedAt`, `UpdatedAt`, `CreatedBy`, `UpdatedBy`) VALUES
(9, 5, 'test', 1, '2020-12-17 11:24:23', '2021-06-15 16:51:45', 1, 1),
(10, 5, 'test', 2, '2020-12-17 11:24:23', '2020-12-17 11:24:23', 1, 1),
(11, 6, 'Test Wrap', 1, '2021-01-18 17:10:27', '2021-06-18 17:17:07', 1, 1),
(12, 6, 'Test Wrap', 2, '2021-01-18 17:10:27', '2021-01-18 17:10:27', 1, 1);

--
-- Indexes for dumped tables
--

--
-- Indexes for table `admin_stores`
--
ALTER TABLE `admin_stores`
  ADD PRIMARY KEY (`admin_store_id`);

--
-- Indexes for table `boxes`
--
ALTER TABLE `boxes`
  ADD PRIMARY KEY (`BoxID`);

--
-- Indexes for table `boxes_text`
--
ALTER TABLE `boxes_text`
  ADD PRIMARY KEY (`BoxTextID`),
  ADD KEY `boxes_text_BoxID_fk` (`BoxID`);

--
-- Indexes for table `boxes_type`
--
ALTER TABLE `boxes_type`
  ADD PRIMARY KEY (`BoxTypeID`);

--
-- Indexes for table `box_categories`
--
ALTER TABLE `box_categories`
  ADD PRIMARY KEY (`BoxCategoryID`);

--
-- Indexes for table `box_categories_text`
--
ALTER TABLE `box_categories_text`
  ADD PRIMARY KEY (`BoxCategoryTextID`),
  ADD KEY `box_categories_text_BoxCategoryID_fk` (`BoxCategoryID`);

--
-- Indexes for table `brands`
--
ALTER TABLE `brands`
  ADD PRIMARY KEY (`brand_id`);

--
-- Indexes for table `brands_text`
--
ALTER TABLE `brands_text`
  ADD PRIMARY KEY (`brand_text_id`);

--
-- Indexes for table `categories`
--
ALTER TABLE `categories`
  ADD PRIMARY KEY (`CategoryID`);

--
-- Indexes for table `categories_text`
--
ALTER TABLE `categories_text`
  ADD PRIMARY KEY (`CategoryTextID`),
  ADD KEY `categories_text_CategoryID_fk` (`CategoryID`);

--
-- Indexes for table `cities`
--
ALTER TABLE `cities`
  ADD PRIMARY KEY (`CityID`);

--
-- Indexes for table `cities_text`
--
ALTER TABLE `cities_text`
  ADD PRIMARY KEY (`CityTextID`),
  ADD KEY `FK_cities_text` (`CityID`);

--
-- Indexes for table `collections`
--
ALTER TABLE `collections`
  ADD PRIMARY KEY (`CollectionID`);

--
-- Indexes for table `collections_text`
--
ALTER TABLE `collections_text`
  ADD PRIMARY KEY (`CollectionTextID`),
  ADD KEY `collections_text_CollectionID_fk` (`CollectionID`);

--
-- Indexes for table `collection_ratings`
--
ALTER TABLE `collection_ratings`
  ADD PRIMARY KEY (`CollectionRatingID`);

--
-- Indexes for table `collection_reviews`
--
ALTER TABLE `collection_reviews`
  ADD PRIMARY KEY (`CollectionReviewID`);

--
-- Indexes for table `contact_requests`
--
ALTER TABLE `contact_requests`
  ADD PRIMARY KEY (`ContactRequestID`);

--
-- Indexes for table `coupons`
--
ALTER TABLE `coupons`
  ADD PRIMARY KEY (`CouponID`);

--
-- Indexes for table `coupons_text`
--
ALTER TABLE `coupons_text`
  ADD PRIMARY KEY (`CouponTextID`),
  ADD KEY `coupons_text_CouponID_fk` (`CouponID`);

--
-- Indexes for table `customer_groups`
--
ALTER TABLE `customer_groups`
  ADD PRIMARY KEY (`CustomerGroupID`);

--
-- Indexes for table `customer_group_members`
--
ALTER TABLE `customer_group_members`
  ADD PRIMARY KEY (`CustomerGroupMemberID`);

--
-- Indexes for table `customization_characters`
--
ALTER TABLE `customization_characters`
  ADD PRIMARY KEY (`CharacterID`);

--
-- Indexes for table `customizes`
--
ALTER TABLE `customizes`
  ADD PRIMARY KEY (`CustomizeID`);

--
-- Indexes for table `customizes_text`
--
ALTER TABLE `customizes_text`
  ADD PRIMARY KEY (`CustomizeTextID`),
  ADD KEY `customizes_text_CustomizeID_fk` (`CustomizeID`);

--
-- Indexes for table `delivery_stores`
--
ALTER TABLE `delivery_stores`
  ADD PRIMARY KEY (`delivery_store_id`);

--
-- Indexes for table `districts`
--
ALTER TABLE `districts`
  ADD PRIMARY KEY (`DistrictID`),
  ADD KEY `DistrictID` (`DistrictID`),
  ADD KEY `CityID` (`CityID`);

--
-- Indexes for table `districts_text`
--
ALTER TABLE `districts_text`
  ADD PRIMARY KEY (`DistrictTextID`),
  ADD KEY `DistrictID` (`DistrictID`),
  ADD KEY `DistrictTextID` (`DistrictTextID`);

--
-- Indexes for table `email_templates`
--
ALTER TABLE `email_templates`
  ADD PRIMARY KEY (`Email_templateID`);

--
-- Indexes for table `email_templates_text`
--
ALTER TABLE `email_templates_text`
  ADD PRIMARY KEY (`Email_templateTextID`),
  ADD KEY `email_templates_text_Email_templateID_fk` (`Email_templateID`);

--
-- Indexes for table `faqs`
--
ALTER TABLE `faqs`
  ADD PRIMARY KEY (`FaqID`);

--
-- Indexes for table `faqs_text`
--
ALTER TABLE `faqs_text`
  ADD PRIMARY KEY (`FaqTextID`),
  ADD KEY `faqs_text_FaqID_fk` (`FaqID`);

--
-- Indexes for table `fillings`
--
ALTER TABLE `fillings`
  ADD PRIMARY KEY (`FillingId`);

--
-- Indexes for table `fillings_text`
--
ALTER TABLE `fillings_text`
  ADD PRIMARY KEY (`FillingTextId`);

--
-- Indexes for table `fill_colors`
--
ALTER TABLE `fill_colors`
  ADD PRIMARY KEY (`FillColorId`);

--
-- Indexes for table `fill_colors_text`
--
ALTER TABLE `fill_colors_text`
  ADD PRIMARY KEY (`FillColorTextId`);

--
-- Indexes for table `home_slider_images`
--
ALTER TABLE `home_slider_images`
  ADD PRIMARY KEY (`HomeSliderImageID`);

--
-- Indexes for table `home_slider_images_text`
--
ALTER TABLE `home_slider_images_text`
  ADD PRIMARY KEY (`HomeSliderImageTextID`);

--
-- Indexes for table `languages`
--
ALTER TABLE `languages`
  ADD PRIMARY KEY (`LanguageID`);

--
-- Indexes for table `modules`
--
ALTER TABLE `modules`
  ADD PRIMARY KEY (`ModuleID`);

--
-- Indexes for table `modules_rights`
--
ALTER TABLE `modules_rights`
  ADD PRIMARY KEY (`ModuleRightID`),
  ADD KEY `fk_ModuleID` (`ModuleID`);

--
-- Indexes for table `modules_text`
--
ALTER TABLE `modules_text`
  ADD PRIMARY KEY (`ModuleTextID`),
  ADD KEY `ModuleID` (`ModuleID`);

--
-- Indexes for table `modules_users_rights`
--
ALTER TABLE `modules_users_rights`
  ADD PRIMARY KEY (`ModuleRightID`),
  ADD KEY `fk_ModuleID` (`ModuleID`);

--
-- Indexes for table `nutritions`
--
ALTER TABLE `nutritions`
  ADD PRIMARY KEY (`NutritionID`);

--
-- Indexes for table `nutritions_text`
--
ALTER TABLE `nutritions_text`
  ADD PRIMARY KEY (`NutritionTextID`),
  ADD KEY `nutritions_text_NutritionID_fk` (`NutritionID`);

--
-- Indexes for table `offers`
--
ALTER TABLE `offers`
  ADD PRIMARY KEY (`OfferID`);

--
-- Indexes for table `offers_groups`
--
ALTER TABLE `offers_groups`
  ADD PRIMARY KEY (`OfferGroupID`);

--
-- Indexes for table `offers_text`
--
ALTER TABLE `offers_text`
  ADD PRIMARY KEY (`OfferTextID`);

--
-- Indexes for table `offers_users_notification`
--
ALTER TABLE `offers_users_notification`
  ADD PRIMARY KEY (`OfferUserNotificationID`);

--
-- Indexes for table `orders`
--
ALTER TABLE `orders`
  ADD PRIMARY KEY (`OrderID`),
  ADD KEY `UserID` (`UserID`),
  ADD KEY `OrderNumber` (`OrderNumber`),
  ADD KEY `AddressID` (`AddressID`),
  ADD KEY `AddressIDForPaymentCollection` (`AddressIDForPaymentCollection`),
  ADD KEY `ShipmentMethodID` (`ShipmentMethodID`),
  ADD KEY `Status` (`Status`),
  ADD KEY `DriverID` (`DriverID`),
  ADD KEY `OrderID` (`OrderID`);

--
-- Indexes for table `orders_extra_charges`
--
ALTER TABLE `orders_extra_charges`
  ADD PRIMARY KEY (`OrderExtraChargeID`);

--
-- Indexes for table `order_items`
--
ALTER TABLE `order_items`
  ADD PRIMARY KEY (`OrderItemID`);

--
-- Indexes for table `order_statuses`
--
ALTER TABLE `order_statuses`
  ADD PRIMARY KEY (`OrderStatusID`),
  ADD KEY `OrderStatusID` (`OrderStatusID`);

--
-- Indexes for table `packages`
--
ALTER TABLE `packages`
  ADD PRIMARY KEY (`PackagesID`);

--
-- Indexes for table `packages_text`
--
ALTER TABLE `packages_text`
  ADD PRIMARY KEY (`PackagesTextID`),
  ADD KEY `PackagesID` (`PackagesID`);

--
-- Indexes for table `pages`
--
ALTER TABLE `pages`
  ADD PRIMARY KEY (`PageID`);

--
-- Indexes for table `pages_text`
--
ALTER TABLE `pages_text`
  ADD PRIMARY KEY (`PageTextID`),
  ADD KEY `pages_text_PageID_fk` (`PageID`);

--
-- Indexes for table `payment_methods`
--
ALTER TABLE `payment_methods`
  ADD PRIMARY KEY (`PaymentMethodID`);

--
-- Indexes for table `powder_colors`
--
ALTER TABLE `powder_colors`
  ADD PRIMARY KEY (`PowderColorId`);

--
-- Indexes for table `powder_colors_text`
--
ALTER TABLE `powder_colors_text`
  ADD PRIMARY KEY (`PowderColorTextId`);

--
-- Indexes for table `products`
--
ALTER TABLE `products`
  ADD PRIMARY KEY (`ProductID`);

--
-- Indexes for table `products_inside`
--
ALTER TABLE `products_inside`
  ADD PRIMARY KEY (`ProductInsideID`);

--
-- Indexes for table `products_text`
--
ALTER TABLE `products_text`
  ADD PRIMARY KEY (`ProducrTextID`),
  ADD KEY `producrs_text_ProducrID_fk` (`ProductID`);

--
-- Indexes for table `product_nutritions`
--
ALTER TABLE `product_nutritions`
  ADD PRIMARY KEY (`NutritionProductID`);

--
-- Indexes for table `product_packages`
--
ALTER TABLE `product_packages`
  ADD PRIMARY KEY (`PackagesProductID`);

--
-- Indexes for table `product_ratings`
--
ALTER TABLE `product_ratings`
  ADD PRIMARY KEY (`ProductRatingID`);

--
-- Indexes for table `product_reviews`
--
ALTER TABLE `product_reviews`
  ADD PRIMARY KEY (`ProductReviewID`);

--
-- Indexes for table `product_store_availability`
--
ALTER TABLE `product_store_availability`
  ADD PRIMARY KEY (`ProductStoreAvailability`);

--
-- Indexes for table `refunds`
--
ALTER TABLE `refunds`
  ADD PRIMARY KEY (`RefundID`);

--
-- Indexes for table `refunds_text`
--
ALTER TABLE `refunds_text`
  ADD PRIMARY KEY (`RefundTextID`),
  ADD KEY `refunds_text_RefundID_fk` (`RefundID`);

--
-- Indexes for table `ribbons`
--
ALTER TABLE `ribbons`
  ADD PRIMARY KEY (`RibbonID`);

--
-- Indexes for table `ribbons_text`
--
ALTER TABLE `ribbons_text`
  ADD PRIMARY KEY (`RibbonTextID`),
  ADD KEY `ribbons_text_RibbonID_fk` (`RibbonID`);

--
-- Indexes for table `roles`
--
ALTER TABLE `roles`
  ADD PRIMARY KEY (`RoleID`);

--
-- Indexes for table `roles_text`
--
ALTER TABLE `roles_text`
  ADD PRIMARY KEY (`RoleTextID`),
  ADD KEY `RoleID` (`RoleID`);

--
-- Indexes for table `search_tags`
--
ALTER TABLE `search_tags`
  ADD PRIMARY KEY (`SearchTagID`);

--
-- Indexes for table `semsa_shipment`
--
ALTER TABLE `semsa_shipment`
  ADD PRIMARY KEY (`SemsaShipmentID`);

--
-- Indexes for table `semsa_shipment_text`
--
ALTER TABLE `semsa_shipment_text`
  ADD PRIMARY KEY (`SemsaShipmentTextID`),
  ADD KEY `SemsaShipmentTextID` (`SemsaShipmentTextID`);

--
-- Indexes for table `shapes`
--
ALTER TABLE `shapes`
  ADD PRIMARY KEY (`ShapeID`);

--
-- Indexes for table `shapes_text`
--
ALTER TABLE `shapes_text`
  ADD PRIMARY KEY (`ShapeTextID`);

--
-- Indexes for table `shape_content_type`
--
ALTER TABLE `shape_content_type`
  ADD PRIMARY KEY (`ContentTypeID`);

--
-- Indexes for table `shape_content_type_sub`
--
ALTER TABLE `shape_content_type_sub`
  ADD PRIMARY KEY (`ContentTypeSubID`);

--
-- Indexes for table `shape_content_type_sub_text`
--
ALTER TABLE `shape_content_type_sub_text`
  ADD PRIMARY KEY (`ContentTypeTextSubID`);

--
-- Indexes for table `shape_content_type_text`
--
ALTER TABLE `shape_content_type_text`
  ADD PRIMARY KEY (`ContentTypeTextID`);

--
-- Indexes for table `shipping_methods`
--
ALTER TABLE `shipping_methods`
  ADD PRIMARY KEY (`ShippingMethodID`);

--
-- Indexes for table `site_images`
--
ALTER TABLE `site_images`
  ADD PRIMARY KEY (`SiteImageID`);

--
-- Indexes for table `site_settings`
--
ALTER TABLE `site_settings`
  ADD PRIMARY KEY (`SiteSettingID`);

--
-- Indexes for table `stores`
--
ALTER TABLE `stores`
  ADD PRIMARY KEY (`StoreID`);

--
-- Indexes for table `stores_text`
--
ALTER TABLE `stores_text`
  ADD PRIMARY KEY (`StoreTextID`),
  ADD KEY `stores_text_StoreID_fk` (`StoreID`);

--
-- Indexes for table `system_languages`
--
ALTER TABLE `system_languages`
  ADD PRIMARY KEY (`SystemLanguageID`),
  ADD KEY `SystemLanguageID` (`SystemLanguageID`);

--
-- Indexes for table `tags`
--
ALTER TABLE `tags`
  ADD PRIMARY KEY (`TagID`);

--
-- Indexes for table `tags_text`
--
ALTER TABLE `tags_text`
  ADD PRIMARY KEY (`TagTextID`),
  ADD KEY `tags_text_TagID_fk` (`TagID`);

--
-- Indexes for table `tax_shipment_charges`
--
ALTER TABLE `tax_shipment_charges`
  ADD PRIMARY KEY (`TaxShipmentChargesID`),
  ADD KEY `TaxShipmentChargesID` (`TaxShipmentChargesID`);

--
-- Indexes for table `tax_shipment_charges_text`
--
ALTER TABLE `tax_shipment_charges_text`
  ADD PRIMARY KEY (`TaxShipmentChargesTextID`),
  ADD KEY `taxShippingChargeses_text_TaxShippingChargesID_fk` (`TaxShipmentChargesID`),
  ADD KEY `TaxShipmentChargesTextID` (`TaxShipmentChargesTextID`);

--
-- Indexes for table `temp_orders`
--
ALTER TABLE `temp_orders`
  ADD PRIMARY KEY (`TempOrderID`);

--
-- Indexes for table `tickets`
--
ALTER TABLE `tickets`
  ADD PRIMARY KEY (`TicketID`),
  ADD KEY `TicketID` (`TicketID`),
  ADD KEY `OrderID` (`OrderID`),
  ADD KEY `TicketNumber` (`TicketNumber`);

--
-- Indexes for table `ticket_comments`
--
ALTER TABLE `ticket_comments`
  ADD PRIMARY KEY (`CommentID`);

--
-- Indexes for table `users`
--
ALTER TABLE `users`
  ADD PRIMARY KEY (`UserID`),
  ADD KEY `users_ibfk_1` (`RoleID`),
  ADD KEY `StoreID` (`StoreID`),
  ADD KEY `CityID` (`CityID`),
  ADD KEY `UserID` (`UserID`);

--
-- Indexes for table `users_text`
--
ALTER TABLE `users_text`
  ADD PRIMARY KEY (`UserTextID`),
  ADD KEY `RoleID` (`UserID`),
  ADD KEY `UserTextID` (`UserTextID`);

--
-- Indexes for table `user_address`
--
ALTER TABLE `user_address`
  ADD PRIMARY KEY (`AddressID`),
  ADD KEY `UserID` (`UserID`),
  ADD KEY `CityID` (`CityID`),
  ADD KEY `DistrictID` (`DistrictID`),
  ADD KEY `AddressID` (`AddressID`);

--
-- Indexes for table `user_notifications`
--
ALTER TABLE `user_notifications`
  ADD PRIMARY KEY (`UserNotificationID`);

--
-- Indexes for table `user_wishlist`
--
ALTER TABLE `user_wishlist`
  ADD PRIMARY KEY (`WishlistID`);

--
-- Indexes for table `wrappings`
--
ALTER TABLE `wrappings`
  ADD PRIMARY KEY (`WrappingID`);

--
-- Indexes for table `wrappings_text`
--
ALTER TABLE `wrappings_text`
  ADD PRIMARY KEY (`WrappingTextID`),
  ADD KEY `wrappings_text_Wrapping_fk` (`WrappingID`);

--
-- AUTO_INCREMENT for dumped tables
--

--
-- AUTO_INCREMENT for table `admin_stores`
--
ALTER TABLE `admin_stores`
  MODIFY `admin_store_id` int(11) NOT NULL AUTO_INCREMENT, AUTO_INCREMENT=19;

--
-- AUTO_INCREMENT for table `boxes`
--
ALTER TABLE `boxes`
  MODIFY `BoxID` int(11) NOT NULL AUTO_INCREMENT, AUTO_INCREMENT=14;

--
-- AUTO_INCREMENT for table `boxes_text`
--
ALTER TABLE `boxes_text`
  MODIFY `BoxTextID` int(11) NOT NULL AUTO_INCREMENT, AUTO_INCREMENT=27;

--
-- AUTO_INCREMENT for table `boxes_type`
--
ALTER TABLE `boxes_type`
  MODIFY `BoxTypeID` int(11) NOT NULL AUTO_INCREMENT;

--
-- AUTO_INCREMENT for table `box_categories`
--
ALTER TABLE `box_categories`
  MODIFY `BoxCategoryID` int(11) NOT NULL AUTO_INCREMENT, AUTO_INCREMENT=7;

--
-- AUTO_INCREMENT for table `box_categories_text`
--
ALTER TABLE `box_categories_text`
  MODIFY `BoxCategoryTextID` int(11) NOT NULL AUTO_INCREMENT, AUTO_INCREMENT=13;

--
-- AUTO_INCREMENT for table `brands`
--
ALTER TABLE `brands`
  MODIFY `brand_id` int(11) NOT NULL AUTO_INCREMENT, AUTO_INCREMENT=13;

--
-- AUTO_INCREMENT for table `brands_text`
--
ALTER TABLE `brands_text`
  MODIFY `brand_text_id` int(11) NOT NULL AUTO_INCREMENT, AUTO_INCREMENT=24;

--
-- AUTO_INCREMENT for table `categories`
--
ALTER TABLE `categories`
  MODIFY `CategoryID` int(11) NOT NULL AUTO_INCREMENT, AUTO_INCREMENT=90;

--
-- AUTO_INCREMENT for table `categories_text`
--
ALTER TABLE `categories_text`
  MODIFY `CategoryTextID` int(11) NOT NULL AUTO_INCREMENT, AUTO_INCREMENT=177;

--
-- AUTO_INCREMENT for table `cities`
--
ALTER TABLE `cities`
  MODIFY `CityID` int(11) NOT NULL AUTO_INCREMENT, AUTO_INCREMENT=13139;

--
-- AUTO_INCREMENT for table `cities_text`
--
ALTER TABLE `cities_text`
  MODIFY `CityTextID` int(11) NOT NULL AUTO_INCREMENT, AUTO_INCREMENT=127;

--
-- AUTO_INCREMENT for table `collections`
--
ALTER TABLE `collections`
  MODIFY `CollectionID` int(11) NOT NULL AUTO_INCREMENT, AUTO_INCREMENT=35;

--
-- AUTO_INCREMENT for table `collections_text`
--
ALTER TABLE `collections_text`
  MODIFY `CollectionTextID` int(11) NOT NULL AUTO_INCREMENT, AUTO_INCREMENT=55;

--
-- AUTO_INCREMENT for table `collection_ratings`
--
ALTER TABLE `collection_ratings`
  MODIFY `CollectionRatingID` int(11) NOT NULL AUTO_INCREMENT, AUTO_INCREMENT=2;

--
-- AUTO_INCREMENT for table `collection_reviews`
--
ALTER TABLE `collection_reviews`
  MODIFY `CollectionReviewID` int(11) NOT NULL AUTO_INCREMENT;

--
-- AUTO_INCREMENT for table `contact_requests`
--
ALTER TABLE `contact_requests`
  MODIFY `ContactRequestID` int(11) NOT NULL AUTO_INCREMENT, AUTO_INCREMENT=8;

--
-- AUTO_INCREMENT for table `coupons`
--
ALTER TABLE `coupons`
  MODIFY `CouponID` int(11) NOT NULL AUTO_INCREMENT, AUTO_INCREMENT=6;

--
-- AUTO_INCREMENT for table `coupons_text`
--
ALTER TABLE `coupons_text`
  MODIFY `CouponTextID` int(11) NOT NULL AUTO_INCREMENT, AUTO_INCREMENT=9;

--
-- AUTO_INCREMENT for table `customer_groups`
--
ALTER TABLE `customer_groups`
  MODIFY `CustomerGroupID` int(11) NOT NULL AUTO_INCREMENT, AUTO_INCREMENT=6;

--
-- AUTO_INCREMENT for table `customer_group_members`
--
ALTER TABLE `customer_group_members`
  MODIFY `CustomerGroupMemberID` int(11) NOT NULL AUTO_INCREMENT, AUTO_INCREMENT=17;

--
-- AUTO_INCREMENT for table `customization_characters`
--
ALTER TABLE `customization_characters`
  MODIFY `CharacterID` int(11) NOT NULL AUTO_INCREMENT, AUTO_INCREMENT=7;

--
-- AUTO_INCREMENT for table `customizes`
--
ALTER TABLE `customizes`
  MODIFY `CustomizeID` int(11) NOT NULL AUTO_INCREMENT, AUTO_INCREMENT=8;

--
-- AUTO_INCREMENT for table `customizes_text`
--
ALTER TABLE `customizes_text`
  MODIFY `CustomizeTextID` int(11) NOT NULL AUTO_INCREMENT, AUTO_INCREMENT=15;

--
-- AUTO_INCREMENT for table `delivery_stores`
--
ALTER TABLE `delivery_stores`
  MODIFY `delivery_store_id` int(11) NOT NULL AUTO_INCREMENT, AUTO_INCREMENT=42;

--
-- AUTO_INCREMENT for table `districts`
--
ALTER TABLE `districts`
  MODIFY `DistrictID` int(11) NOT NULL AUTO_INCREMENT, AUTO_INCREMENT=49961;

--
-- AUTO_INCREMENT for table `districts_text`
--
ALTER TABLE `districts_text`
  MODIFY `DistrictTextID` int(11) NOT NULL AUTO_INCREMENT, AUTO_INCREMENT=725;

--
-- AUTO_INCREMENT for table `email_templates`
--
ALTER TABLE `email_templates`
  MODIFY `Email_templateID` int(11) NOT NULL AUTO_INCREMENT, AUTO_INCREMENT=12;

--
-- AUTO_INCREMENT for table `email_templates_text`
--
ALTER TABLE `email_templates_text`
  MODIFY `Email_templateTextID` int(11) NOT NULL AUTO_INCREMENT, AUTO_INCREMENT=21;

--
-- AUTO_INCREMENT for table `faqs`
--
ALTER TABLE `faqs`
  MODIFY `FaqID` int(11) NOT NULL AUTO_INCREMENT, AUTO_INCREMENT=65;

--
-- AUTO_INCREMENT for table `faqs_text`
--
ALTER TABLE `faqs_text`
  MODIFY `FaqTextID` int(11) NOT NULL AUTO_INCREMENT, AUTO_INCREMENT=129;

--
-- AUTO_INCREMENT for table `fillings`
--
ALTER TABLE `fillings`
  MODIFY `FillingId` int(11) NOT NULL AUTO_INCREMENT, AUTO_INCREMENT=8;

--
-- AUTO_INCREMENT for table `fillings_text`
--
ALTER TABLE `fillings_text`
  MODIFY `FillingTextId` int(11) NOT NULL AUTO_INCREMENT, AUTO_INCREMENT=15;

--
-- AUTO_INCREMENT for table `fill_colors`
--
ALTER TABLE `fill_colors`
  MODIFY `FillColorId` int(11) NOT NULL AUTO_INCREMENT, AUTO_INCREMENT=7;

--
-- AUTO_INCREMENT for table `fill_colors_text`
--
ALTER TABLE `fill_colors_text`
  MODIFY `FillColorTextId` int(11) NOT NULL AUTO_INCREMENT, AUTO_INCREMENT=13;

--
-- AUTO_INCREMENT for table `home_slider_images`
--
ALTER TABLE `home_slider_images`
  MODIFY `HomeSliderImageID` int(11) NOT NULL AUTO_INCREMENT, AUTO_INCREMENT=14;

--
-- AUTO_INCREMENT for table `home_slider_images_text`
--
ALTER TABLE `home_slider_images_text`
  MODIFY `HomeSliderImageTextID` int(11) NOT NULL AUTO_INCREMENT, AUTO_INCREMENT=27;

--
-- AUTO_INCREMENT for table `languages`
--
ALTER TABLE `languages`
  MODIFY `LanguageID` int(11) NOT NULL AUTO_INCREMENT;

--
-- AUTO_INCREMENT for table `modules`
--
ALTER TABLE `modules`
  MODIFY `ModuleID` int(11) NOT NULL AUTO_INCREMENT, AUTO_INCREMENT=115;

--
-- AUTO_INCREMENT for table `modules_rights`
--
ALTER TABLE `modules_rights`
  MODIFY `ModuleRightID` int(11) NOT NULL AUTO_INCREMENT, AUTO_INCREMENT=806;

--
-- AUTO_INCREMENT for table `modules_text`
--
ALTER TABLE `modules_text`
  MODIFY `ModuleTextID` int(11) NOT NULL AUTO_INCREMENT, AUTO_INCREMENT=103;

--
-- AUTO_INCREMENT for table `modules_users_rights`
--
ALTER TABLE `modules_users_rights`
  MODIFY `ModuleRightID` int(11) NOT NULL AUTO_INCREMENT, AUTO_INCREMENT=2021;

--
-- AUTO_INCREMENT for table `nutritions`
--
ALTER TABLE `nutritions`
  MODIFY `NutritionID` int(11) NOT NULL AUTO_INCREMENT, AUTO_INCREMENT=6;

--
-- AUTO_INCREMENT for table `nutritions_text`
--
ALTER TABLE `nutritions_text`
  MODIFY `NutritionTextID` int(11) NOT NULL AUTO_INCREMENT, AUTO_INCREMENT=9;

--
-- AUTO_INCREMENT for table `offers`
--
ALTER TABLE `offers`
  MODIFY `OfferID` int(11) NOT NULL AUTO_INCREMENT, AUTO_INCREMENT=3;

--
-- AUTO_INCREMENT for table `offers_groups`
--
ALTER TABLE `offers_groups`
  MODIFY `OfferGroupID` int(11) NOT NULL AUTO_INCREMENT;

--
-- AUTO_INCREMENT for table `offers_text`
--
ALTER TABLE `offers_text`
  MODIFY `OfferTextID` int(11) NOT NULL AUTO_INCREMENT, AUTO_INCREMENT=5;

--
-- AUTO_INCREMENT for table `offers_users_notification`
--
ALTER TABLE `offers_users_notification`
  MODIFY `OfferUserNotificationID` int(11) NOT NULL AUTO_INCREMENT, AUTO_INCREMENT=160;

--
-- AUTO_INCREMENT for table `orders`
--
ALTER TABLE `orders`
  MODIFY `OrderID` int(11) NOT NULL AUTO_INCREMENT, AUTO_INCREMENT=8;

--
-- AUTO_INCREMENT for table `orders_extra_charges`
--
ALTER TABLE `orders_extra_charges`
  MODIFY `OrderExtraChargeID` int(11) NOT NULL AUTO_INCREMENT, AUTO_INCREMENT=8;

--
-- AUTO_INCREMENT for table `order_items`
--
ALTER TABLE `order_items`
  MODIFY `OrderItemID` int(11) NOT NULL AUTO_INCREMENT, AUTO_INCREMENT=9;

--
-- AUTO_INCREMENT for table `order_statuses`
--
ALTER TABLE `order_statuses`
  MODIFY `OrderStatusID` int(11) NOT NULL AUTO_INCREMENT, AUTO_INCREMENT=6;

--
-- AUTO_INCREMENT for table `packages`
--
ALTER TABLE `packages`
  MODIFY `PackagesID` int(11) NOT NULL AUTO_INCREMENT, AUTO_INCREMENT=10;

--
-- AUTO_INCREMENT for table `packages_text`
--
ALTER TABLE `packages_text`
  MODIFY `PackagesTextID` int(11) NOT NULL AUTO_INCREMENT, AUTO_INCREMENT=7;

--
-- AUTO_INCREMENT for table `pages`
--
ALTER TABLE `pages`
  MODIFY `PageID` int(11) NOT NULL AUTO_INCREMENT, AUTO_INCREMENT=16;

--
-- AUTO_INCREMENT for table `pages_text`
--
ALTER TABLE `pages_text`
  MODIFY `PageTextID` int(11) NOT NULL AUTO_INCREMENT, AUTO_INCREMENT=32;

--
-- AUTO_INCREMENT for table `payment_methods`
--
ALTER TABLE `payment_methods`
  MODIFY `PaymentMethodID` int(11) NOT NULL AUTO_INCREMENT, AUTO_INCREMENT=3;

--
-- AUTO_INCREMENT for table `powder_colors`
--
ALTER TABLE `powder_colors`
  MODIFY `PowderColorId` int(11) NOT NULL AUTO_INCREMENT, AUTO_INCREMENT=3;

--
-- AUTO_INCREMENT for table `powder_colors_text`
--
ALTER TABLE `powder_colors_text`
  MODIFY `PowderColorTextId` int(11) NOT NULL AUTO_INCREMENT, AUTO_INCREMENT=5;

--
-- AUTO_INCREMENT for table `products`
--
ALTER TABLE `products`
  MODIFY `ProductID` int(11) NOT NULL AUTO_INCREMENT, AUTO_INCREMENT=967;

--
-- AUTO_INCREMENT for table `products_inside`
--
ALTER TABLE `products_inside`
  MODIFY `ProductInsideID` int(11) NOT NULL AUTO_INCREMENT, AUTO_INCREMENT=12;

--
-- AUTO_INCREMENT for table `products_text`
--
ALTER TABLE `products_text`
  MODIFY `ProducrTextID` int(11) NOT NULL AUTO_INCREMENT, AUTO_INCREMENT=1933;

--
-- AUTO_INCREMENT for table `product_nutritions`
--
ALTER TABLE `product_nutritions`
  MODIFY `NutritionProductID` int(11) NOT NULL AUTO_INCREMENT, AUTO_INCREMENT=1697;

--
-- AUTO_INCREMENT for table `product_packages`
--
ALTER TABLE `product_packages`
  MODIFY `PackagesProductID` int(11) NOT NULL AUTO_INCREMENT, AUTO_INCREMENT=802;

--
-- AUTO_INCREMENT for table `product_ratings`
--
ALTER TABLE `product_ratings`
  MODIFY `ProductRatingID` int(11) NOT NULL AUTO_INCREMENT, AUTO_INCREMENT=4;

--
-- AUTO_INCREMENT for table `product_reviews`
--
ALTER TABLE `product_reviews`
  MODIFY `ProductReviewID` int(11) NOT NULL AUTO_INCREMENT, AUTO_INCREMENT=4;

--
-- AUTO_INCREMENT for table `product_store_availability`
--
ALTER TABLE `product_store_availability`
  MODIFY `ProductStoreAvailability` int(11) NOT NULL AUTO_INCREMENT, AUTO_INCREMENT=6500;

--
-- AUTO_INCREMENT for table `refunds`
--
ALTER TABLE `refunds`
  MODIFY `RefundID` int(11) NOT NULL AUTO_INCREMENT;

--
-- AUTO_INCREMENT for table `refunds_text`
--
ALTER TABLE `refunds_text`
  MODIFY `RefundTextID` int(11) NOT NULL AUTO_INCREMENT;

--
-- AUTO_INCREMENT for table `ribbons`
--
ALTER TABLE `ribbons`
  MODIFY `RibbonID` int(11) NOT NULL AUTO_INCREMENT, AUTO_INCREMENT=6;

--
-- AUTO_INCREMENT for table `ribbons_text`
--
ALTER TABLE `ribbons_text`
  MODIFY `RibbonTextID` int(11) NOT NULL AUTO_INCREMENT, AUTO_INCREMENT=11;

--
-- AUTO_INCREMENT for table `roles`
--
ALTER TABLE `roles`
  MODIFY `RoleID` int(11) NOT NULL AUTO_INCREMENT, AUTO_INCREMENT=7;

--
-- AUTO_INCREMENT for table `roles_text`
--
ALTER TABLE `roles_text`
  MODIFY `RoleTextID` int(11) NOT NULL AUTO_INCREMENT, AUTO_INCREMENT=9;

--
-- AUTO_INCREMENT for table `search_tags`
--
ALTER TABLE `search_tags`
  MODIFY `SearchTagID` int(11) NOT NULL AUTO_INCREMENT, AUTO_INCREMENT=187;

--
-- AUTO_INCREMENT for table `semsa_shipment`
--
ALTER TABLE `semsa_shipment`
  MODIFY `SemsaShipmentID` int(11) NOT NULL AUTO_INCREMENT, AUTO_INCREMENT=2;

--
-- AUTO_INCREMENT for table `semsa_shipment_text`
--
ALTER TABLE `semsa_shipment_text`
  MODIFY `SemsaShipmentTextID` int(11) NOT NULL AUTO_INCREMENT, AUTO_INCREMENT=3;

--
-- AUTO_INCREMENT for table `shapes`
--
ALTER TABLE `shapes`
  MODIFY `ShapeID` int(11) NOT NULL AUTO_INCREMENT, AUTO_INCREMENT=5;

--
-- AUTO_INCREMENT for table `shapes_text`
--
ALTER TABLE `shapes_text`
  MODIFY `ShapeTextID` int(11) NOT NULL AUTO_INCREMENT, AUTO_INCREMENT=9;

--
-- AUTO_INCREMENT for table `shape_content_type`
--
ALTER TABLE `shape_content_type`
  MODIFY `ContentTypeID` int(11) NOT NULL AUTO_INCREMENT, AUTO_INCREMENT=9;

--
-- AUTO_INCREMENT for table `shape_content_type_sub`
--
ALTER TABLE `shape_content_type_sub`
  MODIFY `ContentTypeSubID` int(11) NOT NULL AUTO_INCREMENT, AUTO_INCREMENT=26;

--
-- AUTO_INCREMENT for table `shape_content_type_sub_text`
--
ALTER TABLE `shape_content_type_sub_text`
  MODIFY `ContentTypeTextSubID` int(11) NOT NULL AUTO_INCREMENT, AUTO_INCREMENT=51;

--
-- AUTO_INCREMENT for table `shape_content_type_text`
--
ALTER TABLE `shape_content_type_text`
  MODIFY `ContentTypeTextID` int(11) NOT NULL AUTO_INCREMENT, AUTO_INCREMENT=17;

--
-- AUTO_INCREMENT for table `shipping_methods`
--
ALTER TABLE `shipping_methods`
  MODIFY `ShippingMethodID` int(11) NOT NULL AUTO_INCREMENT, AUTO_INCREMENT=4;

--
-- AUTO_INCREMENT for table `site_images`
--
ALTER TABLE `site_images`
  MODIFY `SiteImageID` int(11) NOT NULL AUTO_INCREMENT, AUTO_INCREMENT=3865;

--
-- AUTO_INCREMENT for table `site_settings`
--
ALTER TABLE `site_settings`
  MODIFY `SiteSettingID` int(11) NOT NULL AUTO_INCREMENT, AUTO_INCREMENT=2;

--
-- AUTO_INCREMENT for table `stores`
--
ALTER TABLE `stores`
  MODIFY `StoreID` int(11) NOT NULL AUTO_INCREMENT, AUTO_INCREMENT=11;

--
-- AUTO_INCREMENT for table `stores_text`
--
ALTER TABLE `stores_text`
  MODIFY `StoreTextID` int(11) NOT NULL AUTO_INCREMENT, AUTO_INCREMENT=29;

--
-- AUTO_INCREMENT for table `system_languages`
--
ALTER TABLE `system_languages`
  MODIFY `SystemLanguageID` int(11) NOT NULL AUTO_INCREMENT, AUTO_INCREMENT=3;

--
-- AUTO_INCREMENT for table `tags`
--
ALTER TABLE `tags`
  MODIFY `TagID` int(11) NOT NULL AUTO_INCREMENT, AUTO_INCREMENT=169;

--
-- AUTO_INCREMENT for table `tags_text`
--
ALTER TABLE `tags_text`
  MODIFY `TagTextID` int(11) NOT NULL AUTO_INCREMENT, AUTO_INCREMENT=337;

--
-- AUTO_INCREMENT for table `tax_shipment_charges`
--
ALTER TABLE `tax_shipment_charges`
  MODIFY `TaxShipmentChargesID` int(11) NOT NULL AUTO_INCREMENT, AUTO_INCREMENT=9;

--
-- AUTO_INCREMENT for table `tax_shipment_charges_text`
--
ALTER TABLE `tax_shipment_charges_text`
  MODIFY `TaxShipmentChargesTextID` int(11) NOT NULL AUTO_INCREMENT, AUTO_INCREMENT=17;

--
-- AUTO_INCREMENT for table `temp_orders`
--
ALTER TABLE `temp_orders`
  MODIFY `TempOrderID` int(11) NOT NULL AUTO_INCREMENT, AUTO_INCREMENT=272;

--
-- AUTO_INCREMENT for table `tickets`
--
ALTER TABLE `tickets`
  MODIFY `TicketID` int(11) NOT NULL AUTO_INCREMENT;

--
-- AUTO_INCREMENT for table `ticket_comments`
--
ALTER TABLE `ticket_comments`
  MODIFY `CommentID` int(11) NOT NULL AUTO_INCREMENT;

--
-- AUTO_INCREMENT for table `users`
--
ALTER TABLE `users`
  MODIFY `UserID` int(11) NOT NULL AUTO_INCREMENT, AUTO_INCREMENT=428;

--
-- AUTO_INCREMENT for table `users_text`
--
ALTER TABLE `users_text`
  MODIFY `UserTextID` int(11) NOT NULL AUTO_INCREMENT, AUTO_INCREMENT=605;

--
-- AUTO_INCREMENT for table `user_address`
--
ALTER TABLE `user_address`
  MODIFY `AddressID` int(11) NOT NULL AUTO_INCREMENT, AUTO_INCREMENT=42;

--
-- AUTO_INCREMENT for table `user_notifications`
--
ALTER TABLE `user_notifications`
  MODIFY `UserNotificationID` int(11) NOT NULL AUTO_INCREMENT;

--
-- AUTO_INCREMENT for table `user_wishlist`
--
ALTER TABLE `user_wishlist`
  MODIFY `WishlistID` int(11) NOT NULL AUTO_INCREMENT, AUTO_INCREMENT=25;

--
-- AUTO_INCREMENT for table `wrappings`
--
ALTER TABLE `wrappings`
  MODIFY `WrappingID` int(11) NOT NULL AUTO_INCREMENT, AUTO_INCREMENT=7;

--
-- AUTO_INCREMENT for table `wrappings_text`
--
ALTER TABLE `wrappings_text`
  MODIFY `WrappingTextID` int(11) NOT NULL AUTO_INCREMENT, AUTO_INCREMENT=13;

--
-- Constraints for dumped tables
--

--
-- Constraints for table `box_categories_text`
--
ALTER TABLE `box_categories_text`
  ADD CONSTRAINT `box_categories_text_BoxCategoryID_fk` FOREIGN KEY (`BoxCategoryID`) REFERENCES `box_categories` (`BoxCategoryID`) ON DELETE CASCADE ON UPDATE CASCADE;

--
-- Constraints for table `categories_text`
--
ALTER TABLE `categories_text`
  ADD CONSTRAINT `categories_text_CategoryID_fk` FOREIGN KEY (`CategoryID`) REFERENCES `categories` (`CategoryID`) ON DELETE CASCADE ON UPDATE CASCADE;

--
-- Constraints for table `cities_text`
--
ALTER TABLE `cities_text`
  ADD CONSTRAINT `FK_cities_text` FOREIGN KEY (`CityID`) REFERENCES `cities` (`CityID`);

--
-- Constraints for table `districts_text`
--
ALTER TABLE `districts_text`
  ADD CONSTRAINT `districts_text_ibfk_1` FOREIGN KEY (`DistrictID`) REFERENCES `districts` (`DistrictID`);

--
-- Constraints for table `email_templates_text`
--
ALTER TABLE `email_templates_text`
  ADD CONSTRAINT `email_templates_text_Email_templateID_fk` FOREIGN KEY (`Email_templateID`) REFERENCES `email_templates` (`Email_templateID`) ON DELETE CASCADE ON UPDATE CASCADE;

--
-- Constraints for table `modules_rights`
--
ALTER TABLE `modules_rights`
  ADD CONSTRAINT `fk_ModuleID` FOREIGN KEY (`ModuleID`) REFERENCES `modules` (`ModuleID`);

--
-- Constraints for table `modules_text`
--
ALTER TABLE `modules_text`
  ADD CONSTRAINT `modules_text_ibfk_1` FOREIGN KEY (`ModuleID`) REFERENCES `modules` (`ModuleID`);

--
-- Constraints for table `nutritions_text`
--
ALTER TABLE `nutritions_text`
  ADD CONSTRAINT `nutritions_text_NutritionID_fk` FOREIGN KEY (`NutritionID`) REFERENCES `nutritions` (`NutritionID`) ON DELETE CASCADE ON UPDATE CASCADE;

--
-- Constraints for table `packages_text`
--
ALTER TABLE `packages_text`
  ADD CONSTRAINT `packages_text_ibfk_1` FOREIGN KEY (`PackagesID`) REFERENCES `packages` (`PackagesID`);

--
-- Constraints for table `pages_text`
--
ALTER TABLE `pages_text`
  ADD CONSTRAINT `pages_text_PageID_fk` FOREIGN KEY (`PageID`) REFERENCES `pages` (`PageID`) ON DELETE CASCADE ON UPDATE CASCADE;

--
-- Constraints for table `products_text`
--
ALTER TABLE `products_text`
  ADD CONSTRAINT `producrs_text_ProducrID_fk` FOREIGN KEY (`ProductID`) REFERENCES `products` (`ProductID`) ON DELETE CASCADE ON UPDATE CASCADE;

--
-- Constraints for table `roles_text`
--
ALTER TABLE `roles_text`
  ADD CONSTRAINT `roles_text_ibfk_1` FOREIGN KEY (`RoleID`) REFERENCES `roles` (`RoleID`);

--
-- Constraints for table `stores_text`
--
ALTER TABLE `stores_text`
  ADD CONSTRAINT `stores_text_StoreID_fk` FOREIGN KEY (`StoreID`) REFERENCES `stores` (`StoreID`) ON DELETE CASCADE ON UPDATE CASCADE;

--
-- Constraints for table `users`
--
ALTER TABLE `users`
  ADD CONSTRAINT `users_ibfk_1` FOREIGN KEY (`RoleID`) REFERENCES `roles` (`RoleID`) ON UPDATE CASCADE;
COMMIT;

/*!40101 SET CHARACTER_SET_CLIENT=@OLD_CHARACTER_SET_CLIENT */;
/*!40101 SET CHARACTER_SET_RESULTS=@OLD_CHARACTER_SET_RESULTS */;
/*!40101 SET COLLATION_CONNECTION=@OLD_COLLATION_CONNECTION */;
